source_id,chunk_id,title,target_collection,use_mode,risk_scope,review_priority,review_status,issues,content_preview
CCI_DISORDERED_EATING,CCI_DISORDERED_EATING_d6d7d1c1_00001_482eb5c76aeb,Disordered Eating self-help resources,professional_knowledge,psychoeducation_only,normal,P1,pending,,"What Are Eating Disorders? Introduction 2 Eating Disorders: Myths and Facts 2 Do I Have an Eating Disorder? 3 Taking Your Physical Health Seriously 5 How Did I Get Here? 5 Recovery is Possible Ready, Set, Action A Word on Distress What to Expect from this Work"
CCI_DISORDERED_EATING,CCI_DISORDERED_EATING_d6d7d1c1_00004_4cf3fe598166,Disordered Eating self-help resources,professional_knowledge,psychoeducation_only,normal,P1,pending,,Welcome! This workbook has been developed by clinical psychologists who specialise in the treatment of eating disorders. You can use this workbook as a self-help guide to recovery from an eating disorder or you may wish to work through the modules with a m ent
CCI_DISORDERED_EATING,CCI_DISORDERED_EATING_d6d7d1c1_00005_60e7d0a49833,Disordered Eating self-help resources,professional_knowledge,psychoeducation_only,normal,P1,pending,,"This set of modules is designed to help you… • understand eating disorders and what keeps them going • normalise your eating behaviours • reduce other eating disorder behaviours, e.g. binge-eating, vomiting, laxative misuse, driven exercise • tolerate distress"
CCI_DISORDERED_EATING,CCI_DISORDERED_EATING_d6d7d1c1_00006_b157c48e78b2,Disordered Eating self-help resources,professional_knowledge,psychoeducation_only,normal,P1,pending,,It is important that you download or print off the Appendix – ‘Getting Educated about Eating Disorders’. This Appendix contains important information for you to read alongside the content of the modules. Throughout the modules you will see this symbol indicati
CCI_DISORDERED_EATING,CCI_DISORDERED_EATING_d6d7d1c1_00007_9533d6ad3813,Disordered Eating self-help resources,professional_knowledge,psychoeducation_only,normal,P1,pending,,"Let’s start by getting on the same page about eating disorders and debunk some of the myths surrounding these illnesses. Eating disorders affect people of all genders, ages, races, ethnicities, sexual orientations, and socio-economic backgrounds. People with e"
CCI_DISORDERED_EATING,CCI_DISORDERED_EATING_d6d7d1c1_00008_4187c24d4cb2,Disordered Eating self-help resources,professional_knowledge,psychoeducation_only,normal,P1,pending,,"Eating disorders are not lifestyle choices, ‘phases’ that young people grow out of or ‘diets gone too far’. They are serious mental illnesses that can have a severe impact on physical health, relationships, work, mood, and quality of life. Eating disorders car"
CCI_DISORDERED_EATING,CCI_DISORDERED_EATING_d6d7d1c1_00009_68cbe239444b,Disordered Eating self-help resources,professional_knowledge,psychoeducation_only,normal,P1,pending,,"It is not all doom and gloom when it comes to eating disorders. Full recovery from an eating di sorder is absolutely possible. Early detection and treatment are important, but full recovery is possible at any age and no matter how long you have been struggling"
CCI_DISORDERED_EATING,CCI_DISORDERED_EATING_d6d7d1c1_00010_a1d4aecde1f4,Disordered Eating self-help resources,professional_knowledge,psychoeducation_only,normal,P1,pending,,"Break Free From ED Module 1: What Are Eating Disorders? D o I Have an Eating Disorder? I t is nearly impossible to get through a whole day without hearing some sort of dietary or exercise advice from a friend, colleague, or the media. We are constantly hearing"
CCI_DISORDERED_EATING,CCI_DISORDERED_EATING_d6d7d1c1_00011_98a170e20dd9,Disordered Eating self-help resources,professional_knowledge,psychoeducation_only,normal,P1,pending,,"A fter you have read about the eating disorder diagnoses, you can get a better idea of whether you might have symptoms of an eating disorder by filling out the following table. Never Sometimes Often Very Often I try to eat as little as possible, even if I am h"
CCI_DISORDERED_EATING,CCI_DISORDERED_EATING_d6d7d1c1_00013_8b6af2437ace,Disordered Eating self-help resources,professional_knowledge,psychoeducation_only,normal,P1,pending,,"If you answered Often or Very Often to many of the above items, you are in the right place. If these thoughts and behaviours are impacting your physical health, mental health, and/or quality of life, you may have an eating disorder. Some of the key symptoms of"
CCI_DISORDERED_EATING,CCI_DISORDERED_EATING_d6d7d1c1_00014_107158e8d770,Disordered Eating self-help resources,professional_knowledge,psychoeducation_only,normal,P1,pending,,"Take a moment to think about the ways in which eating disorder symptoms are affecting your life. Consider the following areas… Physical health: (e.g. Are you always tired? Do you feel cold all the time? Do you get bloated often, or feel dizzy? Relationships: ("
CCI_DISORDERED_EATING,CCI_DISORDERED_EATING_d6d7d1c1_00016_f1628d95b617,Disordered Eating self-help resources,professional_knowledge,psychoeducation_only,normal,P1,pending,,"Eating disorders are associated with serious, even life -threatening health complications. It is very important that all individuals engaging in any kind of disordered eating regularly consult with a medical practitioner to monitor and manage potential health "
CCI_DISORDERED_EATING,CCI_DISORDERED_EATING_d6d7d1c1_00017_0d0d4c9e6b31,Disordered Eating self-help resources,professional_knowledge,psychoeducation_only,normal,P1,pending,,"Turn to to learn more about the risks associated with eating disorders. Even if you are not sure whether you’re ready to make changes yet, arranging an appointment to talk to a medical practitioner is an important first step. Why not give them a call now to bo"
CCI_DISORDERED_EATING,CCI_DISORDERED_EATING_d6d7d1c1_00018_a85b5d6d6284,Disordered Eating self-help resources,professional_knowledge,psychoeducation_only,normal,P1,pending,,People with eating disorders and their loved ones often wonder how and why the disorder developed and can often blame themselves. While it is common for eating disorders to develop after a period of inadequate nutritional intake (both intentional and through s
CCI_DISORDERED_EATING,CCI_DISORDERED_EATING_d6d7d1c1_00019_8185c951c720,Disordered Eating self-help resources,professional_knowledge,psychoeducation_only,normal,P1,pending,,"On average, about half the risk of developing an eating disorder comes from genetic influence, but this risk differs from person to person. People with higher heritability need only a slightly stressful environment for an eating disorder to start, while in a p"
CCI_DISORDERED_EATING,CCI_DISORDERED_EATING_d6d7d1c1_00020_45cfe80fd3d0,Disordered Eating self-help resources,professional_knowledge,psychoeducation_only,normal,P1,pending,,"Unfortunately, our society is a potentially triggering environment, with images of unachievable bodies and inaccurate and conflicting messages about diets and exercise ever present, especially on our social media. Once activated, the brain experiences changes "
CCI_DISORDERED_EATING,CCI_DISORDERED_EATING_d6d7d1c1_00021_157d5e8b1381,Disordered Eating self-help resources,professional_knowledge,psychoeducation_only,normal,P1,pending,,My regular medical practitioner is: _____________________________________ My review with my medical practitioner is booked for: _____________________ provides more information on the neurobiology of eating disorders. FACT: Research shows that people who read t
CCI_DISORDERED_EATING,CCI_DISORDERED_EATING_d6d7d1c1_00022_94e2258c1a25,Disordered Eating self-help resources,professional_knowledge,psychoeducation_only,normal,P1,pending,,"Module 1: What Are Eating Disorders? Recovery is Possible! Research tells us that full recovery from an eating disorder is possible. With adequate re -nourishment and learning, the brain and body can return to healthy functioning and unhelpful genes can be ‘tu"
CCI_DISORDERED_EATING,CCI_DISORDERED_EATING_d6d7d1c1_00023_06c944a18b60,Disordered Eating self-help resources,professional_knowledge,psychoeducation_only,normal,P1,pending,,"In this workbook we are going to focus on strategies that come from one of the leading evidence -based treatments, cognitive-behavioural therapy for eating disorders (CBT-ED). Evidence-based means that CBT-ED has been shown to be effective in reducing eating d"
CCI_DISORDERED_EATING,CCI_DISORDERED_EATING_d6d7d1c1_00024_5421057e1d63,Disordered Eating self-help resources,professional_knowledge,psychoeducation_only,normal,P1,pending,,"For some people, self-help might offer just the right amount of support to recover. For others, it might not be enough, and it may be necessary to work alongside a mental health professional. Ready, Set, Action!"
CCI_DISORDERED_EATING,CCI_DISORDERED_EATING_d6d7d1c1_00026_050af6af6be2,Disordered Eating self-help resources,professional_knowledge,psychoeducation_only,normal,P1,pending,,"The single most consistent predictor of overcoming an eating disorder is actually how quickly you can get started on making early behavioural change s. This means giving the modules a go, testing out the strategies, and making changes to your eating. You alrea"
CCI_DISORDERED_EATING,CCI_DISORDERED_EATING_d6d7d1c1_00027_bc529bed3eca,Disordered Eating self-help resources,professional_knowledge,psychoeducation_only,normal,P1,pending,,"Before you get started, we encourage you to consider whether this is the right time and whether there are people you can ask for support as you work towards recovery."
CCI_DISORDERED_EATING,CCI_DISORDERED_EATING_d6d7d1c1_00028_d9f6b47cfe9e,Disordered Eating self-help resources,professional_knowledge,psychoeducation_only,normal,P1,pending,,"Many people with eating disorders tend to focus on what they have not done well rather than focussing on progress and this can lead to setbacks. We also know that just tracking your progress leads to improved o utcomes. From Module 4 onwards, you will see our "
CCI_DISORDERED_EATING,CCI_DISORDERED_EATING_d6d7d1c1_00030_667b2d016124,Disordered Eating self-help resources,professional_knowledge,psychoeducation_only,normal,P1,pending,,"It is completely normal to feel apprehensive or anxious about the idea of making changes to your eating disorder behaviours. While distress can be very uncomfortable, we know that it is safe to experience these feelings and they are likely to reduce over time."
CCI_DISORDERED_EATING,CCI_DISORDERED_EATING_d6d7d1c1_00031_771b870644e4,Disordered Eating self-help resources,professional_knowledge,psychoeducation_only,normal,P1,pending,,"We also encourage you to read our ‘Facing Your Feelings’ modules, a short, 4-session guide to sitting with, accepting and improving distress."
CCI_DISORDERED_EATING,CCI_DISORDERED_EATING_d6d7d1c1_00032_1ff1b84326f4,Disordered Eating self-help resources,professional_knowledge,psychoeducation_only,normal,P1,pending,,"What to Expect from this Workbook When using self-help materials, some people might skip sections or complete things in a different order. The modules in this workbook have been designed to be completed in the order they appear. Research tells us that eating d"
CCI_DISORDERED_EATING,CCI_DISORDERED_EATING_d6d7d1c1_00033_32b67417ce31,Disordered Eating self-help resources,professional_knowledge,psychoeducation_only,normal,P1,pending,,Module 1: What Are Eating Disorders? Module 2: What Keeps Eating Disorders Going? Module 3: Understanding the Number on the Scale Module 4: Understanding Your Eating Module 5: Food and Energy Module 6: Eating for Recovery: Part 1 Module 7: Eating for Recovery:
CCI_DISORDERED_EATING,CCI_DISORDERED_EATING_d6d7d1c1_00034_97cb40ad59f4,Disordered Eating self-help resources,professional_knowledge,psychoeducation_only,normal,P1,pending,,"Some of the content of these modules may be challenging at times, and we encourage you to keep going until you reach the end so you can get the most benefit. Whether you have some, many, or all the symptoms of an eating disorder, this workbook can help!"
CCI_DISORDERED_EATING,CCI_DISORDERED_EATING_d6d7d1c1_00036_a4c94b5e1e4c,Disordered Eating self-help resources,professional_knowledge,psychoeducation_only,normal,P1,pending,,"• It is normal to experience some concern about your eating, weight and shape. • When these concerns become extreme, eating disorder symptoms can develop. • Eating disorders impact your physical health, your psychological wellbeing, your relationships and over"
CCI_DISORDERED_EATING,CCI_DISORDERED_EATING_d6d7d1c1_00037_af5d7c08da87,Disordered Eating self-help resources,professional_knowledge,psychoeducation_only,normal,P1,pending,,• Don’t forget to print off the ‘Getting Educated about Eating Disorders’ package as we will be referring to it throughout the modules. Coming up…What Keeps Eating Disorders Going?
CCI_DISORDERED_EATING,CCI_DISORDERED_EATING_d6d7d1c1_00038_03ec8201a6fd,Disordered Eating self-help resources,professional_knowledge,psychoeducation_only,normal,P1,pending,,"Module 1: What Are Eating Disorders? About the Modules CONTRIBUTORS Katharina Targowski (MPsych) Samantha Bank (MPsych) Clinical Psychologist Clinical Psychologist Dr. Olivia Carter (DPsych) Dr. Bruce Campbell (DPsych, MPsych) Clinical Psychologist Consultant "
CCI_DISORDERED_EATING,CCI_DISORDERED_EATING_d6d7d1c1_00039_065264b5550e,Disordered Eating self-help resources,professional_knowledge,psychoeducation_only,normal,P1,pending,,"REFERENCES These are some of the professional references used to create the modules in this information package. Fairburn, C. G., Cooper, Z., Shafran, R., Murphy, R., & Hawker, D. M. (2008). Cognitive Behaviour Therapy and Eating Disorders. Guilford Press. Wal"
CCI_DISORDERED_EATING,CCI_DISORDERED_EATING_d6d7d1c1_00040_3b2ce963edb2,Disordered Eating self-help resources,professional_knowledge,psychoeducation_only,normal,P1,pending,,"Waller, G., Turner, H.M., Tatham, M., Mountford, V.A., & Wade, T.A. (2019). Brief Cognitive Behavioural Therapy for Non- Underweight Patients: CBT-T for Eating Disorders. Routledge. ACKNOWLEDGEMENTS We would like to thank Professor Glenn Waller (University of "
CCI_DISORDERED_EATING,CCI_DISORDERED_EATING_d6d7d1c1_00041_b130265eb519,Disordered Eating self-help resources,professional_knowledge,psychoeducation_only,normal,P1,pending,,"“BREAK FREE FROM ED” This module forms part of: Targowski, K., Bank, S., Carter, O., Campbell, B. & Raykos, B. (2022). Break Free from ED. Perth, Western Australia: Centre for Clinical Interventions"
CCI_DISORDERED_EATING,CCI_DISORDERED_EATING_f2025faa_00001_bf42f4143588,Disordered Eating self-help resources,professional_knowledge,psychoeducation_only,normal,P1,pending,,What Keeps Eating Disorders Going? Introduction 2 What Keeps Eating Disorders Going? 2 How it All Fits Together: The Vicious Cycle of Eating Disorders Where to From Here? 7 Why You Can’t Recover While Trying to Lose Weight 7 Module Summary
CCI_DISORDERED_EATING,CCI_DISORDERED_EATING_f2025faa_00004_0171848fb717,Disordered Eating self-help resources,professional_knowledge,psychoeducation_only,normal,P1,pending,,"In Module 1, we discussed symptoms of eating disorders and highlighted why it is important to see a medical practitioner. You consider ed how concerns about eating disorder behaviours impact your physical and mental health, relationships, and quality of life. "
CCI_DISORDERED_EATING,CCI_DISORDERED_EATING_f2025faa_00005_6d3e103c6720,Disordered Eating self-help resources,professional_knowledge,psychoeducation_only,normal,P1,pending,,"People often come to treatment and blame themselves for not being able to get out of the eating disorder on their own. They might be self -critical and think of themselves as undisciplined or weak, or believe that they’re just not working hard enough. This is "
CCI_DISORDERED_EATING,CCI_DISORDERED_EATING_f2025faa_00006_19be88b94638,Disordered Eating self-help resources,professional_knowledge,psychoeducation_only,normal,P1,pending,,"1. Unhelpful beliefs about eating, weight and shape (and their control) It is common for people to hold very strong beliefs about the relationship between their eating disorder behaviours and their weight or shape. Some beliefs might include: • Eating carbohyd"
CCI_DISORDERED_EATING,CCI_DISORDERED_EATING_f2025faa_00007_91cb72205021,Disordered Eating self-help resources,professional_knowledge,psychoeducation_only,normal,P1,pending,,"Eating disorders also provide a rich breeding ground to align our beliefs and values to that lead people to believe that behaviours like restriction, exercise, or dieting reflect achievement, health, hard work, or even moral or ethical superiority. Unfortunate"
CCI_DISORDERED_EATING,CCI_DISORDERED_EATING_f2025faa_00008_74d8a3d0e939,Disordered Eating self-help resources,professional_knowledge,psychoeducation_only,normal,P1,pending,,"2. Unhelpful behaviours related to eating, weight and shape Eating disorders always involve disordered eating behaviours. You might be eating too little, following rigid and inflexible rules about what and when to eat, exercising too much, vomiting, or misusin"
CCI_DISORDERED_EATING,CCI_DISORDERED_EATING_f2025faa_00010_aab7a812afb6,Disordered Eating self-help resources,professional_knowledge,psychoeducation_only,normal,P1,pending,,"Regardless of how you are attempting to control your weight and shape, if your nutritional intake is poor, irregular, or unbalanced, or if you engage in behaviours that reduce energy absorption, you are likely experiencing symptoms of Starvation Syndrome."
CCI_DISORDERED_EATING,CCI_DISORDERED_EATING_f2025faa_00011_521bf68eb9a2,Disordered Eating self-help resources,professional_knowledge,psychoeducation_only,normal,P1,pending,,"Starvation Syndrome refers to a collection of changes that occur when someone is malnourished. We know what you’re picturing – someone who is extremely underweight. However, starvation can occur at any weight. You don’t need to lose weight to experience sympto"
CCI_DISORDERED_EATING,CCI_DISORDERED_EATING_f2025faa_00012_1f3c331388e7,Disordered Eating self-help resources,professional_knowledge,psychoeducation_only,normal,P1,pending,,A key study that helped us understand the effects of starvation syndrome is the Minnesota Starvation Experiment. Many of the symptoms once thought to be primary symptoms of eating disorders are actually direct symptoms of starvation. A starved brain is unable 
CCI_DISORDERED_EATING,CCI_DISORDERED_EATING_f2025faa_00013_3e19542a8aa6,Disordered Eating self-help resources,professional_knowledge,psychoeducation_only,normal,P1,pending,,"4. Binge Eating Binge eating refers to an episode of eating during which a person feels a loss of control over their eating. Eating too little, following strict rules about how you eat, and emotions can all trigger episodes of binge eating. This is often follo"
CCI_DISORDERED_EATING,CCI_DISORDERED_EATING_f2025faa_00014_9390f25d640d,Disordered Eating self-help resources,professional_knowledge,psychoeducation_only,normal,P1,pending,,"Distress Many people report that they engage in eating disorder behaviours in response to feeling anxious, sad, or distressed because, in the short-term, it makes them feel better."
CCI_DISORDERED_EATING,CCI_DISORDERED_EATING_f2025faa_00015_2c9996b1a09d,Disordered Eating self-help resources,professional_knowledge,psychoeducation_only,normal,P1,pending,,"Physical changes: Feeling cold all the time Dry skin and hair loss Pain, bloating, constipation Extreme hunger and binge eating Extreme fullness Dizziness Emotional changes: Low mood Anxiety Irritability Losing interest in things you used to enjoy Social chang"
CCI_DISORDERED_EATING,CCI_DISORDERED_EATING_f2025faa_00016_cd0f95389b00,Disordered Eating self-help resources,professional_knowledge,psychoeducation_only,normal,P1,pending,,"Module 2: What Keeps Eating Disorders Going? How It All Fits Together: The Vicious Cycle of Eating Disorders When people hold very strong beliefs about eating, weight, and shape, they may make attempts to try to control them through disordered eating behaviour"
CCI_DISORDERED_EATING,CCI_DISORDERED_EATING_f2025faa_00017_ca5a82d13a91,Disordered Eating self-help resources,professional_knowledge,psychoeducation_only,normal,P1,pending,,"Let’s take a look at each of these ‘loops’ in more detail: One ‘loop’ that keeps eating disorders going is starvation syndrome. For example, feeling overly full, easily bloated, not feeling hungry, and toileting issues increase concerns about weight, shape and"
CCI_DISORDERED_EATING,CCI_DISORDERED_EATING_f2025faa_00019_9f564803c0e1,Disordered Eating self-help resources,professional_knowledge,psychoeducation_only,normal,P1,pending,,"Attempts to control eating, weight and shape lead to binge eating and broken rules. Not eating enough makes you physically hungry and leads to craving foods you are depriving yourself of! When you are really hungry, your clever brain drive s you to eat more th"
CCI_DISORDERED_EATING,CCI_DISORDERED_EATING_f2025faa_00020_6fce1ffa81e8,Disordered Eating self-help resources,professional_knowledge,psychoeducation_only,normal,P1,pending,,"Body checking and body avoidance increase body image concern. When you hold negative beliefs about your body you might focus intensely on your body (e.g. in mirrors), and in turn notice ‘flaws’ that you wouldn’t normally notice, leading to feeling awful. Attem"
CCI_DISORDERED_EATING,CCI_DISORDERED_EATING_f2025faa_00022_3d84c2975bb4,Disordered Eating self-help resources,professional_knowledge,psychoeducation_only,normal,P1,pending,,"Relying on eating disorder behaviours to regulate your mood and manage distress is another ‘loop’ because you will not learn other ways to cope with distress. While the behaviours may seem helpful in the short-term, in the long-term, they will make your mood w"
CCI_DISORDERED_EATING,CCI_DISORDERED_EATING_f2025faa_00023_a03363ccab3b,Disordered Eating self-help resources,professional_knowledge,psychoeducation_only,normal,P1,pending,,"TASK: On the diagram below, highlight the boxes and loops that seem most relevant to you."
CCI_DISORDERED_EATING,CCI_DISORDERED_EATING_f2025faa_00024_0113d4b125f9,Disordered Eating self-help resources,professional_knowledge,psychoeducation_only,normal,P1,pending,,"Module 2: What Keeps Eating Disorders Going? Where to From Here? It may feel overwhelming to realise that the methods you have been using to try to control your eating, weight and shape are actually the very thing keeping your eating disorder going. Hopefully "
CCI_DISORDERED_EATING,CCI_DISORDERED_EATING_f2025faa_00025_11c6df590f40,Disordered Eating self-help resources,professional_knowledge,psychoeducation_only,normal,P1,pending,,"We know that this is easier said than done, and you’re probably feeling very anxious about making these changes, possibly even terrified. We will guide you through the steps of recovery and always explain to you why these changes are important! Remember, early"
CCI_DISORDERED_EATING,CCI_DISORDERED_EATING_f2025faa_00026_93aaae842cd4,Disordered Eating self-help resources,professional_knowledge,psychoeducation_only,normal,P1,pending,,"• We will then discuss eating and guide you through the steps of normalising your nutritional intake, addressing starvation syndrome and reducing behaviours intended to control eating, weight, and shape (Modules 4 - 7). • Then we will turn our attention to oth"
CCI_DISORDERED_EATING,CCI_DISORDERED_EATING_f2025faa_00028_c6458822eabc,Disordered Eating self-help resources,professional_knowledge,psychoeducation_only,normal,P1,pending,,"As you may be starting to realise, having a goal of weight loss is incompatible with recovering from an eating disorder. This is because if you are trying to lose weight, you are likely engaging in all of the behaviours that keep you stuck in the eating disord"
CCI_DISORDERED_EATING,CCI_DISORDERED_EATING_f2025faa_00030_0c42a0a245c4,Disordered Eating self-help resources,professional_knowledge,psychoeducation_only,normal,P1,pending,,"• People with eating disorders tend to hold strong beliefs about eating, weight and shape, and attempt to control these through eating disorder behaviours. • Eating disorder behaviours form several ‘loops’ that keep you stuck in your eating disorder . They nee"
CCI_DISORDERED_EATING,CCI_DISORDERED_EATING_f2025faa_00031_bd8d3294b147,Disordered Eating self-help resources,professional_knowledge,psychoeducation_only,normal,P1,pending,,• The most consistent factor that predicts whether someone will fully recover from an eating disorder is early behavioural change. This means that jumping in and making changes early on will give you the best possible chance of recovery! Coming up…Understandin
CCI_DISORDERED_EATING,CCI_DISORDERED_EATING_f2025faa_00032_dc3fa2a52ac9,Disordered Eating self-help resources,professional_knowledge,psychoeducation_only,normal,P1,pending,,"Module 2: What Keeps Eating Disorders Going? About the Modules CONTRIBUTORS Katharina Targowski (MPsych) Samantha Bank (MPsych) Clinical Psychologist Clinical Psychologist Dr. Olivia Carter (DPsych) Dr. Bruce Campbell (DPsych, MPsych) Clinical Psychologist Con"
CCI_DISORDERED_EATING,CCI_DISORDERED_EATING_f2025faa_00033_8e3955fa17b2,Disordered Eating self-help resources,professional_knowledge,psychoeducation_only,normal,P1,pending,,"REFERENCES These are some of the professional references used to create the modules in this information package. Fairburn, C. G., Cooper, Z., Shafran, R., Murphy, R., & Hawker, D. M. (2008). Cognitive Behaviour Therapy and Eating Disorders. Guilford Press. Wal"
CCI_DISORDERED_EATING,CCI_DISORDERED_EATING_f2025faa_00034_bb089645141b,Disordered Eating self-help resources,professional_knowledge,psychoeducation_only,normal,P1,pending,,"Waller, G., Turner, H.M., Tatham, M., Mountford, V.A., & Wade, T.A. (2019). Brief Cognitive Behavioural Therapy for Non- Underweight Patients: CBT-T for Eating Disorders. Routledge. ACKNOWLEDGEMENTS We would like to thank Professor Glenn Waller (University of "
CCI_DISORDERED_EATING,CCI_DISORDERED_EATING_f2025faa_00035_b130265eb519,Disordered Eating self-help resources,professional_knowledge,psychoeducation_only,normal,P1,pending,,"“BREAK FREE FROM ED” This module forms part of: Targowski, K., Bank, S., Carter, O., Campbell, B. & Raykos, B. (2022). Break Free from ED. Perth, Western Australia: Centre for Clinical Interventions"
CCI_DISORDERED_EATING,CCI_DISORDERED_EATING_2fac7025_00000_b7bc1c215e9e,Disordered Eating self-help resources,professional_knowledge,psychoeducation_only,normal,P1,pending,,Break Free From ED Break Free from ED An Active Guide to Recovering from Your Eating Disorder Module 3 Understanding the Number on the Scale Introduction 2 The Number on the Scale and Natural Fluctuations in Weight How Much Control Do We Have Over Our Weight? 
CCI_DISORDERED_EATING,CCI_DISORDERED_EATING_2fac7025_00003_0d79068a8c7a,Disordered Eating self-help resources,professional_knowledge,psychoeducation_only,normal,P1,pending,,"In the previous module we discussed the vicious cycle of eating disorders and why it is so difficult to get unstuck. In this module we will be talking about changing weighing behaviours, we will learn more about the factors that affect the number on the scale,"
CCI_DISORDERED_EATING,CCI_DISORDERED_EATING_2fac7025_00004_2f543253bff6,Disordered Eating self-help resources,professional_knowledge,psychoeducation_only,normal,P1,pending,,"The Number on the Scale and Fluctuations in Weight When you step on the scales you might think that the number you see accurately represents your weight. However, if you have ever weighed yourself several times in a day or over the course of a week you will no"
CCI_DISORDERED_EATING,CCI_DISORDERED_EATING_2fac7025_00005_6de6cf248bed,Disordered Eating self-help resources,professional_knowledge,psychoeducation_only,normal,P1,pending,,"• your fluid intake • the weight of your clothing • the time of day that you are weighed • how much you have eaten that day • your bladder and bowel movements • hormonal changes (including menstruation, which can cause the number to increase by up to 2kg!) • t"
CCI_DISORDERED_EATING,CCI_DISORDERED_EATING_2fac7025_00006_2fa7a6528cf0,Disordered Eating self-help resources,professional_knowledge,psychoeducation_only,normal,P1,pending,,These and the many other factors that impact the number on the scale result in natural fluctuations in weight.
CCI_DISORDERED_EATING,CCI_DISORDERED_EATING_2fac7025_00007_63a817947f03,Disordered Eating self-help resources,professional_knowledge,psychoeducation_only,normal,P1,pending,,"Since weight goes up and down naturally, when you step on the scale you are only getting an estimate of your weight at a particular moment. To reduce the impact of the error that natural fluctuations bring, clinicians suggest that we think about our weight in "
CCI_DISORDERED_EATING,CCI_DISORDERED_EATING_2fac7025_00008_c7f4e9ef6bea,Disordered Eating self-help resources,professional_knowledge,psychoeducation_only,normal,P1,pending,,"Module 3: Understanding the Number on the Scale How Much Control Do We Really Have Over Our Weight? With all the diet and exercise regimes out there, it would be easy to believe that with a bit of discipline and hard work you can choose the weight you would li"
CCI_DISORDERED_EATING,CCI_DISORDERED_EATING_2fac7025_00009_eaf55e6fbceb,Disordered Eating self-help resources,professional_knowledge,psychoeducation_only,normal,P1,pending,,"Each human body has a weight range that it is supposed to maintain for optimal health. When you eat regularly, sufficiently, and flexibly, and participate in regular moderate exercise your body will tend towards its set point weight range. Your set point weigh"
CCI_DISORDERED_EATING,CCI_DISORDERED_EATING_2fac7025_00010_68737fe06219,Disordered Eating self-help resources,professional_knowledge,psychoeducation_only,normal,P1,pending,,Fighting against your genetic set point weight range by restricting what you eat or engaging in other eating disorder behaviours is only going to be sustainable for a short period of time and you may become very unwell. When trying to recover from an eati ng d
CCI_DISORDERED_EATING,CCI_DISORDERED_EATING_2fac7025_00012_c4fd199edfb6,Disordered Eating self-help resources,professional_knowledge,psychoeducation_only,normal,P1,pending,,"BMI is a quick, practical measure of a person’s overall size which can provide helpful information when considered in combination with their physical and mental health, lifestyle and their personal and family history. BMI was conceived in the early 19th Centur"
CCI_DISORDERED_EATING,CCI_DISORDERED_EATING_2fac7025_00013_a4c17528c7d1,Disordered Eating self-help resources,professional_knowledge,psychoeducation_only,normal,P1,pending,,Module 3: Understanding the Number on the Scale How Accurate Are Our Weight Predictions?
CCI_DISORDERED_EATING,CCI_DISORDERED_EATING_2fac7025_00014_bf1e31960abd,Disordered Eating self-help resources,professional_knowledge,psychoeducation_only,normal,P1,pending,,People with eating disorders often describe ‘ feeling bigger’ or ‘feeling heavier’ or ‘just knowing’ that they’ve put on weight. But did you know that heavier or bigger are not actual feelings? What people are usually saying is that they think they are bigger 
CCI_DISORDERED_EATING,CCI_DISORDERED_EATING_2fac7025_00015_c5e7df0ad4f3,Disordered Eating self-help resources,professional_knowledge,psychoeducation_only,normal,P1,pending,,Relying on what you think is happening with your weight rather than what is actually observable on the scale can be risky for people with eating disorders. Research shows that even people who don’t have eating disorders are not good at predicting the number on
CCI_DISORDERED_EATING,CCI_DISORDERED_EATING_2fac7025_00016_0b0d5e04507a,Disordered Eating self-help resources,professional_knowledge,psychoeducation_only,normal,P1,pending,,"People with eating disorders are often fearful of gaining weight and place high value on the number on the scale, which can lead to two types of behaviours – weighing too often or avoiding being weighed at all costs. Weighing too often If people weigh themselv"
CCI_DISORDERED_EATING,CCI_DISORDERED_EATING_2fac7025_00017_80a8dd20f362,Disordered Eating self-help resources,professional_knowledge,psychoeducation_only,normal,P1,pending,,"What’s more, frequently checking your weight keeps the focus of your attention on your weight at the cost of other things in our life, like family, friends, work, or enjoyable activities. This makes weight seem more important than it needs to be and keeps eati"
CCI_DISORDERED_EATING,CCI_DISORDERED_EATING_2fac7025_00018_4d0829c5ad13,Disordered Eating self-help resources,professional_knowledge,psychoeducation_only,normal,P1,pending,,"More importantly, avoidance leads to fears getting stronger in the long- term. This is true for all sorts of things that we feel afraid of - for example, you are not going to overcome a fear of spiders without going near a spider. Avoidance of weighing is usua"
CCI_DISORDERED_EATING,CCI_DISORDERED_EATING_2fac7025_00020_e7071551b957,Disordered Eating self-help resources,professional_knowledge,psychoeducation_only,normal,P1,pending,,"If we know that weighing too often is problematic, and avoiding weighing at all costs is equally problematic, how often should we weigh ourselves? Clinicians who work with people with eating disorders recommend weighing yourself about once a week while you are"
CCI_DISORDERED_EATING,CCI_DISORDERED_EATING_2fac7025_00021_f6a382be8c76,Disordered Eating self-help resources,professional_knowledge,psychoeducation_only,normal,P1,pending,,"• Predicted number: Before you step on the scale, make a prediction about what the number will be. Plot that on the chart. • Actual number: Step on the scale. Record the number on the chart in a different colour so you can easily compare your predicted and act"
CCI_DISORDERED_EATING,CCI_DISORDERED_EATING_2fac7025_00022_4fe920e57ea6,Disordered Eating self-help resources,professional_knowledge,psychoeducation_only,normal,P1,pending,,Take a look at the example on the next page. Then it will be your turn to start weekly weighing.
CCI_DISORDERED_EATING,CCI_DISORDERED_EATING_2fac7025_00024_19f6fe64267e,Disordered Eating self-help resources,professional_knowledge,psychoeducation_only,normal,P1,pending,,"Weekly Weighing Worksheet - Example Day I will weigh myself: Thursday Predicted versus actual weight: Before you step on the scales, think about your eating over the past week and make a prediction as to what you think the number will be. Record your predicted"
CCI_DISORDERED_EATING,CCI_DISORDERED_EATING_2fac7025_00025_580b0d2ac37a,Disordered Eating self-help resources,professional_knowledge,psychoeducation_only,normal,P1,pending,,Week 1 reflection: The number is higher than I would like but not as high as I predicted. I can’t really draw any conclusion about patterns based on just one number so will need to see what happens over the next few weeks. Week 2 reflection: The number is up t
CCI_DISORDERED_EATING,CCI_DISORDERED_EATING_2fac7025_00026_332cc0018211,Disordered Eating self-help resources,professional_knowledge,psychoeducation_only,normal,P1,pending,,"My predictions are not very accurate - in fact, eating regularly is not leading to sudden weight gain as I was predicting. I need to keep testing out what happens to my weight as I tackle other eating disorder behaviours. Week 1 Week 2 Week 3 Week 4 Number on "
CCI_DISORDERED_EATING,CCI_DISORDERED_EATING_2fac7025_00027_4db7ed3c1e02,Disordered Eating self-help resources,professional_knowledge,psychoeducation_only,normal,P1,pending,,"Break Free From ED Module 3: Understanding the Number on the Scale Weekly Weighing Worksheet Day I will weigh myself: __________________________________ Predicted versus actual weight: Before you step on the scales, think about your eating over the week and ma"
CCI_DISORDERED_EATING,CCI_DISORDERED_EATING_2fac7025_00028_2cca0d38d862,Disordered Eating self-help resources,professional_knowledge,psychoeducation_only,normal,P1,pending,,Week 1 reflection: ______________________________________________________________ Week 2 reflection: _______________________________________________________________ Week 3 reflection: _______________________________________________________________ Week 4 concl
CCI_DISORDERED_EATING,CCI_DISORDERED_EATING_2fac7025_00030_1ec8c2f3882c,Disordered Eating self-help resources,professional_knowledge,psychoeducation_only,normal,P1,pending,,A Final Note on Weekly Weighing Weekly weighing is designed to help you understand the relationship between your eating and the number on the scale. Weekly weighing also helps you get less stuck on a particular number on the scale and to focus instead on trend
CCI_DISORDERED_EATING,CCI_DISORDERED_EATING_2fac7025_00032_02d6b2f1ded6,Disordered Eating self-help resources,professional_knowledge,psychoeducation_only,normal,P1,pending,,"• There are many factors that influence the number on the scale other than your body’s true weight, and we refer to these factors as natural fluctuations. • Weight fluctuates naturally so it is more accurate to draw conclusions about the number on the scale ba"
CCI_DISORDERED_EATING,CCI_DISORDERED_EATING_2fac7025_00033_602ff5783ec4,Disordered Eating self-help resources,professional_knowledge,psychoeducation_only,normal,P1,pending,,"• When you normalise your eating and other weight control behaviours, your body will naturally tend towards its genetic set point range and will not keep going up and up uncontrollably. • Weighing too often or avoiding weighing altogether are both problematic "
CCI_DISORDERED_EATING,CCI_DISORDERED_EATING_2fac7025_00034_b9d21a7ed5a4,Disordered Eating self-help resources,professional_knowledge,psychoeducation_only,normal,P1,pending,,"• The Weekly Weighing Sheet will help you find out how accurate your weight predictions are, learn to draw conclusions based on patterns over 4 weeks, and gather more accurate data to understand the impact of reducing your disordered eating behaviours on the n"
CCI_DISORDERED_EATING,CCI_DISORDERED_EATING_2fac7025_00035_a8159ddd181e,Disordered Eating self-help resources,professional_knowledge,psychoeducation_only,normal,P1,pending,,"Module 3: Understanding the Number on the Scale About the Modules CONTRIBUTORS Dr. Bronwyn Raykos (PhD, MPsych) Dr. Marilyn Fitzgerald (MPsych) Senior Clinical Psychologist Clinical Psychologist Katharina Targowski (MPsych) Samantha Bank (MPsych) Clinical Psyc"
CCI_DISORDERED_EATING,CCI_DISORDERED_EATING_2fac7025_00036_065264b5550e,Disordered Eating self-help resources,professional_knowledge,psychoeducation_only,normal,P1,pending,,"REFERENCES These are some of the professional references used to create the modules in this information package. Fairburn, C. G., Cooper, Z., Shafran, R., Murphy, R., & Hawker, D. M. (2008). Cognitive Behaviour Therapy and Eating Disorders. Guilford Press. Wal"
CCI_DISORDERED_EATING,CCI_DISORDERED_EATING_2fac7025_00037_91a1af685f5e,Disordered Eating self-help resources,professional_knowledge,psychoeducation_only,normal,P1,pending,,"Waller, G., Turner, H.M., Tatham, M., Mountford, V.A., & Wade, T.A. (2019). Brief Cognitive Behavioural Therapy for Non- Underweight Patients: CBT-T for Eating Disorders. Routledge. ACKNOWLEDGEMENTS We would like to thank Professor Glenn Waller (University of "
CCI_DISORDERED_EATING,CCI_DISORDERED_EATING_2fac7025_00038_b130265eb519,Disordered Eating self-help resources,professional_knowledge,psychoeducation_only,normal,P1,pending,,"“BREAK FREE FROM ED” This module forms part of: Targowski, K., Bank, S., Carter, O., Campbell, B. & Raykos, B. (2022). Break Free from ED. Perth, Western Australia: Centre for Clinical Interventions"
CCI_DISORDERED_EATING,CCI_DISORDERED_EATING_dc351819_00001_5ecf4644f2fa,Disordered Eating self-help resources,professional_knowledge,psychoeducation_only,normal,P1,pending,,Self-Monitoring Introduction 2 Self-Monitoring 2 How to Complete Your Self-Monitoring 3 Example Self-Monitoring Form 4 Common Barriers to Self-Monitoring 5 Helpful Tips for Self-Monitoring Reviewing Your Self-Monitoring Blank Self-Monitoring Form Weekly Progre
CCI_DISORDERED_EATING,CCI_DISORDERED_EATING_dc351819_00004_b8233ff2bd75,Disordered Eating self-help resources,professional_knowledge,psychoeducation_only,normal,P1,pending,,"In Module 3 we discussed the factors that impact the number on the scale and corrected some myths about weight. We also introduced weekly weighing, which encourages you to consider patterns of weight over four weeks, rather than interpreting a single number. I"
CCI_DISORDERED_EATING,CCI_DISORDERED_EATING_dc351819_00005_ae53253317d0,Disordered Eating self-help resources,professional_knowledge,psychoeducation_only,normal,P1,pending,,"Self-monitoring is a way of recording your patterns of food and fluid intake throughout the day. It includes recording what you ate, where you ate and any eating disorder behaviours you may have engaged in (e.g., vomiting, misusing laxatives). It also captures"
CCI_DISORDERED_EATING,CCI_DISORDERED_EATING_dc351819_00006_0d8005ecea10,Disordered Eating self-help resources,professional_knowledge,psychoeducation_only,normal,P1,pending,,"The aim of self -monitoring is to increase your awareness of the situations, thoughts, feelings, physical sensations and behaviours that keep your eating disorder going. Stepping back to develop this awareness will help you work on doing things differently in "
CCI_DISORDERED_EATING,CCI_DISORDERED_EATING_dc351819_00007_0f5a225ff29d,Disordered Eating self-help resources,professional_knowledge,psychoeducation_only,normal,P1,pending,,"We can liken self-monitoring to a sportsperson reviewing gameplay with their coach to see what went well, where the plan didn’t work out and identify areas for improvement. In doing so, the sportsperson is in a better position to try new strategies aimed at de"
CCI_DISORDERED_EATING,CCI_DISORDERED_EATING_dc351819_00008_9f77ed76ab55,Disordered Eating self-help resources,professional_knowledge,psychoeducation_only,normal,P1,pending,,"Module 4: Understanding Your Eating How to Complete Your Self-Monitoring Self-monitoring is designed to be completed in real-time (i.e., during, or immediately after eating), every day, while you are working through these modules. We are going to ask you to re"
CCI_DISORDERED_EATING,CCI_DISORDERED_EATING_dc351819_00009_324ec7515872,Disordered Eating self-help resources,professional_knowledge,psychoeducation_only,normal,P1,pending,,An example self-monitoring sheet is provided on the next page. Below are descriptions of each heading on the self-monitoring sheet to help you fill in your own records. • Day and Date: record the day and date in the space provided so that you can keep your sel
CCI_DISORDERED_EATING,CCI_DISORDERED_EATING_dc351819_00010_0b6a0f9feda4,Disordered Eating self-help resources,professional_knowledge,psychoeducation_only,normal,P1,pending,,"• Food and liquid intake: record your food and liquid intake, including water, coffee or tea, or alcohol. Do not record calories. Do not measure your food . Record approximate quantities only (e.g. “handful of nuts”, “small bowl of pasta”). • Location: be spec"
CCI_DISORDERED_EATING,CCI_DISORDERED_EATING_dc351819_00011_d8dd63e411a3,Disordered Eating self-help resources,professional_knowledge,psychoeducation_only,normal,P1,pending,,"• Binge: place an asterisk (*) in the binge column if you consider the event to be a binge episode (i.e., you think you ate more than what someone would in a typical sitting AND you felt out of control). • V/L: if you vomit, record a ‘V’ in this column. If you"
CCI_DISORDERED_EATING,CCI_DISORDERED_EATING_dc351819_00012_f46e3d17fe6f,Disordered Eating self-help resources,professional_knowledge,psychoeducation_only,normal,P1,pending,,"• Situation/thoughts/feelings: record any other relevant information about what was happening, the way you were feeling, and the thoughts that popped up through the day that are relevant to your eating disorder. You may also include behaviours such as weighing"
CCI_DISORDERED_EATING,CCI_DISORDERED_EATING_dc351819_00013_9f8524be296f,Disordered Eating self-help resources,professional_knowledge,psychoeducation_only,normal,P1,pending,,"Module 4: Understanding Your Eating Example Self-Monitoring Form A blank self -monitoring sheet is provided for you to print and complete each day. Click here fo r an online fillable version. Dur ing your first week of self-monitoring, the goal is to establish"
CCI_DISORDERED_EATING,CCI_DISORDERED_EATING_dc351819_00015_f5978493ce8d,Disordered Eating self-help resources,professional_knowledge,psychoeducation_only,normal,P1,pending,,"The idea of self -monitoring every day in real- time might feel daunting and like we are asking a lot of you. Research shows that individuals who consistently complete accurate, real-time self-monitoring from the time they start treatment are more likely to re"
CCI_DISORDERED_EATING,CCI_DISORDERED_EATING_dc351819_00017_acc51876b1db,Disordered Eating self-help resources,professional_knowledge,psychoeducation_only,normal,P1,pending,,"Sometimes, people worry that writing everything about their eating down on paper will backfire and actually increase how much they will be thinking about food, eating, shape or weight. It is not uncommon for people to experience a short -term increase in anxie"
CCI_DISORDERED_EATING,CCI_DISORDERED_EATING_dc351819_00019_208702a5e6dd,Disordered Eating self-help resources,professional_knowledge,psychoeducation_only,normal,P1,pending,,People can also feel tempted to avoid recording certain foods or behaviours (such as binge eating) as this can bring up feelings of guilt or shame. Remember these feelings are normal in the early stages of recovery. Whilst it might feel easier to avoid these f
CCI_DISORDERED_EATING,CCI_DISORDERED_EATING_dc351819_00020_fd3d8b81b39b,Disordered Eating self-help resources,professional_knowledge,psychoeducation_only,normal,P1,pending,,"From the outset, self-monitoring may seem like a lot of effort. The most effortful part will be remembering to complete the forms. Each entry should take no longer than 2 -3 minutes, which is about 15-minutes each day. As you practice completing self -monitori"
CCI_DISORDERED_EATING,CCI_DISORDERED_EATING_dc351819_00021_dd4b71734141,Disordered Eating self-help resources,professional_knowledge,psychoeducation_only,normal,P1,pending,,"Self-monitoring can look different when completed with a dieti tian. Rather than just focusing o n what you eat, this particular self-monitoring is also designed to help you to identify triggers, key thought patterns and emotions, and consider the impact of ce"
CCI_DISORDERED_EATING,CCI_DISORDERED_EATING_dc351819_00023_31532ff16dd1,Disordered Eating self-help resources,professional_knowledge,psychoeducation_only,normal,P1,pending,,It can be difficult to remember to complete your self-monitoring daily and in real-time. If you complete your forms at the end of each day then it will be difficult to remember back to exactly what was going on at the time of eating. Helpful tips for real-time
CCI_DISORDERED_EATING,CCI_DISORDERED_EATING_dc351819_00024_05af0827b40b,Disordered Eating self-help resources,professional_knowledge,psychoeducation_only,normal,P1,pending,,"There are lots of different self- monitoring apps that are freely available to download, however be mindful that some may contain different information than what is suggested in this module. Two apps we have found helpful are Recovery Record and Rise Up. Self "
CCI_DISORDERED_EATING,CCI_DISORDERED_EATING_dc351819_00025_9b90420d7df5,Disordered Eating self-help resources,professional_knowledge,psychoeducation_only,normal,P1,pending,,"Reviewing Your Self-monitoring It is important that you review your self-monitoring in detail each week. This review will help you to identify problematic patterns of eating and areas for change, and to notice what happens when you do things differently, or ho"
CCI_DISORDERED_EATING,CCI_DISORDERED_EATING_dc351819_00026_a6df72cd39fc,Disordered Eating self-help resources,professional_knowledge,psychoeducation_only,normal,P1,pending,,I will review my self-monitoring each week on: Day: ________________________________ Time: _______________________
CCI_DISORDERED_EATING,CCI_DISORDERED_EATING_dc351819_00027_2aa5696af09b,Disordered Eating self-help resources,professional_knowledge,psychoeducation_only,normal,P1,pending,,"Once you have spent a week monitoring your baseline eating behaviours, you are ready for your first review. When reviewing your self-monitoring it can be helpful to look out for common patterns that emerge in your eating. For example, are you more likely to bi"
CCI_DISORDERED_EATING,CCI_DISORDERED_EATING_dc351819_00028_fcfad97204ec,Disordered Eating self-help resources,professional_knowledge,psychoeducation_only,normal,P1,pending,,"You’ll likely notice even more patterns to your eating as you work through more modules and understand all the factors that keep you stuck. Let’s take another look at the example self-monitoring sheet to highlight examples of common patterns, then have a go yo"
CCI_DISORDERED_EATING,CCI_DISORDERED_EATING_dc351819_00031_b21e97c28cb9,Disordered Eating self-help resources,professional_knowledge,psychoeducation_only,normal,P1,pending,,"Module 4: Understanding Your Eating My Weekly Progress Tracker From now on, we will ask you to complete a weekly progress tracker, so you can monitor your progress towards reducing your eating disorder symptoms and making behavioural changes. This review also "
CCI_DISORDERED_EATING,CCI_DISORDERED_EATING_dc351819_00032_98b898ba0849,Disordered Eating self-help resources,professional_knowledge,psychoeducation_only,normal,P1,pending,,"Eating Disorder Behaviour Frequency (# days per week) Restrict or dieting Exercise (including time spent) Binge eating # days # episodes Vomiting to control my weight/shape Laxative misuse Second, reflect on your self-monitoring:"
CCI_DISORDERED_EATING,CCI_DISORDERED_EATING_dc351819_00033_772f6a1ff091,Disordered Eating self-help resources,professional_knowledge,psychoeducation_only,normal,P1,pending,,"What did I learn from my self-monitoring this week? e.g., “when I don’t eat enough during the day, I tend to binge in the evening”; “cutting out carbs makes me more irritable”; “I’m really struggling to focus with the amount I am eating”; “work stressors alway"
CCI_DISORDERED_EATING,CCI_DISORDERED_EATING_dc351819_00035_5f9192b0759c,Disordered Eating self-help resources,professional_knowledge,psychoeducation_only,normal,P1,pending,,"• Self-monitoring aims to increase your awareness of the situations, thoughts, feelings, physical sensations and behaviours that keep your eating disorder going. • Self-monitoring is designed to be completed daily, in real-time. • Completing a w eekly review o"
CCI_DISORDERED_EATING,CCI_DISORDERED_EATING_dc351819_00036_b3df17f41a9a,Disordered Eating self-help resources,professional_knowledge,psychoeducation_only,normal,P1,pending,,"• Once you identify these patterns, you can begin to use different strategies to address them and start making changes to your eating in real time. • While self-monitoring may seem like a daunting task, it is one of the most important tools used in recovering "
CCI_DISORDERED_EATING,CCI_DISORDERED_EATING_dc351819_00037_d5c781398acb,Disordered Eating self-help resources,professional_knowledge,psychoeducation_only,normal,P1,pending,,"Module 4: Understanding Your Eating About the Modules CONTRIBUTORS Samantha Bank (MPsych) Katharina Targowski (MPsych) Clinical Psychologist Clinical Psychologist Dr. Olivia Carter (DPsych) Dr. Bruce Campbell (DPsych, MPsych) Clinical Psychologist Consultant C"
CCI_DISORDERED_EATING,CCI_DISORDERED_EATING_dc351819_00038_065264b5550e,Disordered Eating self-help resources,professional_knowledge,psychoeducation_only,normal,P1,pending,,"REFERENCES These are some of the professional references used to create the modules in this information package. Fairburn, C. G., Cooper, Z., Shafran, R., Murphy, R., & Hawker, D. M. (2008). Cognitive Behaviour Therapy and Eating Disorders. Guilford Press. Wal"
CCI_DISORDERED_EATING,CCI_DISORDERED_EATING_dc351819_00039_bb089645141b,Disordered Eating self-help resources,professional_knowledge,psychoeducation_only,normal,P1,pending,,"Waller, G., Turner, H.M., Tatham, M., Mountford, V.A., & Wade, T.A. (2019). Brief Cognitive Behavioural Therapy for Non- Underweight Patients: CBT-T for Eating Disorders. Routledge. ACKNOWLEDGEMENTS We would like to thank Professor Glenn Waller (University of "
CCI_DISORDERED_EATING,CCI_DISORDERED_EATING_dc351819_00040_b130265eb519,Disordered Eating self-help resources,professional_knowledge,psychoeducation_only,normal,P1,pending,,"“BREAK FREE FROM ED” This module forms part of: Targowski, K., Bank, S., Carter, O., Campbell, B. & Raykos, B. (2022). Break Free from ED. Perth, Western Australia: Centre for Clinical Interventions"
CCI_DISORDERED_EATING,CCI_DISORDERED_EATING_e2ca3bff_00008_97741ab72664,Disordered Eating self-help resources,professional_knowledge,psychoeducation_only,normal,P1,pending,,"Eating disorders are serious mental illnesses that are associated with potentially life-threatening physical effects. Eating disorders involve unhelpful beliefs about eating, weight and shape and unhelpful behaviours (such as binge-eating, purging, or driven e"
CCI_DISORDERED_EATING,CCI_DISORDERED_EATING_e2ca3bff_00009_9ab2dfd78851,Disordered Eating self-help resources,professional_knowledge,psychoeducation_only,normal,P1,pending,,"These modules provide clear, scientific information about eating disorders and guide consumers through key components of cognitive behavioural therapy for eating disorders (CBT-ED). Break Free From ED covers features of eating disorders and associated risks, c"
CCI_DISORDERED_EATING,CCI_DISORDERED_EATING_e2ca3bff_00010_ac01a5ae5b9a,Disordered Eating self-help resources,professional_knowledge,psychoeducation_only,normal,P1,pending,,"The Break Free From ED modules are informed by evidence-based treatments, and reference materials by leading eating disorder clinicians including Glenn Waller, Christopher Fairburn and Tracey Wade, and are designed so that consumers can either complete them in"
CCI_DISORDERED_EATING,CCI_DISORDERED_EATING_e2ca3bff_00011_c0d01e7adf96,Disordered Eating self-help resources,professional_knowledge,psychoeducation_only,normal,P1,pending,,"This workbook is designed as an active guide to recovering from an eating disorder. It aims to provide you with information about eating disorders and the factors that keep them going, and to teach you strategies to make changes to your behaviour and thinking "
CCI_DISORDERED_EATING,CCI_DISORDERED_EATING_e2ca3bff_00012_d469cb9f3795,Disordered Eating self-help resources,professional_knowledge,psychoeducation_only,normal,P1,pending,,"This module introduces you to eating disorders, their impact on physical, psychological and social functioning, and some of the factors that can lead to the development of an eating disorder. This module takes you through the key factors that keep eating disor"
CCI_DISORDERED_EATING,CCI_DISORDERED_EATING_e2ca3bff_00013_e47b2c7b0992,Disordered Eating self-help resources,professional_knowledge,psychoeducation_only,normal,P1,pending,,"This module discusses the many factors that influence the number on the scale, explores how much control people really have over their weight, and introduces Weekly Weighing. This module introduces self-monitoring, a key strategy that assists you to record you"
CCI_DISORDERED_EATING,CCI_DISORDERED_EATING_e2ca3bff_00014_c3ecf44bd307,Disordered Eating self-help resources,professional_knowledge,psychoeducation_only,normal,P1,pending,,"This module discusses the relationship between what you eat and your energy levels, highlighting the impacts of low and high energy and guiding you through understanding how your own eating impacts your energy levels. This module introduces you to ‘Eating for "
CCI_DISORDERED_EATING,CCI_DISORDERED_EATING_e2ca3bff_00015_e9d8dc275314,Disordered Eating self-help resources,professional_knowledge,psychoeducation_only,normal,P1,pending,,"This module focuses on another aspect of ‘Eating for Recovery’, the variety of your nutritional intake, highlighting the importance of tackling rigid food rules and experimenting with feared foods. This module provides information about binge eating and introd"
CCI_DISORDERED_EATING,CCI_DISORDERED_EATING_e2ca3bff_00016_f7f91aaafa3d,Disordered Eating self-help resources,professional_knowledge,psychoeducation_only,normal,P1,pending,,This module provides information about driven exercise and introduces strategies for developing a more healthy and balanced relationship with moving your body. This module discusses body checking and uses experiments to examine whether body checking is as help
CCI_DISORDERED_EATING,CCI_DISORDERED_EATING_e2ca3bff_00017_c27369a4237d,Disordered Eating self-help resources,professional_knowledge,psychoeducation_only,normal,P1,pending,,"This module introduces core beliefs, discussing the role these play in maintaining eating disorder behaviours and introducing strategies to challenge them. This final module summarises the key strategies from the workbook and guides you through developing a pl"
CCI_DISORDERED_EATING,CCI_DISORDERED_EATING_e2ca3bff_00018_9a9b2f9c0dfa,Disordered Eating self-help resources,professional_knowledge,psychoeducation_only,normal,P1,pending,,"Click the link above to download all modules in this workbook at once, as a zip file."
CCI_DISORDERED_EATING,CCI_DISORDERED_EATING_e2ca3bff_00021_6566e6071984,Disordered Eating self-help resources,professional_knowledge,psychoeducation_only,normal,P1,pending,,Avoidant Restrictive Food Intake Disorder Unhelpful Weight Messages in Healthcare Settings Artificial Intelligence and Your Mental Health
CCI_DISORDERED_EATING,CCI_DISORDERED_EATING_e2ca3bff_00032_caa34ea89819,Disordered Eating self-help resources,professional_knowledge,psychoeducation_only,normal,P1,pending,,"Self-Monitoring Form If you worry a lot about features of your appearance that are not related to your body weight or shape, you may find our body dysmorphia resources helpful. If worries about your appearance are having a negative impact on your life, you may"
CCI_DISORDERED_EATING,CCI_DISORDERED_EATING_e2ca3bff_00033_c810871bf233,Disordered Eating self-help resources,professional_knowledge,psychoeducation_only,normal,P1,pending,,"Some people with eating disorders have difficulties with perfectionism. This means they hold themselves to unrealistically high standards in many different areas of their life. If this is a problem for you, you may find our resources on addressing perfectionis"
CCI_DISORDERED_EATING,CCI_DISORDERED_EATING_a848c3dc_00008_97741ab72664,Disordered Eating self-help resources,professional_knowledge,psychoeducation_only,normal,P1,pending,,"Eating disorders are serious mental illnesses that are associated with potentially life-threatening physical effects. Eating disorders involve unhelpful beliefs about eating, weight and shape and unhelpful behaviours (such as binge-eating, purging, or driven e"
CCI_DISORDERED_EATING,CCI_DISORDERED_EATING_a848c3dc_00009_9ab2dfd78851,Disordered Eating self-help resources,professional_knowledge,psychoeducation_only,normal,P1,pending,,"These modules provide clear, scientific information about eating disorders and guide consumers through key components of cognitive behavioural therapy for eating disorders (CBT-ED). Break Free From ED covers features of eating disorders and associated risks, c"
CCI_DISORDERED_EATING,CCI_DISORDERED_EATING_a848c3dc_00010_ac01a5ae5b9a,Disordered Eating self-help resources,professional_knowledge,psychoeducation_only,normal,P1,pending,,"The Break Free From ED modules are informed by evidence-based treatments, and reference materials by leading eating disorder clinicians including Glenn Waller, Christopher Fairburn and Tracey Wade, and are designed so that consumers can either complete them in"
CCI_DISORDERED_EATING,CCI_DISORDERED_EATING_a848c3dc_00011_c0d01e7adf96,Disordered Eating self-help resources,professional_knowledge,psychoeducation_only,normal,P1,pending,,"This workbook is designed as an active guide to recovering from an eating disorder. It aims to provide you with information about eating disorders and the factors that keep them going, and to teach you strategies to make changes to your behaviour and thinking "
CCI_DISORDERED_EATING,CCI_DISORDERED_EATING_a848c3dc_00012_d469cb9f3795,Disordered Eating self-help resources,professional_knowledge,psychoeducation_only,normal,P1,pending,,"This module introduces you to eating disorders, their impact on physical, psychological and social functioning, and some of the factors that can lead to the development of an eating disorder. This module takes you through the key factors that keep eating disor"
CCI_DISORDERED_EATING,CCI_DISORDERED_EATING_a848c3dc_00013_e47b2c7b0992,Disordered Eating self-help resources,professional_knowledge,psychoeducation_only,normal,P1,pending,,"This module discusses the many factors that influence the number on the scale, explores how much control people really have over their weight, and introduces Weekly Weighing. This module introduces self-monitoring, a key strategy that assists you to record you"
CCI_DISORDERED_EATING,CCI_DISORDERED_EATING_a848c3dc_00014_c3ecf44bd307,Disordered Eating self-help resources,professional_knowledge,psychoeducation_only,normal,P1,pending,,"This module discusses the relationship between what you eat and your energy levels, highlighting the impacts of low and high energy and guiding you through understanding how your own eating impacts your energy levels. This module introduces you to ‘Eating for "
CCI_DISORDERED_EATING,CCI_DISORDERED_EATING_a848c3dc_00015_e9d8dc275314,Disordered Eating self-help resources,professional_knowledge,psychoeducation_only,normal,P1,pending,,"This module focuses on another aspect of ‘Eating for Recovery’, the variety of your nutritional intake, highlighting the importance of tackling rigid food rules and experimenting with feared foods. This module provides information about binge eating and introd"
CCI_DISORDERED_EATING,CCI_DISORDERED_EATING_a848c3dc_00016_f7f91aaafa3d,Disordered Eating self-help resources,professional_knowledge,psychoeducation_only,normal,P1,pending,,This module provides information about driven exercise and introduces strategies for developing a more healthy and balanced relationship with moving your body. This module discusses body checking and uses experiments to examine whether body checking is as help
CCI_DISORDERED_EATING,CCI_DISORDERED_EATING_a848c3dc_00017_c27369a4237d,Disordered Eating self-help resources,professional_knowledge,psychoeducation_only,normal,P1,pending,,"This module introduces core beliefs, discussing the role these play in maintaining eating disorder behaviours and introducing strategies to challenge them. This final module summarises the key strategies from the workbook and guides you through developing a pl"
CCI_DISORDERED_EATING,CCI_DISORDERED_EATING_a848c3dc_00018_9a9b2f9c0dfa,Disordered Eating self-help resources,professional_knowledge,psychoeducation_only,normal,P1,pending,,"Click the link above to download all modules in this workbook at once, as a zip file."
CCI_DISORDERED_EATING,CCI_DISORDERED_EATING_a848c3dc_00021_6566e6071984,Disordered Eating self-help resources,professional_knowledge,psychoeducation_only,normal,P1,pending,,Avoidant Restrictive Food Intake Disorder Unhelpful Weight Messages in Healthcare Settings Artificial Intelligence and Your Mental Health
CCI_DISORDERED_EATING,CCI_DISORDERED_EATING_a848c3dc_00032_caa34ea89819,Disordered Eating self-help resources,professional_knowledge,psychoeducation_only,normal,P1,pending,,"Self-Monitoring Form If you worry a lot about features of your appearance that are not related to your body weight or shape, you may find our body dysmorphia resources helpful. If worries about your appearance are having a negative impact on your life, you may"
CCI_DISORDERED_EATING,CCI_DISORDERED_EATING_a848c3dc_00033_c810871bf233,Disordered Eating self-help resources,professional_knowledge,psychoeducation_only,normal,P1,pending,,"Some people with eating disorders have difficulties with perfectionism. This means they hold themselves to unrealistically high standards in many different areas of their life. If this is a problem for you, you may find our resources on addressing perfectionis"
CCI_DISORDERED_EATING,CCI_DISORDERED_EATING_ef558191_00008_97741ab72664,Disordered Eating self-help resources,professional_knowledge,psychoeducation_only,normal,P1,pending,,"Eating disorders are serious mental illnesses that are associated with potentially life-threatening physical effects. Eating disorders involve unhelpful beliefs about eating, weight and shape and unhelpful behaviours (such as binge-eating, purging, or driven e"
CCI_DISORDERED_EATING,CCI_DISORDERED_EATING_ef558191_00009_9ab2dfd78851,Disordered Eating self-help resources,professional_knowledge,psychoeducation_only,normal,P1,pending,,"These modules provide clear, scientific information about eating disorders and guide consumers through key components of cognitive behavioural therapy for eating disorders (CBT-ED). Break Free From ED covers features of eating disorders and associated risks, c"
CCI_DISORDERED_EATING,CCI_DISORDERED_EATING_ef558191_00010_ac01a5ae5b9a,Disordered Eating self-help resources,professional_knowledge,psychoeducation_only,normal,P1,pending,,"The Break Free From ED modules are informed by evidence-based treatments, and reference materials by leading eating disorder clinicians including Glenn Waller, Christopher Fairburn and Tracey Wade, and are designed so that consumers can either complete them in"
CCI_DISORDERED_EATING,CCI_DISORDERED_EATING_ef558191_00011_c0d01e7adf96,Disordered Eating self-help resources,professional_knowledge,psychoeducation_only,normal,P1,pending,,"This workbook is designed as an active guide to recovering from an eating disorder. It aims to provide you with information about eating disorders and the factors that keep them going, and to teach you strategies to make changes to your behaviour and thinking "
CCI_DISORDERED_EATING,CCI_DISORDERED_EATING_ef558191_00012_d469cb9f3795,Disordered Eating self-help resources,professional_knowledge,psychoeducation_only,normal,P1,pending,,"This module introduces you to eating disorders, their impact on physical, psychological and social functioning, and some of the factors that can lead to the development of an eating disorder. This module takes you through the key factors that keep eating disor"
CCI_DISORDERED_EATING,CCI_DISORDERED_EATING_ef558191_00013_e47b2c7b0992,Disordered Eating self-help resources,professional_knowledge,psychoeducation_only,normal,P1,pending,,"This module discusses the many factors that influence the number on the scale, explores how much control people really have over their weight, and introduces Weekly Weighing. This module introduces self-monitoring, a key strategy that assists you to record you"
CCI_DISORDERED_EATING,CCI_DISORDERED_EATING_ef558191_00014_c3ecf44bd307,Disordered Eating self-help resources,professional_knowledge,psychoeducation_only,normal,P1,pending,,"This module discusses the relationship between what you eat and your energy levels, highlighting the impacts of low and high energy and guiding you through understanding how your own eating impacts your energy levels. This module introduces you to ‘Eating for "
CCI_DISORDERED_EATING,CCI_DISORDERED_EATING_ef558191_00015_e9d8dc275314,Disordered Eating self-help resources,professional_knowledge,psychoeducation_only,normal,P1,pending,,"This module focuses on another aspect of ‘Eating for Recovery’, the variety of your nutritional intake, highlighting the importance of tackling rigid food rules and experimenting with feared foods. This module provides information about binge eating and introd"
CCI_DISORDERED_EATING,CCI_DISORDERED_EATING_ef558191_00016_f7f91aaafa3d,Disordered Eating self-help resources,professional_knowledge,psychoeducation_only,normal,P1,pending,,This module provides information about driven exercise and introduces strategies for developing a more healthy and balanced relationship with moving your body. This module discusses body checking and uses experiments to examine whether body checking is as help
CCI_DISORDERED_EATING,CCI_DISORDERED_EATING_ef558191_00017_c27369a4237d,Disordered Eating self-help resources,professional_knowledge,psychoeducation_only,normal,P1,pending,,"This module introduces core beliefs, discussing the role these play in maintaining eating disorder behaviours and introducing strategies to challenge them. This final module summarises the key strategies from the workbook and guides you through developing a pl"
CCI_DISORDERED_EATING,CCI_DISORDERED_EATING_ef558191_00018_9a9b2f9c0dfa,Disordered Eating self-help resources,professional_knowledge,psychoeducation_only,normal,P1,pending,,"Click the link above to download all modules in this workbook at once, as a zip file."
CCI_DISORDERED_EATING,CCI_DISORDERED_EATING_ef558191_00021_6566e6071984,Disordered Eating self-help resources,professional_knowledge,psychoeducation_only,normal,P1,pending,,Avoidant Restrictive Food Intake Disorder Unhelpful Weight Messages in Healthcare Settings Artificial Intelligence and Your Mental Health
CCI_DISORDERED_EATING,CCI_DISORDERED_EATING_ef558191_00032_caa34ea89819,Disordered Eating self-help resources,professional_knowledge,psychoeducation_only,normal,P1,pending,,"Self-Monitoring Form If you worry a lot about features of your appearance that are not related to your body weight or shape, you may find our body dysmorphia resources helpful. If worries about your appearance are having a negative impact on your life, you may"
CCI_DISORDERED_EATING,CCI_DISORDERED_EATING_ef558191_00033_c810871bf233,Disordered Eating self-help resources,professional_knowledge,psychoeducation_only,normal,P1,pending,,"Some people with eating disorders have difficulties with perfectionism. This means they hold themselves to unrealistically high standards in many different areas of their life. If this is a problem for you, you may find our resources on addressing perfectionis"
NIMH_AUTISM,NIMH_AUTISM_b3684d07_00009_889675383db8,Autism Spectrum Disorder,professional_knowledge,psychoeducation_only,normal,P1,pending,,We’re also supporting research to find better ways to meet the individual needs of people with autism. This includes research to improve early autism screening so that children with autism can be connected with appropriate services and supports as early as pos
NIMH_AUTISM,NIMH_AUTISM_b3684d07_00014_2f51afbe6a13,Autism Spectrum Disorder,professional_knowledge,psychoeducation_only,normal,P1,pending,,"Autism Spectrum Disorder (Centers for Disease Control and Prevention): Information about signs and symptoms, screening, and treatment and additional resources for professionals and for the public Autism Spectrum Disorder ( Eunice Kennedy Shriver National Insti"
NIMH_EATING_DISORDERS,NIMH_EATING_DISORDERS_a667fd4c_00000_773607b90913,Eating Disorders,professional_knowledge,psychoeducation_only,normal,P1,pending,,Eating Disorders - National Institute of Mental Health (NIMH) Official websites use .gov A .gov website belongs to an official government organization in the United States. Secure .gov websites use HTTPS A lock ( ) or https:// means you’ve safely connected to 
NIMH_EATING_DISORDERS,NIMH_EATING_DISORDERS_a667fd4c_00003_fd4faf596b3b,Eating Disorders,professional_knowledge,psychoeducation_only,normal,P1,pending,,"What are eating disorders? Eating disorders are serious illnesses marked by severe disturbances in a person’s eating behaviors. Although many people may be concerned about their health, weight, or appearance on occasion, some become fixated or obsessed with we"
NIMH_EATING_DISORDERS,NIMH_EATING_DISORDERS_a667fd4c_00004_ff046fc3df91,Eating Disorders,professional_knowledge,psychoeducation_only,normal,P1,pending,,"Digital brochures and fact sheets with more information about eating disorders, including signs, symptoms, and treatment options. Available for free in print and online."
NIMH_EATING_DISORDERS,NIMH_EATING_DISORDERS_a667fd4c_00005_9f09694192e4,Eating Disorders,professional_knowledge,psychoeducation_only,normal,P1,pending,,"NIMH news about eating disorders, including press releases and highlights on the latest research findings."
NIMH_EATING_DISORDERS,NIMH_EATING_DISORDERS_a667fd4c_00006_1d1297949257,Eating Disorders,professional_knowledge,psychoeducation_only,normal,P1,pending,,Information about the prevalence and treatment of eating disorders in the United States. Why is NIMH studying eating disorders?
NIMH_EATING_DISORDERS,NIMH_EATING_DISORDERS_a667fd4c_00007_19c5f966af0f,Eating Disorders,professional_knowledge,psychoeducation_only,normal,P1,pending,,"Eating disorders are serious and can be life-threatening. In addition, people with eating disorders are at higher risk for medical complications and co-occurring mental illnesses, including depression , anxiety , and substance use disorders . These co-occurrin"
NIMH_EATING_DISORDERS,NIMH_EATING_DISORDERS_a667fd4c_00008_d9c92dc0ca50,Eating Disorders,professional_knowledge,psychoeducation_only,normal,P1,pending,,"NIMH is funding and conducting research to understand why certain people are more likely to develop eating disorders than others. This includes research that examines genetic, biological, behavioral, psychological, and social factors. We’re also supporting res"
NIMH_EATING_DISORDERS,NIMH_EATING_DISORDERS_a667fd4c_00009_c38405160686,Eating Disorders,professional_knowledge,psychoeducation_only,normal,P1,pending,,We’re supporting research to expand the reach and effectiveness of current therapies. This includes research that leverages technology to engage people in treatment and personalizes interventions to improve treatment response. We’re also funding research into 
NIMH_EATING_DISORDERS,NIMH_EATING_DISORDERS_a667fd4c_00010_d32e391c95cc,Eating Disorders,professional_knowledge,psychoeducation_only,normal,P1,pending,,"Clinical trials are research studies that look at new ways to prevent, detect, or treat diseases and conditions. To learn more or find a study, visit: Clinical Trials – Information for Participants : Answers to common questions about clinical trials, including"
NIMH_EATING_DISORDERS,NIMH_EATING_DISORDERS_a667fd4c_00013_ac9fc79cf511,Eating Disorders,professional_knowledge,psychoeducation_only,normal,P1,pending,,Learn how to find help for yourself or someone else. You can also find support and locate mental health services in your area on the Substance Abuse and Mental Health Services Administration website. If you or someone you know is struggling or having thoughts 
NIMH_EATING_DISORDERS,NIMH_EATING_DISORDERS_a667fd4c_00014_100029ff009b,Eating Disorders,professional_knowledge,psychoeducation_only,normal,P1,pending,,"Eating Disorders (MedlinePlus): Information, journal articles, and other resources about eating disorders collected by the National Library of Medicine Last Reviewed: December 2024"
VA_SKILLS_PSYCHOLOGICAL_RECOVERY,VA_SKILLS_PSYCHOLOGICAL_RECOVERY_bf298158_00001_5506b05dee9d,Skills for Psychological Recovery,helping_skills,helping_skills_only,normal,P1,pending,,PTSD PTSD Home Understand PTSD What is PTSD? PTSD Basics More PTSD Topics Types of Trauma War and Combat Violence and Abuse Disaster Events Is it PTSD? How PTSD is Assessed Common Reactions Do I have PTSD? How Common is PTSD? Adults Veterans Children and Teens
VA_SKILLS_PSYCHOLOGICAL_RECOVERY,VA_SKILLS_PSYCHOLOGICAL_RECOVERY_bf298158_00002_a2778548b466,Skills for Psychological Recovery,helping_skills,helping_skills_only,normal,P1,pending,,"For Providers Assessment Overview Adult Interviews Adult Self-Report Child Measures Deployment Measures PTSD Screens Functioning and Other Outcomes Trauma and Stressor Exposure Measures Assessment Request NCPTSD Translations List of All Measures Trauma, PTSD a"
VA_SKILLS_PSYCHOLOGICAL_RECOVERY,VA_SKILLS_PSYCHOLOGICAL_RECOVERY_bf298158_00003_a8879b298f2f,Skills for Psychological Recovery,helping_skills,helping_skills_only,normal,P1,pending,,") Whole Health Program Locations Hospitals & Clinics Vet Centers Veterans Canteen Service (VCS) Research Research Home About VA Research Services Programs News, Events and Media Research Topics For Veterans For Researchers Research Oversight Special Groups Car"
VA_SKILLS_PSYCHOLOGICAL_RECOVERY,VA_SKILLS_PSYCHOLOGICAL_RECOVERY_bf298158_00004_687e49112906,Skills for Psychological Recovery,helping_skills,helping_skills_only,normal,P1,pending,,Understand PTSD What is PTSD? PTSD Basics More PTSD Topics Types of Trauma War and Combat Violence and Abuse Disaster Events Is it PTSD? How PTSD is Assessed Common Reactions Do I have PTSD? How Common is PTSD? Adults Veterans Children and Teens Related Proble
VA_SKILLS_PSYCHOLOGICAL_RECOVERY,VA_SKILLS_PSYCHOLOGICAL_RECOVERY_bf298158_00005_807da1771d43,Skills for Psychological Recovery,helping_skills,helping_skills_only,normal,P1,pending,,"For Providers Assessment Overview Adult Interviews Adult Self-Report Child Measures Deployment Measures PTSD Screens Functioning and Other Outcomes Trauma and Stressor Exposure Measures Assessment Request NCPTSD Translations List of All Measures Trauma, PTSD a"
VA_SKILLS_PSYCHOLOGICAL_RECOVERY,VA_SKILLS_PSYCHOLOGICAL_RECOVERY_bf298158_00006_3c78c6b57b64,Skills for Psychological Recovery,helping_skills,helping_skills_only,normal,P1,pending,,What is PTSD? PTSD Basics More PTSD Topics Types of Trauma War and Combat Violence and Abuse Disaster Events Is it PTSD? How PTSD is Assessed Common Reactions Do I have PTSD? How Common is PTSD? Adults Veterans Children and Teens Related Problems Alcohol & Sub
VA_SKILLS_PSYCHOLOGICAL_RECOVERY,VA_SKILLS_PSYCHOLOGICAL_RECOVERY_bf298158_00007_9ae52ca3c599,Skills for Psychological Recovery,helping_skills,helping_skills_only,normal,P1,pending,,Types of Trauma War and Combat Violence and Abuse Disaster Events Is it PTSD? How PTSD is Assessed Common Reactions Do I have PTSD? How Common is PTSD? Adults Veterans Children and Teens Related Problems Alcohol & Substances Anger Chronic Pain Depression Grief
VA_SKILLS_PSYCHOLOGICAL_RECOVERY,VA_SKILLS_PSYCHOLOGICAL_RECOVERY_bf298158_00008_8b81a5b8c3d4,Skills for Psychological Recovery,helping_skills,helping_skills_only,normal,P1,pending,,Is it PTSD? How PTSD is Assessed Common Reactions Do I have PTSD? How Common is PTSD? Adults Veterans Children and Teens Related Problems Alcohol & Substances Anger Chronic Pain Depression Grief Moral Injury Sleep Problems Suicide Traumatic Brain Injury More R
VA_SKILLS_PSYCHOLOGICAL_RECOVERY,VA_SKILLS_PSYCHOLOGICAL_RECOVERY_bf298158_00009_ec017c53f65b,Skills for Psychological Recovery,helping_skills,helping_skills_only,normal,P1,pending,,Do I have PTSD? How Common is PTSD? Adults Veterans Children and Teens Related Problems Alcohol & Substances Anger Chronic Pain Depression Grief Moral Injury Sleep Problems Suicide Traumatic Brain Injury More Related Problems PTSD Awareness
VA_SKILLS_PSYCHOLOGICAL_RECOVERY,VA_SKILLS_PSYCHOLOGICAL_RECOVERY_bf298158_00010_a13aa52d00fb,Skills for Psychological Recovery,helping_skills,helping_skills_only,normal,P1,pending,,Related Problems Alcohol & Substances Anger Chronic Pain Depression Grief Moral Injury Sleep Problems Suicide Traumatic Brain Injury More Related Problems PTSD Awareness Alcohol & Substances
VA_SKILLS_PSYCHOLOGICAL_RECOVERY,VA_SKILLS_PSYCHOLOGICAL_RECOVERY_bf298158_00012_807da1771d43,Skills for Psychological Recovery,helping_skills,helping_skills_only,normal,P1,pending,,"For Providers Assessment Overview Adult Interviews Adult Self-Report Child Measures Deployment Measures PTSD Screens Functioning and Other Outcomes Trauma and Stressor Exposure Measures Assessment Request NCPTSD Translations List of All Measures Trauma, PTSD a"
VA_SKILLS_PSYCHOLOGICAL_RECOVERY,VA_SKILLS_PSYCHOLOGICAL_RECOVERY_bf298158_00013_12ad2c169a84,Skills for Psychological Recovery,helping_skills,helping_skills_only,normal,P1,pending,,Get Help Get Help in a Crisis Find a Provider Help for Veterans Self-Help and Coping For Families and Friends Effects of PTSD How Can I Help? How Do I Get Support?
VA_SKILLS_PSYCHOLOGICAL_RECOVERY,VA_SKILLS_PSYCHOLOGICAL_RECOVERY_bf298158_00014_807da1771d43,Skills for Psychological Recovery,helping_skills,helping_skills_only,normal,P1,pending,,"For Providers Assessment Overview Adult Interviews Adult Self-Report Child Measures Deployment Measures PTSD Screens Functioning and Other Outcomes Trauma and Stressor Exposure Measures Assessment Request NCPTSD Translations List of All Measures Trauma, PTSD a"
VA_SKILLS_PSYCHOLOGICAL_RECOVERY,VA_SKILLS_PSYCHOLOGICAL_RECOVERY_bf298158_00016_807da1771d43,Skills for Psychological Recovery,helping_skills,helping_skills_only,normal,P1,pending,,"For Providers Assessment Overview Adult Interviews Adult Self-Report Child Measures Deployment Measures PTSD Screens Functioning and Other Outcomes Trauma and Stressor Exposure Measures Assessment Request NCPTSD Translations List of All Measures Trauma, PTSD a"
VA_SKILLS_PSYCHOLOGICAL_RECOVERY,VA_SKILLS_PSYCHOLOGICAL_RECOVERY_bf298158_00018_d74fc7f6bd75,Skills for Psychological Recovery,helping_skills,helping_skills_only,normal,P1,pending,,"For Providers Assessment Overview Adult Interviews Adult Self-Report Child Measures Deployment Measures PTSD Screens Functioning and Other Outcomes Trauma and Stressor Exposure Measures Assessment Request NCPTSD Translations List of All Measures Trauma, PTSD a"
VA_SKILLS_PSYCHOLOGICAL_RECOVERY,VA_SKILLS_PSYCHOLOGICAL_RECOVERY_bf298158_00019_7576e44c5f76,Skills for Psychological Recovery,helping_skills,helping_skills_only,normal,P1,pending,,ff En Español Comprendiendo el TEPT Tratamiento de TEPT Obtenga Ayuda Familias y Amigos Recursos About Us Our Work Mission and Overview Operational Priorities Research Initiatives Education Initiatives Annual Reports History of the Center Divisions and Staff L
VA_SKILLS_PSYCHOLOGICAL_RECOVERY,VA_SKILLS_PSYCHOLOGICAL_RECOVERY_bf298158_00020_8a1d1149e3ae,Skills for Psychological Recovery,helping_skills,helping_skills_only,normal,P1,pending,,"Assessment Overview Adult Interviews Adult Self-Report Child Measures Deployment Measures PTSD Screens Functioning and Other Outcomes Trauma and Stressor Exposure Measures Assessment Request NCPTSD Translations List of All Measures Trauma, PTSD and Treatment P"
VA_SKILLS_PSYCHOLOGICAL_RECOVERY,VA_SKILLS_PSYCHOLOGICAL_RECOVERY_bf298158_00023_cac327e1e2d3,Skills for Psychological Recovery,helping_skills,helping_skills_only,normal,P1,pending,,"Trauma, PTSD and Treatment PTSD Essentials Treatment Essentials Types of Trauma Specific Populations Co-Occurring Conditions Trauma-informed Care Continuing Education Consultation Program Home Learn How It Works Find Resources Explore Our Lectures Tech into Ca"
VA_SKILLS_PSYCHOLOGICAL_RECOVERY,VA_SKILLS_PSYCHOLOGICAL_RECOVERY_bf298158_00025_afefac022cd8,Skills for Psychological Recovery,helping_skills,helping_skills_only,normal,P1,pending,,Consultation Program Home Learn How It Works Find Resources Explore Our Lectures Tech into Care Patient Education
VA_SKILLS_PSYCHOLOGICAL_RECOVERY,VA_SKILLS_PSYCHOLOGICAL_RECOVERY_bf298158_00026_2704d18f3c75,Skills for Psychological Recovery,helping_skills,helping_skills_only,normal,P1,pending,,"Disaster Events For Everyone For Providers and Responders For Employers and Community Leaders Apps, Videos and More Mobile Apps Videos PTSD Treatment Decision Aid AboutFace Online Programs PTSDpubs PTSD Repository Our Publications Electronic Publications Print"
VA_SKILLS_PSYCHOLOGICAL_RECOVERY,VA_SKILLS_PSYCHOLOGICAL_RECOVERY_bf298158_00028_f82d016f8835,Skills for Psychological Recovery,helping_skills,helping_skills_only,normal,P1,pending,,"Apps, Videos and More Mobile Apps Videos PTSD Treatment Decision Aid AboutFace Online Programs PTSDpubs PTSD Repository Our Publications Electronic Publications Print Materials Articles by Center Staff En Español Comprendiendo el TEPT Tratamiento de TEPT Obten"
VA_SKILLS_PSYCHOLOGICAL_RECOVERY,VA_SKILLS_PSYCHOLOGICAL_RECOVERY_bf298158_00029_fad5a1129434,Skills for Psychological Recovery,helping_skills,helping_skills_only,normal,P1,pending,,Our Publications Electronic Publications Print Materials Articles by Center Staff En Español Comprendiendo el TEPT Tratamiento de TEPT Obtenga Ayuda Familias y Amigos Recursos About Us Our Work Mission and Overview Operational Priorities Research Initiatives E
VA_SKILLS_PSYCHOLOGICAL_RECOVERY,VA_SKILLS_PSYCHOLOGICAL_RECOVERY_bf298158_00030_4bbabc77c9d3,Skills for Psychological Recovery,helping_skills,helping_skills_only,normal,P1,pending,,En Español Comprendiendo el TEPT Tratamiento de TEPT Obtenga Ayuda Familias y Amigos Recursos About Us Our Work Mission and Overview Operational Priorities Research Initiatives Education Initiatives Annual Reports History of the Center Divisions and Staff Lead
VA_SKILLS_PSYCHOLOGICAL_RECOVERY,VA_SKILLS_PSYCHOLOGICAL_RECOVERY_bf298158_00031_4a48f147e88f,Skills for Psychological Recovery,helping_skills,helping_skills_only,normal,P1,pending,,About Us Our Work Mission and Overview Operational Priorities Research Initiatives Education Initiatives Annual Reports History of the Center Divisions and Staff Leadership Executive Behavioral Science Clinical Neurosciences Dissemination & Training Evaluation
VA_SKILLS_PSYCHOLOGICAL_RECOVERY,VA_SKILLS_PSYCHOLOGICAL_RECOVERY_bf298158_00032_9ca5b0898b5c,Skills for Psychological Recovery,helping_skills,helping_skills_only,normal,P1,pending,,Our Work Mission and Overview Operational Priorities Research Initiatives Education Initiatives Annual Reports History of the Center Divisions and Staff Leadership Executive Behavioral Science Clinical Neurosciences Dissemination & Training Evaluation Women's 
VA_SKILLS_PSYCHOLOGICAL_RECOVERY,VA_SKILLS_PSYCHOLOGICAL_RECOVERY_bf298158_00033_1e371221ade5,Skills for Psychological Recovery,helping_skills,helping_skills_only,normal,P1,pending,,Divisions and Staff Leadership Executive Behavioral Science Clinical Neurosciences Dissemination & Training Evaluation Women's Health Sciences Careers Media Inquiries Site Map
VA_SKILLS_PSYCHOLOGICAL_RECOVERY,VA_SKILLS_PSYCHOLOGICAL_RECOVERY_bf298158_00036_7fe45bd1298e,Skills for Psychological Recovery,helping_skills,helping_skills_only,normal,P1,pending,,More Health Care Veterans Health Administration Health Benefits Health Benefits Home Apply for VA Care Apply Online Veteran Eligibility Active Duty Families of Veterans Women Veterans Determine Costs Copays Means Test Health Insurance Make a Payment Community 
VA_SKILLS_PSYCHOLOGICAL_RECOVERY,VA_SKILLS_PSYCHOLOGICAL_RECOVERY_bf298158_00037_a8879b298f2f,Skills for Psychological Recovery,helping_skills,helping_skills_only,normal,P1,pending,,") Whole Health Program Locations Hospitals & Clinics Vet Centers Veterans Canteen Service (VCS) Research Research Home About VA Research Services Programs News, Events and Media Research Topics For Veterans For Researchers Research Oversight Special Groups Car"
VA_SKILLS_PSYCHOLOGICAL_RECOVERY,VA_SKILLS_PSYCHOLOGICAL_RECOVERY_bf298158_00039_61710ab41750,Skills for Psychological Recovery,helping_skills,helping_skills_only,normal,P1,pending,,Health Benefits Health Benefits Home Apply for VA Care Apply Online Veteran Eligibility Active Duty Families of Veterans Women Veterans Determine Costs Copays Means Test Health Insurance Make a Payment Community Care Community Care Home For Veterans For Provid
VA_SKILLS_PSYCHOLOGICAL_RECOVERY,VA_SKILLS_PSYCHOLOGICAL_RECOVERY_bf298158_00040_dd6313faafc2,Skills for Psychological Recovery,helping_skills,helping_skills_only,normal,P1,pending,,Apply for VA Care Apply Online Veteran Eligibility Active Duty Families of Veterans Women Veterans
VA_SKILLS_PSYCHOLOGICAL_RECOVERY,VA_SKILLS_PSYCHOLOGICAL_RECOVERY_bf298158_00042_ff78c2fbf80a,Skills for Psychological Recovery,helping_skills,helping_skills_only,normal,P1,pending,,Community Care Community Care Home For Veterans For Providers Forms & Publications
VA_SKILLS_PSYCHOLOGICAL_RECOVERY,VA_SKILLS_PSYCHOLOGICAL_RECOVERY_bf298158_00043_a7ba7a9c24b7,Skills for Psychological Recovery,helping_skills,helping_skills_only,normal,P1,pending,,Forms & Publications Affordable Care Act Overview Veterans Enrolled in VA Health Care Veterans Not Enrolled in VA Health Care Family Members Frequently Asked Questions
VA_SKILLS_PSYCHOLOGICAL_RECOVERY,VA_SKILLS_PSYCHOLOGICAL_RECOVERY_bf298158_00045_fbfea1d649df,Skills for Psychological Recovery,helping_skills,helping_skills_only,normal,P1,pending,,Conditions & Treatments See All Conditions & Treatments (A-Z) Hepatitis HIV Mental Health Mental Health Home Suicide Prevention Substance Abuse Military Sexual Trauma PTSD Research (MIRECC) Military Exposures Polytrauma Rehabilitation Spinal Cord Injury Telehe
VA_SKILLS_PSYCHOLOGICAL_RECOVERY,VA_SKILLS_PSYCHOLOGICAL_RECOVERY_bf298158_00046_76c797e2309b,Skills for Psychological Recovery,helping_skills,helping_skills_only,normal,P1,pending,,Mental Health Mental Health Home Suicide Prevention Substance Abuse Military Sexual Trauma PTSD Research (MIRECC)
VA_SKILLS_PSYCHOLOGICAL_RECOVERY,VA_SKILLS_PSYCHOLOGICAL_RECOVERY_bf298158_00048_a8bdc5b77e9c,Skills for Psychological Recovery,helping_skills,helping_skills_only,normal,P1,pending,,Wellness Programs MyHealtheVet Nutrition Quitting Smoking Vaccines & Immunizations Flu Vaccination Prevention / Wellness Public Health Weight Management (MOVE!) Whole Health Program
VA_SKILLS_PSYCHOLOGICAL_RECOVERY,VA_SKILLS_PSYCHOLOGICAL_RECOVERY_bf298158_00052_22b5d38da223,Skills for Psychological Recovery,helping_skills,helping_skills_only,normal,P1,pending,,Locations Hospitals & Clinics Vet Centers Veterans Canteen Service (VCS) Hospitals & Clinics
VA_SKILLS_PSYCHOLOGICAL_RECOVERY,VA_SKILLS_PSYCHOLOGICAL_RECOVERY_bf298158_00053_00472147b0c3,Skills for Psychological Recovery,helping_skills,helping_skills_only,normal,P1,pending,,"Veterans Canteen Service (VCS) Research Research Home About VA Research Services Programs News, Events and Media Research Topics For Veterans For Researchers Research Oversight"
VA_SKILLS_PSYCHOLOGICAL_RECOVERY,VA_SKILLS_PSYCHOLOGICAL_RECOVERY_bf298158_00055_59fd3c699e40,Skills for Psychological Recovery,helping_skills,helping_skills_only,normal,P1,pending,,Special Groups Caregivers Combat Veterans & their Families Readjustment Counseling (Vet Centers) War Related Illness & Injury Study Center Homeless Veterans Returning Service Members Rural Veterans Seniors & Aging Veterans Volunteers Women Veterans
VA_SKILLS_PSYCHOLOGICAL_RECOVERY,VA_SKILLS_PSYCHOLOGICAL_RECOVERY_bf298158_00056_5c8ed388114a,Skills for Psychological Recovery,helping_skills,helping_skills_only,normal,P1,pending,,Combat Veterans & their Families Readjustment Counseling (Vet Centers) War Related Illness & Injury Study Center Readjustment Counseling (Vet Centers) War Related Illness & Injury Study Center
VA_SKILLS_PSYCHOLOGICAL_RECOVERY,VA_SKILLS_PSYCHOLOGICAL_RECOVERY_bf298158_00058_d5d80270cfc8,Skills for Psychological Recovery,helping_skills,helping_skills_only,normal,P1,pending,,"Careers, Job Help & Training Find a Job with VA Health Care Jobs (VA Careers) Travel Nurses Get Job Help Vets in the Workplace VA for Vets Performance Based Interviewing Clinical Trainees (Academic Affiliations) Employees & Contractors Talent Management System"
VA_SKILLS_PSYCHOLOGICAL_RECOVERY,VA_SKILLS_PSYCHOLOGICAL_RECOVERY_bf298158_00060_5c0c83cca836,Skills for Psychological Recovery,helping_skills,helping_skills_only,normal,P1,pending,,Performance Based Interviewing Clinical Trainees (Academic Affiliations) Employees & Contractors Talent Management System (TMS) VA Learning University (VALU) SimLearn Libraries (VALNET) Talent Management System (TMS) VA Learning University (VALU)
VA_SKILLS_PSYCHOLOGICAL_RECOVERY,VA_SKILLS_PSYCHOLOGICAL_RECOVERY_bf298158_00061_dde0ab978196,Skills for Psychological Recovery,helping_skills,helping_skills_only,normal,P1,pending,,Libraries (VALNET) VA Software Documentation Library (VDL) About VHA Learn about VHA Forms & Publications Quality & Safety Access and Quality Data Ethics VA/DOD Clinical Practice Guidelines Medical Inspector Patient Safety Organizations Administrative Clinical
VA_SKILLS_PSYCHOLOGICAL_RECOVERY,VA_SKILLS_PSYCHOLOGICAL_RECOVERY_bf298158_00062_140ee1e6bfa6,Skills for Psychological Recovery,helping_skills,helping_skills_only,normal,P1,pending,,Forms & Publications Quality & Safety Access and Quality Data Ethics VA/DOD Clinical Practice Guidelines Medical Inspector Patient Safety
VA_SKILLS_PSYCHOLOGICAL_RECOVERY,VA_SKILLS_PSYCHOLOGICAL_RECOVERY_bf298158_00069_03bb1ae9e38f,Skills for Psychological Recovery,helping_skills,helping_skills_only,normal,P1,pending,,"Trauma, PTSD and Treatment Web Articles Veterans Crisis Line: Call: 988 and (Select 1)"
VA_SKILLS_PSYCHOLOGICAL_RECOVERY,VA_SKILLS_PSYCHOLOGICAL_RECOVERY_bf298158_00075_06001fabc56f,Skills for Psychological Recovery,helping_skills,helping_skills_only,normal,P1,pending,,"Veterans Health Administration Veterans Benefits Administration National Cemetery Administration U.S. Department of Veterans Affairs | 810 Vermont Avenue, NW Washington DC 20420 Last updated May 5, 2026 Get help from Veterans Crisis Line Call 988 (Press 1)"
VA_SKILLS_PSYCHOLOGICAL_RECOVERY,VA_SKILLS_PSYCHOLOGICAL_RECOVERY_bf298158_00076_29d6eb5f6202,Skills for Psychological Recovery,helping_skills,helping_skills_only,normal,P1,pending,,"Call TTY if you have hearing loss 1-800-799-4889 If you are in crisis or having thoughts of suicide, visit VeteransCrisisLine.net for more resources."
WHO_EASE_INTERVENTION_2023,WHO_EASE_INTERVENTION_2023_d04baa2f_00000_f1cd8c8862c3,Early Adolescent Skills for Emotions (EASE),interventions,direct_user_support,normal,P0,pending,,"Early Adolescent Skills for Emotions (EASE) Group psychological help for young adolescents affected by distress in communities exposed to adversity Generic field-trial version 1.0, 2023 Series on Low-Intensity Psychological Interventions – 6"
WHO_EASE_INTERVENTION_2023,WHO_EASE_INTERVENTION_2023_d04baa2f_00005_622294f94b2d,Early Adolescent Skills for Emotions (EASE),interventions,direct_user_support,normal,P0,pending,,"The mention of specific companies or of certain manufacturers’ products does not imply that they are endorsed or recommended by WHO or UNICEF in preference to others of a similar nature that are not mentioned. Errors and omissions excepted, the names of propri"
WHO_EASE_INTERVENTION_2023,WHO_EASE_INTERVENTION_2023_d04baa2f_00006_10d08fb18949,Early Adolescent Skills for Emotions (EASE),interventions,direct_user_support,normal,P0,pending,,iii Preface v Acknowledgements vi Part A: Essential information 1 Chapter 1. Introduction 2 1.1 About EASE 2 1.2 Who is this manual for? 3 1.3 Structure of this manual 3 1.4 Who is EASE for? 4 1.5 Before running the intervention 5 1.6 Training and supervision 
WHO_EASE_INTERVENTION_2023,WHO_EASE_INTERVENTION_2023_d04baa2f_00007_656252d00df0,Early Adolescent Skills for Emotions (EASE),interventions,direct_user_support,normal,P0,pending,,"Basic helping skills and group management skills 21 3.1 Basic helping skills 21 3.2 Respecting participants 25 3.3 Cultural, gender and linguistic understanding 25 3.4 How to manage a group 26 3.5 How to support inclusion 29 3.6 How to manage challenging group"
WHO_EASE_INTERVENTION_2023,WHO_EASE_INTERVENTION_2023_d04baa2f_00008_fbe6cc2baedb,Early Adolescent Skills for Emotions (EASE),interventions,direct_user_support,normal,P0,pending,,iv group psychological help for young adolescents impaired by distress in communities exposed to adversity Part B: The intervention 67 Chapter 5. Adolescent sessions 68 Adolescent session 1. Understanding My Feelings 69 Adolescent session 2. Calming My Body 86
WHO_EASE_INTERVENTION_2023,WHO_EASE_INTERVENTION_2023_d04baa2f_00009_61d7e3d59502,Early Adolescent Skills for Emotions (EASE),interventions,direct_user_support,normal,P0,pending,,Helpful hints for Understanding My Feelings 227 Annex 5. Helpful hints for Calming My Body 228 Annex 6. T wo alternatives to Slow Breathing 229 Annex 7. Helpful hints for Changing My Actions 230 Annex 8. Support participants without telling them the answer 237
WHO_EASE_INTERVENTION_2023,WHO_EASE_INTERVENTION_2023_d04baa2f_00010_185dee46bd23,Early Adolescent Skills for Emotions (EASE),interventions,direct_user_support,normal,P0,pending,,"v Preface At all stages of life, adverse experiences pose a risk to mental health. But experiencing adversity during developmentally sensitive periods of life, such as early adolescence, is particularly detrimental. Adverse childhood experiences increase the r"
WHO_EASE_INTERVENTION_2023,WHO_EASE_INTERVENTION_2023_d04baa2f_00011_93b6b10dc236,Early Adolescent Skills for Emotions (EASE),interventions,direct_user_support,normal,P0,pending,,"Most people who have mental health conditions do not receive evidence-based care globally, but this is especially true among adolescents and in low- and middle-income countries, where the majority of the world’s adolescents reside. Through Early Adolescent Ski"
WHO_EASE_INTERVENTION_2023,WHO_EASE_INTERVENTION_2023_d04baa2f_00012_df0fe4e380b2,Early Adolescent Skills for Emotions (EASE),interventions,direct_user_support,normal,P0,pending,,"Analysis of the effects across studies indicates EASE to be safe and effective in reducing distress in adolescents aged 10–15 years. A next step is to increase the availability and reach of EASE, to increase its impact through improving the well-being of more "
WHO_EASE_INTERVENTION_2023,WHO_EASE_INTERVENTION_2023_d04baa2f_00013_9f10c85f81fa,Early Adolescent Skills for Emotions (EASE),interventions,direct_user_support,normal,P0,pending,,"Dr Jérôme Salomon (MD, MPH, PhD) WHO Assistant Director General, Division of Universal Health Coverage/Communicable and Noncommunicable Diseases George Laryea-Adjei Director, Programme Group UNICEF, NYHQ"
WHO_EASE_INTERVENTION_2023,WHO_EASE_INTERVENTION_2023_d04baa2f_00014_96e5e0e268d6,Early Adolescent Skills for Emotions (EASE),interventions,direct_user_support,normal,P0,pending,,"vi group psychological help for young adolescents impaired by distress in communities exposed to adversity Acknowledgements Project coordination and management Aiysha Malik (Mental Health Unit, Department of Mental Health and Substance Use, WHO, Geneva, Switze"
WHO_EASE_INTERVENTION_2023,WHO_EASE_INTERVENTION_2023_d04baa2f_00015_bbda54c2e411,Early Adolescent Skills for Emotions (EASE),interventions,direct_user_support,normal,P0,pending,,"Writing Katie Dawson (University of New South Wales, Sydney, Australia), Aiysha Malik (WHO, Geneva, Switzerland), and Sarah Watts (WHO, Geneva, Switzerland)."
WHO_EASE_INTERVENTION_2023,WHO_EASE_INTERVENTION_2023_d04baa2f_00016_acff11a34044,Early Adolescent Skills for Emotions (EASE),interventions,direct_user_support,normal,P0,pending,,"Conceptualization (alphabetical, with affiliation at time of contribution) Felicity Brown (War Child Holland, Amsterdam, Kingdom of the Netherlands), Richard Bryant (School of Psychology, University of New South Wales, Sydney, Australia), Kenneth Carswell (WHO"
WHO_EASE_INTERVENTION_2023,WHO_EASE_INTERVENTION_2023_d04baa2f_00017_ed756090d3b8,Early Adolescent Skills for Emotions (EASE),interventions,direct_user_support,normal,P0,pending,,"Illustrations Julie Smith (Melbourne, Australia). Manual production Sian Lewis (London, United Kingdom of Great Britain and Northern Ireland). Storybook writing Helen Patuck (London, United Kingdom)."
WHO_EASE_INTERVENTION_2023,WHO_EASE_INTERVENTION_2023_d04baa2f_00018_9402e311b54e,Early Adolescent Skills for Emotions (EASE),interventions,direct_user_support,normal,P0,pending,,"Peer review WHO staff and consultants (alphabetical, with WHO affiliation at time of contribution) Hadeel Alfar, Avni Amin, Valentine Baltag, Alexander Butchart, Alexandra Fleischmann, Capucine de Fouchier, Anne de Graaff, Joanna Hoare, Lauren Hodge, Edith van"
WHO_EASE_INTERVENTION_2023,WHO_EASE_INTERVENTION_2023_d04baa2f_00019_e9e1bec4ef15,Early Adolescent Skills for Emotions (EASE),interventions,direct_user_support,normal,P0,pending,,"vii External contributors and reviewers (alphabetical, with affiliation at time of contribution) J. Lawrence Aber (New York University Steinhardt, New York, United States of America (USA)), Aemal Akhtar (University of New South Wales, Sydney, Australia), Abeer"
WHO_EASE_INTERVENTION_2023,WHO_EASE_INTERVENTION_2023_d04baa2f_00020_d182c8048682,Early Adolescent Skills for Emotions (EASE),interventions,direct_user_support,normal,P0,pending,too_long,"Chan School of Public Health, Boston, USA), Marc Bornstein (Eunice Kennedy Shriver National Institute of Child Health and Human Development, Bethesda, USA), Maya Boustani (University of California, Los Angeles, USA), Maria Bray (Terre des Hommes, Lausanne, Swi"
WHO_EASE_INTERVENTION_2023,WHO_EASE_INTERVENTION_2023_d04baa2f_00021_de556c9976c7,Early Adolescent Skills for Emotions (EASE),interventions,direct_user_support,normal,P0,pending,,viii group psychological help for young adolescents impaired by distress in communities exposed to adversity Testing (alphabetical by country) The following organizations supported the development of EASE through testing. In Jordan: Noor Al Hussein Foundation 
WHO_EASE_INTERVENTION_2023,WHO_EASE_INTERVENTION_2023_d04baa2f_00022_e74c0e69bdce,Early Adolescent Skills for Emotions (EASE),interventions,direct_user_support,normal,P0,pending,,"Funding (alphabetical) The development of EASE was funded by Jacobs Foundation, Zurich, Switzerland, and War Child Holland, Amsterdam, Kingdom of the Netherlands. Enhancing Learning and Research for Humanitarian Assistance (Elrha)’s Research for Health in Huma"
WHO_EASE_INTERVENTION_2023,WHO_EASE_INTERVENTION_2023_d04baa2f_00024_f76fb0762347,Early Adolescent Skills for Emotions (EASE),interventions,direct_user_support,normal,P0,pending,,group psychological help for young adolescents impaired by distress in communities exposed to adversity 1.1 About EASE Mental health and psychosocial problems are common among young people worldwide. Children and adolescents living in settings exposed to chron
WHO_EASE_INTERVENTION_2023,WHO_EASE_INTERVENTION_2023_d04baa2f_00025_a6c800982721,Early Adolescent Skills for Emotions (EASE),interventions,direct_user_support,normal,P0,pending,,"Four strategies or skills were chosen (identifying feelings, stress management, behavioural activation and problem solving) as these are the most common strategies included in evidence-based treatments for young people with internalizing problems. EASE can be "
WHO_EASE_INTERVENTION_2023,WHO_EASE_INTERVENTION_2023_d04baa2f_00026_c6d608b42417,Early Adolescent Skills for Emotions (EASE),interventions,direct_user_support,normal,P0,pending,,3 It has been designed to be delivered by non-specialist providers (called “helpers” in this manual) who complete EASE training and are supervised when delivering EASE. EASE best coincides with services that the Inter-Agency Standing Committee (IASC) describes
WHO_EASE_INTERVENTION_2023,WHO_EASE_INTERVENTION_2023_d04baa2f_00027_88fcd5dc5c3d,Early Adolescent Skills for Emotions (EASE),interventions,direct_user_support,normal,P0,pending,,"6 1 Dawson KS, Watts S, Carswell K, Harper Shehadeh M, Jordans MJD et al. Improving access to evidence-based interventions for young adolescents: Early Adolescent Skills for Emotions (EASE). World Psychiatry 2019; 18: 1. doi.org/10.1002/wps.20594. 2 Child Prot"
WHO_EASE_INTERVENTION_2023,WHO_EASE_INTERVENTION_2023_d04baa2f_00028_5ac4d3c374b6,Early Adolescent Skills for Emotions (EASE),interventions,direct_user_support,normal,P0,pending,,"Geneva: IASC; 2007.(https://interagencystandingcommittee.org/iasc-task-force-mental-health-and-psychosocial-support-emergency-settings/ iasc-guidelines-mental-health-and-psychosocial-support-emergency-settings-2007, accessed 16 February 2023). 5 Bryant RA, Mal"
WHO_EASE_INTERVENTION_2023,WHO_EASE_INTERVENTION_2023_d04baa2f_00031_d25240ed4fd3,Early Adolescent Skills for Emotions (EASE),interventions,direct_user_support,normal,P0,pending,,Programme managers or supervisors should ensure that all EASE helpers can access the materials they need to lead the sessions. Annexes 1–18 Each annex provides essential information to support helpers delivering EASE. EASE helpers must read and understand thes
WHO_EASE_INTERVENTION_2023,WHO_EASE_INTERVENTION_2023_d04baa2f_00032_93495705a79c,Early Adolescent Skills for Emotions (EASE),interventions,direct_user_support,normal,P0,pending,,group psychological help for young adolescents impaired by distress in communities exposed to adversity 1.4 Who is EASE for? EASE is for adolescents aged approximately 10–15 years old who are affected by adversity. It has been designed to help adolescents cope
WHO_EASE_INTERVENTION_2023,WHO_EASE_INTERVENTION_2023_d04baa2f_00033_20a6c95004a7,Early Adolescent Skills for Emotions (EASE),interventions,direct_user_support,normal,P0,pending,,"adolescents with violent or aggressive behaviours, or who are not able to follow instructions); and adolescents with severe impairments related to mental, neurological or substance use disorders (e.g. adolescents with psychosis, severe intellectual disability,"
WHO_EASE_INTERVENTION_2023,WHO_EASE_INTERVENTION_2023_d04baa2f_00034_36a285f359a6,Early Adolescent Skills for Emotions (EASE),interventions,direct_user_support,normal,P0,pending,,"It is recommended to consult with someone who specializes in working with children and adults with disabilities to help provide the proper accommodations. Adolescents with acute protection risks (e.g. family violence), should be referred to child protection su"
WHO_EASE_INTERVENTION_2023,WHO_EASE_INTERVENTION_2023_d04baa2f_00036_d450c782eb8d,Early Adolescent Skills for Emotions (EASE),interventions,direct_user_support,normal,P0,pending,,"family violence, child labour, child marriage, substance use problems, out-of-school or other related concerns); the organization offering EASE must ensure that adequate resources are available to support helpers to follow up on high-risk cases and facilitate "
WHO_EASE_INTERVENTION_2023,WHO_EASE_INTERVENTION_2023_d04baa2f_00037_d150dcb5ac98,Early Adolescent Skills for Emotions (EASE),interventions,direct_user_support,normal,P0,pending,,"People without a mental health background but with experience in delivering or supervising EASE can potentially deliver the EASE trainings, as long as these are conducted in collaboration with a mental health professional (for example to carry out competency-b"
WHO_EASE_INTERVENTION_2023,WHO_EASE_INTERVENTION_2023_d04baa2f_00038_08db139436e0,Early Adolescent Skills for Emotions (EASE),interventions,direct_user_support,normal,P0,pending,,group psychological help for young adolescents impaired by distress in communities exposed to adversity Box 1. Training Training for helpers who are not mental health professionals should include classroom training and in-field training. The classroom training
WHO_EASE_INTERVENTION_2023,WHO_EASE_INTERVENTION_2023_d04baa2f_00040_0140ff06732d,Early Adolescent Skills for Emotions (EASE),interventions,direct_user_support,normal,P0,pending,,"Helpers must be under close supervision during in-field practice (2–3 hours of supervision per week). After training, EASE should be implemented under routine supervision (see below). The frequency of supervision (e.g. weekly or fortnightly) depends on the ski"
WHO_EASE_INTERVENTION_2023,WHO_EASE_INTERVENTION_2023_d04baa2f_00041_875756b31630,Early Adolescent Skills for Emotions (EASE),interventions,direct_user_support,normal,P0,pending,,"Training of helpers who have previous experience of providing psychological interventions (for example mental health professionals): EASE was developed to be delivered by trained, non-specialist helpers, but individuals with previous experience of providing ot"
WHO_EASE_INTERVENTION_2023,WHO_EASE_INTERVENTION_2023_d04baa2f_00042_eedf4b52f218,Early Adolescent Skills for Emotions (EASE),interventions,direct_user_support,normal,P0,pending,,"Box 2. Supervision Supervision is essential to ensure adherence to EASE, maintain quality of the intervention, and for providing staff care to helpers. After successfully completing classroom and in-field training, EASE must be implemented under routine superv"
WHO_EASE_INTERVENTION_2023,WHO_EASE_INTERVENTION_2023_d04baa2f_00043_d043259b6a61,Early Adolescent Skills for Emotions (EASE),interventions,direct_user_support,normal,P0,pending,,"If resources allow, individual supervision through one-to-one meetings between supervisors and helpers is preferable for the first month (as well as or instead of group supervision). Supervisors should be available to helpers outside of supervision meetings to"
WHO_EASE_INTERVENTION_2023,WHO_EASE_INTERVENTION_2023_d04baa2f_00044_e1337295f070,Early Adolescent Skills for Emotions (EASE),interventions,direct_user_support,normal,P0,pending,,"group psychological help for young adolescents impaired by distress in communities exposed to adversity 1.7 Considerations for where to implement EASE groups EASE can be implemented in settings that adolescents access, such as community, health, protection or "
WHO_EASE_INTERVENTION_2023,WHO_EASE_INTERVENTION_2023_d04baa2f_00045_4b8cd18f0533,Early Adolescent Skills for Emotions (EASE),interventions,direct_user_support,normal,P0,pending,,"There must be sufficient comfortable space for all members of each group to attend, and enough space for conducting activities. It is important to mitigate potential issues of stigma and discrimination for families accessing EASE. For example, organizations ma"
WHO_EASE_INTERVENTION_2023,WHO_EASE_INTERVENTION_2023_d04baa2f_00046_c61ab6eb659a,Early Adolescent Skills for Emotions (EASE),interventions,direct_user_support,normal,P0,pending,,"If doing so, preparation work is needed to: c ensure that children are not removed from usual educational activities when participating in EASE; c sensitively communicate the purpose of the EASE group, for example explaining it as a skills development group, s"
WHO_EASE_INTERVENTION_2023,WHO_EASE_INTERVENTION_2023_d04baa2f_00047_5a05aa4a8961,Early Adolescent Skills for Emotions (EASE),interventions,direct_user_support,normal,P0,pending,,"We advise against teachers becoming EASE helpers in order to safeguard the relationship between teacher and student, ensure adequate boundaries within the teacher’s primary job and safeguard the time-consuming role that teachers already play. As an alternative"
WHO_EASE_INTERVENTION_2023,WHO_EASE_INTERVENTION_2023_d04baa2f_00048_01ba57f38cfd,Early Adolescent Skills for Emotions (EASE),interventions,direct_user_support,normal,P0,pending,,"1.8 Adapting this manual This manual is the generic version of EASE. Organizations planning to implement EASE are advised to culturally and contextually adapt EASE. Adapting the intervention is necessary to ensure that it is understandable, acceptable and rele"
WHO_EASE_INTERVENTION_2023,WHO_EASE_INTERVENTION_2023_d04baa2f_00049_e46c5961d545,Early Adolescent Skills for Emotions (EASE),interventions,direct_user_support,normal,P0,pending,,"In general, one can change how the EASE groups are delivered to ensure it is culturally and contextually relevant (such as the format of an activity or the pictures used on posters), but not what will be delivered (i.e. the EASE skills). This is because changi"
WHO_EASE_INTERVENTION_2023,WHO_EASE_INTERVENTION_2023_d04baa2f_00050_ef835028ed9d,Early Adolescent Skills for Emotions (EASE),interventions,direct_user_support,normal,P0,pending,,"Information may need adapting according to participants’ gender or age. For example, 10–11-year-olds may need information to be presented in a different way to that for 14–15-year- olds. The appropriateness of some skills can vary with settings. For example, h"
WHO_EASE_INTERVENTION_2023,WHO_EASE_INTERVENTION_2023_d04baa2f_00051_e60106c21815,Early Adolescent Skills for Emotions (EASE),interventions,direct_user_support,normal,P0,pending,,"Helpers should, in general, follow the instructions in the intervention manual to ensure effective delivery of the skills for the benefit of participants’ learning. These include adaptations you make in the moment to respond to what is happening in the group, "
WHO_EASE_INTERVENTION_2023,WHO_EASE_INTERVENTION_2023_d04baa2f_00052_05e06f9c8d86,Early Adolescent Skills for Emotions (EASE),interventions,direct_user_support,normal,P0,pending,,group psychological help for young adolescents impaired by distress in communities exposed to adversity 1.8.1 Adaptation example (the EASE storybook) For some contexts or target groups it may be helpful to adapt EASE material. To highlight an example of possib
WHO_EASE_INTERVENTION_2023,WHO_EASE_INTERVENTION_2023_d04baa2f_00053_4c7d17a34e24,Early Adolescent Skills for Emotions (EASE),interventions,direct_user_support,normal,P0,pending,,"one storybook for younger adolescents, and one storybook for 14–15-year-olds), consider how to adapt the main character to be relatable to all participants (from 10–15 years of age). c The main character has been designed to be as neutral as possible to avoid "
WHO_EASE_INTERVENTION_2023,WHO_EASE_INTERVENTION_2023_d04baa2f_00054_39e45645ba64,Early Adolescent Skills for Emotions (EASE),interventions,direct_user_support,normal,P0,pending,,"bird watching, seen in Text 2 of the storybook). The activities can be changed to activities that are more acceptable or relevant to the adolescents attending EASE. Lay-out and pictures. The lay-out and pictures can be changed to match your adapted story and t"
WHO_EASE_INTERVENTION_2023,WHO_EASE_INTERVENTION_2023_d04baa2f_00055_1c4642e36f50,Early Adolescent Skills for Emotions (EASE),interventions,direct_user_support,normal,P0,pending,,"Text 3 in the storybook : Kian meets three birds The story of Kian meeting three birds in different colours depending on their emotion can be changed into another situation, such as Kian interacting with people who wear t-shirts in a colour matching their emot"
WHO_EASE_INTERVENTION_2023,WHO_EASE_INTERVENTION_2023_d04baa2f_00056_b08d9881ad26,Early Adolescent Skills for Emotions (EASE),interventions,direct_user_support,normal,P0,pending,,"This is important, because the situation is used as an example of how to carry out the Changing My Actions skill (e.g. in session 3)."
WHO_EASE_INTERVENTION_2023,WHO_EASE_INTERVENTION_2023_d04baa2f_00057_6384f481f20e,Early Adolescent Skills for Emotions (EASE),interventions,direct_user_support,normal,P0,pending,,There are aspects of the story that should not change because they are important and needed to support the learning of the EASE skills. What aspects of the storybook should not be adapted? EASE skills. The storybook is used to introduce and support learning of
WHO_EASE_INTERVENTION_2023,WHO_EASE_INTERVENTION_2023_d04baa2f_00058_fdde7d51e9d5,Early Adolescent Skills for Emotions (EASE),interventions,direct_user_support,normal,P0,pending,,"Specifically, these sessions help adolescents to: Improve identifying their feelings (called “Understanding My Feelings” in this manual). Improve stress management (called “Calming My Body” in this manual). Increase behavioural activation (called “Changing My "
WHO_EASE_INTERVENTION_2023,WHO_EASE_INTERVENTION_2023_d04baa2f_00059_31baa4fbe7aa,Early Adolescent Skills for Emotions (EASE),interventions,direct_user_support,normal,P0,pending,,group psychological help for young adolescents impaired by distress in communities exposed to adversity 1.9.4 Content Each adolescent session includes: 1. A group welcome and closing activity. Introduce the session to participants. Do a starting activity (as r
WHO_EASE_INTERVENTION_2023,WHO_EASE_INTERVENTION_2023_d04baa2f_00060_0a5f0f60e02e,Early Adolescent Skills for Emotions (EASE),interventions,direct_user_support,normal,P0,pending,,"Using the storybook, which is provided as a separate document to this manual: c to tell a story of a young adolescent; and c to demonstrate how each skill can be applied in one’s life. 3. Setting and reviewing home practice. Provide structured home practice fo"
WHO_EASE_INTERVENTION_2023,WHO_EASE_INTERVENTION_2023_d04baa2f_00061_1b28a88273e9,Early Adolescent Skills for Emotions (EASE),interventions,direct_user_support,normal,P0,pending,,"1.10 About EASE caregiver sessions 1.10.1 Aim EASE caregiver sessions aim to improve the caregiver-child relationship and enable caregivers to better support their child who is experiencing emotional distress. Specifically, these sessions help caregivers to: i"
WHO_EASE_INTERVENTION_2023,WHO_EASE_INTERVENTION_2023_d04baa2f_00062_b66d82370d9d,Early Adolescent Skills for Emotions (EASE),interventions,direct_user_support,normal,P0,pending,,EASE caregiver sessions last approximately 1 hour and 30 minutes.8 1.10.4 Content Each session includes: 1. A group welcome and closing activity. Introduce the session to participants. There is no recommended starting activity for caregiver sessions. Do the sa
WHO_EASE_INTERVENTION_2023,WHO_EASE_INTERVENTION_2023_d04baa2f_00063_9d66677a5793,Early Adolescent Skills for Emotions (EASE),interventions,direct_user_support,normal,P0,pending,,group psychological help for young adolescents impaired by distress in communities exposed to adversity 3. Setting and reviewing home practice. Suggest home practice for participants to practise skills in their daily life. Share personal stories and experience
WHO_EASE_INTERVENTION_2023,WHO_EASE_INTERVENTION_2023_d04baa2f_00064_47a14e371062,Early Adolescent Skills for Emotions (EASE),interventions,direct_user_support,normal,P0,pending,,Options include: The first caregiver session is delivered before the third adolescent session (and ideally before the first adolescent session to better engage participants and their caregivers in the intervention); then the second caregiver session is deliver
WHO_EASE_INTERVENTION_2023,WHO_EASE_INTERVENTION_2023_d04baa2f_00065_e0622c9f5626,Early Adolescent Skills for Emotions (EASE),interventions,direct_user_support,normal,P0,pending,,Table 1. Example timeline of caregiver and adolescent assessments and sessions. TIMELINE SESSION Week 1 Caregiver pre-intervention assessment Adolescent pre-intervention assessment Week 2 Caregiver session 1 Adolescent session 1 Week 3 Adolescent session 2 Wee
WHO_EASE_INTERVENTION_2023,WHO_EASE_INTERVENTION_2023_d04baa2f_00066_663ab29bd659,Early Adolescent Skills for Emotions (EASE),interventions,direct_user_support,normal,P0,pending,,group psychological help for young adolescents impaired by distress in communities exposed to adversity Chapter 2. How to use this manual and how to work with groups 2.1 How to use this manual This manual helps helpers to: describe EASE skills and how to use t
WHO_EASE_INTERVENTION_2023,WHO_EASE_INTERVENTION_2023_d04baa2f_00067_5b0a84f3c53f,Early Adolescent Skills for Emotions (EASE),interventions,direct_user_support,normal,P0,pending,,"EASE helpers should use this manual before and during each EASE session to: familiarize themselves with what will happen in the session before they lead it; check what materials they will need, and prepare for the session (for example, gather storybook, poster"
WHO_EASE_INTERVENTION_2023,WHO_EASE_INTERVENTION_2023_d04baa2f_00068_79d1d5ff0a5e,Early Adolescent Skills for Emotions (EASE),interventions,direct_user_support,normal,P0,pending,,"However, if resources are available, participants can be given their own storybook at the end of the intervention. If feasible, we encourage the storybook to be printed in colour. Helpers read from the storybook in every adolescent session. Each chapter of thi"
WHO_EASE_INTERVENTION_2023,WHO_EASE_INTERVENTION_2023_d04baa2f_00069_8736c2870c42,Early Adolescent Skills for Emotions (EASE),interventions,direct_user_support,normal,P0,pending,,"The word “picture” or “text” followed by a number indicates which picture or text to show/read to the adolescents. For example, “Picture 4” means show the participants the picture labelled Picture 4 in the storybook, and “Text 4” means read the text labelled T"
WHO_EASE_INTERVENTION_2023,WHO_EASE_INTERVENTION_2023_d04baa2f_00070_8f46d76f4689,Early Adolescent Skills for Emotions (EASE),interventions,direct_user_support,normal,P0,pending,,"All adolescents can keep their workbook after completing EASE. The workbook does not need to be printed in colour. Adolescents should have their workbook with them in each session. Ideally, adolescents should take their workbooks home to complete their home pr"
WHO_EASE_INTERVENTION_2023,WHO_EASE_INTERVENTION_2023_d04baa2f_00071_dcc144d7193a,Early Adolescent Skills for Emotions (EASE),interventions,direct_user_support,normal,P0,pending,,"If feasible, posters should be printed in colour on a large piece of paper (such as A3 or larger). All posters are provided in a single book or document. Each poster has a name (found at the top of the poster) and clearly states whether it is to be used in an "
WHO_EASE_INTERVENTION_2023,WHO_EASE_INTERVENTION_2023_d04baa2f_00072_1fe5f19cccf3,Early Adolescent Skills for Emotions (EASE),interventions,direct_user_support,normal,P0,pending,,"All handouts are provided in a single book, with their name clearly given at the top of the page. Each chapter of this manual includes instructions on when and how to use the relevant handouts. Chapter 2. How to use this manual and how to work with groups"
WHO_EASE_INTERVENTION_2023,WHO_EASE_INTERVENTION_2023_d04baa2f_00073_83ff6d8d7229,Early Adolescent Skills for Emotions (EASE),interventions,direct_user_support,normal,P0,pending,,group psychological help for young adolescents impaired by distress in communities exposed to adversity 2.2.5 Additional materials Other materials needed for EASE sessions include large pieces of paper and pens or pencils. There should be enough of these other
WHO_EASE_INTERVENTION_2023,WHO_EASE_INTERVENTION_2023_d04baa2f_00074_ce64db267807,Early Adolescent Skills for Emotions (EASE),interventions,direct_user_support,normal,P0,pending,,"c When you have two helpers, one helper can lead the session, or the session can be divided, where one helper delivers half the session and the other helper delivers the remaining half. c The other helper, the co-helper, can watch the time, monitor the group r"
WHO_EASE_INTERVENTION_2023,WHO_EASE_INTERVENTION_2023_d04baa2f_00075_30d1b1014ced,Early Adolescent Skills for Emotions (EASE),interventions,direct_user_support,normal,P0,pending,,"These roles can be swapped for different EASE groups, but the helpers should stay the same, with the same group of participants. 2.3.2 Group size We recommend having small groups. Groups of eight are ideal. We suggest a maximum of 12 participants per group for"
WHO_EASE_INTERVENTION_2023,WHO_EASE_INTERVENTION_2023_d04baa2f_00076_02349ad05060,Early Adolescent Skills for Emotions (EASE),interventions,direct_user_support,normal,P0,pending,,"Chapter 2. How to use this manual and how to work with groups 2.3.3 Gender Organize groups by gender according to your context. In some contexts, grouping by gender may be preferred. In other contexts, mixed gender groups may be feasible. 2.3.4 Preparing for t"
WHO_EASE_INTERVENTION_2023,WHO_EASE_INTERVENTION_2023_d04baa2f_00077_00796dd8aac2,Early Adolescent Skills for Emotions (EASE),interventions,direct_user_support,normal,P0,pending,,Make sure you can access a separate room or space to have one-to-one conversations with distressed participants. Always ensure privacy from members of the public. Special considerations for privacy will be needed if EASE is delivered in an outdoor space. Prepa
WHO_EASE_INTERVENTION_2023,WHO_EASE_INTERVENTION_2023_d04baa2f_00078_143420670a46,Early Adolescent Skills for Emotions (EASE),interventions,direct_user_support,normal,P0,pending,,"If helpers have delivered several EASE groups and have largely memorized the content, they may use the summary session sheets during the sessions instead of reading from the manual (see Annexes 10 and 16). Refreshments, drinks and breaks You can choose to incl"
WHO_EASE_INTERVENTION_2023,WHO_EASE_INTERVENTION_2023_d04baa2f_00079_e2b38b4b0ced,Early Adolescent Skills for Emotions (EASE),interventions,direct_user_support,normal,P0,pending,,c If they are very distressed or if they wish to disclose that they are experiencing a risk such as violence from others.
WHO_EASE_INTERVENTION_2023,WHO_EASE_INTERVENTION_2023_d04baa2f_00080_325b094ba803,Early Adolescent Skills for Emotions (EASE),interventions,direct_user_support,normal,P0,pending,,"group psychological help for young adolescents impaired by distress in communities exposed to adversity It is important that helpers do this privately (e.g. do it after the group has finished, or during a break or speak to several participants individually) an"
WHO_EASE_INTERVENTION_2023,WHO_EASE_INTERVENTION_2023_d04baa2f_00081_6260e467ac48,Early Adolescent Skills for Emotions (EASE),interventions,direct_user_support,normal,P0,pending,,"by setting up a safe supervised play area) to ensure that caregivers can attend. Alternatively, caregivers with babies under two years old may need to keep their children with them. In these circumstances, it would be useful to include a mat and toys to suppor"
WHO_EASE_INTERVENTION_2023,WHO_EASE_INTERVENTION_2023_d04baa2f_00082_b365b8f0e854,Early Adolescent Skills for Emotions (EASE),interventions,direct_user_support,normal,P0,pending,,"To promote a healthy relationship with participants and support the effectiveness of EASE, EASE helpers need to use a range of basic helping skills when running groups. Basic helping skills are taught during EASE training. Using basic helping skills shows part"
WHO_EASE_INTERVENTION_2023,WHO_EASE_INTERVENTION_2023_d04baa2f_00083_add45b9cf508,Early Adolescent Skills for Emotions (EASE),interventions,direct_user_support,normal,P0,pending,,"Participants need to know that when they speak openly about personal things, this information will remain private. This is especially true for adolescents, who worry that their caregivers or friends will find out about their problems; and for people who have h"
WHO_EASE_INTERVENTION_2023,WHO_EASE_INTERVENTION_2023_d04baa2f_00084_d40104788d98,Early Adolescent Skills for Emotions (EASE),interventions,direct_user_support,normal,P0,pending,,"But it remains important not to break confidentiality to teachers. Do not talk about specific participants. However, you can share general information, such as how many participants attended the sessions, how many said EASE has helped them, etc. Explain confid"
WHO_EASE_INTERVENTION_2023,WHO_EASE_INTERVENTION_2023_d04baa2f_00085_c451845ed399,Early Adolescent Skills for Emotions (EASE),interventions,direct_user_support,normal,P0,pending,,"group psychological help for young adolescents impaired by distress in communities exposed to adversity During supervision you can talk about your participants and their families. Try to only share what is necessary. Share the information in an anonymous way, "
WHO_EASE_INTERVENTION_2023,WHO_EASE_INTERVENTION_2023_d04baa2f_00086_979f055e7d29,Early Adolescent Skills for Emotions (EASE),interventions,direct_user_support,normal,P0,pending,,"at imminent risk of self-harm or suicide (for example, if a participant has told you they are thinking about ending their life); 2. is likely to seriously harm someone else; and 3. is being harmed or abused, in any way, by another adolescent or adult."
WHO_EASE_INTERVENTION_2023,WHO_EASE_INTERVENTION_2023_d04baa2f_00088_290d4e1eaba1,Early Adolescent Skills for Emotions (EASE),interventions,direct_user_support,normal,P0,pending,,"Make sure participants’ personal data, EASE materials, assessment results, workbooks, papers, strengths activity materials, etc. are safely stored (for example in a locked cupboard or filing cabinet). 3.1.2 Communicating concern (empathy) Try to understand, as"
WHO_EASE_INTERVENTION_2023,WHO_EASE_INTERVENTION_2023_d04baa2f_00089_aed14475fa05,Early Adolescent Skills for Emotions (EASE),interventions,direct_user_support,normal,P0,pending,,“That sounds like it was very challenging/upsetting/frightening (and so on) for you.” “I can see in your face how painful this was for you.” “You have experienced many difficulties.” “You went through a lot.” “I can hear how sad/frightening this was for you.” 
WHO_EASE_INTERVENTION_2023,WHO_EASE_INTERVENTION_2023_d04baa2f_00090_7ca7669b37bd,Early Adolescent Skills for Emotions (EASE),interventions,direct_user_support,normal,P0,pending,,"This can mean expressing sadness on your face when they express sadness. 3.1.4 Praising openness Try to thank or genuinely praise participants for being open so that they feel comfortable talking about personal, difficult or embarrassing topics. Praise partici"
WHO_EASE_INTERVENTION_2023,WHO_EASE_INTERVENTION_2023_d04baa2f_00091_a1a69d062669,Early Adolescent Skills for Emotions (EASE),interventions,direct_user_support,normal,P0,pending,,group psychological help for young adolescents impaired by distress in communities exposed to adversity 3.1.5 Validating (normalizing) Participants may feel embarrassed talking about their problems with strangers or in a group setting. They may think no one el
WHO_EASE_INTERVENTION_2023,WHO_EASE_INTERVENTION_2023_d04baa2f_00092_664c1fb082fa,Early Adolescent Skills for Emotions (EASE),interventions,direct_user_support,normal,P0,pending,,Validating often happens naturally in a group setting because group members often share similar feelings and problems. “You have been through a very difficult experience and it’s not surprising that you feel stressed.” “What you have just described is a common
WHO_EASE_INTERVENTION_2023,WHO_EASE_INTERVENTION_2023_d04baa2f_00093_c5951eb6b647,Early Adolescent Skills for Emotions (EASE),interventions,direct_user_support,normal,P0,pending,,"Don’t allow your own beliefs or values to influence how you respond to participants. Don’t try to change participants’ values or beliefs to suit your own. Putting aside personal values is particularly important with adolescents, as they are very impressionable"
WHO_EASE_INTERVENTION_2023,WHO_EASE_INTERVENTION_2023_d04baa2f_00094_4da00d80f5af,Early Adolescent Skills for Emotions (EASE),interventions,direct_user_support,normal,P0,pending,,"In general, don’t tell participants what to do or not to do (for example, do not say “don’t talk to your caregivers about this problem”, or “you should do this to solve your problem”). This is different from giving participants important or helpful information"
WHO_EASE_INTERVENTION_2023,WHO_EASE_INTERVENTION_2023_d04baa2f_00095_cd94c37cd368,Early Adolescent Skills for Emotions (EASE),interventions,direct_user_support,normal,P0,pending,,"Instead, ask the participant what they would suggest or say to a friend in a similar situation. For example, if a participant is not seeking out social support because they do not want to burden others, you might say “What would you say to a friend who was thi"
WHO_EASE_INTERVENTION_2023,WHO_EASE_INTERVENTION_2023_d04baa2f_00096_436ff878910b,Early Adolescent Skills for Emotions (EASE),interventions,direct_user_support,normal,P0,pending,,"Always provide help in a way that: c respects participants’ dignity; c is culturally sensitive and appropriate; and c is free from discrimination on the basis of race, colour, gender, age, language, religion, political or other opinion, national, ethnic, indig"
WHO_EASE_INTERVENTION_2023,WHO_EASE_INTERVENTION_2023_d04baa2f_00097_946868dab456,Early Adolescent Skills for Emotions (EASE),interventions,direct_user_support,normal,P0,pending,,"Even if you are from the same community or region, you may not always be familiar with participants’ cultures (including gender roles and expectations and religious beliefs and practices). Ask participants about their beliefs and customs. Doing this will help "
WHO_EASE_INTERVENTION_2023,WHO_EASE_INTERVENTION_2023_d04baa2f_00098_f56385d39e51,Early Adolescent Skills for Emotions (EASE),interventions,direct_user_support,normal,P0,pending,,group psychological help for young adolescents impaired by distress in communities exposed to adversity Be extremely sensitive when challenging beliefs or practices so that participants are still willing to continue with the intervention. Some participants may
WHO_EASE_INTERVENTION_2023,WHO_EASE_INTERVENTION_2023_d04baa2f_00099_f8a970247155,Early Adolescent Skills for Emotions (EASE),interventions,direct_user_support,normal,P0,pending,,"3.4.1 Supporting small group activities Some activities in this manual are preferably done in pairs or small groups. There are benefits to working this way, for example: participants can make new friends and learn from each another; quiet or less confident par"
WHO_EASE_INTERVENTION_2023,WHO_EASE_INTERVENTION_2023_d04baa2f_00100_76a93268d4f9,Early Adolescent Skills for Emotions (EASE),interventions,direct_user_support,normal,P0,pending,,"Remember that: group sizes do not have to be even; in the first few sessions, participants may prefer to work with people they know and this is okay; sometimes it can be good for participants to work with people they are less familiar with; and participants ma"
WHO_EASE_INTERVENTION_2023,WHO_EASE_INTERVENTION_2023_d04baa2f_00101_3abc7f93f95e,Early Adolescent Skills for Emotions (EASE),interventions,direct_user_support,normal,P0,pending,,Box 3. Example method for dividing participants into pairs or groups Go around the room and give each participant a number. Then get all the participants with the same number to form groups.
WHO_EASE_INTERVENTION_2023,WHO_EASE_INTERVENTION_2023_d04baa2f_00102_c7f606397abf,Early Adolescent Skills for Emotions (EASE),interventions,direct_user_support,normal,P0,pending,,"For example, if there are three groups: count 1, 2, 3, 1, 2, 3…while pointing to each participant in turn; make sure every participant has been given a number from one to three; get everyone given the number one to form a group; get those with number two form "
WHO_EASE_INTERVENTION_2023,WHO_EASE_INTERVENTION_2023_d04baa2f_00103_f4df6c6a5664,Early Adolescent Skills for Emotions (EASE),interventions,direct_user_support,normal,P0,pending,,"Participants do not always understand what it means to work in a pair, or work in a group. If you are managing a group with another EASE helper, you can demonstrate working in a pair. It is also important that you explain that working in pairs or small groups:"
WHO_EASE_INTERVENTION_2023,WHO_EASE_INTERVENTION_2023_d04baa2f_00104_cd65cf6c0d99,Early Adolescent Skills for Emotions (EASE),interventions,direct_user_support,normal,P0,pending,,"Leave participants alone for the first few minutes so they can build confidence to get started. If you notice participants who are working individually or quietly, encourage them to start talking. You can say, “It is so quiet in here! I want to hear you talkin"
WHO_EASE_INTERVENTION_2023,WHO_EASE_INTERVENTION_2023_d04baa2f_00105_120fb6277709,Early Adolescent Skills for Emotions (EASE),interventions,direct_user_support,normal,P0,pending,,group psychological help for young adolescents impaired by distress in communities exposed to adversity 3.4.2 Activities and discussions Read the activities for each session in advance. This will help you: c avoid reading from the manual and losing participant
WHO_EASE_INTERVENTION_2023,WHO_EASE_INTERVENTION_2023_d04baa2f_00106_36bb309f3da3,Early Adolescent Skills for Emotions (EASE),interventions,direct_user_support,normal,P0,pending,,"Generally, older participants may prefer group discussions over games. Some topics of discussion will not be appropriate for young participants, for example, drug and alcohol use, or sexual activity. Distressing or graphic stories about adverse events may also"
WHO_EASE_INTERVENTION_2023,WHO_EASE_INTERVENTION_2023_d04baa2f_00107_e7c39a2a95c0,Early Adolescent Skills for Emotions (EASE),interventions,direct_user_support,normal,P0,pending,,"However, there are times when you need to sensitively talk to individuals. See section 3.4.4 on managing these conversations. Co-helpers are extremely useful during discussions. While one EASE helper leads the discussion, the other can check the manual to ensu"
WHO_EASE_INTERVENTION_2023,WHO_EASE_INTERVENTION_2023_d04baa2f_00108_a335fafa93d2,Early Adolescent Skills for Emotions (EASE),interventions,direct_user_support,normal,P0,pending,,"When delivering EASE: tell participants at the start of the intervention that they can speak to you alone if they need to; take care not to embarrass participants during one-to-one discussions (for example, do it after the group has finished, or during a break"
WHO_EASE_INTERVENTION_2023,WHO_EASE_INTERVENTION_2023_d04baa2f_00109_da92544fd67f,Early Adolescent Skills for Emotions (EASE),interventions,direct_user_support,normal,P0,pending,,"For example, ask other participants if they have experienced similar difficulties and have any ideas on how to solve the problem. This will promote social support within the group. 3.4.6 Addressing cultural, religious and political issues in the group Particip"
WHO_EASE_INTERVENTION_2023,WHO_EASE_INTERVENTION_2023_d04baa2f_00110_ee6dd82523ac,Early Adolescent Skills for Emotions (EASE),interventions,direct_user_support,normal,P0,pending,,3.5 How to support inclusion People can differ from one another both physically and cognitively. The literacy and educational levels of EASE participants can also vary. EASE is designed to be flexible to promote inclusion. EASE helpers can adapt how they deliv
WHO_EASE_INTERVENTION_2023,WHO_EASE_INTERVENTION_2023_d04baa2f_00111_51215763eaeb,Early Adolescent Skills for Emotions (EASE),interventions,direct_user_support,normal,P0,pending,,group psychological help for young adolescents impaired by distress in communities exposed to adversity 3.5.1 Inclusive adaptations to the material Be aware of your language. Try to communicate in a way that matches the group’s literacy and educational level: 
WHO_EASE_INTERVENTION_2023,WHO_EASE_INTERVENTION_2023_d04baa2f_00112_c33d015d6124,Early Adolescent Skills for Emotions (EASE),interventions,direct_user_support,normal,P0,pending,,"use pictures instead of words to present concepts on a large paper or, if this is not possible, just describe the concepts verbally using simple words). c Ask questions to check participants’ understanding (e.g. “How could we explain this to your younger broth"
WHO_EASE_INTERVENTION_2023,WHO_EASE_INTERVENTION_2023_d04baa2f_00113_270c7655a6e1,Early Adolescent Skills for Emotions (EASE),interventions,direct_user_support,normal,P0,pending,,"c If available, International Sign or Braille transcription should be provided to support children with vision/visual impairment or hearing impairment. c Consider conducting an accessibility checklist to mitigate possible risks. 3.5.2 Practising and teaching t"
WHO_EASE_INTERVENTION_2023,WHO_EASE_INTERVENTION_2023_d04baa2f_00114_076de7c1e726,Early Adolescent Skills for Emotions (EASE),interventions,direct_user_support,normal,P0,pending,,"After ten minutes, ask the group a question to encourage discussion. Or start the related activity. Younger participants usually have a shorter attention span than older ones. You may need to reduce your teaching time for these participants. Always be aware of"
WHO_EASE_INTERVENTION_2023,WHO_EASE_INTERVENTION_2023_d04baa2f_00115_87a5a8d69092,Early Adolescent Skills for Emotions (EASE),interventions,direct_user_support,normal,P0,pending,,"3.6 How to manage challenging group situations Leading groups in a psychological intervention is very different from working with individuals. Two key areas of skill are required: First, it is essential for helpers to be able to use basic helping skills (see s"
WHO_EASE_INTERVENTION_2023,WHO_EASE_INTERVENTION_2023_d04baa2f_00116_7e3099fe179b,Early Adolescent Skills for Emotions (EASE),interventions,direct_user_support,normal,P0,pending,,"For example, you might be discussing how to manage one participant’s problem with a skill, and you can see that the discussion might help the whole group learn more. If you decide to do this, you must think about when you can make time to cover the topic you a"
WHO_EASE_INTERVENTION_2023,WHO_EASE_INTERVENTION_2023_d04baa2f_00117_dcfe31670ee9,Early Adolescent Skills for Emotions (EASE),interventions,direct_user_support,normal,P0,pending,,"” 3.6.2 Managing dominant participants A dominant participant is someone who talks too much in the discussion, does not let other participants share their stories, talks over other participants, or rejects other participants’ opinions. Dominant participants in"
WHO_EASE_INTERVENTION_2023,WHO_EASE_INTERVENTION_2023_d04baa2f_00118_9c2b92b0d03e,Early Adolescent Skills for Emotions (EASE),interventions,direct_user_support,normal,P0,pending,,group psychological help for young adolescents impaired by distress in communities exposed to adversity You can also give the participant a role to help with an activity. This way they are involved and may be less dominant in discussions. Be careful not to sho
WHO_EASE_INTERVENTION_2023,WHO_EASE_INTERVENTION_2023_d04baa2f_00119_1a791dd778e0,Early Adolescent Skills for Emotions (EASE),interventions,direct_user_support,normal,P0,pending,,"So I will ask you to respect everyone in the group, not talk over others and give everyone a chance to talk. That might mean waiting and letting someone else talk first when there is a discussion. Does this sound okay to you? ” Try to find out why the particip"
WHO_EASE_INTERVENTION_2023,WHO_EASE_INTERVENTION_2023_d04baa2f_00120_5db9e78a31d5,Early Adolescent Skills for Emotions (EASE),interventions,direct_user_support,normal,P0,pending,,"I would like to help you manage these if I can.” 3.6.3 Encouraging discussion with a quiet group or participant It is important to respect that some participants will be quiet and often may not wish to be vocal (e.g. answer questions, give suggestions, or disc"
WHO_EASE_INTERVENTION_2023,WHO_EASE_INTERVENTION_2023_d04baa2f_00121_d54b93b61daf,Early Adolescent Skills for Emotions (EASE),interventions,direct_user_support,normal,P0,pending,,Some quiet participants may feel more confident talking to fewer people. Talk to the quiet participant privately to help them participate in the group.
WHO_EASE_INTERVENTION_2023,WHO_EASE_INTERVENTION_2023_d04baa2f_00122_823cf37af447,Early Adolescent Skills for Emotions (EASE),interventions,direct_user_support,normal,P0,pending,,"“I have noticed you are very quiet in the group. Is there anything I can do to help you engage more in the discussions? ” If none of these strategies work, respect the participant’s wish to remain quiet. 3.6.4 Supporting distressed individuals Communicating co"
WHO_EASE_INTERVENTION_2023,WHO_EASE_INTERVENTION_2023_d04baa2f_00123_115a00246ed8,Early Adolescent Skills for Emotions (EASE),interventions,direct_user_support,normal,P0,pending,,"If a participant’s distress is very strong, ask the co-helper to take the participant out of the group and support the participant separately in a one-to-one conversation. This way you can continue leading the group. If you are on your own, you can ask the gro"
WHO_EASE_INTERVENTION_2023,WHO_EASE_INTERVENTION_2023_d04baa2f_00124_9840a90c275e,Early Adolescent Skills for Emotions (EASE),interventions,direct_user_support,normal,P0,pending,,Be firm when re-directing group discussions. But use your basic helping skills too. “I can see this is an interesting discussion but we have moved away from the focus. Let’s come back and we can discuss this topic later if we have time.”
WHO_EASE_INTERVENTION_2023,WHO_EASE_INTERVENTION_2023_d04baa2f_00125_9036631433de,Early Adolescent Skills for Emotions (EASE),interventions,direct_user_support,normal,P0,pending,,group psychological help for young adolescents impaired by distress in communities exposed to adversity 3.6.6 Managing conflicts and behaviour which challenge helpers Respond early to signs of anger or conflict between participants and use basic helping skills
WHO_EASE_INTERVENTION_2023,WHO_EASE_INTERVENTION_2023_d04baa2f_00126_93c4c67dec2a,Early Adolescent Skills for Emotions (EASE),interventions,direct_user_support,normal,P0,pending,,"Ask the participants to respect each other, and others in the group, in the remaining sessions. 3.6.7 Managing a participant who drops out, or attends late or irregularly As best we can, helpers should try to prevent anyone from dropping out of the group (with"
WHO_EASE_INTERVENTION_2023,WHO_EASE_INTERVENTION_2023_d04baa2f_00127_5bc6a93c1a19,Early Adolescent Skills for Emotions (EASE),interventions,direct_user_support,normal,P0,pending,,"Options for catching up might include asking other adolescents or caregivers to summarize content from previous session at the start of each new session, getting a co-helper to spend one-to-one time with the participant during the next session or organizing to"
WHO_EASE_INTERVENTION_2023,WHO_EASE_INTERVENTION_2023_d04baa2f_00128_b6583981c71e,Early Adolescent Skills for Emotions (EASE),interventions,direct_user_support,normal,P0,pending,,"3.6.8 Managing participants who disclose too much information Sometimes participants will share very personal information with the group (for example, about drug use or sexual activity). This might make other participants feel uncomfortable or upset. You need "
WHO_EASE_INTERVENTION_2023,WHO_EASE_INTERVENTION_2023_d04baa2f_00129_8239cb13fa54,Early Adolescent Skills for Emotions (EASE),interventions,direct_user_support,normal,P0,pending,,I wonder whether others would like to share their experiences.” c You could also agree on a discreet sign you can give the participant if they start sharing too much information (such as raising your hand). c Agree with the group that any participants who wish
WHO_EASE_INTERVENTION_2023,WHO_EASE_INTERVENTION_2023_d04baa2f_00130_cd7583ab22f0,Early Adolescent Skills for Emotions (EASE),interventions,direct_user_support,normal,P0,pending,,"Instead, we will help you get some support to manage these problems.” Support the participant if they are distressed in the group. Tell the participant that you will speak to them individually at the end of the group. When you talk to the participant individua"
WHO_EASE_INTERVENTION_2023,WHO_EASE_INTERVENTION_2023_d04baa2f_00131_30d4e63b91fb,Early Adolescent Skills for Emotions (EASE),interventions,direct_user_support,normal,P0,pending,,group psychological help for young adolescents impaired by distress in communities exposed to adversity 3.6.10 Managing cliques and exclusion Adolescents and caregivers can often form small groups or cliques. While these groups can be good sources of social su
WHO_EASE_INTERVENTION_2023,WHO_EASE_INTERVENTION_2023_d04baa2f_00132_9c867e9e3aac,Early Adolescent Skills for Emotions (EASE),interventions,direct_user_support,normal,P0,pending,,3.6.11 Managing doubt or criticism about EASE skills Sometimes participants may express doubt or criticism about EASE skills and be reluctant to try them. Communicating your concern and validating their view is the best first response. “The reactions you have 
WHO_EASE_INTERVENTION_2023,WHO_EASE_INTERVENTION_2023_d04baa2f_00133_e13716b1f9bc,Early Adolescent Skills for Emotions (EASE),interventions,direct_user_support,normal,P0,pending,,"Chapter 4. Assessments EASE is for adolescents aged 10–15 years old who are affected by internalizing problems (for example by symptoms of depression, anxiety and stress). To decide whether EASE is a suitable intervention for an adolescent, the adolescent and "
WHO_EASE_INTERVENTION_2023,WHO_EASE_INTERVENTION_2023_d04baa2f_00134_71620a9f9ef3,Early Adolescent Skills for Emotions (EASE),interventions,direct_user_support,normal,P0,pending,,"The pre-intervention assessment can also be used to find out if EASE is not suitable for the adolescent and their caregiver, for example, if another service would be more suitable. The organization implementing EASE will need to select which measures to use fo"
WHO_EASE_INTERVENTION_2023,WHO_EASE_INTERVENTION_2023_d04baa2f_00135_a272d69f3c36,Early Adolescent Skills for Emotions (EASE),interventions,direct_user_support,normal,P0,pending,,"Similarly, the post-intervention assessment should be completed within 1-2 weeks after the end of EASE. The assessment may be delivered by an assessor (e.g. a trained enumerator) or by a helper who has been trained in EASE. The assessments with adolescents and"
WHO_EASE_INTERVENTION_2023,WHO_EASE_INTERVENTION_2023_d04baa2f_00136_7e0f20ddb953,Early Adolescent Skills for Emotions (EASE),interventions,direct_user_support,normal,P0,pending,,Preparing instruments for transcultural research: use of the Translation Monitoring Form with Nepali-speaking Bhutanese refugees. Transcult Psychiatry. 1999; 36(3): 285–301. doi:10.1177/136346159903600304.
WHO_EASE_INTERVENTION_2023,WHO_EASE_INTERVENTION_2023_d04baa2f_00137_f66bec7d8ef7,Early Adolescent Skills for Emotions (EASE),interventions,direct_user_support,normal,P0,pending,,group psychological help for young adolescents impaired by distress in communities exposed to adversity 4.1 About the assessments Summary of the pre-intervention assessment It happens before the intervention starts (usually 1-2 weeks before). It helps you deci
WHO_EASE_INTERVENTION_2023,WHO_EASE_INTERVENTION_2023_d04baa2f_00139_fa8b5034ec7a,Early Adolescent Skills for Emotions (EASE),interventions,direct_user_support,normal,P0,pending,,This way the results can be compared with the pre-intervention assessment to see if the adolescent and caregiver have experienced any changes.
WHO_EASE_INTERVENTION_2023,WHO_EASE_INTERVENTION_2023_d04baa2f_00140_04d8314cf5b8,Early Adolescent Skills for Emotions (EASE),interventions,direct_user_support,normal,P0,pending,,"4.1.2 How to do the assessments Basic helping skills are very important for conducting assessments, so that adolescents and caregivers feel comfortable to share their experiences with the assessor (see Chapter 3). Some important things to consider include: usi"
WHO_EASE_INTERVENTION_2023,WHO_EASE_INTERVENTION_2023_d04baa2f_00141_7c226978f5de,Early Adolescent Skills for Emotions (EASE),interventions,direct_user_support,normal,P0,pending,,"At the start of the assessment, it can be helpful to let the adolescent and caregiver know that they do not have to answer your questions if they do not wish to. It is important for them to feel in charge of the session and not be forced to provide information"
WHO_EASE_INTERVENTION_2023,WHO_EASE_INTERVENTION_2023_d04baa2f_00142_af1e5c2c04dc,Early Adolescent Skills for Emotions (EASE),interventions,direct_user_support,normal,P0,pending,,"I am interested to know if there are other things affecting you right now such as, [ask next question]”. Sometimes you may need to be more direct, especially if you are running out of time. It is important to still communicate concern when doing this. “I am ve"
WHO_EASE_INTERVENTION_2023,WHO_EASE_INTERVENTION_2023_d04baa2f_00143_db225dc7a054,Early Adolescent Skills for Emotions (EASE),interventions,direct_user_support,normal,P0,pending,,group psychological help for young adolescents impaired by distress in communities exposed to adversity When an adolescent or caregiver asks to know what the other has said It is important that adolescents and caregivers can speak with you in confidence. That 
WHO_EASE_INTERVENTION_2023,WHO_EASE_INTERVENTION_2023_d04baa2f_00144_67faae90513d,Early Adolescent Skills for Emotions (EASE),interventions,direct_user_support,normal,P0,pending,,This means that EASE will be a suitable intervention for your child. That is because EASE provides adolescents and their caregivers who are dealing with similar problems with the skills to learn to better cope with these problems.”
WHO_EASE_INTERVENTION_2023,WHO_EASE_INTERVENTION_2023_d04baa2f_00145_6c20f6b34d7e,Early Adolescent Skills for Emotions (EASE),interventions,direct_user_support,normal,P0,pending,,4.2 The pre-intervention assessment protocol Figure 1 shows the pre-intervention assessment steps to follow with the adolescent and their caregiver. The text following then describes the stages in detail. Both adolescents and caregivers should be assessed befo
WHO_EASE_INTERVENTION_2023,WHO_EASE_INTERVENTION_2023_d04baa2f_00146_b0809f87654c,Early Adolescent Skills for Emotions (EASE),interventions,direct_user_support,normal,P0,pending,,group psychological help for young adolescents impaired by distress in communities exposed to adversity PRE-INTERVENTION ASSESSMENT Step 1 (pre): introductions and consent The adolescent and the caregiver will be together for Step 1 (pre). Provide information 
WHO_EASE_INTERVENTION_2023,WHO_EASE_INTERVENTION_2023_d04baa2f_00147_d55b756eae30,Early Adolescent Skills for Emotions (EASE),interventions,direct_user_support,normal,P0,pending,,Tell them: c the assessment is to find out if EASE might be helpful for the types of problems they are having; c you will be asking the adolescent questions about their feelings; c you will be asking their caregiver questions about their feelings and about the
WHO_EASE_INTERVENTION_2023,WHO_EASE_INTERVENTION_2023_d04baa2f_00148_da3cd7fc6f88,Early Adolescent Skills for Emotions (EASE),interventions,direct_user_support,normal,P0,pending,,Make sure the adolescent and caregiver understand what information will be kept confidential and who this information will be shared with (see section 3.1.1): All information is kept confidential unless the adolescent or caregiver gives you permission to share
WHO_EASE_INTERVENTION_2023,WHO_EASE_INTERVENTION_2023_d04baa2f_00149_da718349cb71,Early Adolescent Skills for Emotions (EASE),interventions,direct_user_support,normal,P0,pending,,"“What you say will be kept confidential. I [or ‘we’ in case other adult from organization for safeguarding is present] cannot tell anyone else what you tell me, unless you tell me something that I believe means you are at risk of ending your life, harming some"
WHO_EASE_INTERVENTION_2023,WHO_EASE_INTERVENTION_2023_d04baa2f_00150_aff66307cf0f,Early Adolescent Skills for Emotions (EASE),interventions,direct_user_support,normal,P0,pending,,” Explain to the caregiver that: c you will also ask the adolescent questions about risk of self-harm or suicide; c this is important to make sure their child is safe; c thoughts about self-harm or suicide are not uncommon when children face challenges; c havi
WHO_EASE_INTERVENTION_2023,WHO_EASE_INTERVENTION_2023_d04baa2f_00151_efc2c9357549,Early Adolescent Skills for Emotions (EASE),interventions,direct_user_support,normal,P0,pending,,"Tell adolescents and their caregivers that this intervention: c can help adolescents with emotional problems such as sadness, anxiety and stress; c is a group intervention (there will be other adolescents with similar problems); c happens once a week for seven"
WHO_EASE_INTERVENTION_2023,WHO_EASE_INTERVENTION_2023_d04baa2f_00152_4ae6e0ef62bc,Early Adolescent Skills for Emotions (EASE),interventions,direct_user_support,normal,P0,pending,,Tell the caregiver that you will talk to them more about the intervention after the assessment. 6. Tell the adolescent and their caregiver what will happen in the assessment. “The questions I have for you both will be about how you are both feeling. It will ta
WHO_EASE_INTERVENTION_2023,WHO_EASE_INTERVENTION_2023_d04baa2f_00153_4006b0ebfd06,Early Adolescent Skills for Emotions (EASE),interventions,direct_user_support,normal,P0,pending,,group psychological help for young adolescents impaired by distress in communities exposed to adversity 7. Get permission from the adolescent and consent from their caregiver to complete the assessment. Give the adolescent and their caregiver an opportunity to
WHO_EASE_INTERVENTION_2023,WHO_EASE_INTERVENTION_2023_d04baa2f_00154_fe4e091fd38d,Early Adolescent Skills for Emotions (EASE),interventions,direct_user_support,normal,P0,pending,,"For example, you can arrange to come back or call at another time if they wish to think about participating or discuss it with another caregiver. For example, say this to the adolescent: “Do you have any questions about today’s assessment, the intervention or "
WHO_EASE_INTERVENTION_2023,WHO_EASE_INTERVENTION_2023_d04baa2f_00155_2f4871b1e7c0,Early Adolescent Skills for Emotions (EASE),interventions,direct_user_support,normal,P0,pending,,Giving consent to do the assessment does not mean you or your child have to participate in EASE if you or your child do not want to. You can revoke your consent at any time.”
WHO_EASE_INTERVENTION_2023,WHO_EASE_INTERVENTION_2023_d04baa2f_00156_7fd5dbb1d41b,Early Adolescent Skills for Emotions (EASE),interventions,direct_user_support,normal,P0,pending,,8. Start the assessment after the adolescent has given permission to participate in the assessment and the caregiver has given consent for both of them to participate in the assessment.
WHO_EASE_INTERVENTION_2023,WHO_EASE_INTERVENTION_2023_d04baa2f_00157_033682277313,Early Adolescent Skills for Emotions (EASE),interventions,direct_user_support,normal,P0,pending,,"Step 2 (pre): questions for the adolescent Remember that, for child safeguarding, there should be another adult present during the assessment with the adolescent. This would normally be another person from the implementing organization. However, an adolescent "
WHO_EASE_INTERVENTION_2023,WHO_EASE_INTERVENTION_2023_d04baa2f_00158_1c516272d320,Early Adolescent Skills for Emotions (EASE),interventions,direct_user_support,normal,P0,pending,,Please note that there are no right or wrong answers to these questions. Just be honest about how things are right now. I will start with some background questions.” Table 2. Demographic information of the adolescent. 1. What is your gender? 2. How old are you
WHO_EASE_INTERVENTION_2023,WHO_EASE_INTERVENTION_2023_d04baa2f_00159_408836169094,Early Adolescent Skills for Emotions (EASE),interventions,direct_user_support,normal,P0,pending,,"11 Jellinek MS, Murphy JM, Little M, Pagano ME, Comer DM, Kelleher KJ. Use of the pediatric symptom checklist to screen for psychosocial problems in pediatric primary care: a national feasibility study. Arch Pediatr Adolesc Med. 1999;153(3): 254–260. doi:10.10"
WHO_EASE_INTERVENTION_2023,WHO_EASE_INTERVENTION_2023_d04baa2f_00160_8592a605f971,Early Adolescent Skills for Emotions (EASE),interventions,direct_user_support,normal,P0,pending,,group psychological help for young adolescents impaired by distress in communities exposed to adversity 3. Assessment of imminent risk of self-harm/suicide. Helpers should follow their organization’s procedures for assessing imminent risk of suicide. Alternati
WHO_EASE_INTERVENTION_2023,WHO_EASE_INTERVENTION_2023_d04baa2f_00161_d0d656032dad,Early Adolescent Skills for Emotions (EASE),interventions,direct_user_support,normal,P0,pending,,"I would like to ask you some more questions to better understand how things are for you. Is that okay? Can we continue? ” Table 3. Assessment of imminent risk of self-harm or suicide. Question 1: In the past month, have you had thoughts of ending your life, or"
WHO_EASE_INTERVENTION_2023,WHO_EASE_INTERVENTION_2023_d04baa2f_00162_bae48265645c,Early Adolescent Skills for Emotions (EASE),interventions,direct_user_support,normal,P0,pending,,"Write details here: 13 Adapted from: Self-Help Plus (SH+): group-based stress management course for adults. Generic field-trial version 1.0, 2021. Geneva: World Health Organization; 2021 (https://apps.who.int/iris/handle/10665/345349, accessed 6 September 2023"
WHO_EASE_INTERVENTION_2023,WHO_EASE_INTERVENTION_2023_d04baa2f_00163_7dffa81bcacb,Early Adolescent Skills for Emotions (EASE),interventions,direct_user_support,normal,P0,pending,,"Table 3 (cont.) Decision options If the adolescent answers “yes” or “unsure” to Question 2, they may end their life in the near future. Follow the imminent risk steps below. If the adolescent answers “yes” to Question 1 and “no” or “unsure” to Question 2 but i"
WHO_EASE_INTERVENTION_2023,WHO_EASE_INTERVENTION_2023_d04baa2f_00164_a2125fa7c214,Early Adolescent Skills for Emotions (EASE),interventions,direct_user_support,normal,P0,pending,,"These thoughts can happen when things are really difficult. If at any time you feel this feeling is getting worse, or you feel a risk of harming yourself or ending your life, then please make sure you speak to me.” When you next see the person for EASE, make s"
WHO_EASE_INTERVENTION_2023,WHO_EASE_INTERVENTION_2023_d04baa2f_00165_ce316860277d,Early Adolescent Skills for Emotions (EASE),interventions,direct_user_support,normal,P0,pending,,"Please see Step 4c (pre) “The adolescent is at imminent risk of suicide” for a script on how to respond to the adolescent if they indicate they are at imminent risk of suicide, and discuss any concerns with the adolescent sharing this with their caregiver. For"
WHO_EASE_INTERVENTION_2023,WHO_EASE_INTERVENTION_2023_d04baa2f_00167_f4904804d1b4,Early Adolescent Skills for Emotions (EASE),interventions,direct_user_support,normal,P0,pending,,"group psychological help for young adolescents impaired by distress in communities exposed to adversity Guidance for asking about self-harm or suicide. Ask direct, clear questions: When asking adolescents about suicide, avoid using indirect questions or vague "
WHO_EASE_INTERVENTION_2023,WHO_EASE_INTERVENTION_2023_d04baa2f_00168_bf0dbf3b419e,Early Adolescent Skills for Emotions (EASE),interventions,direct_user_support,normal,P0,pending,,"A measure to assess significant mental, neurological or substance use disorders should be included. To promote inclusivity, adolescents and caregivers should be included in the intervention where reasonable accommodations are possible to safely engage them. Ex"
WHO_EASE_INTERVENTION_2023,WHO_EASE_INTERVENTION_2023_d04baa2f_00170_3c1837bb018f,Early Adolescent Skills for Emotions (EASE),interventions,direct_user_support,normal,P0,pending,,"If conducting assessments in the home environment, you may refer to the child and adolescent mental and behavioural disorders module in the mhGAP intervention guide to assess the warning signs of protection risks within the home environment.14 14 World Health "
WHO_EASE_INTERVENTION_2023,WHO_EASE_INTERVENTION_2023_d04baa2f_00171_7640f56acc44,Early Adolescent Skills for Emotions (EASE),interventions,direct_user_support,normal,P0,pending,,7. End assessment with the adolescent. Thank the adolescent for their responses. Tell them you will now ask their caregiver some questions to understand what is happening from their perspective. The results of the adolescent assessment can be summarized in Ste
WHO_EASE_INTERVENTION_2023,WHO_EASE_INTERVENTION_2023_d04baa2f_00172_06767dde9027,Early Adolescent Skills for Emotions (EASE),interventions,direct_user_support,normal,P0,pending,,"1. Demographic information. Start the assessment by gathering demographic information, as suggested below (see Table 4). Implementing organizations can add questions they need, such as whether the caregiver has a disability or another health issue, or more inf"
WHO_EASE_INTERVENTION_2023,WHO_EASE_INTERVENTION_2023_d04baa2f_00173_6594022177d1,Early Adolescent Skills for Emotions (EASE),interventions,direct_user_support,normal,P0,pending,,group psychological help for young adolescents impaired by distress in communities exposed to adversity Table 4. Demographic information of the caregiver. 1. What is your gender? 2. How old are you? _____ years 3. How many years of school have you completed? _
WHO_EASE_INTERVENTION_2023,WHO_EASE_INTERVENTION_2023_d04baa2f_00174_3c23012e102c,Early Adolescent Skills for Emotions (EASE),interventions,direct_user_support,normal,P0,pending,,2. Measure of emotional distress. Include a measure of the caregiver’s emotional distress. You may use a broad measure of emotional distress (such as the Self-Reporting Questionnaire-20 (SRQ-20) 15 or the General Health Questionnaire-12 (GHQ-12) 16 or measures
WHO_EASE_INTERVENTION_2023,WHO_EASE_INTERVENTION_2023_d04baa2f_00175_ce3092028c42,Early Adolescent Skills for Emotions (EASE),interventions,direct_user_support,normal,P0,pending,,Summarize the results of the caregiver assessment in the next step (see Step 4 (pre): summarizing the assessments and giving feedback). Step 4 (pre): summarizing the assessments and giving feedback Summarize the results of the adolescent and caregiver assessme
WHO_EASE_INTERVENTION_2023,WHO_EASE_INTERVENTION_2023_d04baa2f_00176_d28788a973d0,Early Adolescent Skills for Emotions (EASE),interventions,direct_user_support,normal,P0,pending,,"19 Jellinek MS, Murphy JM, Little M, Pagano ME, Comer DM, Kelleher KJ. Use of the Pediatric Symptom Checklist to screen for psychosocial problems in pediatric primary care: a national feasibility study. Arch Pediatr Adolesc Med. 1999;153(3):254–260. doi:10.100"
WHO_EASE_INTERVENTION_2023,WHO_EASE_INTERVENTION_2023_d04baa2f_00177_9cfdd1854ddc,Early Adolescent Skills for Emotions (EASE),interventions,direct_user_support,normal,P0,pending,,group psychological help for young adolescents impaired by distress in communities exposed to adversity Table 5. Summary of the pre-intervention assessments. MEASURE RESULT RESPONSE IF THE RESULT IS “YES” Reasons that EASE may not be suitable for the adolescen
WHO_EASE_INTERVENTION_2023,WHO_EASE_INTERVENTION_2023_d04baa2f_00178_cdf4e8e743e0,Early Adolescent Skills for Emotions (EASE),interventions,direct_user_support,normal,P0,pending,,Does the adolescent display behaviours that would be disruptive in the group (such as violent or aggressive behaviours) or shows that it would be difficult for them to follow instructions? Yes / No Link with appropriate care. 5. Are there indications of acute 
WHO_EASE_INTERVENTION_2023,WHO_EASE_INTERVENTION_2023_d04baa2f_00179_7ec4ab23d7a2,Early Adolescent Skills for Emotions (EASE),interventions,direct_user_support,normal,P0,pending,,"If any of the questions 1 to 5 in Table 5 are answered YES, then EASE is not suitable: Link the adolescent with appropriate services. Go to Step 4c (pre): What to say if EASE is not suitable. If both questions 6 and 7 in Table 5 are below cut-off (i.e. the ado"
WHO_EASE_INTERVENTION_2023,WHO_EASE_INTERVENTION_2023_d04baa2f_00180_5a1ce35feff0,Early Adolescent Skills for Emotions (EASE),interventions,direct_user_support,normal,P0,pending,,"the adolescent does appear to have significant internalizing problems), then EASE may be suitable: If both the adolescent and the caregiver score above cut-off on child internalizing problems: Invite the adolescent and caregiver to participate in EASE. c Go to"
WHO_EASE_INTERVENTION_2023,WHO_EASE_INTERVENTION_2023_d04baa2f_00181_8c954c38d174,Early Adolescent Skills for Emotions (EASE),interventions,direct_user_support,normal,P0,pending,,"Step 4a (pre): information to share with the caregiver when EASE is suitable 1. Briefly explain the adolescent session content. Materials: Adolescents’ workbook; Vicious Cycle poster; Stop, Think, Go poster; and Adolescent Skills handout. It is helpful for car"
WHO_EASE_INTERVENTION_2023,WHO_EASE_INTERVENTION_2023_d04baa2f_00182_a76acb75f429,Early Adolescent Skills for Emotions (EASE),interventions,direct_user_support,normal,P0,pending,,group psychological help for young adolescents impaired by distress in communities exposed to adversity Skill 1: Understanding My Feelings. This skill is all about the adolescents learning to identify their own feelings. This will help them decide what the bes
WHO_EASE_INTERVENTION_2023,WHO_EASE_INTERVENTION_2023_d04baa2f_00183_5f21e740c57b,Early Adolescent Skills for Emotions (EASE),interventions,direct_user_support,normal,P0,pending,,"This skill is all about the adolescents learning how to help calm their bodies when they are feeling big feelings like stress, worry or anger. It is called Slow Breathing. The adolescents will be taught how to breathe slowly from their stomachs and will be ask"
WHO_EASE_INTERVENTION_2023,WHO_EASE_INTERVENTION_2023_d04baa2f_00184_42a7c109963d,Early Adolescent Skills for Emotions (EASE),interventions,direct_user_support,normal,P0,pending,,"Activities might include seeing their friends, helping someone, listening to music, doing craft, playing sport, or doing some form of work, such as household chores or school work. Once they have selected their activity, they will be asked to break this activi"
WHO_EASE_INTERVENTION_2023,WHO_EASE_INTERVENTION_2023_d04baa2f_00185_849ec116b84c,Early Adolescent Skills for Emotions (EASE),interventions,direct_user_support,normal,P0,pending,,"For example, an adolescent might ask for permission to meet their friend at night when it is not safe, or might ask for permission to go to a social event at night when they have a school test the next day. Skill 4: Managing My Problems. This skill is all abou"
WHO_EASE_INTERVENTION_2023,WHO_EASE_INTERVENTION_2023_d04baa2f_00186_cbfc55c7bb97,Early Adolescent Skills for Emotions (EASE),interventions,direct_user_support,normal,P0,pending,,"2. Briefly explain the caregiver session content. These sessions aim to help caregivers help their child to feel better. They will cover learning skills on listening, recognizing and responding to feelings, how to boost a child’s confidence and how to make sur"
WHO_EASE_INTERVENTION_2023,WHO_EASE_INTERVENTION_2023_d04baa2f_00187_27357f29796c,Early Adolescent Skills for Emotions (EASE),interventions,direct_user_support,normal,P0,pending,,"Reiterate that it is the same for the adolescents – the more they come to their sessions, the better able they will be to cope. Many adolescents have reported being better able to manage big emotions, feeling more positive in their daily life, having better re"
WHO_EASE_INTERVENTION_2023,WHO_EASE_INTERVENTION_2023_d04baa2f_00188_4634238fd9c3,Early Adolescent Skills for Emotions (EASE),interventions,direct_user_support,normal,P0,pending,,"If caregiver tells you they feel stigmatized or have a fear of being stigmatized, explain that emotional distress is not uncommon. Praise them for seeking support by coming to this assessment. “It is a common belief that experiencing emotional distress means t"
WHO_EASE_INTERVENTION_2023,WHO_EASE_INTERVENTION_2023_d04baa2f_00189_c666d10c0192,Early Adolescent Skills for Emotions (EASE),interventions,direct_user_support,normal,P0,pending,,group psychological help for young adolescents impaired by distress in communities exposed to adversity Step 4b (pre): what to say and do when adolescent and caregiver reports are different It is possible that the adolescent and caregiver have different pre-in
WHO_EASE_INTERVENTION_2023,WHO_EASE_INTERVENTION_2023_d04baa2f_00190_3d9122942f82,Early Adolescent Skills for Emotions (EASE),interventions,direct_user_support,normal,P0,pending,,"For example, some adolescents tell me they are feeling okay. But their caregiver may think that their child is feeling sad. Or it could be the other way around. Sometimes adolescents may say they are feeling very sad, but their caregiver says their child seems"
WHO_EASE_INTERVENTION_2023,WHO_EASE_INTERVENTION_2023_d04baa2f_00191_4a2cd9c687b2,Early Adolescent Skills for Emotions (EASE),interventions,direct_user_support,normal,P0,pending,,Both adolescent and caregiver will need to consent to participate in EASE (see Step 5 (pre)). Step 4c (pre): what to say if EASE is not suitable Below there are different scripts provided for the different reasons that a person could be excluded from EASE. Ref
WHO_EASE_INTERVENTION_2023,WHO_EASE_INTERVENTION_2023_d04baa2f_00192_ee70cce2f2e6,Early Adolescent Skills for Emotions (EASE),interventions,direct_user_support,normal,P0,pending,,"It seems that you and your caregiver both agree that you are coping well with things at the moment, and so this intervention is not really something you need. Keep looking after yourselves, as you are already doing, and thank you for giving me your time and fo"
WHO_EASE_INTERVENTION_2023,WHO_EASE_INTERVENTION_2023_d04baa2f_00193_e35a33725111,Early Adolescent Skills for Emotions (EASE),interventions,direct_user_support,normal,P0,pending,,"2. The adolescent is at imminent risk of suicide. If you are concerned about an adolescent’s safety, the first step is to get them the support that they need to keep themselves safe. Once the adolescent is not at imminent risk of suicide, it might be a good ti"
WHO_EASE_INTERVENTION_2023,WHO_EASE_INTERVENTION_2023_d04baa2f_00194_ad82aa4f1673,Early Adolescent Skills for Emotions (EASE),interventions,direct_user_support,normal,P0,pending,,"I would like to organize some support to help ensure that we keep you safe, as that is our number one priority. First I need to tell your caregivers [or name alternative caregiver] what you have told me. Do you have any concerns about me doing this? I will als"
WHO_EASE_INTERVENTION_2023,WHO_EASE_INTERVENTION_2023_d04baa2f_00195_64ecf73f6c43,Early Adolescent Skills for Emotions (EASE),interventions,direct_user_support,normal,P0,pending,,"Be sure to connect them with appropriate specialists or services. 3. Adolescents with severe mental, neurological, substance use or behavioural disorders. The adolescent may require individualized support and need to be referred to suitable services. “Thank yo"
WHO_EASE_INTERVENTION_2023,WHO_EASE_INTERVENTION_2023_d04baa2f_00196_aa2fa610a7ee,Early Adolescent Skills for Emotions (EASE),interventions,direct_user_support,normal,P0,pending,,State the specific reason why the intervention is not suitable for them. Be sure to connect them with appropriate specialists or services. 20 There may be some exceptional circumstances where it is not possible to tell caregivers. This also depends on local la
WHO_EASE_INTERVENTION_2023,WHO_EASE_INTERVENTION_2023_d04baa2f_00197_dc2c6c8cf4e6,Early Adolescent Skills for Emotions (EASE),interventions,direct_user_support,normal,P0,pending,,"group psychological help for young adolescents impaired by distress in communities exposed to adversity 4. Risk of violence in family or household. If you are concerned about an adolescent’s safety, then your priority must be to make sure they are safe. Once t"
WHO_EASE_INTERVENTION_2023,WHO_EASE_INTERVENTION_2023_d04baa2f_00198_dda240241e7e,Early Adolescent Skills for Emotions (EASE),interventions,direct_user_support,normal,P0,pending,,"It sounds like you are having a very difficult time at home and I am concerned about your safety at the moment, because you said [repeat what adolescent said regarding family violence]. I would like to organize some help for you and your family. To do this, I "
WHO_EASE_INTERVENTION_2023,WHO_EASE_INTERVENTION_2023_d04baa2f_00199_b41ad05047ff,Early Adolescent Skills for Emotions (EASE),interventions,direct_user_support,normal,P0,pending,,"EASE can help adolescents with internalizing problems such as sadness, anxiety and stress. It is a group intervention with other adolescents who experience similar problems. It happens once a week for seven weeks. The caregiver will join another group with oth"
WHO_EASE_INTERVENTION_2023,WHO_EASE_INTERVENTION_2023_d04baa2f_00200_b7f129967fdb,Early Adolescent Skills for Emotions (EASE),interventions,direct_user_support,normal,P0,pending,,"In cases where it is not possible, verbal consent is sufficient. It is okay for the adolescent and caregiver to have time to consider their participation. For example, you can arrange to come back or call at another time if they wish to think about participati"
WHO_EASE_INTERVENTION_2023,WHO_EASE_INTERVENTION_2023_d04baa2f_00201_439de127e1bf,Early Adolescent Skills for Emotions (EASE),interventions,direct_user_support,normal,P0,pending,,"For example, say this to the adolescent: “Do you have any questions about the intervention or anything else? Do you give permission to participate in EASE? Please know that giving permission now does not mean that you cannot change your mind. You can always st"
WHO_EASE_INTERVENTION_2023,WHO_EASE_INTERVENTION_2023_d04baa2f_00202_11419b99e7c7,Early Adolescent Skills for Emotions (EASE),interventions,direct_user_support,normal,P0,pending,,group psychological help for young adolescents impaired by distress in communities exposed to adversity 4.3. The post-intervention assessment protocol Figure 2 shows the post-intervention assessment steps to follow with the adolescent and their caregiver. The 
WHO_EASE_INTERVENTION_2023,WHO_EASE_INTERVENTION_2023_d04baa2f_00203_8f4e3ee95aac,Early Adolescent Skills for Emotions (EASE),interventions,direct_user_support,normal,P0,pending,,"If feasible, it is best if the helper completing the post-intervention assessment is not the helper who led on delivering EASE. This may help adolescents or caregivers to speak more openly and give honest answers about how they feel after the intervention. It "
WHO_EASE_INTERVENTION_2023,WHO_EASE_INTERVENTION_2023_d04baa2f_00204_2ecb1ce81123,Early Adolescent Skills for Emotions (EASE),interventions,direct_user_support,normal,P0,pending,,POST -INTERVENTION ASSESSMENT Step 1 (post): introductions and consent The adolescent and the caregiver will be together for Step 1 (post): introductions and verbal consent. Provide information to the adolescent and their caregiver about the purpose of the ass
WHO_EASE_INTERVENTION_2023,WHO_EASE_INTERVENTION_2023_d04baa2f_00205_fbbda8b132be,Early Adolescent Skills for Emotions (EASE),interventions,direct_user_support,normal,P0,pending,,"It is important to answer honestly, even if you think I might not like your answer. This is because EASE may not help everyone. We need to monitor when it works, but also when it doesn’t. Or if there are any problems with the group.”"
WHO_EASE_INTERVENTION_2023,WHO_EASE_INTERVENTION_2023_d04baa2f_00206_7645a0987713,Early Adolescent Skills for Emotions (EASE),interventions,direct_user_support,normal,P0,pending,,Make sure the adolescent and caregiver understand what information will be kept confidential and who this information will be shared with (see section 3.1.1). All information is kept confidential unless the adolescent or caregiver gives you permission to share
WHO_EASE_INTERVENTION_2023,WHO_EASE_INTERVENTION_2023_d04baa2f_00207_02740ad906e3,Early Adolescent Skills for Emotions (EASE),interventions,direct_user_support,normal,P0,pending,,group psychological help for young adolescents impaired by distress in communities exposed to adversity “What you say will be kept confidential. I [or ‘we’ in case other adult from organization for safeguarding is present] cannot tell anyone else what you tell
WHO_EASE_INTERVENTION_2023,WHO_EASE_INTERVENTION_2023_d04baa2f_00208_14499b6c23d3,Early Adolescent Skills for Emotions (EASE),interventions,direct_user_support,normal,P0,pending,,"5. Tell the adolescent and their caregiver what will happen in the assessment. “The questions I have for you today will sound familiar, as they are the same questions you were both asked before the intervention started. However, now we are interested in how yo"
WHO_EASE_INTERVENTION_2023,WHO_EASE_INTERVENTION_2023_d04baa2f_00209_3a089a03409b,Early Adolescent Skills for Emotions (EASE),interventions,direct_user_support,normal,P0,pending,,6. Get permission from the adolescent and consent from their caregiver to complete the assessment. Give the adolescent and their caregiver an opportunity to ask questions about the assessment. You must obtain permission to do the assessment from the adolescent
WHO_EASE_INTERVENTION_2023,WHO_EASE_INTERVENTION_2023_d04baa2f_00210_b52d56a51626,Early Adolescent Skills for Emotions (EASE),interventions,direct_user_support,normal,P0,pending,,"Do you give permission to do the assessment to find out how you have been feeling lately? You can always stop with the assessment if you do not want to continue.” “Do you have any questions about today’s assessment or anything else? As caregiver, do you give c"
WHO_EASE_INTERVENTION_2023,WHO_EASE_INTERVENTION_2023_d04baa2f_00211_3ebe27353d4a,Early Adolescent Skills for Emotions (EASE),interventions,direct_user_support,normal,P0,pending,,"7. Start the assessment after the adolescent has given permission to participate in the assessment and the caregiver has given consent for both of them to participate in the assessments. Step 2 (post): questions for the adolescent Remember that, for child safe"
WHO_EASE_INTERVENTION_2023,WHO_EASE_INTERVENTION_2023_d04baa2f_00212_28a409fd5fa0,Early Adolescent Skills for Emotions (EASE),interventions,direct_user_support,normal,P0,pending,,"Reassess participants for imminent risk of self-harm/suicide if a) they indicated a risk of suicide at the pre-intervention assessment, b) they experience mental, neurological or substance use disorders, or c) they report acute emotional distress (e.g. indicat"
WHO_EASE_INTERVENTION_2023,WHO_EASE_INTERVENTION_2023_d04baa2f_00213_bd9499225798,Early Adolescent Skills for Emotions (EASE),interventions,direct_user_support,normal,P0,pending,,Indications of immediate risk of acute protection needs. Adolescents with acute protection risks (e.g. family violence) should be referred to child protection support. Organizations should determine their means for assessing for protection risks and where avai
WHO_EASE_INTERVENTION_2023,WHO_EASE_INTERVENTION_2023_d04baa2f_00214_77cdd60847c6,Early Adolescent Skills for Emotions (EASE),interventions,direct_user_support,normal,P0,pending,,"group psychological help for young adolescents impaired by distress in communities exposed to adversity 4. Evaluation of the intervention. Find out about the adolescent’s experiences of EASE, such as by asking: c “How do you feel EASE has been beneficial, neut"
WHO_EASE_INTERVENTION_2023,WHO_EASE_INTERVENTION_2023_d04baa2f_00215_a49b094e6d63,Early Adolescent Skills for Emotions (EASE),interventions,direct_user_support,normal,P0,pending,,"Step 3 (post): questions for the caregiver Invite the caregiver to do the assessment. If feasible and safe for them to do so, let the adolescent wait in another room with another family member or leave the door open so the adolescent is not entirely alone but "
WHO_EASE_INTERVENTION_2023,WHO_EASE_INTERVENTION_2023_d04baa2f_00216_da186ed96fc0,Early Adolescent Skills for Emotions (EASE),interventions,direct_user_support,normal,P0,pending,,"3. Evaluation of the intervention. Find out about the caregiver’s experience of EASE, such as by asking: c “What did you like or find most helpful about EASE? ” c “How do you feel EASE has been beneficial, neutral or unhelpful for you? ” c “How do you feel EAS"
WHO_EASE_INTERVENTION_2023,WHO_EASE_INTERVENTION_2023_d04baa2f_00217_0678e26cf987,Early Adolescent Skills for Emotions (EASE),interventions,direct_user_support,normal,P0,pending,,Step 4 (post): summarizing the assessments and giving feedback Summarize the results of the adolescent and caregiver assessments in the summary table (see Table 6). Table 6. Summary of the post-intervention assessments. MEASURE SCORE RESPONSE IF THE RESULT IS 
WHO_EASE_INTERVENTION_2023,WHO_EASE_INTERVENTION_2023_d04baa2f_00218_9b2b6b9fcd78,Early Adolescent Skills for Emotions (EASE),interventions,direct_user_support,normal,P0,pending,,"group psychological help for young adolescents impaired by distress in communities exposed to adversity If an adolescent and caregiver report fewer internalizing problems for the adolescent (e.g. below cut-off), thank them for participating in the post-interve"
WHO_EASE_INTERVENTION_2023,WHO_EASE_INTERVENTION_2023_d04baa2f_00219_7950e3ac177a,Early Adolescent Skills for Emotions (EASE),interventions,direct_user_support,normal,P0,pending,,"c You may need to refer the adolescent on to a specialist (ideally a pediatrician or a mental health professional). c If your organization provides counselling sessions, you can also consider offering one or two individual counselling sessions. This option is "
WHO_EASE_INTERVENTION_2023,WHO_EASE_INTERVENTION_2023_d04baa2f_00220_e95cf9e9c7b5,Early Adolescent Skills for Emotions (EASE),interventions,direct_user_support,normal,P0,pending,,"” Sometimes adolescents have shown improvements but continue to experience mild internalizing problems. This is common. c Encourage these participants to keep practising their EASE skills. c If feasible, you can consider to call them in two to three months’ ti"
WHO_EASE_INTERVENTION_2023,WHO_EASE_INTERVENTION_2023_d04baa2f_00221_f03bfd1bbfd1,Early Adolescent Skills for Emotions (EASE),interventions,direct_user_support,normal,P0,pending,,Part B: The intervention group psychological help for young adolescents impaired by distress in communities exposed to adversity
WHO_EASE_INTERVENTION_2023,WHO_EASE_INTERVENTION_2023_d04baa2f_00222_61ba7a33da75,Early Adolescent Skills for Emotions (EASE),interventions,direct_user_support,normal,P0,pending,,Adolescent session 1. SESSION AIMS Promote group cohesion. Educate participants on EASE and why it will help them. Build skills to understand and identify emotions accurately. Identify strengths. activity 1.1. introductions Get to know relax introductory games
WHO_EASE_INTERVENTION_2023,WHO_EASE_INTERVENTION_2023_d04baa2f_00223_80949ff53ecc,Early Adolescent Skills for Emotions (EASE),interventions,direct_user_support,normal,P0,pending,,group psychological help for young adolescents impaired by distress in communities exposed to adversity activity 1.6. Externalizing separate knowledge about different Sadness (preferably coloured) activity 1.7. Identifying personal adolescents are experiencing
WHO_EASE_INTERVENTION_2023,WHO_EASE_INTERVENTION_2023_d04baa2f_00224_c237f3f4ddb2,Early Adolescent Skills for Emotions (EASE),interventions,direct_user_support,normal,P0,pending,,"Adolescent activity 1.1. and introductions 15 minutes Help participants relax introductory activity games (if needed) 1. Welcome the group. 2. Helpers introduce themselves. Say your name, something about yourself which you are comfortable to share. Describe yo"
WHO_EASE_INTERVENTION_2023,WHO_EASE_INTERVENTION_2023_d04baa2f_00225_5601fee4b4f9,Early Adolescent Skills for Emotions (EASE),interventions,direct_user_support,normal,P0,pending,,"Example introductory activity Ask participants to form two lines and stand opposite each other in pairs. They have one minute to introduce themselves to the person opposite them. You can suggest some questions, such as: “What is your name? Who do you live with"
WHO_EASE_INTERVENTION_2023,WHO_EASE_INTERVENTION_2023_d04baa2f_00226_64c98f33f94b,Early Adolescent Skills for Emotions (EASE),interventions,direct_user_support,normal,P0,pending,,group psychological help for young adolescents impaired by distress in communities exposed to adversity Adolescent activity 1.2. Review of EASE 5 minutes Give an overview of the aims of EASE 1. Briefly describe the aims of EASE. Say we will learn skills to hel
WHO_EASE_INTERVENTION_2023,WHO_EASE_INTERVENTION_2023_d04baa2f_00227_cc07c9ca297b,Early Adolescent Skills for Emotions (EASE),interventions,direct_user_support,normal,P0,pending,,"c EASE sessions will be different from school. Explain that participants’ caregivers will also be meeting together to learn some skills to help the participants as well. 3. Allow a brief time for participants to ask questions about EASE. For example, ask: “Doe"
WHO_EASE_INTERVENTION_2023,WHO_EASE_INTERVENTION_2023_d04baa2f_00228_280c93915fb3,Early Adolescent Skills for Emotions (EASE),interventions,direct_user_support,normal,P0,pending,,Adolescent activity 1.3. Group rules 5 minutes Set rules and expectations for how to behave in the Promote cohesion within the group 1. Explain that we need to create a safe environment. 2. Invite participants to identify group rules. “Rules for our group can 
WHO_EASE_INTERVENTION_2023,WHO_EASE_INTERVENTION_2023_d04baa2f_00229_086fb0bcb6c9,Early Adolescent Skills for Emotions (EASE),interventions,direct_user_support,normal,P0,pending,,Notes for helper before explaining confidentiality Confidentiality is about privacy. Everyone is responsible for keeping what is discussed in the group private. Privacy means that adolescents can talk to others about the skills they have learned and their own 
WHO_EASE_INTERVENTION_2023,WHO_EASE_INTERVENTION_2023_d04baa2f_00230_8cdbaada3a8a,Early Adolescent Skills for Emotions (EASE),interventions,direct_user_support,normal,P0,pending,,group psychological help for young adolescents impaired by distress in communities exposed to adversity Confidentiality will only be broken by the helper to help keep people safe if 1) they are at risk of hurting themselves 2) there is a risk of them hurting s
WHO_EASE_INTERVENTION_2023,WHO_EASE_INTERVENTION_2023_d04baa2f_00231_88190cd2d37c,Early Adolescent Skills for Emotions (EASE),interventions,direct_user_support,normal,P0,pending,,"For example, you can tell your caregivers what you discussed and learned today, but you should not say what the others in this group have discussed. This is because some topics that are not private for you can be private for other people in this group. So we s"
WHO_EASE_INTERVENTION_2023,WHO_EASE_INTERVENTION_2023_d04baa2f_00232_88520df5b546,Early Adolescent Skills for Emotions (EASE),interventions,direct_user_support,normal,P0,pending,,Sometimes people have thoughts that their life is not worth living or they wish they would fall sleep and not wake up [or use another culturally appropriate phrase to describe suicidal thinking]. These thoughts are not uncommon. You do not need to feel ashamed
WHO_EASE_INTERVENTION_2023,WHO_EASE_INTERVENTION_2023_d04baa2f_00233_3674ec2b1099,Early Adolescent Skills for Emotions (EASE),interventions,direct_user_support,normal,P0,pending,,"This also includes if you tell me that another person is at risk of hurting themselves, hurting someone else or being hurt by someone else, for example a sibling or another family member. I have to break privacy in these three situations because it is my job t"
WHO_EASE_INTERVENTION_2023,WHO_EASE_INTERVENTION_2023_d04baa2f_00234_be3a7d952609,Early Adolescent Skills for Emotions (EASE),interventions,direct_user_support,normal,P0,pending,,"Because of this, there are a few topics that you should talk with helpers about individually. Please do not feel worried or ashamed about sharing your difficult experiences with us as we are here to support you. We are experienced in hearing these difficult st"
WHO_EASE_INTERVENTION_2023,WHO_EASE_INTERVENTION_2023_d04baa2f_00235_36763810a288,Early Adolescent Skills for Emotions (EASE),interventions,direct_user_support,normal,P0,pending,,"Adolescent activity 1.4. Introducing the story 5 minutes Introduce participants to the story Storybook None 1. Read story: show Picture 1 and read Text 1. Ask participants to help create the story, by asking the questions in the storybook (see Text 1)."
WHO_EASE_INTERVENTION_2023,WHO_EASE_INTERVENTION_2023_d04baa2f_00236_9cb110cc69d7,Early Adolescent Skills for Emotions (EASE),interventions,direct_user_support,normal,P0,pending,,group psychological help for young adolescents impaired by distress in communities exposed to adversity Adolescent activity 1.5. My Feelings 10 minutes Learn about different feelings that arise from Learn how to accurately identify feelings 1. Introduce the ac
WHO_EASE_INTERVENTION_2023,WHO_EASE_INTERVENTION_2023_d04baa2f_00237_67e0ea4f8c18,Early Adolescent Skills for Emotions (EASE),interventions,direct_user_support,normal,P0,pending,,Participants can look at the Feelings Chart poster for ideas of different feelings. Prompt with questions if they are having difficulty identifying feelings. “Kian did not want to sing with his sister. What did he feel about this? ”
WHO_EASE_INTERVENTION_2023,WHO_EASE_INTERVENTION_2023_d04baa2f_00238_42a553bec9e9,Early Adolescent Skills for Emotions (EASE),interventions,direct_user_support,normal,P0,pending,,"Ask participants about different feelings for the same event. It is okay for participants to choose different feelings for the same event (e.g. happy, excited and relaxed when Kian listens to music). If participants do not suggest different feelings for the sa"
WHO_EASE_INTERVENTION_2023,WHO_EASE_INTERVENTION_2023_d04baa2f_00239_8e89945250f8,Early Adolescent Skills for Emotions (EASE),interventions,direct_user_support,normal,P0,pending,,group psychological help for young adolescents impaired by distress in communities exposed to adversity Adolescent activity 1.6. Externalizing feelings 25 minutes Learn to separate feelings Improve knowledge about different feelings Sadness poster Pens or penc
WHO_EASE_INTERVENTION_2023,WHO_EASE_INTERVENTION_2023_d04baa2f_00240_6455c1ed4013,Early Adolescent Skills for Emotions (EASE),interventions,direct_user_support,normal,P0,pending,,"Identify features of the Sadness poster. Show the Sadness poster, or choose another image that is more appropriate for your group, or draw your own version of this character. Invite participants to identify different features of the character (e.g. colour, hei"
WHO_EASE_INTERVENTION_2023,WHO_EASE_INTERVENTION_2023_d04baa2f_00241_d85a0bb0204a,Early Adolescent Skills for Emotions (EASE),interventions,direct_user_support,normal,P0,pending,,"2. Externalizing feelings: pair or individual activity (15 minutes) Organize the group into pairs or individuals. Tell each pair or each individual participant one feeling from the Feelings Chart poster. Do this quietly, so that the other participants do not o"
WHO_EASE_INTERVENTION_2023,WHO_EASE_INTERVENTION_2023_d04baa2f_00242_460aa18602c9,Early Adolescent Skills for Emotions (EASE),interventions,direct_user_support,normal,P0,pending,,"After each presentation, the helper can comment positively on the creative features of each character. “We all have feelings living inside of us. Some feelings are nice to have, such as feeling excited or proud or relaxed. And some feelings can be more difficu"
WHO_EASE_INTERVENTION_2023,WHO_EASE_INTERVENTION_2023_d04baa2f_00243_6f69a4bc5694,Early Adolescent Skills for Emotions (EASE),interventions,direct_user_support,normal,P0,pending,,This is a sign that we need to manage the big feelings so that they do not mess things up for us. Understanding our feelings and learning how to notice them is the first step to managing the big feelings. Now we will talk about how we can learn to notice our f
WHO_EASE_INTERVENTION_2023,WHO_EASE_INTERVENTION_2023_d04baa2f_00244_62a47cea738f,Early Adolescent Skills for Emotions (EASE),interventions,direct_user_support,normal,P0,pending,,group psychological help for young adolescents impaired by distress in communities exposed to adversity Adolescent activity 1.7. Identifying personal feelings 25 minutes Learn to identify feelings adolescents are experiencing Learn how to identify feelings tha
WHO_EASE_INTERVENTION_2023,WHO_EASE_INTERVENTION_2023_d04baa2f_00245_ec9676f83b0b,Early Adolescent Skills for Emotions (EASE),interventions,direct_user_support,normal,P0,pending,,"Use the Feelings Pot poster to demonstrate how to complete the Feelings Pot. Tell participants about one event from your day and what feeling you had because of it. Then explain that you will choose either a colour, a shape, a pattern, or draw a character to r"
WHO_EASE_INTERVENTION_2023,WHO_EASE_INTERVENTION_2023_d04baa2f_00246_241f49106e5e,Early Adolescent Skills for Emotions (EASE),interventions,direct_user_support,normal,P0,pending,,"Demonstrate the Feelings Pot with one participant. Ask one participant to share one thing from their day and what feeling they had because of it. Ask the participant how they will choose to represent it: either as a colour, a shape, a pattern, or by drawing a "
WHO_EASE_INTERVENTION_2023,WHO_EASE_INTERVENTION_2023_d04baa2f_00247_3cb4d59b5b17,Early Adolescent Skills for Emotions (EASE),interventions,direct_user_support,normal,P0,pending,,"Then ask them to think about all the feelings they experienced during the day, including the feelings associated with the main events. Tell participants that the page before their Feelings Pot includes the Feelings Chart. It will help remind them of many diffe"
WHO_EASE_INTERVENTION_2023,WHO_EASE_INTERVENTION_2023_d04baa2f_00248_8c9a27b19db8,Early Adolescent Skills for Emotions (EASE),interventions,direct_user_support,normal,P0,pending,,"For example, they could choose to use: c different colours, like Kian (for example, blue for sad, green for worry, yellow for happy etc.); or c if participants do not have coloured pencils, they can use different shapes (for example, squares for sad or triangl"
WHO_EASE_INTERVENTION_2023,WHO_EASE_INTERVENTION_2023_d04baa2f_00249_c408eaa7e3c3,Early Adolescent Skills for Emotions (EASE),interventions,direct_user_support,normal,P0,pending,,"Similarly, the less or the smaller they draw their feeling, the less they experienced that feeling today. Share with the group. Invite participants to share their Feelings Pot with the group, but only if they would like to. Ask them to talk about what happened"
WHO_EASE_INTERVENTION_2023,WHO_EASE_INTERVENTION_2023_d04baa2f_00250_43512d273aa7,Early Adolescent Skills for Emotions (EASE),interventions,direct_user_support,normal,P0,pending,,"group psychological help for young adolescents impaired by distress in communities exposed to adversity “We all experience different feelings even in one day. And each day these feelings can be different sizes. One day we might feel lots of sadness, but on ano"
WHO_EASE_INTERVENTION_2023,WHO_EASE_INTERVENTION_2023_d04baa2f_00251_6e2c97b12613,Early Adolescent Skills for Emotions (EASE),interventions,direct_user_support,normal,P0,pending,,"For instance, if I feel very angry the big feeling can make me say impolite words to my sibling which upsets them. Or if I feel very scared of something, I can avoid it and stay home with my family, and miss out on something really enjoyable.” Read story: show"
WHO_EASE_INTERVENTION_2023,WHO_EASE_INTERVENTION_2023_d04baa2f_00252_7863b82b6d38,Early Adolescent Skills for Emotions (EASE),interventions,direct_user_support,normal,P0,pending,,"If they do not mention them, give examples where big feelings can make it hard to: c concentrate c play with friends c do chores or schoolwork c not fight with others c not run away from situations."
WHO_EASE_INTERVENTION_2023,WHO_EASE_INTERVENTION_2023_d04baa2f_00253_f801b1fd101b,Early Adolescent Skills for Emotions (EASE),interventions,direct_user_support,normal,P0,pending,,"Explain that when feelings mess up things for us, we need to manage them. “In this group we are going to focus on these big feelings and learn better ways to cope with them. These feelings can happen because of problems you and other young people experience, s"
WHO_EASE_INTERVENTION_2023,WHO_EASE_INTERVENTION_2023_d04baa2f_00254_f0d1f0b75e0e,Early Adolescent Skills for Emotions (EASE),interventions,direct_user_support,normal,P0,pending,,group psychological help for young adolescents impaired by distress in communities exposed to adversity Adolescent activity 1.8. One square paper for each participant “Today we have learned a lot about different types of feelings. We have practised how to iden
WHO_EASE_INTERVENTION_2023,WHO_EASE_INTERVENTION_2023_d04baa2f_00255_07aceab7aca2,Early Adolescent Skills for Emotions (EASE),interventions,direct_user_support,normal,P0,pending,,"Participants fold their paper. Give participants a square piece of paper (you may have to cut a piece of paper into a square) and a pen or pencil. Ask them to fold the paper in half, then in half again, then in half again. Ask them to open the piece of the pap"
WHO_EASE_INTERVENTION_2023,WHO_EASE_INTERVENTION_2023_d04baa2f_00256_2a8176ef8b24,Early Adolescent Skills for Emotions (EASE),interventions,direct_user_support,normal,P0,pending,,group psychological help for young adolescents impaired by distress in communities exposed to adversity Adolescent session 2. SESSION AIMS Consolidate learning from session 1. Learn how problems and feelings can affect the body. Learn a coping skill to help ca
WHO_EASE_INTERVENTION_2023,WHO_EASE_INTERVENTION_2023_d04baa2f_00257_22a45a6e9ad3,Early Adolescent Skills for Emotions (EASE),interventions,direct_user_support,normal,P0,pending,,activity 2.3. Feelings and the body is affected by problems and Body Map activity 2.4. Calming My Body Learn a skill to calm the body Annex 1. disclosures of abuse and suicide risk Annex 6. Two to Slow activity 2.5.
WHO_EASE_INTERVENTION_2023,WHO_EASE_INTERVENTION_2023_d04baa2f_00258_4d81eb4c7641,Early Adolescent Skills for Emotions (EASE),interventions,direct_user_support,normal,P0,pending,,"group psychological help for young adolescents impaired by distress in communities exposed to adversity Adolescent activity 2.1. Consolidate learning from session 1 Learn to express, identify and understand feelings A ball or other object to throw (such as a c"
WHO_EASE_INTERVENTION_2023,WHO_EASE_INTERVENTION_2023_d04baa2f_00259_4160897eac62,Early Adolescent Skills for Emotions (EASE),interventions,direct_user_support,normal,P0,pending,,The helper throws the ball to a participant and says “act out a feeling with your face or body but do not tell us what the feeling is.” The participant acts out the feeling with their whole body. The other participants have to guess the feeling.
WHO_EASE_INTERVENTION_2023,WHO_EASE_INTERVENTION_2023_d04baa2f_00260_0568cc3af7aa,Early Adolescent Skills for Emotions (EASE),interventions,direct_user_support,normal,P0,pending,,Continue (for younger and older participants). Then the participant throws the ball to another participant and repeats the question. Repeat until all participants have a minimum of one turn. It is okay to use the same feeling that another participant has menti
WHO_EASE_INTERVENTION_2023,WHO_EASE_INTERVENTION_2023_d04baa2f_00261_be3fb5dbbc19,Early Adolescent Skills for Emotions (EASE),interventions,direct_user_support,normal,P0,pending,,group psychological help for young adolescents impaired by distress in communities exposed to adversity Adolescent activity 2.2. Review session 1 and review home practice 15 minutes the previous session that participants did not Feelings Pot poster (from 1. Gi
WHO_EASE_INTERVENTION_2023,WHO_EASE_INTERVENTION_2023_d04baa2f_00262_b479487e8e6e,Early Adolescent Skills for Emotions (EASE),interventions,direct_user_support,normal,P0,pending,,"Help participants manage any problems with home practice (see Annexes 3 and 4). If there are some participants who are unwilling to share their home practice, at the end of the session, privately ask the participants if they had any problems and help them solv"
WHO_EASE_INTERVENTION_2023,WHO_EASE_INTERVENTION_2023_d04baa2f_00263_0ea6fe0a5a0d,Early Adolescent Skills for Emotions (EASE),interventions,direct_user_support,normal,P0,pending,,"If a participant was absent for the last session, invite a participant who was present to describe what the Feelings Pot is and how to use it in two minutes. Start home practice review. Then ask the following questions to both review the story and help partici"
WHO_EASE_INTERVENTION_2023,WHO_EASE_INTERVENTION_2023_d04baa2f_00264_496608f485c1,Early Adolescent Skills for Emotions (EASE),interventions,direct_user_support,normal,P0,pending,,Ask them to identify what was happening that day that caused them to have those feelings. Invite participants to demonstrate their feelings. “Worry was Kian’s strongest feeling. What might someone look like if they were feeling worried? ” Invite participants t
WHO_EASE_INTERVENTION_2023,WHO_EASE_INTERVENTION_2023_d04baa2f_00265_1f87c861bed2,Early Adolescent Skills for Emotions (EASE),interventions,direct_user_support,normal,P0,pending,,"group psychological help for young adolescents impaired by distress in communities exposed to adversity Adolescent activity 2.3. Feelings and my body 20 minutes Learn how the body is affected by problems and Body Map poster 1. Introduce activity. “So far, we h"
WHO_EASE_INTERVENTION_2023,WHO_EASE_INTERVENTION_2023_d04baa2f_00266_3e9358c1fb0a,Early Adolescent Skills for Emotions (EASE),interventions,direct_user_support,normal,P0,pending,,"You can draw the sensations on the Body Map poster, or ask a volunteer to do this. Repeat for Kian’s two other feelings: happy and angry. 4. Do the Body Map poster activity for participants’ feelings. Ask one participant to choose a feeling from the Feelings C"
WHO_EASE_INTERVENTION_2023,WHO_EASE_INTERVENTION_2023_d04baa2f_00267_e9968906265d,Early Adolescent Skills for Emotions (EASE),interventions,direct_user_support,normal,P0,pending,,"Or prompt them by referring to different parts of the body, for example asking, “How did your stomach feel? How did your heart feel? How did your face feel? Were you hot or cold?”. Repeat for maximum five feelings on the Feelings Chart poster. Make sure to inc"
WHO_EASE_INTERVENTION_2023,WHO_EASE_INTERVENTION_2023_d04baa2f_00268_744a03ea0467,Early Adolescent Skills for Emotions (EASE),interventions,direct_user_support,normal,P0,pending,,group psychological help for young adolescents impaired by distress in communities exposed to adversity Adolescent activity 2.4. Calming My Body 30 minutes Learn a skill to calm the body None Annex 1. Managing disclosures of abuse and managing suicide risk Ann
WHO_EASE_INTERVENTION_2023,WHO_EASE_INTERVENTION_2023_d04baa2f_00269_5bb1151f5222,Early Adolescent Skills for Emotions (EASE),interventions,direct_user_support,normal,P0,pending,,"Refer to Annex 1 for guidelines on how to respond when a participant discloses these types of problems. Introduce coping with big feelings. “Feeling stressed, sad, scared or angry can affect our bodies and make us feel uncomfortable. So, we need to learn ways "
WHO_EASE_INTERVENTION_2023,WHO_EASE_INTERVENTION_2023_d04baa2f_00270_8cad0456e10d,Early Adolescent Skills for Emotions (EASE),interventions,direct_user_support,normal,P0,pending,,"Encourage using helpful coping strategies. After participants have given their responses, identify examples of helpful coping strategies. Encourage participants to continue practising these strategies. Briefly give other examples of helpful coping strategies s"
WHO_EASE_INTERVENTION_2023,WHO_EASE_INTERVENTION_2023_d04baa2f_00271_6918d66a5e3c,Early Adolescent Skills for Emotions (EASE),interventions,direct_user_support,normal,P0,pending,,"Unhelpful coping strategies can cause additional problems or can cause harm to you or someone else. At first, such strategies can seem effective, but they are harmful in the longer term. For example, some kids get aggressive with their friends or siblings. It "
WHO_EASE_INTERVENTION_2023,WHO_EASE_INTERVENTION_2023_d04baa2f_00272_dc93d8a75ba0,Early Adolescent Skills for Emotions (EASE),interventions,direct_user_support,normal,P0,pending,,Slow Breathing: group activity (15 minutes) Notes for helper before starting the Slow Breathing activity. Read Annex 5 to help you support participants during this activity. It is advised that you use the Slow Breathing activity as the main Calming My Body act
WHO_EASE_INTERVENTION_2023,WHO_EASE_INTERVENTION_2023_d04baa2f_00273_efaad468c979,Early Adolescent Skills for Emotions (EASE),interventions,direct_user_support,normal,P0,pending,,group psychological help for young adolescents impaired by distress in communities exposed to adversity Introduce Slow Breathing activity. “We are learning that big feelings can affect our bodies. One way this can happen is to affect our breathing: by making u
WHO_EASE_INTERVENTION_2023,WHO_EASE_INTERVENTION_2023_d04baa2f_00274_d310c00b2ee6,Early Adolescent Skills for Emotions (EASE),interventions,direct_user_support,normal,P0,pending,,"(Or, if no chairs are available, to stand or sit on the floor, comfortably.) Ask participants to release tension from their body (shaking their arms and legs gently, rolling their shoulders back, or gently moving their neck side to side). Ask participants to p"
WHO_EASE_INTERVENTION_2023,WHO_EASE_INTERVENTION_2023_d04baa2f_00275_def6bab8fd7c,Early Adolescent Skills for Emotions (EASE),interventions,direct_user_support,normal,P0,pending,,"Ask them to practise this for two minutes, by keeping their hand on their belly, and feeling it push out when they breathe in, and push in when they breathe out. Explain that they should feel the hand on their belly moving more than the hand on their chest."
WHO_EASE_INTERVENTION_2023,WHO_EASE_INTERVENTION_2023_d04baa2f_00276_570ebac5e428,Early Adolescent Skills for Emotions (EASE),interventions,direct_user_support,normal,P0,pending,,"[This instruction should be given, only if needed or if appropriate for the context]: If participants need more help to understand breathing from the belly, the helper can suggest that participants lie down on the floor, balance a piece of paper or pencil on t"
WHO_EASE_INTERVENTION_2023,WHO_EASE_INTERVENTION_2023_d04baa2f_00277_7bca9395856b,Early Adolescent Skills for Emotions (EASE),interventions,direct_user_support,normal,P0,pending,,"Practise Slow Breathing. Explain that you will now stop counting and you would like participants to practise breathing slowly and from their bellies, on their own, for a further two minutes. Encourage participants to count (one, two, three) in their heads, or "
WHO_EASE_INTERVENTION_2023,WHO_EASE_INTERVENTION_2023_d04baa2f_00278_b50ea71464be,Early Adolescent Skills for Emotions (EASE),interventions,direct_user_support,normal,P0,pending,,group psychological help for young adolescents impaired by distress in communities exposed to adversity Adolescent activity 2.5. Ending the session 15 minutes “Today we have talked about how our problems and feelings can cause changes in our bodies. This week 
WHO_EASE_INTERVENTION_2023,WHO_EASE_INTERVENTION_2023_d04baa2f_00279_98a5efb5f02c,Early Adolescent Skills for Emotions (EASE),interventions,direct_user_support,normal,P0,pending,,"Tell participants to practise Slow Breathing once a day. They should shade or colour the balloon after they have practised the Slow Breathing, in their workbooks."
WHO_EASE_INTERVENTION_2023,WHO_EASE_INTERVENTION_2023_d04baa2f_00281_cb590060c59c,Early Adolescent Skills for Emotions (EASE),interventions,direct_user_support,normal,P0,pending,,group psychological help for young adolescents impaired by distress in communities exposed to adversity Adolescent session 3. part 1 SESSION AIMS Consolidate learning from sessions 1 and 2. Learn how problems and feelings can affect our actions and behaviours.
WHO_EASE_INTERVENTION_2023,WHO_EASE_INTERVENTION_2023_d04baa2f_00282_cee608ec3f82,Early Adolescent Skills for Emotions (EASE),interventions,direct_user_support,normal,P0,pending,,activity 3.4. Changing My Actions to gradually engage in activities to help improve Annex 7: Annex 8: 40 minutes activity 3.5.
WHO_EASE_INTERVENTION_2023,WHO_EASE_INTERVENTION_2023_d04baa2f_00283_62fc52506026,Early Adolescent Skills for Emotions (EASE),interventions,direct_user_support,normal,P0,pending,,"group psychological help for young adolescents impaired by distress in communities exposed to adversity Adolescent activity 3.1. Display the group rules poster. Explain that you will read one scenario at a time (see examples below, or you can develop your own "
WHO_EASE_INTERVENTION_2023,WHO_EASE_INTERVENTION_2023_d04baa2f_00284_af460c07e4fe,Early Adolescent Skills for Emotions (EASE),interventions,direct_user_support,normal,P0,pending,,You did very well on your school test. Your father shouted at you for doing something wrong. You are going on a trip with your family next week. Your older brother has been hurt in an accident. You are going to play with your best friend. 23 Please revise scen
WHO_EASE_INTERVENTION_2023,WHO_EASE_INTERVENTION_2023_d04baa2f_00285_061c1c3beb25,Early Adolescent Skills for Emotions (EASE),interventions,direct_user_support,normal,P0,pending,,"Adolescent activity 3.2. Review session 2 and review home practice 15 minutes Consolidate learning from session 1 and 2 Feelings Pot poster Body Map poster Annex 6. Two alternatives to Slow Breathing 1. Give a summary of session 2. “So far, we have learned how"
WHO_EASE_INTERVENTION_2023,WHO_EASE_INTERVENTION_2023_d04baa2f_00286_a4966e882858,Early Adolescent Skills for Emotions (EASE),interventions,direct_user_support,normal,P0,pending,,"group psychological help for young adolescents impaired by distress in communities exposed to adversity teach Slow Breathing in two minutes. If there is not enough time, or if the participant is unable to follow the instructions, arrange to Start home practice"
WHO_EASE_INTERVENTION_2023,WHO_EASE_INTERVENTION_2023_d04baa2f_00287_680bf1d96d6a,Early Adolescent Skills for Emotions (EASE),interventions,direct_user_support,normal,P0,pending,,"If a participant is having tremendous difficulty with Slow Breathing, then teach the alternative activities (see Annex 6). 5. Invite participants to share how they felt after Calming My Body. “Kian noticed that he was feeling more relaxed after calming his bod"
WHO_EASE_INTERVENTION_2023,WHO_EASE_INTERVENTION_2023_d04baa2f_00288_ddd116d31e80,Early Adolescent Skills for Emotions (EASE),interventions,direct_user_support,normal,P0,pending,,"Adolescent activity 3.3. Feelings and actions 20 minutes Learn how problems and feelings can change actions or behaviours The Vicious Cycle poster 1. Introduce feelings and actions. “So far, we have learned that problems can sometimes cause us to feel big feel"
WHO_EASE_INTERVENTION_2023,WHO_EASE_INTERVENTION_2023_d04baa2f_00289_d4087ae51bf9,Early Adolescent Skills for Emotions (EASE),interventions,direct_user_support,normal,P0,pending,,"group psychological help for young adolescents impaired by distress in communities exposed to adversity “Big feelings like sadness, fear or worry, and anger, can outsmart us into behaving in ways that do not make us feel very good. For example, when Kian felt "
WHO_EASE_INTERVENTION_2023,WHO_EASE_INTERVENTION_2023_d04baa2f_00290_540d004deb37,Early Adolescent Skills for Emotions (EASE),interventions,direct_user_support,normal,P0,pending,,Helper’s notes before starting the activity. You will lead the participants through an activity to understand how feelings affect their actions. It is crucial to manage the time so that the role play is no more than five minutes. Ensure that the activity is si
WHO_EASE_INTERVENTION_2023,WHO_EASE_INTERVENTION_2023_d04baa2f_00291_083251d3dfb2,Early Adolescent Skills for Emotions (EASE),interventions,direct_user_support,normal,P0,pending,,"Ask the enjoyable activity actors to decide on an enjoyable activity that they like, such as drawing, dancing, playing a sport etc. Send them to the opposite side of the room to the big feelings actors. Explain the rules. Explain to participants that the enjoy"
WHO_EASE_INTERVENTION_2023,WHO_EASE_INTERVENTION_2023_d04baa2f_00292_1d56c2b463c0,Early Adolescent Skills for Emotions (EASE),interventions,direct_user_support,normal,P0,pending,,During the activity. You can say: as the big feelings get bigger/closer the harder it is to do our enjoyable activities. Or you can say: the big feelings actors really do not want you to do the [enjoyable activity] etc. Close the activity with questions. Make 
WHO_EASE_INTERVENTION_2023,WHO_EASE_INTERVENTION_2023_d04baa2f_00293_7ae828ad016a,Early Adolescent Skills for Emotions (EASE),interventions,direct_user_support,normal,P0,pending,,"Big feeling can make it harder to do these actions, or make them seem more scary to start, or make us feel too angry to do fun or meaningful things. But don’t worry because we will learn a way to make sure big feelings do not outsmart us.” Discuss participants"
WHO_EASE_INTERVENTION_2023,WHO_EASE_INTERVENTION_2023_d04baa2f_00294_4396db70f0c8,Early Adolescent Skills for Emotions (EASE),interventions,direct_user_support,normal,P0,pending,,"If this happens then provide examples such as: c stopping playing with friends; c stopping helping others; c stopping doing a personal activity such as drawing or singing; c stopping doing things that they fear but which are otherwise safe to do, such as schoo"
WHO_EASE_INTERVENTION_2023,WHO_EASE_INTERVENTION_2023_d04baa2f_00295_171f9954e22b,Early Adolescent Skills for Emotions (EASE),interventions,direct_user_support,normal,P0,pending,,group psychological help for young adolescents impaired by distress in communities exposed to adversity Adolescent activity 3.4. Changing My Actions 40 minutes Learn how to gradually engage in activities to help improve mood 1. Introduce the aim of Changing My
WHO_EASE_INTERVENTION_2023,WHO_EASE_INTERVENTION_2023_d04baa2f_00296_6b27a991cdc8,Early Adolescent Skills for Emotions (EASE),interventions,direct_user_support,normal,P0,pending,,Kian chose an activity that he knew used to give him pleasure in the past. This was spotting birds with his friends. So the best way to outsmart the big feeling is to choose an activity that is meaningful or enjoyable to us. This can be any activity which make
WHO_EASE_INTERVENTION_2023,WHO_EASE_INTERVENTION_2023_d04baa2f_00297_b7386eeaa710,Early Adolescent Skills for Emotions (EASE),interventions,direct_user_support,normal,P0,pending,,Check that participants’ suggestions are activities that will be enjoyable or meaningful for them. You can draw or write the participants’ responses next to the “bird spotting with friends” on the highest step of the staircase. Encourage participants to think 
WHO_EASE_INTERVENTION_2023,WHO_EASE_INTERVENTION_2023_d04baa2f_00298_4e3bb8c1b28d,Early Adolescent Skills for Emotions (EASE),interventions,direct_user_support,normal,P0,pending,,"On the next step, draw or write “go to watch friends do bird spotting”. “One way to make sure we are successful in outsmarting the big feelings is to slowly do some easy steps first [point to each of the steps on the staircase]. Doing these steps helps us to r"
WHO_EASE_INTERVENTION_2023,WHO_EASE_INTERVENTION_2023_d04baa2f_00299_a1caede9cbcf,Early Adolescent Skills for Emotions (EASE),interventions,direct_user_support,normal,P0,pending,,[Point to the third step.] This step is a bit harder because he had to leave his house and go watch his friends. But it is getting him closer to his goal. Finally Kian’s fourth step is to do his chosen activity! [Point to the highest step.] Each step Kian did 
WHO_EASE_INTERVENTION_2023,WHO_EASE_INTERVENTION_2023_d04baa2f_00300_f2ee5e7fe315,Early Adolescent Skills for Emotions (EASE),interventions,direct_user_support,normal,P0,pending,,"group psychological help for young adolescents impaired by distress in communities exposed to adversity Step 3: plan. “For Kian to make sure that he practised each step, he needed to plan when he would do it. Otherwise he might forget to do his steps! ” Ask if"
WHO_EASE_INTERVENTION_2023,WHO_EASE_INTERVENTION_2023_d04baa2f_00301_07775e477f71,Early Adolescent Skills for Emotions (EASE),interventions,direct_user_support,normal,P0,pending,,"By repeating the steps, Kian built his confidence to keep outsmarting the big feelings so that he could reach his goal.” 4. Individual activity: participants follow Changing My Actions steps (20 minutes) Notes for helper before starting activity. It is normal "
WHO_EASE_INTERVENTION_2023,WHO_EASE_INTERVENTION_2023_d04baa2f_00302_a78827643457,Early Adolescent Skills for Emotions (EASE),interventions,direct_user_support,normal,P0,pending,,Let’s do Changing My Actions.” Ask participants to open their workbook to the blank pages titled “Week 3: Changing my Actions in session 3”. Instruct participants to follow the Changing My Actions steps individually.
WHO_EASE_INTERVENTION_2023,WHO_EASE_INTERVENTION_2023_d04baa2f_00303_42115bad5c25,Early Adolescent Skills for Emotions (EASE),interventions,direct_user_support,normal,P0,pending,,Step 1: choose the activity. Instruct participants to choose an enjoyable or meaningful activity. It can be something they used to enjoy or something new. Tell participants that they can choose one of the ideas they thought of in the previous activity. Point t
WHO_EASE_INTERVENTION_2023,WHO_EASE_INTERVENTION_2023_d04baa2f_00304_15bc13b5e345,Early Adolescent Skills for Emotions (EASE),interventions,direct_user_support,normal,P0,pending,,"Tell the participants to think of the other three steps as a first (beginning), second (middle) and (third) last step that will lead them to the fourth (highest) step (their chosen activity). Support participants to order their steps by difficulty. The easiest"
WHO_EASE_INTERVENTION_2023,WHO_EASE_INTERVENTION_2023_d04baa2f_00305_c6b727e7c554,Early Adolescent Skills for Emotions (EASE),interventions,direct_user_support,normal,P0,pending,,Tell participants they do not need to do all the steps on the same day. Explain that they can repeat each step a few times before moving to the next step. Instruct participants to draw or write in their workbooks when they will do each step underneath each ste
WHO_EASE_INTERVENTION_2023,WHO_EASE_INTERVENTION_2023_d04baa2f_00306_70313bbd0bef,Early Adolescent Skills for Emotions (EASE),interventions,direct_user_support,normal,P0,pending,,group psychological help for young adolescents impaired by distress in communities exposed to adversity Adolescent activity 3.5. 1. Brief summary. “Today we talked about how big feelings can change our actions and make us feel worse. We learned how we can plan
WHO_EASE_INTERVENTION_2023,WHO_EASE_INTERVENTION_2023_d04baa2f_00307_c79f28ae93c9,Early Adolescent Skills for Emotions (EASE),interventions,direct_user_support,normal,P0,pending,,3. Activity to end the session. Two sections will be complete from the previous session. group psychological help for young adolescents impaired by distress in communities exposed to adversity Adolescent session 4. part 2 SESSION AIMS Consolidate learning from
WHO_EASE_INTERVENTION_2023,WHO_EASE_INTERVENTION_2023_d04baa2f_00308_e228e0d327c8,Early Adolescent Skills for Emotions (EASE),interventions,direct_user_support,normal,P0,pending,,activity 4.3. Changing My Actions Continue learning how to gradually engage in activities to help improve Learn about doing important tasks as a way to improve 45 minutes activity 4.4. group psychological help for young adolescents impaired by distress in comm
WHO_EASE_INTERVENTION_2023,WHO_EASE_INTERVENTION_2023_d04baa2f_00309_bf5af5540f48,Early Adolescent Skills for Emotions (EASE),interventions,direct_user_support,normal,P0,pending,,"Adolescent activity 4.2. Review session 3 and review home practice 25 minutes 1. Give a summary of session 3. Help participants manage any problems with home practice (see Annexes 3, 4, 5 and 7). teach Changing My Actions in two minutes. meet them individually"
WHO_EASE_INTERVENTION_2023,WHO_EASE_INTERVENTION_2023_d04baa2f_00310_cc0187420476,Early Adolescent Skills for Emotions (EASE),interventions,direct_user_support,normal,P0,pending,,group psychological help for young adolescents impaired by distress in communities exposed to adversity 3. Invite participants to share how they felt after Calming My Body (10 minutes). Invite participants to share a time they practised Slow Breathing in respo
WHO_EASE_INTERVENTION_2023,WHO_EASE_INTERVENTION_2023_d04baa2f_00311_a4766b85910e,Early Adolescent Skills for Emotions (EASE),interventions,direct_user_support,normal,P0,pending,,Invite participants to discuss Changing My Actions home practice (15 minutes). Read story: show Picture 16 and read Text 16. Ask the following questions to both review the story and help participants to share their home practice. Invite participants to identif
WHO_EASE_INTERVENTION_2023,WHO_EASE_INTERVENTION_2023_d04baa2f_00312_82b021baf3c6,Early Adolescent Skills for Emotions (EASE),interventions,direct_user_support,normal,P0,pending,,Invite participants to share their Changing My Actions experience. “Did others remember to complete their activities or any of their planned steps this week? When did you do it? Did anyone ask someone to do the activity with them or ask for help? What happened
WHO_EASE_INTERVENTION_2023,WHO_EASE_INTERVENTION_2023_d04baa2f_00313_7722334eb6e3,Early Adolescent Skills for Emotions (EASE),interventions,direct_user_support,normal,P0,pending,,group psychological help for young adolescents impaired by distress in communities exposed to adversity Adolescent activity 4.3. Changing My Actions 45 minutes Continue learning how to gradually engage in activities to help improve Learn about doing important 
WHO_EASE_INTERVENTION_2023,WHO_EASE_INTERVENTION_2023_d04baa2f_00314_bff63e0269d4,Early Adolescent Skills for Emotions (EASE),interventions,direct_user_support,normal,P0,pending,,Read out the following behaviours and allow participants a few seconds to show their feelings:24 c “Your caregivers asked you to do chores in your home and you have not done it.” c “You have not completed your schoolwork for one week.” c “You have stopped help
WHO_EASE_INTERVENTION_2023,WHO_EASE_INTERVENTION_2023_d04baa2f_00315_c918bea7f36c,Early Adolescent Skills for Emotions (EASE),interventions,direct_user_support,normal,P0,pending,,"But if big feelings stop us from doing them, we can feel worse – as we saw in the activity we just did. Today you have a choice. You can continue doing the activities you started last week. Or you can see how Changing My Actions can help you to start doing imp"
WHO_EASE_INTERVENTION_2023,WHO_EASE_INTERVENTION_2023_d04baa2f_00316_ead25d5163cf,Early Adolescent Skills for Emotions (EASE),interventions,direct_user_support,normal,P0,pending,,3. Read story: show Picture 17 and read Text 17. 25 4. Do the group activity (15 minutes). Tell the group that they will use Changing My Actions to help Kian start sweeping the floor again. Divide the whole group into four small groups (they do not need to be 
WHO_EASE_INTERVENTION_2023,WHO_EASE_INTERVENTION_2023_d04baa2f_00317_38936345557b,Early Adolescent Skills for Emotions (EASE),interventions,direct_user_support,normal,P0,pending,,Kian needs all of your help to think of some easy steps.” Ask the participants who will act the first step. What is the very first thing Kian can do? What is the easiest thing Kian can do to help him achieve his goal? If the participants can think of an answer
WHO_EASE_INTERVENTION_2023,WHO_EASE_INTERVENTION_2023_d04baa2f_00318_4ede26b401b1,Early Adolescent Skills for Emotions (EASE),interventions,direct_user_support,normal,P0,pending,,"group psychological help for young adolescents impaired by distress in communities exposed to adversity Ask the participants who will act the second step. What can Kian do next? If the participants can think of an answer, encourage them to start acting it. If "
WHO_EASE_INTERVENTION_2023,WHO_EASE_INTERVENTION_2023_d04baa2f_00319_2f46d1567667,Early Adolescent Skills for Emotions (EASE),interventions,direct_user_support,normal,P0,pending,,"Instruct the participants in the last step to act the fourth step, the chosen idea. Ask all the participants to stand in order of the steps. Instruct participants to stay where they are standing. Step 3: plan when he can practise the first step. Ask each group"
WHO_EASE_INTERVENTION_2023,WHO_EASE_INTERVENTION_2023_d04baa2f_00320_ab1df4f0a66b,Early Adolescent Skills for Emotions (EASE),interventions,direct_user_support,normal,P0,pending,,"Be prepared to support participants during this activity, particularly when they break down their activity into steps (see Annexes 7 and 8). The helper should ensure that participants have chosen an easy activity and have chosen easy steps and have made a plan"
WHO_EASE_INTERVENTION_2023,WHO_EASE_INTERVENTION_2023_d04baa2f_00321_ab50c9a2a81e,Early Adolescent Skills for Emotions (EASE),interventions,direct_user_support,normal,P0,pending,,"Give instructions for the activity. “Remember that I said today you have the choice to continue doing the enjoyable activities you started last week. Or you can use Changing My Actions to choose a new activity. It can be an enjoyable activity, like Kian joinin"
WHO_EASE_INTERVENTION_2023,WHO_EASE_INTERVENTION_2023_d04baa2f_00322_61eacad4087f,Early Adolescent Skills for Emotions (EASE),interventions,direct_user_support,normal,P0,pending,,Match the pairs or groups according to whether participants will: c work more on the activity they chose in session 3 or c work on a new activity (either enjoyable or an important task). Instruct pairs or groups that participants can help each other to use Cha
WHO_EASE_INTERVENTION_2023,WHO_EASE_INTERVENTION_2023_d04baa2f_00323_8ac357582c2b,Early Adolescent Skills for Emotions (EASE),interventions,direct_user_support,normal,P0,pending,,Ending the activity Only if there is time – ask one or two participants to explain their Changing My Actions steps and plan to the whole group (two minutes per participant).
WHO_EASE_INTERVENTION_2023,WHO_EASE_INTERVENTION_2023_d04baa2f_00324_ec0a99a42190,Early Adolescent Skills for Emotions (EASE),interventions,direct_user_support,normal,P0,pending,,"group psychological help for young adolescents impaired by distress in communities exposed to adversity Adolescent activity 4.4. “Today we continued to practise Changing My Actions. So, this week, you will keep noticing your feelings, calming your body and cha"
WHO_EASE_INTERVENTION_2023,WHO_EASE_INTERVENTION_2023_d04baa2f_00325_c0df068d7140,Early Adolescent Skills for Emotions (EASE),interventions,direct_user_support,normal,P0,pending,,3. Activity to end the session. Three sections will be complete from the previous session. Collect the papers group psychological help for young adolescents impaired by distress in communities exposed to adversity Adolescent session 5. part 1 SESSION AIMS Cons
WHO_EASE_INTERVENTION_2023,WHO_EASE_INTERVENTION_2023_d04baa2f_00326_32394105d6d4,Early Adolescent Skills for Emotions (EASE),interventions,direct_user_support,normal,P0,pending,,"activity 5.4. Managing My Learn a skill to help solve Stop, Think, Go poster Pen or pencil Adhesive tape activity 5.5. Applying Managing My Learn how to apply Stop, Think, Go to common Learn how to apply Stop, Think, Go for a personal problem 35 minutes activi"
WHO_EASE_INTERVENTION_2023,WHO_EASE_INTERVENTION_2023_d04baa2f_00327_7efa715dd0ec,Early Adolescent Skills for Emotions (EASE),interventions,direct_user_support,normal,P0,pending,,"group psychological help for young adolescents impaired by distress in communities exposed to adversity Adolescent activity 5.1. Welcome 5 minutes 1. Welcome. Display group rules poster.. Play an activity or game, or sing a song to promote social cohesion (see"
WHO_EASE_INTERVENTION_2023,WHO_EASE_INTERVENTION_2023_d04baa2f_00328_aa655d13c455,Early Adolescent Skills for Emotions (EASE),interventions,direct_user_support,normal,P0,pending,,"Adolescent activity 5.2. Review session 4 and review home practice 20 minutes 1. Give a summary of session 4. Help participants manage any problems with home practice (See Annexes 3, 4, 5 and 7). teach Changing My Actions for an important task in two minutes."
WHO_EASE_INTERVENTION_2023,WHO_EASE_INTERVENTION_2023_d04baa2f_00329_a265fe6804fb,Early Adolescent Skills for Emotions (EASE),interventions,direct_user_support,normal,P0,pending,,group psychological help for young adolescents impaired by distress in communities exposed to adversity 3. Invite participants to discuss Calming My Body home practice (5 minutes). Briefly invite participants to share a time they practised Slow Breathing in re
WHO_EASE_INTERVENTION_2023,WHO_EASE_INTERVENTION_2023_d04baa2f_00330_ac0011b2bc03,Early Adolescent Skills for Emotions (EASE),interventions,direct_user_support,normal,P0,pending,,Invite participants to discuss Changing My Actions home practice (15 minutes). Read story: show Picture 18 and read Text 18. Invite participants to share what activities or steps they completed for home practice. Ask participants how they felt before and after
WHO_EASE_INTERVENTION_2023,WHO_EASE_INTERVENTION_2023_d04baa2f_00331_dab83ca396a4,Early Adolescent Skills for Emotions (EASE),interventions,direct_user_support,normal,P0,pending,,Adolescent activity 5.3. common problems 15 minutes Share ideas of common problems adolescents experience Maze poster Annex 1. Managing disclosures of abuse and managing suicide risk Introduce the aim of Managing My Problems. “We have learned how to manage our
WHO_EASE_INTERVENTION_2023,WHO_EASE_INTERVENTION_2023_d04baa2f_00332_e27e12276ecf,Early Adolescent Skills for Emotions (EASE),interventions,direct_user_support,normal,P0,pending,,Do the maze activity. Display the Maze poster. Tell the group that solving problems uses the same thinking skills as finding your way through a maze. Explain the instructions and the rules for the game (below). Ask for a volunteer to start. Instructions. Aim t
WHO_EASE_INTERVENTION_2023,WHO_EASE_INTERVENTION_2023_d04baa2f_00333_c60c2ba80780,Early Adolescent Skills for Emotions (EASE),interventions,direct_user_support,normal,P0,pending,,group psychological help for young adolescents impaired by distress in communities exposed to adversity The goal is to reach the end of the maze. The helper should encourage participants to ask for help from the helper when they need it. The helper can support
WHO_EASE_INTERVENTION_2023,WHO_EASE_INTERVENTION_2023_d04baa2f_00334_02d293cf69ad,Early Adolescent Skills for Emotions (EASE),interventions,direct_user_support,normal,P0,pending,,"Sometimes the problem is very hard – just like this maze – so we try our best to reach the end, and sometimes we need to ask for help to do this. Although we may not reach it quickly, we have made a lot of progress since leaving the start. So, when we try to m"
WHO_EASE_INTERVENTION_2023,WHO_EASE_INTERVENTION_2023_d04baa2f_00335_f3b9724a1d24,Early Adolescent Skills for Emotions (EASE),interventions,direct_user_support,normal,P0,pending,,"Refer to Annex 1 for guidelines on how to respond when a participant discloses these types of problems. Invite participants to share problems. Write or draw participants’ responses on a large paper. If they are reluctant to share, you can: c refer to Kian’s pr"
WHO_EASE_INTERVENTION_2023,WHO_EASE_INTERVENTION_2023_d04baa2f_00336_fd4f0a521b1d,Early Adolescent Skills for Emotions (EASE),interventions,direct_user_support,normal,P0,pending,,“We all experience practical problems. Sometimes we have the same problems as others [give an example of common problems] but sometimes they are unique to our experience [give an example of individual problems]. Now I am going to teach you an activity called M
WHO_EASE_INTERVENTION_2023,WHO_EASE_INTERVENTION_2023_d04baa2f_00337_b4cc3c9e1014,Early Adolescent Skills for Emotions (EASE),interventions,direct_user_support,normal,P0,pending,,"group psychological help for young adolescents impaired by distress in communities exposed to adversity Adolescent activity 5.4. Managing My Problems 20 minutes Learn a skill to help manage problems Stop, Think, Go poster Pen or pencil Adhesive tape 1. Read st"
WHO_EASE_INTERVENTION_2023,WHO_EASE_INTERVENTION_2023_d04baa2f_00338_cdc28a1fbfa1,Early Adolescent Skills for Emotions (EASE),interventions,direct_user_support,normal,P0,pending,,"Step 1: Stop. Introduce the step. “We can sometimes experience many different problems at once. Kian had many problems. These included his parents arguing, the possibility of moving, sleep problems, and the bully at school. The red circle tells us to stop and "
WHO_EASE_INTERVENTION_2023,WHO_EASE_INTERVENTION_2023_d04baa2f_00339_8bb70fb5dc67,Early Adolescent Skills for Emotions (EASE),interventions,direct_user_support,normal,P0,pending,,Draw or write something representing Kian’s chosen problem (his sleep) inside the tree trunk. Step 2: Think Conduct this short activity (for no more than three minutes) before introducing the step. “The orange circle tells us to think of as many ideas as possi
WHO_EASE_INTERVENTION_2023,WHO_EASE_INTERVENTION_2023_d04baa2f_00340_ee7828ad2631,Early Adolescent Skills for Emotions (EASE),interventions,direct_user_support,normal,P0,pending,,"For example, if a participant suggests shaking it off, try to act this and pretend that you cannot do it. Suggest that you may need one of the participants to help you at the end of the activity, if appropriate."
WHO_EASE_INTERVENTION_2023,WHO_EASE_INTERVENTION_2023_d04baa2f_00341_5e0f36082d3b,Early Adolescent Skills for Emotions (EASE),interventions,direct_user_support,normal,P0,pending,,group psychological help for young adolescents impaired by distress in communities exposed to adversity Introduce the step. Explain that the second step is to think of as many ideas as possible to manage Kian’s problem. “Thank you for helping me with my proble
WHO_EASE_INTERVENTION_2023,WHO_EASE_INTERVENTION_2023_d04baa2f_00342_8541f6e67a81,Early Adolescent Skills for Emotions (EASE),interventions,direct_user_support,normal,P0,pending,,Our job now is just to think of as many ideas as we can.” Ask participants to provide as many ideas as possible for Kian. You or a volunteer will draw or write the participants’ ideas inside each leaf on the tree branches. (Hint: better to draw the solution fi
WHO_EASE_INTERVENTION_2023,WHO_EASE_INTERVENTION_2023_d04baa2f_00343_50b76a9d3bbf,Early Adolescent Skills for Emotions (EASE),interventions,direct_user_support,normal,P0,pending,,"asking someone you trust for help) c can be ideas that Kian could do on his own. If participants need more help, you can give examples such as: c Kian can practise Slow Breathing c Kian can turn the light off after his sister has fallen asleep c Kian can talk "
WHO_EASE_INTERVENTION_2023,WHO_EASE_INTERVENTION_2023_d04baa2f_00344_6037bf2bdff8,Early Adolescent Skills for Emotions (EASE),interventions,direct_user_support,normal,P0,pending,,"Step 3: Go. Introduce the step. “The green circle tells us to go choose the best idea, decide when to do it, and then do it. The best ideas are those we think might help manage the problem. They are often things that we can do ourselves or that Kian can do him"
WHO_EASE_INTERVENTION_2023,WHO_EASE_INTERVENTION_2023_d04baa2f_00345_d2a0285a2e8a,Early Adolescent Skills for Emotions (EASE),interventions,direct_user_support,normal,P0,pending,,"You should support participants to decide as a group which idea Kian could try first. Ask participants how they would like to bring attention to the chosen leaf (the chosen idea) for example, by drawing another leaf around it, drawing a hand choosing that leaf"
WHO_EASE_INTERVENTION_2023,WHO_EASE_INTERVENTION_2023_d04baa2f_00346_0bc1bac1584a,Early Adolescent Skills for Emotions (EASE),interventions,direct_user_support,normal,P0,pending,,"group psychological help for young adolescents impaired by distress in communities exposed to adversity Adolescent activity 5.5. Applying Managing My Problems 35 minutes Learn how to apply Stop, Think, Go to common Learn how to apply Stop, Think, Go for a pers"
WHO_EASE_INTERVENTION_2023,WHO_EASE_INTERVENTION_2023_d04baa2f_00347_bb2f01436945,Early Adolescent Skills for Emotions (EASE),interventions,direct_user_support,normal,P0,pending,,"You should make this decision before starting the activity. Note for helpers: small, solvable, specific. Small c Choose a simple problem such as Kian’s sleeping problem. c If participants have only described big problems, you will need to find a way to simplif"
WHO_EASE_INTERVENTION_2023,WHO_EASE_INTERVENTION_2023_d04baa2f_00348_ae06717af542,Early Adolescent Skills for Emotions (EASE),interventions,direct_user_support,normal,P0,pending,,Specific c Choose a problem where it is clear exactly what the problem is or a problem where participants know exactly what they want to change. c Participants should be able to describe the problem in detail. c Participants should be able to describe what wou
WHO_EASE_INTERVENTION_2023,WHO_EASE_INTERVENTION_2023_d04baa2f_00349_6394fd632030,Early Adolescent Skills for Emotions (EASE),interventions,direct_user_support,normal,P0,pending,,"Remind everyone that the Think step involves thinking of as many ideas as possible. Remind them that ideas can be good or bad, creative, silly or funny. To help them think of ideas, ask: c “What can you do on your own to solve the problem? ” c “Are there any p"
WHO_EASE_INTERVENTION_2023,WHO_EASE_INTERVENTION_2023_d04baa2f_00350_084d9390b26e,Early Adolescent Skills for Emotions (EASE),interventions,direct_user_support,normal,P0,pending,,Invite the other group to join in on discussing the ideas. Choose the best idea (Go). Tell everyone that they will now do the Go step. Ask the groups to discuss all the ideas from both groups and to jointly choose the one idea they think is best (which is the 
WHO_EASE_INTERVENTION_2023,WHO_EASE_INTERVENTION_2023_d04baa2f_00351_f2905279200b,Early Adolescent Skills for Emotions (EASE),interventions,direct_user_support,normal,P0,pending,,"group psychological help for young adolescents impaired by distress in communities exposed to adversity Ask them to bring attention to their best idea, for example, by drawing a second leaf around the chosen idea. Finally, ask both groups to tell you when they"
WHO_EASE_INTERVENTION_2023,WHO_EASE_INTERVENTION_2023_d04baa2f_00352_51fadb35d280,Early Adolescent Skills for Emotions (EASE),interventions,direct_user_support,normal,P0,pending,,Notes for helper before starting the activity. This activity can be done individually however participants talk to each other if they need help. It is normal for participants to find Managing My Problems hard to do. Be prepared to support each group during thi
WHO_EASE_INTERVENTION_2023,WHO_EASE_INTERVENTION_2023_d04baa2f_00353_5d9f71d2ebab,Early Adolescent Skills for Emotions (EASE),interventions,direct_user_support,normal,P0,pending,,Tell participants to draw a tree trunk with branches (but no leaves) and write or draw the problem inside the tree trunk.
WHO_EASE_INTERVENTION_2023,WHO_EASE_INTERVENTION_2023_d04baa2f_00354_539caf8ee6fa,Early Adolescent Skills for Emotions (EASE),interventions,direct_user_support,normal,P0,pending,,Step 2: Think. Ask participants to think of as many ideas as possible to solve the problem. Tell participants to aim for a minimum of five ideas for each problem. Encourage participants to ask each other for help or ideas during this activity. Remind participa
WHO_EASE_INTERVENTION_2023,WHO_EASE_INTERVENTION_2023_d04baa2f_00355_48c737c1d0b8,Early Adolescent Skills for Emotions (EASE),interventions,direct_user_support,normal,P0,pending,,"Tell participants to add their ideas onto the tree by writing or drawing it, then drawing a leaf around it. Step 3: Go! Ask participants to think about which ideas are the best for managing the problem (the easiest and most helpful idea). Encourage participant"
WHO_EASE_INTERVENTION_2023,WHO_EASE_INTERVENTION_2023_d04baa2f_00356_e8e155d933f1,Early Adolescent Skills for Emotions (EASE),interventions,direct_user_support,normal,P0,pending,,"Ask participants to discuss, in pairs, when they will try their best idea. Ask participants to draw or write a reminder of when they will do this, in any way they like, on their tree. End the activity. Only if there is time – ask one or two participants to exp"
WHO_EASE_INTERVENTION_2023,WHO_EASE_INTERVENTION_2023_d04baa2f_00357_cc26131a23d1,Early Adolescent Skills for Emotions (EASE),interventions,direct_user_support,normal,P0,pending,,"group psychological help for young adolescents impaired by distress in communities exposed to adversity Adolescent activity 5.6. “Today we learned how big feelings can affect our thinking, particularly our ability to manage problems. Managing My Problems is a "
WHO_EASE_INTERVENTION_2023,WHO_EASE_INTERVENTION_2023_d04baa2f_00358_a610fcacab4b,Early Adolescent Skills for Emotions (EASE),interventions,direct_user_support,normal,P0,pending,,Four sections will be complete from the previous session. group psychological help for young adolescents impaired by distress in communities exposed to adversity Adolescent session 6. part 2 SESSION AIMS Consolidate learning from sessions 1 to 5. Practise Mana
WHO_EASE_INTERVENTION_2023,WHO_EASE_INTERVENTION_2023_d04baa2f_00359_fc923d9cdb19,Early Adolescent Skills for Emotions (EASE),interventions,direct_user_support,normal,P0,pending,,"activity 6.3. review Strengthen participants’ skills in problem management Storybook Annex 3. activity 6.4. Managing My Problems with a new problem Continue applying Stop, Think, Go to a new problem Empower to learn from Paper and activity 6.5. Preparing for t"
WHO_EASE_INTERVENTION_2023,WHO_EASE_INTERVENTION_2023_d04baa2f_00360_d64467d0f3ee,Early Adolescent Skills for Emotions (EASE),interventions,direct_user_support,normal,P0,pending,,"group psychological help for young adolescents impaired by distress in communities exposed to adversity Adolescent activity 6.1. Welcome 5 minutes Play an activity or game, or sing a song to promote social cohesion (see Annex 2 for ideas)."
WHO_EASE_INTERVENTION_2023,WHO_EASE_INTERVENTION_2023_d04baa2f_00361_97af14e8e441,Early Adolescent Skills for Emotions (EASE),interventions,direct_user_support,normal,P0,pending,,"Adolescent activity 6.2. Review session 5 and review home practice 15 minutes Workbooks Annex 3. Helpful hints for 1. Give a summary of session 5. Help participants manage any problems with home practice (See Annexes 3, 4, 5 and 7). teach Managing My Problems "
WHO_EASE_INTERVENTION_2023,WHO_EASE_INTERVENTION_2023_d04baa2f_00362_f3c55792973d,Early Adolescent Skills for Emotions (EASE),interventions,direct_user_support,normal,P0,pending,,"group psychological help for young adolescents impaired by distress in communities exposed to adversity 3. Invite participants to discuss Calming My Body home practice (5 minutes). If participants have been able to do Slow Breathing without difficulty, move to"
WHO_EASE_INTERVENTION_2023,WHO_EASE_INTERVENTION_2023_d04baa2f_00363_e8c370ba912e,Early Adolescent Skills for Emotions (EASE),interventions,direct_user_support,normal,P0,pending,,Adolescent activity 6.3. review 30 minutes Strengthen participants’ skills in problem management Storybook Annex 3. Helpful hints for 1. Read story: show Picture 21 and read Text 21 (5 minutes). Ask participants to think of some ideas to help Kian solve his pr
WHO_EASE_INTERVENTION_2023,WHO_EASE_INTERVENTION_2023_d04baa2f_00364_5fd3a74ea82c,Early Adolescent Skills for Emotions (EASE),interventions,direct_user_support,normal,P0,pending,,You can talk with the participant privately at the end of the session to check their understanding of Managing My Problems. Instructions for the participants. Explain you will take some time to hear participants’ experience of Managing My Problems Highlight th
WHO_EASE_INTERVENTION_2023,WHO_EASE_INTERVENTION_2023_d04baa2f_00365_e1511c68ae20,Early Adolescent Skills for Emotions (EASE),interventions,direct_user_support,normal,P0,pending,,"group psychological help for young adolescents impaired by distress in communities exposed to adversity When participants share their experience, ask them to focus on: c the idea they planned to try; c what happened when they tried that idea; and c what has ha"
WHO_EASE_INTERVENTION_2023,WHO_EASE_INTERVENTION_2023_d04baa2f_00366_57c9691783ad,Early Adolescent Skills for Emotions (EASE),interventions,direct_user_support,normal,P0,pending,,Guide for helpers to respond to participants. Below are five common circumstances which the participants could describe. You should familiarize yourself with how to respond to each circumstance. 1. If the problem was solved in a positive way: Praise the partic
WHO_EASE_INTERVENTION_2023,WHO_EASE_INTERVENTION_2023_d04baa2f_00367_c48334f04868,Early Adolescent Skills for Emotions (EASE),interventions,direct_user_support,normal,P0,pending,,"If the problem was partially solved: Praise the participant for trying their idea. Teach the group that in this circumstance, you can go back to the Think step to think of ideas that might now solve the problem. Invite the whole group to help the participant r"
WHO_EASE_INTERVENTION_2023,WHO_EASE_INTERVENTION_2023_d04baa2f_00368_450568bee5d2,Early Adolescent Skills for Emotions (EASE),interventions,direct_user_support,normal,P0,pending,,"Explain that this helps us learn more about what other ideas can be used to solve the problem. Remind them of having to go back in the maze, as an example of this."
WHO_EASE_INTERVENTION_2023,WHO_EASE_INTERVENTION_2023_d04baa2f_00369_5e1ad70541bc,Early Adolescent Skills for Emotions (EASE),interventions,direct_user_support,normal,P0,pending,,"Teach the group that in this circumstance, to go back to: c the Stop step if the problem needs to be defined better; or c the Think step to think of more ideas to solve the problem. Invite the whole group to help the participant think of new ideas. If appropri"
WHO_EASE_INTERVENTION_2023,WHO_EASE_INTERVENTION_2023_d04baa2f_00370_26b3c7b941a6,Early Adolescent Skills for Emotions (EASE),interventions,direct_user_support,normal,P0,pending,,"Tell participants the rules of the role play are that they should not touch each other, in case it makes the other person feel uncomfortable, and that they should keep their language appropriate (i.e. no swearing). Follow these instructions: Invite the partici"
WHO_EASE_INTERVENTION_2023,WHO_EASE_INTERVENTION_2023_d04baa2f_00371_89431db88571,Early Adolescent Skills for Emotions (EASE),interventions,direct_user_support,normal,P0,pending,,Ask all participants to suggest new ideas for managing the problem. Ask the director to choose a few examples of ideas and instruct the actors to act different endings to the role play.
WHO_EASE_INTERVENTION_2023,WHO_EASE_INTERVENTION_2023_d04baa2f_00372_c54b384fcc10,Early Adolescent Skills for Emotions (EASE),interventions,direct_user_support,normal,P0,pending,,"group psychological help for young adolescents impaired by distress in communities exposed to adversity Adolescent activity 6.4. with a new problem 25 minutes Continue applying Stop, Think, Go to a new problem Empower participants to learn from each other Pape"
WHO_EASE_INTERVENTION_2023,WHO_EASE_INTERVENTION_2023_d04baa2f_00373_c5304572e34d,Early Adolescent Skills for Emotions (EASE),interventions,direct_user_support,normal,P0,pending,,"Before starting the activity, decide whether you will follow in the instructions for the participants or whether you will use the adapted instructions for younger participants. Instructions for the helper during the activity. To start the activity, you should "
WHO_EASE_INTERVENTION_2023,WHO_EASE_INTERVENTION_2023_d04baa2f_00374_f62386be3497,Early Adolescent Skills for Emotions (EASE),interventions,direct_user_support,normal,P0,pending,,Instructions for the participants. Ask participants to form pairs (ideally with someone they know well and trust). Ask participants to open their workbook to the blank pages titled “Week 6: Managing My Problems in session 6”. Explain they will now complete Sto
WHO_EASE_INTERVENTION_2023,WHO_EASE_INTERVENTION_2023_d04baa2f_00375_6a5921b95544,Early Adolescent Skills for Emotions (EASE),interventions,direct_user_support,normal,P0,pending,,Explain that the participant who is acting as the helper should help their partner to: c Stop and choose a new personal problem that they are currently experiencing that is easy to solve (and different to the one selected in previous session); c Think: help th
WHO_EASE_INTERVENTION_2023,WHO_EASE_INTERVENTION_2023_d04baa2f_00376_719ebeeec917,Early Adolescent Skills for Emotions (EASE),interventions,direct_user_support,normal,P0,pending,,"This could include two different participants to act as the helper for each of the Stop, Think, Go steps (e.g. six participants have a turn). You can support the participants as they do this. c Another option is where you keep the participants in the pairs or "
WHO_EASE_INTERVENTION_2023,WHO_EASE_INTERVENTION_2023_d04baa2f_00377_2915e75afa74,Early Adolescent Skills for Emotions (EASE),interventions,direct_user_support,normal,P0,pending,,group psychological help for young adolescents impaired by distress in communities exposed to adversity Adolescent activity 6.5. Preparing for the end of the intervention 5 minutes Prepare participants for the end of EASE Allow participants to share reactions 
WHO_EASE_INTERVENTION_2023,WHO_EASE_INTERVENTION_2023_d04baa2f_00378_ffc9afa9b56c,Early Adolescent Skills for Emotions (EASE),interventions,direct_user_support,normal,P0,pending,,Build their confidence by telling participants: c that they know all the skills really well and can practise them on their own; and c that the next session will focus on helping them continue these skills after the group ends. Ask participants to think of idea
WHO_EASE_INTERVENTION_2023,WHO_EASE_INTERVENTION_2023_d04baa2f_00379_c14e0f4fbfda,Early Adolescent Skills for Emotions (EASE),interventions,direct_user_support,normal,P0,pending,,"Adolescent activity 6.6. previous sessions) “Today we practised managing problems again. Hopefully you will be able to keep managing your problems this week.” Slow Breathing, in their workbooks. This skill now helps participants to learn how to use Slow Changi"
WHO_EASE_INTERVENTION_2023,WHO_EASE_INTERVENTION_2023_d04baa2f_00380_aceb4f457f61,Early Adolescent Skills for Emotions (EASE),interventions,direct_user_support,normal,P0,pending,,group psychological help for young adolescents impaired by distress in communities exposed to adversity Five sections will be complete from the previous session. Adolescent session 7. Brighter futures SESSION AIMS Consolidate learning from sessions 1 to 6. Inc
WHO_EASE_INTERVENTION_2023,WHO_EASE_INTERVENTION_2023_d04baa2f_00381_27ed49a96060,Early Adolescent Skills for Emotions (EASE),interventions,direct_user_support,normal,P0,pending,,group psychological help for young adolescents impaired by distress in communities exposed to adversity activity 7.3. Brighter Futures Educate on what to expect in the future participants’ confidence in responding to future problems and big feelings Skills pos
WHO_EASE_INTERVENTION_2023,WHO_EASE_INTERVENTION_2023_d04baa2f_00382_8074b739ec17,Early Adolescent Skills for Emotions (EASE),interventions,direct_user_support,normal,P0,pending,,"Adolescent activity 7.1. Display the group rules poster. Remind participants that this is the last session. Play an activity or game, or sing a song to promote social cohesion (see Annex 2 for ideas)."
WHO_EASE_INTERVENTION_2023,WHO_EASE_INTERVENTION_2023_d04baa2f_00383_65621352fbc4,Early Adolescent Skills for Emotions (EASE),interventions,direct_user_support,normal,P0,pending,,group psychological help for young adolescents impaired by distress in communities exposed to adversity Adolescent activity 7.2. Review home practice 30 minutes Workbooks Annex 3. Helpful hints for 1. Give a summary of session 6. Help participants manage any p
WHO_EASE_INTERVENTION_2023,WHO_EASE_INTERVENTION_2023_d04baa2f_00384_b1f2dcf0ad71,Early Adolescent Skills for Emotions (EASE),interventions,direct_user_support,normal,P0,pending,,4. Invite participant to discuss Changing My Actions home practice (5 minutes). Invite participants to share what activities or steps they completed for home practice. c Ask participants how they felt before and after doing the activity or step (their feelings
WHO_EASE_INTERVENTION_2023,WHO_EASE_INTERVENTION_2023_d04baa2f_00385_0d100acef255,Early Adolescent Skills for Emotions (EASE),interventions,direct_user_support,normal,P0,pending,,You must be prepared to support the participants by reading Annex 9 Be prepared to choose a few of the participant’s experiences to use in role play (see Box 4). Be prepared and read the “Guide for helper to respond to participants” below. If participants do n
WHO_EASE_INTERVENTION_2023,WHO_EASE_INTERVENTION_2023_d04baa2f_00386_a37853965348,Early Adolescent Skills for Emotions (EASE),interventions,direct_user_support,normal,P0,pending,,When participants share their experiences ask them to focus on: c the idea they planned to try c what happened when they tried that idea c what has happened with their problem (has it been solved partially or completely or not at all? ). Guide for helper to re
WHO_EASE_INTERVENTION_2023,WHO_EASE_INTERVENTION_2023_d04baa2f_00387_6337d2d457cc,Early Adolescent Skills for Emotions (EASE),interventions,direct_user_support,normal,P0,pending,,"group psychological help for young adolescents impaired by distress in communities exposed to adversity 2. If the problem was solved BUT in a problematic way: For example, the solution will lead to more problems later e.g. hitting their sibling to get them to "
WHO_EASE_INTERVENTION_2023,WHO_EASE_INTERVENTION_2023_d04baa2f_00388_579e1ecbb667,Early Adolescent Skills for Emotions (EASE),interventions,direct_user_support,normal,P0,pending,,Invite the whole group to help the participant review their original ideas on the leaves as well as think of new ideas (e.g. new leaves). If appropriate use role play for this (see Box 5). Participant then chooses the best idea. 4. If the problem was not solve
WHO_EASE_INTERVENTION_2023,WHO_EASE_INTERVENTION_2023_d04baa2f_00389_e72c70e822ec,Early Adolescent Skills for Emotions (EASE),interventions,direct_user_support,normal,P0,pending,,"Teach the group that in this circumstance, go back to: c Stop (step 1) if the problem needs to be defined better; or c Think (step 2) to think of more ideas to solve the problem again. Invite the whole group to help the participant think of new ideas. If appro"
WHO_EASE_INTERVENTION_2023,WHO_EASE_INTERVENTION_2023_d04baa2f_00392_3e304323b762,Early Adolescent Skills for Emotions (EASE),interventions,direct_user_support,normal,P0,pending,,group psychological help for young adolescents impaired by distress in communities exposed to adversity Adolescent activity 7.3. Brighter futures 40 minutes Educate participants on what to expect in the future Improve participants’ confidence in responding to 
WHO_EASE_INTERVENTION_2023,WHO_EASE_INTERVENTION_2023_d04baa2f_00393_7b1277d5329d,Early Adolescent Skills for Emotions (EASE),interventions,direct_user_support,normal,P0,pending,,"However, you must decide whether or not the suggested strategies are actually helpful: c Remember helpful coping strategies reduce big feelings. They do not cause harm to the participant or anyone else. Examples are talking to someone you trust, asking for hel"
WHO_EASE_INTERVENTION_2023,WHO_EASE_INTERVENTION_2023_d04baa2f_00394_6ce18e4c2288,Early Adolescent Skills for Emotions (EASE),interventions,direct_user_support,normal,P0,pending,,Ask the group what Kian did when he started experiencing problems and big feelings after he had learned all the EASE skills. c Look for answers that identify skills learned in this intervention. Ask participants what will they do if they encounter problems in 
WHO_EASE_INTERVENTION_2023,WHO_EASE_INTERVENTION_2023_d04baa2f_00395_61c06eea4d98,Early Adolescent Skills for Emotions (EASE),interventions,direct_user_support,normal,P0,pending,,"The Feelings Pot in session 1 helps us to notice big feelings. This is an important skill because the more we practise it, the better we will be at noticing our feelings before they get too big. Can you remember the other skills we have learned in this interve"
WHO_EASE_INTERVENTION_2023,WHO_EASE_INTERVENTION_2023_d04baa2f_00396_2f3253782bcd,Early Adolescent Skills for Emotions (EASE),interventions,direct_user_support,normal,P0,pending,,” c Answer: Changing My Actions is when we plan to do meaningful or enjoyable activities that improve our mood. “What was the skill we learned to cope with problems? What does it help to do? ” c Answer: Managing My Problems helps us to solve problems using Sto
WHO_EASE_INTERVENTION_2023,WHO_EASE_INTERVENTION_2023_d04baa2f_00397_8d8533845c0b,Early Adolescent Skills for Emotions (EASE),interventions,direct_user_support,normal,P0,pending,,"group psychological help for young adolescents impaired by distress in communities exposed to adversity Manage big feelings or problems in the future. Read out the list of example problems, below. Ask participants to suggest which skills from EASE will be most"
WHO_EASE_INTERVENTION_2023,WHO_EASE_INTERVENTION_2023_d04baa2f_00398_c286bfafe3d1,Early Adolescent Skills for Emotions (EASE),interventions,direct_user_support,normal,P0,pending,,List of problems in bold text: c Fighting with a friend: Managing My Problems c Fast heart beat at night-time: Calming My Body (Slow Breathing) c Having problems doing school work: Managing My Problems c Stopped playing with friends: Changing My Actions c Feel
WHO_EASE_INTERVENTION_2023,WHO_EASE_INTERVENTION_2023_d04baa2f_00399_78dd6bdf19ce,Early Adolescent Skills for Emotions (EASE),interventions,direct_user_support,normal,P0,pending,,Do a craft activity: making reminders of the EASE skills (15 minutes). Display the EASE Adolescent Skills poster to help participants remember the EASE skills. Explain to participants that they will each make something to help remind them about the EASE skills
WHO_EASE_INTERVENTION_2023,WHO_EASE_INTERVENTION_2023_d04baa2f_00400_7748e7c2a0b9,Early Adolescent Skills for Emotions (EASE),interventions,direct_user_support,normal,P0,pending,,Adolescent activity 7.4. Ending the intervention 20 minutes Closing activity or graduating ceremony previous sessions) Certificates (optional) 1. Closing summary Tell the participants that they have now finished the intervention. Share your thoughts about the 
WHO_EASE_INTERVENTION_2023,WHO_EASE_INTERVENTION_2023_d04baa2f_00401_553342d69a73,Early Adolescent Skills for Emotions (EASE),interventions,direct_user_support,normal,P0,pending,,Ask them to share: c One positive thing about EASE (e.g. “It helped me manage my anger better”) or one positive thing about the other participants (e.g. “I found the people in this group supportive”). c One goal they have for the future. This could be somethin
WHO_EASE_INTERVENTION_2023,WHO_EASE_INTERVENTION_2023_d04baa2f_00402_20666986c3dd,Early Adolescent Skills for Emotions (EASE),interventions,direct_user_support,normal,P0,pending,,group psychological help for young adolescents impaired by distress in communities exposed to adversity Six sections will be complete from the previous session. Decorate the last blank section. Now there should be one blank section left on their Strengths pape
WHO_EASE_INTERVENTION_2023,WHO_EASE_INTERVENTION_2023_d04baa2f_00403_3589599b0d83,Early Adolescent Skills for Emotions (EASE),interventions,direct_user_support,normal,P0,pending,,"If resources are available, you could provide participants with a graduation certificate. If resources are available, you could provide participants with their own copy of the Storybook."
WHO_EASE_INTERVENTION_2023,WHO_EASE_INTERVENTION_2023_d04baa2f_00404_42e6573dc2e9,Early Adolescent Skills for Emotions (EASE),interventions,direct_user_support,normal,P0,pending,,17 0 group psychological help for young adolescents impaired by distress in communities exposed to adversity Caregiver session 1. Understanding big feelings SESSION AIMS To improve caregivers’ knowledge of big feelings in young adolescents. To improve caregive
WHO_EASE_INTERVENTION_2023,WHO_EASE_INTERVENTION_2023_d04baa2f_00405_59c2b5194e66,Early Adolescent Skills for Emotions (EASE),interventions,direct_user_support,normal,P0,pending,,TOPIC AIMS MATERIALS ANNEX TIME27 activity 1.5. big feelings in adolescents Learn the common causes and signs of big feelings in childhood accurately feelings in Possible Causes poster Understand- ing Big Feel- ings poster Body Map activity 1.6. Responding to 
WHO_EASE_INTERVENTION_2023,WHO_EASE_INTERVENTION_2023_d04baa2f_00406_6616eb2373ee,Early Adolescent Skills for Emotions (EASE),interventions,direct_user_support,normal,P0,pending,,"17 2 group psychological help for young adolescents impaired by distress in communities exposed to adversity Caregiver activity 1.1. introductions 10 minutes Help participants relax 2. Introduce yourself. Give your name, and something about yourself that you a"
WHO_EASE_INTERVENTION_2023,WHO_EASE_INTERVENTION_2023_d04baa2f_00407_f39d338bd993,Early Adolescent Skills for Emotions (EASE),interventions,direct_user_support,normal,P0,pending,,"17 3 Caregiver activity 1.2. Review of EASE 5 minutes Give an overview of the aims of EASE 1. Briefly describe the aims of EASE. Acknowledge that the caregivers’ children have been experiencing emotional problems. If needed, refer to the main emotional difficu"
WHO_EASE_INTERVENTION_2023,WHO_EASE_INTERVENTION_2023_d04baa2f_00408_56310c6fe7c3,Early Adolescent Skills for Emotions (EASE),interventions,direct_user_support,normal,P0,pending,,"Explain that each session will: c provide information about what the children are learning in their sessions; and c teach skills to help caregivers support their child. Explain that: c the intervention includes a mixture of activities, discussion, and listenin"
WHO_EASE_INTERVENTION_2023,WHO_EASE_INTERVENTION_2023_d04baa2f_00409_570b3f3b0e8c,Early Adolescent Skills for Emotions (EASE),interventions,direct_user_support,normal,P0,pending,,group psychological help for young adolescents impaired by distress in communities exposed to adversity Caregiver activity 1.3. Group rules 5 minutes Set rules and expectations for how to behave in the Promote cohesion within the group 1. Explain that we need 
WHO_EASE_INTERVENTION_2023,WHO_EASE_INTERVENTION_2023_d04baa2f_00411_86d915f316ae,Early Adolescent Skills for Emotions (EASE),interventions,direct_user_support,normal,P0,pending,,“I want to tell you about confidentiality. This means everyone here must agree to keep what is discussed at these meetings private. We must not talk to people outside of this group about the other people who are in this group. But you can talk about what you y
WHO_EASE_INTERVENTION_2023,WHO_EASE_INTERVENTION_2023_d04baa2f_00412_159f19ece384,Early Adolescent Skills for Emotions (EASE),interventions,direct_user_support,normal,P0,pending,,But there are three times when I will need to break confidentiality even if you do not want me to. The first time is if you are at risk of hurting yourself or ending your life. The second time for breaking confidentiality is if you are at risk of seriously hur
WHO_EASE_INTERVENTION_2023,WHO_EASE_INTERVENTION_2023_d04baa2f_00413_36a8249eaf4d,Early Adolescent Skills for Emotions (EASE),interventions,direct_user_support,normal,P0,pending,,"However, in some situations, where the child is at risk of harm, we may have to break confidentiality by speaking to you as their caregiver, even if a child does not want us to. To help keep you safe I would first talk to you to let you know what I am doing. T"
WHO_EASE_INTERVENTION_2023,WHO_EASE_INTERVENTION_2023_d04baa2f_00414_925f4edab4ff,Early Adolescent Skills for Emotions (EASE),interventions,direct_user_support,normal,P0,pending,,group psychological help for young adolescents impaired by distress in communities exposed to adversity Caregiver activity 1.4. EASE adolescent skills review 10 minutes Learn about the skills being taught to their child in the EASE adolescent group Improve abi
WHO_EASE_INTERVENTION_2023,WHO_EASE_INTERVENTION_2023_d04baa2f_00415_0b74b1cb5437,Early Adolescent Skills for Emotions (EASE),interventions,direct_user_support,normal,P0,pending,,"Tell caregivers you will provide more details about two of the skills now. 2. Provide a brief review about EASE adolescent sessions 1 and 2. “In session 1, your children will learn about different feelings and how to identify these feelings. Your children will"
WHO_EASE_INTERVENTION_2023,WHO_EASE_INTERVENTION_2023_d04baa2f_00416_7d90edaeec7f,Early Adolescent Skills for Emotions (EASE),interventions,direct_user_support,normal,P0,pending,,"17 7 3. Explain home practice. Say that children will be given home practice after each EASE session. Explain it is important for caregivers to support their child to do their home practice. Emphasize that if children do not do the home practice, caregivers mu"
WHO_EASE_INTERVENTION_2023,WHO_EASE_INTERVENTION_2023_d04baa2f_00417_fa8aba14246f,Early Adolescent Skills for Emotions (EASE),interventions,direct_user_support,normal,P0,pending,,17 8 group psychological help for young adolescents impaired by distress in communities exposed to adversity Caregiver activity 1.5. Understanding big feelings in adolescents 15 minutes Learn the common causes and signs of big feelings in childhood Learn to ac
WHO_EASE_INTERVENTION_2023,WHO_EASE_INTERVENTION_2023_d04baa2f_00418_93a952e570b9,Early Adolescent Skills for Emotions (EASE),interventions,direct_user_support,normal,P0,pending,,There are many reasons why this can happen.” 2. Explain the common causes of big feelings in children. Bring caregivers’ attention to the Possible Causes poster. Briefly describe the four possible causes of big feelings in children: c The child’s environment (
WHO_EASE_INTERVENTION_2023,WHO_EASE_INTERVENTION_2023_d04baa2f_00419_e058acf18b9c,Early Adolescent Skills for Emotions (EASE),interventions,direct_user_support,normal,P0,pending,,"The caregiver and child interaction is the focus of this intervention because it can be changed. Good caregiver and child interactions are one of the best protective factors for children’s well- being. Emphasize that with help, most children will get better an"
WHO_EASE_INTERVENTION_2023,WHO_EASE_INTERVENTION_2023_d04baa2f_00420_36261a0be193,Early Adolescent Skills for Emotions (EASE),interventions,direct_user_support,normal,P0,pending,,"17 9 3. Explain the common signs of big feelings in children. “I will now explain the common signs of big feelings. Many of these signs are normal responses to difficult experiences. For example, it is normal to feel sad when someone we love has died. Or it is"
WHO_EASE_INTERVENTION_2023,WHO_EASE_INTERVENTION_2023_d04baa2f_00421_f9c101ab797a,Early Adolescent Skills for Emotions (EASE),interventions,direct_user_support,normal,P0,pending,,"“When your child is feeling overwhelmed with big feelings of sadness, worry, stress or anger, you can notice changes in how they are feeling or behaving.” Display the Understanding Big Feelings poster. Point to each character and explain the differences betwee"
WHO_EASE_INTERVENTION_2023,WHO_EASE_INTERVENTION_2023_d04baa2f_00422_fa295f9bf3d8,Early Adolescent Skills for Emotions (EASE),interventions,direct_user_support,normal,P0,pending,,These sensations can include: fast heart rate [draw a heart] fast breathing [draw lines coming out of mouth] headaches [draw a line across the forehead] stomach pains or sickness [draw a circle over the stomach] sweating [draw circles over the armpits] feeling
WHO_EASE_INTERVENTION_2023,WHO_EASE_INTERVENTION_2023_d04baa2f_00423_0ef5bb3050cc,Early Adolescent Skills for Emotions (EASE),interventions,direct_user_support,normal,P0,pending,,group psychological help for young adolescents impaired by distress in communities exposed to adversity Explain the behaviour changes. “Big feelings affect how a person acts or behaves. Common behaviour changes include sleeping more or finding it difficult to 
WHO_EASE_INTERVENTION_2023,WHO_EASE_INTERVENTION_2023_d04baa2f_00424_65a4dadf4a91,Early Adolescent Skills for Emotions (EASE),interventions,direct_user_support,normal,P0,pending,,"For example, a child who is feeling worried can repeatedly ask for reassurance and say things such as: ‘Am I doing this right? ’. Or a child with thoughts that they are not good enough can say things such as ‘I cannot do this,’ or ‘no one cares about me.’” 4. "
WHO_EASE_INTERVENTION_2023,WHO_EASE_INTERVENTION_2023_d04baa2f_00425_32aa897fea70,Early Adolescent Skills for Emotions (EASE),interventions,direct_user_support,normal,P0,pending,,"If this happens, it is important that you know how to help your child in the best way possible.” 28 Adapt example thoughts to culture and context."
WHO_EASE_INTERVENTION_2023,WHO_EASE_INTERVENTION_2023_d04baa2f_00426_6c4cbb66f9e7,Early Adolescent Skills for Emotions (EASE),interventions,direct_user_support,normal,P0,pending,,"Break the myths. Emphasize that talking about suicide will not cause suicide to happen. Explain that many people worry that asking about suicide will increase the chance of suicide or give the child ideas. This is understandable, but it is a myth. Explain that"
WHO_EASE_INTERVENTION_2023,WHO_EASE_INTERVENTION_2023_d04baa2f_00427_030067709a3b,Early Adolescent Skills for Emotions (EASE),interventions,direct_user_support,normal,P0,pending,,"” If a caregiver is worried that their child is at risk of suicide, for example because their child does or say things that suggest they feel hopeless currently or hopeless about the future, instruct caregivers to contact the helper or a health clinic. 29 This"
WHO_EASE_INTERVENTION_2023,WHO_EASE_INTERVENTION_2023_d04baa2f_00428_8592019b9a71,Early Adolescent Skills for Emotions (EASE),interventions,direct_user_support,normal,P0,pending,,They can be experiencing physical signs such as having headaches. Or they can be finding it hard to do any of their usual activities. Sometimes there are more arguments between you and your child. These sessions aim to help you to become more skilled in helpin
WHO_EASE_INTERVENTION_2023,WHO_EASE_INTERVENTION_2023_d04baa2f_00429_9ed96ce2fea7,Early Adolescent Skills for Emotions (EASE),interventions,direct_user_support,normal,P0,pending,,group psychological help for young adolescents impaired by distress in communities exposed to adversity Caregiver activity 1.6. Responding to feelings 20 minutes Improve skills in soothing their child when they are distressed 1. Group activity: identifying and
WHO_EASE_INTERVENTION_2023,WHO_EASE_INTERVENTION_2023_d04baa2f_00430_cafcce2adab3,Early Adolescent Skills for Emotions (EASE),interventions,direct_user_support,normal,P0,pending,,"“Try to remember back to when your child was a baby, they were first learning to walk and had a little fall and started crying. You probably scooped them up with a cuddle and a soothing word. Slowly their tears would stop, and they would feel calm again. Your "
WHO_EASE_INTERVENTION_2023,WHO_EASE_INTERVENTION_2023_d04baa2f_00431_c3d24385c77a,Early Adolescent Skills for Emotions (EASE),interventions,direct_user_support,normal,P0,pending,,"Instructions for the activity. Ask caregivers to form pairs or small groups of three or four. Or, if preferred, adapt this activity to be conducted in the whole group. Tell caregivers they have five minutes to think of one recent example of when their child wa"
WHO_EASE_INTERVENTION_2023,WHO_EASE_INTERVENTION_2023_d04baa2f_00432_2b4af3a007ba,Early Adolescent Skills for Emotions (EASE),interventions,direct_user_support,normal,P0,pending,,"Discuss the activity. After five minutes, invite caregivers to share their ideas with the whole group. Ensure that caregivers explain: c what feeling their child experienced c what feeling the caregiver experienced c their idea for soothing. Validate caregiver"
WHO_EASE_INTERVENTION_2023,WHO_EASE_INTERVENTION_2023_d04baa2f_00433_3ae1305f695f,Early Adolescent Skills for Emotions (EASE),interventions,direct_user_support,normal,P0,pending,,“We all have different ways that help to soothe children. Communicating with children in a calm and caring way and showing them that we are truly listening can help to soothe children when they are feeling distressed. We will now learn how to do this through a
WHO_EASE_INTERVENTION_2023,WHO_EASE_INTERVENTION_2023_d04baa2f_00434_f18a6294a404,Early Adolescent Skills for Emotions (EASE),interventions,direct_user_support,normal,P0,pending,,"Instructions for the activity. Divide the group into pairs. In each pair, designate one caregiver as Person A and one caregiver as Person B. Give Person A in each pair, one of the Person A active listening (bad) examples below. Do this quietly so that each Per"
WHO_EASE_INTERVENTION_2023,WHO_EASE_INTERVENTION_2023_d04baa2f_00436_b51eae11c473,Early Adolescent Skills for Emotions (EASE),interventions,direct_user_support,normal,P0,pending,,group psychological help for young adolescents impaired by distress in communities exposed to adversity Person A: active listening (bad examples) Give minimal eye contact to the person (look away from them). Look at the person but have your face angled downwar
WHO_EASE_INTERVENTION_2023,WHO_EASE_INTERVENTION_2023_d04baa2f_00437_8f09cf78075e,Early Adolescent Skills for Emotions (EASE),interventions,direct_user_support,normal,P0,pending,,"Nod your head or use any other culturally relevant head gesture/ or head position. Nodding your head shows you are listening to the other person. Keep your body posture welcoming. For example, sit with your arms uncrossed, facing the person, sit a comfortable "
WHO_EASE_INTERVENTION_2023,WHO_EASE_INTERVENTION_2023_d04baa2f_00438_863dce8dbbcf,Early Adolescent Skills for Emotions (EASE),interventions,direct_user_support,normal,P0,pending,,"c How did they feel when their partner behaved in this manner? c Did they feel that their partner was listening to them? At the end of the discussion, summarize. “When we use good active listening it shows our children that we are truly listening to them. This"
WHO_EASE_INTERVENTION_2023,WHO_EASE_INTERVENTION_2023_d04baa2f_00439_fe797148ce5f,Early Adolescent Skills for Emotions (EASE),interventions,direct_user_support,normal,P0,pending,,Caregiver activity 1.7. Quality time 20 minutes Better understand the importance of spending quality time with their child Overcome barriers to spending quality time together None Annex 13. Helpful hints for 1. Ask caregivers what quality time with their child
WHO_EASE_INTERVENTION_2023,WHO_EASE_INTERVENTION_2023_d04baa2f_00440_aba092d2b6c4,Early Adolescent Skills for Emotions (EASE),interventions,direct_user_support,normal,P0,pending,,"If caregivers do not mention these, then say quality time can be: c time spent with just the child/children and their caregiver(s); c time together as a family when attention is given to each child, individually; c any time when the child has their caregiver’s"
WHO_EASE_INTERVENTION_2023,WHO_EASE_INTERVENTION_2023_d04baa2f_00441_c07a5138aec6,Early Adolescent Skills for Emotions (EASE),interventions,direct_user_support,normal,P0,pending,,"Ask caregivers to share one benefit of spending quality time with their child. If caregivers do not mention these, then say that quality time: c demonstrates interest in a child and helps the child feel special; c can increase the bond and improve their relati"
WHO_EASE_INTERVENTION_2023,WHO_EASE_INTERVENTION_2023_d04baa2f_00442_6e38fbaec539,Early Adolescent Skills for Emotions (EASE),interventions,direct_user_support,normal,P0,pending,,"group psychological help for young adolescents impaired by distress in communities exposed to adversity Ask caregivers to describe activities that their child enjoys, that the caregivers could do with their child as part of quality time. c If it is difficult f"
WHO_EASE_INTERVENTION_2023,WHO_EASE_INTERVENTION_2023_d04baa2f_00443_03579960c12a,Early Adolescent Skills for Emotions (EASE),interventions,direct_user_support,normal,P0,pending,,For example: c not having enough time; c how to manage quality time with other children’s needs; c being uncertain what to do if their child wants to do an activity that they are uncomfortable with; and c if their child is overwhelmed with big feelings and doe
WHO_EASE_INTERVENTION_2023,WHO_EASE_INTERVENTION_2023_d04baa2f_00444_d33a4f429f19,Early Adolescent Skills for Emotions (EASE),interventions,direct_user_support,normal,P0,pending,,Caregiver activity 1.8. Set home practice Slow Breathing activity None Annex 5. Helpful hints for Remind caregivers that they have two more sessions. Invite one or two caregivers to share the most important thing they learned today. Provide a summary (if it is
WHO_EASE_INTERVENTION_2023,WHO_EASE_INTERVENTION_2023_d04baa2f_00445_12b385d68524,Early Adolescent Skills for Emotions (EASE),interventions,direct_user_support,normal,P0,pending,,"Ask caregivers to try spending some quality time with their child between now and the next session. Remembering to do home practice. Discuss how caregivers can remember to do this, for example by making a reminder, putting an alert in their mobile phone, telli"
WHO_EASE_INTERVENTION_2023,WHO_EASE_INTERVENTION_2023_d04baa2f_00446_f40047ca0ec5,Early Adolescent Skills for Emotions (EASE),interventions,direct_user_support,normal,P0,pending,,group psychological help for young adolescents impaired by distress in communities exposed to adversity 3. Slow Breathing activity to end the session Note for helpers before starting caregivers’ Slow Breathing activity. You will lead caregivers through a simpl
WHO_EASE_INTERVENTION_2023,WHO_EASE_INTERVENTION_2023_d04baa2f_00447_acac8d573d34,Early Adolescent Skills for Emotions (EASE),interventions,direct_user_support,normal,P0,pending,,"One important thing for caregivers to do, is to stay calm in these situations. Your child is learning Slow Breathing which is a skill to help calm their bodies. We think that Slow Breathing can help you to feel calm as well. We will try it now.” Steps to follo"
WHO_EASE_INTERVENTION_2023,WHO_EASE_INTERVENTION_2023_d04baa2f_00448_6873d3dfa349,Early Adolescent Skills for Emotions (EASE),interventions,direct_user_support,normal,P0,pending,,"Then stop counting, and encourage caregivers to count (one, two, three) in their heads, or to gently tap their foot (one, two, three), or follow the sound of a ticking clock (if there is one available). Continue for two minutes. During this time, gently encour"
WHO_EASE_INTERVENTION_2023,WHO_EASE_INTERVENTION_2023_d04baa2f_00449_cdad8dbc02c0,Early Adolescent Skills for Emotions (EASE),interventions,direct_user_support,normal,P0,pending,,Caregiver session 2. The power of praise SESSION AIMS For caregivers to identify their child’s strengths. To better understand the importance of giving and receiving praise. To improve understanding of alternative to harsh punishment. activity 2.1. to feel emp
WHO_EASE_INTERVENTION_2023,WHO_EASE_INTERVENTION_2023_d04baa2f_00450_517289e00f89,Early Adolescent Skills for Emotions (EASE),interventions,direct_user_support,normal,P0,pending,,group psychological help for young adolescents impaired by distress in communities exposed to adversity activity 2.4. The power of praise Learn about the importance of giving and receiving praise Improve skills in giving and receiving praise 35 minutes activit
WHO_EASE_INTERVENTION_2023,WHO_EASE_INTERVENTION_2023_d04baa2f_00451_1fc03286d1f1,Early Adolescent Skills for Emotions (EASE),interventions,direct_user_support,normal,P0,pending,,Caregiver activity 2.1. Welcome and review home practice 10 minutes For caregivers to feel empowered to support each other with this activity Annex 13. Helpful hints for Annex 14. Helpful hints for caregiver home practice 2. Review home practice. Notes for hel
WHO_EASE_INTERVENTION_2023,WHO_EASE_INTERVENTION_2023_d04baa2f_00452_3da593713b12,Early Adolescent Skills for Emotions (EASE),interventions,direct_user_support,normal,P0,pending,,"33 If there are caregivers who are unwilling to share their home practice, at the end of the session, you can privately ask the caregiver if they had any problems and help them solve the problems, if needed."
WHO_EASE_INTERVENTION_2023,WHO_EASE_INTERVENTION_2023_d04baa2f_00453_04e7addc26c8,Early Adolescent Skills for Emotions (EASE),interventions,direct_user_support,normal,P0,pending,,group psychological help for young adolescents impaired by distress in communities exposed to adversity Introduce home practice review. “There are three possible experiences people will have with any home practice. You have successfully completed it. Or more c
WHO_EASE_INTERVENTION_2023,WHO_EASE_INTERVENTION_2023_d04baa2f_00454_543663c9363b,Early Adolescent Skills for Emotions (EASE),interventions,direct_user_support,normal,P0,pending,,Caregiver activity 2.2. EASE adolescent skills review 10 minutes Learn about the skills being taught to their child in the EASE adolescent group Improve ability to support their child’s use of these Adolescent Skills handout Annex 12. Helpful hints for caregiv
WHO_EASE_INTERVENTION_2023,WHO_EASE_INTERVENTION_2023_d04baa2f_00455_7169b6fb69a9,Early Adolescent Skills for Emotions (EASE),interventions,direct_user_support,normal,P0,pending,,"“In sessions 3 and 4, your children will learn that doing a more meaningful activity can improve their mood. Just like you learned in session 1, your children will learn that difficult feelings can affect their actions. For example, feeling very sad can stop c"
WHO_EASE_INTERVENTION_2023,WHO_EASE_INTERVENTION_2023_d04baa2f_00456_7aab04da225a,Early Adolescent Skills for Emotions (EASE),interventions,direct_user_support,normal,P0,pending,,"Encourage the whole group to help manage any problems or questions. This will avoid the activity becoming a series of one-to-one conversations between you and participants. If needed, help caregivers with any problems (see Annex 12)."
WHO_EASE_INTERVENTION_2023,WHO_EASE_INTERVENTION_2023_d04baa2f_00457_2e362c533a21,Early Adolescent Skills for Emotions (EASE),interventions,direct_user_support,normal,P0,pending,,group psychological help for young adolescents impaired by distress in communities exposed to adversity Caregiver activity 2.3. Children’s strengths 10 minutes Emphasize the child’s own resilience For caregivers to reflect on their child’s strengths even in ti
WHO_EASE_INTERVENTION_2023,WHO_EASE_INTERVENTION_2023_d04baa2f_00458_ae339eede159,Early Adolescent Skills for Emotions (EASE),interventions,direct_user_support,normal,P0,pending,,"Examples of activities or positive actions, that their child may do: c going to school even when they are feeling very worried c going to the EASE group even when they are feeling very stressed c trying their best to complete a task, even if they are not succe"
WHO_EASE_INTERVENTION_2023,WHO_EASE_INTERVENTION_2023_d04baa2f_00459_9be839117f23,Early Adolescent Skills for Emotions (EASE),interventions,direct_user_support,normal,P0,pending,,Caregiver activity 2.4. The power of praise 35 minutes Learn about the importance of giving and receiving praise Improve skills in giving and receiving praise 1. Discuss caregivers’ experience of receiving praise (5 minutes). Introduce discussion. “Praise is w
WHO_EASE_INTERVENTION_2023,WHO_EASE_INTERVENTION_2023_d04baa2f_00460_2b07884a205c,Early Adolescent Skills for Emotions (EASE),interventions,direct_user_support,normal,P0,pending,,Ask caregivers to think about a recent example of when they received praise. Ask them to consider: c Who gave the praise? c How did they feel receiving the praise? Ask caregivers why they think it is important to think about their own experiences of praise. El
WHO_EASE_INTERVENTION_2023,WHO_EASE_INTERVENTION_2023_d04baa2f_00461_35642b6cf563,Early Adolescent Skills for Emotions (EASE),interventions,direct_user_support,normal,P0,pending,,"group psychological help for young adolescents impaired by distress in communities exposed to adversity Define the importance of praise for children. Ask the group to define why praise is important for their children. If needed, explain the meaning and importa"
WHO_EASE_INTERVENTION_2023,WHO_EASE_INTERVENTION_2023_d04baa2f_00462_bdab1ac9e78d,Early Adolescent Skills for Emotions (EASE),interventions,direct_user_support,normal,P0,pending,,"The more a child is praised for positive behaviours the less opportunities there are for more challenging behaviours to arise. It is important to let our children know that we are proud of them, that we notice their strengths and the efforts that they put in.”"
WHO_EASE_INTERVENTION_2023,WHO_EASE_INTERVENTION_2023_d04baa2f_00463_4eed7198e40c,Early Adolescent Skills for Emotions (EASE),interventions,direct_user_support,normal,P0,pending,,"Instead, it is more helpful to say ‘I liked the way you were trying so hard to: play nicely with your brother or help with the dinner or keep going to the EASE adolescent group sessions.’” B. Explain the importance of praising their child’s efforts, not just a"
WHO_EASE_INTERVENTION_2023,WHO_EASE_INTERVENTION_2023_d04baa2f_00464_aa8c4d4778dc,Early Adolescent Skills for Emotions (EASE),interventions,direct_user_support,normal,P0,pending,,"“Often, it is easy to overlook a child’s efforts and only praise their accomplishments. Even if a child does not accomplish something, we must notice their efforts and praise these. This sends the message that whatever the outcome, their efforts are worthwhile"
WHO_EASE_INTERVENTION_2023,WHO_EASE_INTERVENTION_2023_d04baa2f_00465_edac34a5eb3c,Early Adolescent Skills for Emotions (EASE),interventions,direct_user_support,normal,P0,pending,,"It is important to give this praise in a genuine and authentic way, for example say it sincerely and without exaggeration.” C. Explain the importance of giving praise as soon as possible and of phrasing praise positively. Ask caregivers to imagine that their c"
WHO_EASE_INTERVENTION_2023,WHO_EASE_INTERVENTION_2023_d04baa2f_00466_3b525a0e2380,Early Adolescent Skills for Emotions (EASE),interventions,direct_user_support,normal,P0,pending,,"Describe what this interruption looks like: “In these situations, it is very important to phrase praise positively. This means we should say something like ‘how nice that you are playing together so quietly’. We should not praise them negatively, such as sayin"
WHO_EASE_INTERVENTION_2023,WHO_EASE_INTERVENTION_2023_d04baa2f_00467_0ac2cff9e5d9,Early Adolescent Skills for Emotions (EASE),interventions,direct_user_support,normal,P0,pending,,Remind caregivers to: c praise specific behaviours c focus on efforts not just accomplishments c give praise as soon as possible and phrase praise positively c consider their child’s strengths and how these might inform this activity.
WHO_EASE_INTERVENTION_2023,WHO_EASE_INTERVENTION_2023_d04baa2f_00468_d47770046acf,Early Adolescent Skills for Emotions (EASE),interventions,direct_user_support,normal,P0,pending,,"group psychological help for young adolescents impaired by distress in communities exposed to adversity Ask caregivers to form pairs. Provide instructions for the first role play. During the activity, the helper can roam the room and give feedback to pairs on "
WHO_EASE_INTERVENTION_2023,WHO_EASE_INTERVENTION_2023_d04baa2f_00470_8595a193443c,Early Adolescent Skills for Emotions (EASE),interventions,direct_user_support,normal,P0,pending,,"Caregivers should focus on making praise genuine. Some children may find it strange if they notice their caregiver giving them praise more often. If caregivers are worried about this, explain that it can be helpful for caregivers to be honest about what they a"
WHO_EASE_INTERVENTION_2023,WHO_EASE_INTERVENTION_2023_d04baa2f_00471_2dddb9eaabc0,Early Adolescent Skills for Emotions (EASE),interventions,direct_user_support,normal,P0,pending,,"Caregiver activity 2.5. to harsh punishment 20 minutes Strengthen understanding of the alternatives to harsh None Annex 15. Helpful hints for alternatives to harsh 1. Introduce challenging behaviours. “Active listening, quality time and praise can improve chil"
WHO_EASE_INTERVENTION_2023,WHO_EASE_INTERVENTION_2023_d04baa2f_00472_cb6b087e3132,Early Adolescent Skills for Emotions (EASE),interventions,direct_user_support,normal,P0,pending,,"They were very worried about Kian. Kian was experiencing big feelings. He seemed very sad one moment, very worried the next moment and also very angry on other days. Fatima and Aban, Kian’s caregivers, were busy and felt that they did not have time to manage K"
WHO_EASE_INTERVENTION_2023,WHO_EASE_INTERVENTION_2023_d04baa2f_00473_032a00d48f86,Early Adolescent Skills for Emotions (EASE),interventions,direct_user_support,normal,P0,pending,,"So, Fatima would shout at Kian and tell him that he was bringing shame to the family. Aban threatened to hit Kian if he did not help his mother. And sometimes he did hit him.”"
WHO_EASE_INTERVENTION_2023,WHO_EASE_INTERVENTION_2023_d04baa2f_00474_2904ac626bc3,Early Adolescent Skills for Emotions (EASE),interventions,direct_user_support,normal,P0,pending,,group psychological help for young adolescents impaired by distress in communities exposed to adversity 3. Have a group discussion. Notes for helper before starting the discussion. Prepare for the discussion by familiarising yourself with the information below
WHO_EASE_INTERVENTION_2023,WHO_EASE_INTERVENTION_2023_d04baa2f_00475_0480c622b38f,Early Adolescent Skills for Emotions (EASE),interventions,direct_user_support,normal,P0,pending,,Kian may do even less chores at home; or he could stay outside of the home all day; or he could withdraw from his parents and stop speaking with them. c Kian could learn that shouting or hitting other people is okay. He might start shouting back at his parents
WHO_EASE_INTERVENTION_2023,WHO_EASE_INTERVENTION_2023_d04baa2f_00476_074552535aec,Early Adolescent Skills for Emotions (EASE),interventions,direct_user_support,normal,P0,pending,,"Respond calmly and explain what they would like Kian to stop doing, and what they would like him to do instead. c For example, a caregiver could say, “I can see that you are feeling very frustrated right now, but please stop shouting at me. I want you to try a"
WHO_EASE_INTERVENTION_2023,WHO_EASE_INTERVENTION_2023_d04baa2f_00477_251b1e549136,Early Adolescent Skills for Emotions (EASE),interventions,direct_user_support,normal,P0,pending,,"Use logical consequences. c For example, Kian has to help clean up or fix something that he damaged. Loss of privileges or rewards. c For example, Kian may lose the privilege of using the family phone for one evening. 4. Emphasize these key points Remind careg"
WHO_EASE_INTERVENTION_2023,WHO_EASE_INTERVENTION_2023_d04baa2f_00478_ebb0ad9dc76d,Early Adolescent Skills for Emotions (EASE),interventions,direct_user_support,normal,P0,pending,,"Reassure caregivers that you understand that they may have used these strategies of harsh punishment in the past, but that EASE helps to suggest an alternative way of managing their child’s behaviour for the future. 5. Invite caregivers to ask any questions an"
WHO_EASE_INTERVENTION_2023,WHO_EASE_INTERVENTION_2023_d04baa2f_00479_47b2c226600a,Early Adolescent Skills for Emotions (EASE),interventions,direct_user_support,normal,P0,pending,,group psychological help for young adolescents impaired by distress in communities exposed to adversity Caregiver activity 2.6. Ending the session 15 minutes Set home practice Slow Breathing activity None Annex 5: Helpful hints for Remind caregivers that they 
WHO_EASE_INTERVENTION_2023,WHO_EASE_INTERVENTION_2023_d04baa2f_00480_90942a3aeed5,Early Adolescent Skills for Emotions (EASE),interventions,direct_user_support,normal,P0,pending,,"These skills are good for caregivers too, as they help build the bond between you and your child.” Active listening home practice: Ask caregivers to practise their active listening skills with their child whenever they get an opportunity. Praise home practice:"
WHO_EASE_INTERVENTION_2023,WHO_EASE_INTERVENTION_2023_d04baa2f_00481_c124a35af92c,Early Adolescent Skills for Emotions (EASE),interventions,direct_user_support,normal,P0,pending,,3. Slow Breathing activity to end the session Note for helpers before starting this activity. You will lead caregivers through a simplified Slow Breathing practice. You are not teaching the full version of Slow Breathing (such as in the child sessions). Help c
WHO_EASE_INTERVENTION_2023,WHO_EASE_INTERVENTION_2023_d04baa2f_00482_fe29e050b305,Early Adolescent Skills for Emotions (EASE),interventions,direct_user_support,normal,P0,pending,,"Begin counting out loud, three seconds for the breathing in and three seconds for breathing Explain that they can imagine breathing in the smell of a flower and blowing out a candle.35 Continue for one minute. Then stop counting, and encourage caregivers to co"
WHO_EASE_INTERVENTION_2023,WHO_EASE_INTERVENTION_2023_d04baa2f_00483_553306f1cde5,Early Adolescent Skills for Emotions (EASE),interventions,direct_user_support,normal,P0,pending,,group psychological help for young adolescents impaired by distress in communities exposed to adversity Caregiver session 3. Caregiver self-care and brighter futures SESSION AIMS For caregivers to practise self-care so that they are better able to help their c
WHO_EASE_INTERVENTION_2023,WHO_EASE_INTERVENTION_2023_d04baa2f_00484_ee8313e9c5d0,Early Adolescent Skills for Emotions (EASE),interventions,direct_user_support,normal,P0,pending,,activity 3.4. challenges and self-care Learn about the importance of caregiver self-care To overcome barriers to caregivers applying self- care activity 3.5. Brighter futures Learn what to expect in the future caregivers’ confidence in managing dif- ficulties 
WHO_EASE_INTERVENTION_2023,WHO_EASE_INTERVENTION_2023_d04baa2f_00485_01e7d920ac32,Early Adolescent Skills for Emotions (EASE),interventions,direct_user_support,normal,P0,pending,,group psychological help for young adolescents impaired by distress in communities exposed to adversity Caregiver Activity 3.1: review home practice 10 minutes For caregivers to feel empowered to support each other with this activity Annex 13. Helpful hints fo
WHO_EASE_INTERVENTION_2023,WHO_EASE_INTERVENTION_2023_d04baa2f_00486_2668e5fc4fb6,Early Adolescent Skills for Emotions (EASE),interventions,direct_user_support,normal,P0,pending,,"Introduce home practice review. “There are three possible experiences people will have with any home practice. You have successfully completed it. Or, more commonly, you have tried to do it but it was unsuccessful or you were unable to do it. All experiences a"
WHO_EASE_INTERVENTION_2023,WHO_EASE_INTERVENTION_2023_d04baa2f_00487_1d7d7448664d,Early Adolescent Skills for Emotions (EASE),interventions,direct_user_support,normal,P0,pending,,"Invite one caregiver to share their experience of the praise home practice activities – both successes and problems they experienced. If there is time, ask caregivers if they have had a chance to practise the other skills learned during the intervention: c act"
WHO_EASE_INTERVENTION_2023,WHO_EASE_INTERVENTION_2023_d04baa2f_00488_f18006608803,Early Adolescent Skills for Emotions (EASE),interventions,direct_user_support,normal,P0,pending,,group psychological help for young adolescents impaired by distress in communities exposed to adversity Caregiver activity 3.2. EASE adolescent skills review 10 minutes Learn about the skills being taught to their child in the EASE adolescent group Improve abi
WHO_EASE_INTERVENTION_2023,WHO_EASE_INTERVENTION_2023_d04baa2f_00489_b40a28daa9b7,Early Adolescent Skills for Emotions (EASE),interventions,direct_user_support,normal,P0,pending,,"Provide brief review about EASE adolescent sessions 5 and 6. “In sessions 5 and 6, your children have been learning how to manage practical problems. Just as you learned in your first session, your children are learning that big feelings can affect their think"
WHO_EASE_INTERVENTION_2023,WHO_EASE_INTERVENTION_2023_d04baa2f_00490_d8bcc7faccf0,Early Adolescent Skills for Emotions (EASE),interventions,direct_user_support,normal,P0,pending,,"In your children’s last session, they will revise what they have learned during the whole intervention and learn about how to prepare for the future if they face similar feelings or problems again.”"
WHO_EASE_INTERVENTION_2023,WHO_EASE_INTERVENTION_2023_d04baa2f_00491_092f7d462600,Early Adolescent Skills for Emotions (EASE),interventions,direct_user_support,normal,P0,pending,,3. Invite caregivers to ask questions or to share ideas about how to support children’s home practice. Encourage the whole group to help manage any problems or questions. This will avoid the activity becoming a series of one-to-one conversations between the he
WHO_EASE_INTERVENTION_2023,WHO_EASE_INTERVENTION_2023_d04baa2f_00492_3bdbad06f052,Early Adolescent Skills for Emotions (EASE),interventions,direct_user_support,normal,P0,pending,,group psychological help for young adolescents impaired by distress in communities exposed to adversity Caregiver activity 3.3. Caregiver strengths 10 minutes Emphasize caregivers’ own resilience and strengths 1. Introduce caregiver strengths. “Last session we
WHO_EASE_INTERVENTION_2023,WHO_EASE_INTERVENTION_2023_d04baa2f_00493_3718b7dca4d7,Early Adolescent Skills for Emotions (EASE),interventions,direct_user_support,normal,P0,pending,,"They were still very worried about their son Kian. He was having problems at school. He had stopped seeing his friends, and he was not doing his chores when asked. Perhaps hardest of all, he seemed very angry or sad most of the time. Kian’s mood was having a b"
WHO_EASE_INTERVENTION_2023,WHO_EASE_INTERVENTION_2023_d04baa2f_00494_f692122d8cfc,Early Adolescent Skills for Emotions (EASE),interventions,direct_user_support,normal,P0,pending,,"Despite her embarrassment, she decided she was going to ask her older neighbour Amena for help. She was really worried about her son and she knew that Amena had similar problems with her daughter when her daughter was younger.”"
WHO_EASE_INTERVENTION_2023,WHO_EASE_INTERVENTION_2023_d04baa2f_00495_69ac1a8b51eb,Early Adolescent Skills for Emotions (EASE),interventions,direct_user_support,normal,P0,pending,,"3. Ask caregivers to identify the strengths of the caregivers in the story. If needed, prompt caregivers with questions such as: c What qualities does the father show as a caregiver? c What activities does the mother do to help her children? c What does the mo"
WHO_EASE_INTERVENTION_2023,WHO_EASE_INTERVENTION_2023_d04baa2f_00496_c2a54fd25609,Early Adolescent Skills for Emotions (EASE),interventions,direct_user_support,normal,P0,pending,,group psychological help for young adolescents impaired by distress in communities exposed to adversity Caregiver activity 3.4. Caregiver challenges and self-care36 30 minutes Learn about the importance of caregiver self-care To overcome barriers to caregivers
WHO_EASE_INTERVENTION_2023,WHO_EASE_INTERVENTION_2023_d04baa2f_00497_e787c5835177,Early Adolescent Skills for Emotions (EASE),interventions,direct_user_support,normal,P0,pending,,"” [Wait for response.] If caregivers do not mention these, then say the following: c A caregiver who takes care of themselves is also helping to take better care of their child – because they will then be able to better support their child. c To prevent caregi"
WHO_EASE_INTERVENTION_2023,WHO_EASE_INTERVENTION_2023_d04baa2f_00498_5e4b5bba3050,Early Adolescent Skills for Emotions (EASE),interventions,direct_user_support,normal,P0,pending,,2. Read and discuss story (10 minutes). “Kian was still struggling and Fatima was starting to wonder who she could turn to for help. Fatima found herself lying awake at night worrying about Kian. There were so many other worries she had too. Fatima could not r
WHO_EASE_INTERVENTION_2023,WHO_EASE_INTERVENTION_2023_d04baa2f_00499_f84cd191d62d,Early Adolescent Skills for Emotions (EASE),interventions,direct_user_support,normal,P0,pending,,"What would you suggest to them to help look after themselves and manage their stress better? ” If needed, give a prompt. For example, say that some caregivers manage stress by spending time with friends and family, or by taking a little time to themselves, per"
WHO_EASE_INTERVENTION_2023,WHO_EASE_INTERVENTION_2023_d04baa2f_00500_102bb8c127d6,Early Adolescent Skills for Emotions (EASE),interventions,direct_user_support,normal,P0,pending,,"Prepare for the discussion by familiarizing yourself with the information below. Helpers must pay attention to caregivers who mention unhelpful coping strategies, as a way of managing caregiver stress, for example drinking alcohol, lying (or not being complete"
WHO_EASE_INTERVENTION_2023,WHO_EASE_INTERVENTION_2023_d04baa2f_00501_fb5275628c0b,Early Adolescent Skills for Emotions (EASE),interventions,direct_user_support,normal,P0,pending,,"group psychological help for young adolescents impaired by distress in communities exposed to adversity c But this can cause more problems. It hurts our children, it can hurt others and it can even hurt the caregiver themself. It teaches children that it is ok"
WHO_EASE_INTERVENTION_2023,WHO_EASE_INTERVENTION_2023_d04baa2f_00502_af7b42586a13,Early Adolescent Skills for Emotions (EASE),interventions,direct_user_support,normal,P0,pending,,"During the discussion, if participants do not mention the following self-care strategies, then make sure to ask about each of these: c sleep/rest, such as trying to have a good night’s sleep; c diet, such as trying to eat healthy meals when food is available; "
WHO_EASE_INTERVENTION_2023,WHO_EASE_INTERVENTION_2023_d04baa2f_00503_14beece44d67,Early Adolescent Skills for Emotions (EASE),interventions,direct_user_support,normal,P0,pending,,"c Ask caregivers how they would include self-care into their daily routines. c Explain that caregivers are role models to their children. By caregivers looking after themselves, they encourage their children to also learn how to do this. c Invite caregivers to"
WHO_EASE_INTERVENTION_2023,WHO_EASE_INTERVENTION_2023_d04baa2f_00504_9cd52c3b12bd,Early Adolescent Skills for Emotions (EASE),interventions,direct_user_support,normal,P0,pending,,Caregiver activity 3.5. Brighter futures 15 minutes Learn what to expect in the future Improve caregivers’ confidence in managing difficulties with their child in the future Warning Signs Handout 1. Explain how caregivers can keep supporting their child. “Hope
WHO_EASE_INTERVENTION_2023,WHO_EASE_INTERVENTION_2023_d04baa2f_00505_454c98440c61,Early Adolescent Skills for Emotions (EASE),interventions,direct_user_support,normal,P0,pending,,"We also know that even if caregivers and their children try their best, it is likely that problems will happen again in the future. Problems can often occur when there are times of change or stress, such as moving areas or having to change school classes.” 2. "
WHO_EASE_INTERVENTION_2023,WHO_EASE_INTERVENTION_2023_d04baa2f_00506_576a714887fd,Early Adolescent Skills for Emotions (EASE),interventions,direct_user_support,normal,P0,pending,,"If caregivers do not mention these, then say the following: c big changes in how children feel, what they do, how they sleep and how they eat; c changes in their mood that have lasted for a long time (at least two weeks), such as feeling very sad most of the t"
WHO_EASE_INTERVENTION_2023,WHO_EASE_INTERVENTION_2023_d04baa2f_00507_9db90f2aee55,Early Adolescent Skills for Emotions (EASE),interventions,direct_user_support,normal,P0,pending,,group psychological help for young adolescents impaired by distress in communities exposed to adversity 3. Ask how caregivers can remember these signs of distress. Validate any ideas the caregivers have that would help them remember. Provide the Warning Signs 
WHO_EASE_INTERVENTION_2023,WHO_EASE_INTERVENTION_2023_d04baa2f_00508_7e944a7c1d95,Early Adolescent Skills for Emotions (EASE),interventions,direct_user_support,normal,P0,pending,,"If a caregiver and child remain very worried about the child’s well-being in the future, they should contact their local health worker.37 Remind caregivers that there will be an opportunity to discuss any remaining concerns about their child at the caregiver p"
WHO_EASE_INTERVENTION_2023,WHO_EASE_INTERVENTION_2023_d04baa2f_00509_993359faa5de,Early Adolescent Skills for Emotions (EASE),interventions,direct_user_support,normal,P0,pending,,Caregiver activity 3.6. Ending the group 15 minutes To share lessons learned and opportunity to ask questions. Slow Breathing activity Caregiver Skills Handout Annex 5. Helpful hints for 1. Invite caregivers to share the most important thing they have learned 
WHO_EASE_INTERVENTION_2023,WHO_EASE_INTERVENTION_2023_d04baa2f_00510_51ff2bb4f671,Early Adolescent Skills for Emotions (EASE),interventions,direct_user_support,normal,P0,pending,,You are not teaching the full version of Slow Breathing (such as in the child sessions). Help caregivers with any problems they experience during this activity (see Annex 5). Steps to follow. Instruct caregivers to release tension from their bodies by shaking 
WHO_EASE_INTERVENTION_2023,WHO_EASE_INTERVENTION_2023_d04baa2f_00511_ede6a6a8a9a2,Early Adolescent Skills for Emotions (EASE),interventions,direct_user_support,normal,P0,pending,,"group psychological help for young adolescents impaired by distress in communities exposed to adversity Explain that they can imagine breathing in the smell of a flower and blowing out a candle.38 Continue for one minute. Then stop counting, and encourage care"
WHO_EASE_INTERVENTION_2023,WHO_EASE_INTERVENTION_2023_d04baa2f_00512_93c9ac57fe73,Early Adolescent Skills for Emotions (EASE),interventions,direct_user_support,normal,P0,pending,,"group psychological help for young adolescents impaired by distress in communities exposed to adversity Annex 1. Managing disclosures of abuse and managing suicide risk Disclosures of abuse If, during EASE, a participant discloses a problem that suggests they "
WHO_EASE_INTERVENTION_2023,WHO_EASE_INTERVENTION_2023_d04baa2f_00513_bd2b1a9af2df,Early Adolescent Skills for Emotions (EASE),interventions,direct_user_support,normal,P0,pending,,"It is never okay for someone to physically/sexually/emotionally [say the appropriate term] hurt you. And we do not expect you to be able to solve these kinds of problems. Instead, we will make sure you can get some help to manage these problems.” Tell the part"
WHO_EASE_INTERVENTION_2023,WHO_EASE_INTERVENTION_2023_d04baa2f_00515_e6fa8181070f,Early Adolescent Skills for Emotions (EASE),interventions,direct_user_support,normal,P0,pending,,"Suicide risk During EASE, some adolescents or caregivers, can have thoughts about ending their life. Table A1.1 below guides helpers in how to respond to people who disclose thoughts of suicide and how they can respond to risk of self-harm/suicide. Table A1.1."
WHO_EASE_INTERVENTION_2023,WHO_EASE_INTERVENTION_2023_d04baa2f_00516_246afa543ae1,Early Adolescent Skills for Emotions (EASE),interventions,direct_user_support,normal,P0,pending,,"For example, say this: “It’s very important that you have told me how you are feeling. These thoughts can happen when things are really difficult. If at any time you feel this feeling is getting worse, or you feel a risk of harming yourself or ending your life"
WHO_EASE_INTERVENTION_2023,WHO_EASE_INTERVENTION_2023_d04baa2f_00518_42f397e8a749,Early Adolescent Skills for Emotions (EASE),interventions,direct_user_support,normal,P0,pending,,group psychological help for young adolescents impaired by distress in communities exposed to adversity Annex 2. Activities and games The following are ice breaker or energizer activities that you can include in any of the sessions. It is best to only choose o
WHO_EASE_INTERVENTION_2023,WHO_EASE_INTERVENTION_2023_d04baa2f_00519_15b63d7d6daa,Early Adolescent Skills for Emotions (EASE),interventions,direct_user_support,normal,P0,pending,,Some groups may not like activities and games and so you can decide not to include any in your sessions. 1. Two truths and a lie Materials: none required Instructions: Each person has to think of two things about themselves that are true and one thing that the
WHO_EASE_INTERVENTION_2023,WHO_EASE_INTERVENTION_2023_d04baa2f_00520_05023f598146,Early Adolescent Skills for Emotions (EASE),interventions,direct_user_support,normal,P0,pending,,Example: a 12-year-old participant tells the group: I am 11 years’ old I have one older brother I love looking for birds. The first statement is the lie. 2. What this says about me Materials: you will need a bag/box full of random objects Instructions: Partici
WHO_EASE_INTERVENTION_2023,WHO_EASE_INTERVENTION_2023_d04baa2f_00521_ca47aa053404,Early Adolescent Skills for Emotions (EASE),interventions,direct_user_support,normal,P0,pending,,"But the trick is to copy them at the same time they are moving. The leader will begin moving slowly, but after 15 seconds the helper will tell the leaders to speed up their movements. The leader and mirror cannot touch each other. One round will last one minut"
WHO_EASE_INTERVENTION_2023,WHO_EASE_INTERVENTION_2023_d04baa2f_00522_9508ad47881f,Early Adolescent Skills for Emotions (EASE),interventions,direct_user_support,normal,P0,pending,,"getting hurt. You should also be aware of whether this activity would be appropriate if there is a mixed gender group. 5. Fruit salad Materials: chairs (one chair per person) Instructions: Have everyone sit in a chair, arranged in a circle facing inwards. Sele"
WHO_EASE_INTERVENTION_2023,WHO_EASE_INTERVENTION_2023_d04baa2f_00523_21b095a0d91d,Early Adolescent Skills for Emotions (EASE),interventions,direct_user_support,normal,P0,pending,,The person in the middle tries to sit down. There’ll be one person left without a chair. This person will be the next person in the middle of the circle. The standing person starts a new round by saying a different statement. The same game can be played with t
WHO_EASE_INTERVENTION_2023,WHO_EASE_INTERVENTION_2023_d04baa2f_00524_94e709f0bcdc,Early Adolescent Skills for Emotions (EASE),interventions,direct_user_support,normal,P0,pending,,"Washing the elephant Say this: “Imagine there is a baby elephant (or another animal) in front you. It has been playing in the mud and needs a bath. Together, we are going to wash each of our baby elephants. First, we will start with the body. Let’s wash the si"
WHO_EASE_INTERVENTION_2023,WHO_EASE_INTERVENTION_2023_d04baa2f_00525_69d71fd39487,Early Adolescent Skills for Emotions (EASE),interventions,direct_user_support,normal,P0,pending,,"Hold this position for 10 seconds. “Great. Now let’s pick the fruit on our left side. Stretching our left hand all the way up above our heads to get to the fruit.” Stretch your left arm above head, picking right heel off ground. Hold this position for 10 secon"
WHO_EASE_INTERVENTION_2023,WHO_EASE_INTERVENTION_2023_d04baa2f_00526_4bdcd34904cd,Early Adolescent Skills for Emotions (EASE),interventions,direct_user_support,normal,P0,pending,,"Tilt your body forward from the hips, allowing your arms to dangle down your body. Hold this position for 10 seconds. You can repeat the same instructions once more or modify them."
WHO_EASE_INTERVENTION_2023,WHO_EASE_INTERVENTION_2023_d04baa2f_00527_0fb963f8c8f2,Early Adolescent Skills for Emotions (EASE),interventions,direct_user_support,normal,P0,pending,,"group psychological help for young adolescents impaired by distress in communities exposed to adversity 3. Body stretches Stand with feet together or hip width apart (in a circle or spread out in space). Interlock your fingers, palms facing down and stretch bo"
WHO_EASE_INTERVENTION_2023,WHO_EASE_INTERVENTION_2023_d04baa2f_00528_cdf849f6234c,Early Adolescent Skills for Emotions (EASE),interventions,direct_user_support,normal,P0,pending,,"Continue by saying, “Now let’s dive down to the ground like birds. Let your arms fall in front of you and reach them down to the floor. Reach down as low as you can go without it hurting. And slowly, very slowly, bringing your body back up. Rolling your back u"
WHO_EASE_INTERVENTION_2023,WHO_EASE_INTERVENTION_2023_d04baa2f_00529_ad68be8a0f3c,Early Adolescent Skills for Emotions (EASE),interventions,direct_user_support,normal,P0,pending,,Slightly arch your back to open your chest. Hold for five seconds and release. Slowly bring the arms back to hug your chest (give yourself big hug). Repeat three times.
WHO_EASE_INTERVENTION_2023,WHO_EASE_INTERVENTION_2023_d04baa2f_00530_46b114559252,Early Adolescent Skills for Emotions (EASE),interventions,direct_user_support,normal,P0,pending,,"Annex 3. Helpful hints for home practice The following are common problems participants can have with their home practice. Suggested ways of responding to and managing these problems is provided. However, always discuss participant difficulties with your super"
WHO_EASE_INTERVENTION_2023,WHO_EASE_INTERVENTION_2023_d04baa2f_00531_4bf0e264e4bd,Early Adolescent Skills for Emotions (EASE),interventions,direct_user_support,normal,P0,pending,,"If they want to see changes in their problems and how they feel, they have to practise the skills. Practice makes permanent! You could use an analogy of learning to ride a bike or learning a new language. You can only get good at it by practising it as much as"
WHO_EASE_INTERVENTION_2023,WHO_EASE_INTERVENTION_2023_d04baa2f_00532_0927b6989e34,Early Adolescent Skills for Emotions (EASE),interventions,direct_user_support,normal,P0,pending,,"drawing or writing one), asking someone to remind them (a friend from the group, or a caregiver), or planning to do it at a particular time on a particular day, such as after a meal, or before sleeping. Too busy The solutions suggested for participants who for"
WHO_EASE_INTERVENTION_2023,WHO_EASE_INTERVENTION_2023_d04baa2f_00533_e6c35438f5fe,Early Adolescent Skills for Emotions (EASE),interventions,direct_user_support,normal,P0,pending,,group psychological help for young adolescents impaired by distress in communities exposed to adversity Caregivers didn’t let them Try to find out why the caregivers didn’t let them do it. Was it the whole activity or part of it? Did they not want them to do t
WHO_EASE_INTERVENTION_2023,WHO_EASE_INTERVENTION_2023_d04baa2f_00534_ec2d5fae88bb,Early Adolescent Skills for Emotions (EASE),interventions,direct_user_support,normal,P0,pending,,"For example, ask the group to explain the skill, have other participants explain their home practice and how it related to the skill, ask questions about the skill to the whole group. Speak to the participant in the break or at the end of the session to make s"
WHO_EASE_INTERVENTION_2023,WHO_EASE_INTERVENTION_2023_d04baa2f_00535_5386a3888c23,Early Adolescent Skills for Emotions (EASE),interventions,direct_user_support,normal,P0,pending,,Annex 4. Understanding My Feelings Table A4.1. Problems with Understanding My Feelings and how to respond. Did not notice any feelings or could not identify any or different feelings Check whether there is a problem in understanding the skill. Check that the p
WHO_EASE_INTERVENTION_2023,WHO_EASE_INTERVENTION_2023_d04baa2f_00536_610c66b349e9,Early Adolescent Skills for Emotions (EASE),interventions,direct_user_support,normal,P0,pending,,c How did you feel when you were eating a meal? c How did you feel walking to the group today? c How do you feel right now? Have participants colour in their Feelings Pot to show all the feelings they had today.
WHO_EASE_INTERVENTION_2023,WHO_EASE_INTERVENTION_2023_d04baa2f_00537_1b07c052f5fb,Early Adolescent Skills for Emotions (EASE),interventions,direct_user_support,normal,P0,pending,,"group psychological help for young adolescents impaired by distress in communities exposed to adversity Annex 5. Calming My Body Calming My Body is one way of breathing that can be helpful for participants. However, it is very important that participants are n"
WHO_EASE_INTERVENTION_2023,WHO_EASE_INTERVENTION_2023_d04baa2f_00538_233c5061d28a,Early Adolescent Skills for Emotions (EASE),interventions,direct_user_support,normal,P0,pending,,"Encourage the participant not to be worried about following the instructions exactly. Help them to understand that the main aim is simply to slow their breathing down in the way that best suits them, even if it means they are not keeping to the three counts or"
WHO_EASE_INTERVENTION_2023,WHO_EASE_INTERVENTION_2023_d04baa2f_00539_afa8594ef6bb,Early Adolescent Skills for Emotions (EASE),interventions,direct_user_support,normal,P0,pending,,"If this is too difficult, help them schedule specific times throughout the day to practise Slow Breathing so they learn how to use it before they get too anxious. Focusing on breathing makes the participant speed up their breathing and feel more anxious. They "
WHO_EASE_INTERVENTION_2023,WHO_EASE_INTERVENTION_2023_d04baa2f_00540_d45843fd3471,Early Adolescent Skills for Emotions (EASE),interventions,direct_user_support,normal,P0,pending,,"Annex 6. Two alternatives to Slow Breathing When to choose alternatives to Slow Breathing Some participants can find Slow Breathing very difficult, for example, participants with pre- existing breathing difficulties, like asthma. In this circumstance, you can "
WHO_EASE_INTERVENTION_2023,WHO_EASE_INTERVENTION_2023_d04baa2f_00541_b3e5114927ab,Early Adolescent Skills for Emotions (EASE),interventions,direct_user_support,normal,P0,pending,,"When breathing out, make the sound “ha”, and bring arms down, bend your knees and let yourself hang like a doll with your head between your arms, and your hands hanging between your legs. Repeat three times. 2. Shake it out Stand in a circle or spread out in s"
WHO_EASE_INTERVENTION_2023,WHO_EASE_INTERVENTION_2023_d04baa2f_00542_e06b739bd67b,Early Adolescent Skills for Emotions (EASE),interventions,direct_user_support,normal,P0,pending,,group psychological help for young adolescents impaired by distress in communities exposed to adversity Annex 7. Changing My Actions Guidelines for completing Changing My Actions: 1. Choose an activity. Activities do not only have to be a physical activity (e.
WHO_EASE_INTERVENTION_2023,WHO_EASE_INTERVENTION_2023_d04baa2f_00543_1d60324ca5fb,Early Adolescent Skills for Emotions (EASE),interventions,direct_user_support,normal,P0,pending,,"Activities should not cause the participant or others more problems, nor cause harm to the participant or others. Check that the participant will be allowed to do the activity (“Is this something you will be able to get permission to do from your caregiver? ”)"
WHO_EASE_INTERVENTION_2023,WHO_EASE_INTERVENTION_2023_d04baa2f_00544_41601c07b205,Early Adolescent Skills for Emotions (EASE),interventions,direct_user_support,normal,P0,pending,,"Each step should be manageable and very easy for the participant to complete. So it is acceptable if the first step is very small, for example only doing an activity for five minutes, or completing a very small step of the activity. Consider what participants "
WHO_EASE_INTERVENTION_2023,WHO_EASE_INTERVENTION_2023_d04baa2f_00545_2f0556a462cc,Early Adolescent Skills for Emotions (EASE),interventions,direct_user_support,normal,P0,pending,,"Alternatively, breaking an activity down could mean breaking it down by time. For example, the participant could be spending first 10 minutes doing the activity, or doing it once per week; then moving to 20 minutes on the activity, or twice per week; and conti"
WHO_EASE_INTERVENTION_2023,WHO_EASE_INTERVENTION_2023_d04baa2f_00546_0b52f8aa241c,Early Adolescent Skills for Emotions (EASE),interventions,direct_user_support,normal,P0,pending,,"The staircase example suggests that there are four steps: the first step, the second step, the third step and then the final step, the chosen activity. Some participants may need to add more steps. 3. Plan to do steps. Help participants to decide exactly when "
WHO_EASE_INTERVENTION_2023,WHO_EASE_INTERVENTION_2023_d04baa2f_00547_a12d9d80dce5,Early Adolescent Skills for Emotions (EASE),interventions,direct_user_support,normal,P0,pending,,group psychological help for young adolescents impaired by distress in communities exposed to adversity Table A7.1. Example of Changing My Actions: to start singing again. STEPS: WHEN I WILL DO THE STEP: 1. Decide on some easy songs I can start singing again. 
WHO_EASE_INTERVENTION_2023,WHO_EASE_INTERVENTION_2023_d04baa2f_00548_896c43ebb29d,Early Adolescent Skills for Emotions (EASE),interventions,direct_user_support,normal,P0,pending,,Table A7.2. describes some common problems and solutions for Changing My Actions. Table A7.2. Problems for Changing My Actions and how to respond. The participant did not feel like doing the activity even though they planned to do it. First let participants kn
WHO_EASE_INTERVENTION_2023,WHO_EASE_INTERVENTION_2023_d04baa2f_00549_2b08ead673f1,Early Adolescent Skills for Emotions (EASE),interventions,direct_user_support,normal,P0,pending,,Listen for clues that tell you it is too big an activity or that it wasn’t broken down into small enough steps. You can either break this activity down into a much smaller step to help them get started. Or you can choose a different easier activity they can do
WHO_EASE_INTERVENTION_2023,WHO_EASE_INTERVENTION_2023_d04baa2f_00550_10c0bd9c0214,Early Adolescent Skills for Emotions (EASE),interventions,direct_user_support,normal,P0,pending,,"If other things distracted the participant from doing their activity, tell them the following in a gentle but firm way: This is normal and happens to many participants. But distractions will often come up. Remind them that in order to feel better they will hav"
WHO_EASE_INTERVENTION_2023,WHO_EASE_INTERVENTION_2023_d04baa2f_00551_f673a2e5da93,Early Adolescent Skills for Emotions (EASE),interventions,direct_user_support,normal,P0,pending,,group psychological help for young adolescents impaired by distress in communities exposed to adversity Participants complain that their mood has not improved. This is very normal. Participants should not expect their mood to change immediately in one week. Te
WHO_EASE_INTERVENTION_2023,WHO_EASE_INTERVENTION_2023_d04baa2f_00552_29db4ab7791c,Early Adolescent Skills for Emotions (EASE),interventions,direct_user_support,normal,P0,pending,,"For example, instead of playing soccer with a large group of kids they could kick a ball around with one or a few friends, watch soccer on a TV or watch other kids or adults play, or practise soccer skills by themselves. You could help them to make a ball out "
WHO_EASE_INTERVENTION_2023,WHO_EASE_INTERVENTION_2023_d04baa2f_00553_655304ae1ac2,Early Adolescent Skills for Emotions (EASE),interventions,direct_user_support,normal,P0,pending,,Participant did not have permission to do the activity (e.g. from their caregivers). See suggestions for example in Annex 3. Help the participant to think of a different activity they think their caregivers would let them do. You could organize a time to talk 
WHO_EASE_INTERVENTION_2023,WHO_EASE_INTERVENTION_2023_d04baa2f_00554_ebafe61ed69c,Early Adolescent Skills for Emotions (EASE),interventions,direct_user_support,normal,P0,pending,,"Note for helpers on responding to participants that may be avoiding an activity due to feeling scared, worried or fearful. You might notice some participants feel scared or worried about doing an activity. Or some participants might talk about avoiding doing a"
WHO_EASE_INTERVENTION_2023,WHO_EASE_INTERVENTION_2023_d04baa2f_00555_4978df667788,Early Adolescent Skills for Emotions (EASE),interventions,direct_user_support,normal,P0,pending,,"When we feel scared it is often because we believe something bad will happen (e.g. we will get hurt, or embarrass ourselves) and our bodies will respond to help protect us."
WHO_EASE_INTERVENTION_2023,WHO_EASE_INTERVENTION_2023_d04baa2f_00556_7f8d3d6231ba,Early Adolescent Skills for Emotions (EASE),interventions,direct_user_support,normal,P0,pending,,"People often avoid the thing they are scared of to cope with these feelings. In some circumstances this is very helpful. For instance, you probably would not walk alone in the dark in an unsafe area or go into a tall building just after an earthquake. These ar"
WHO_EASE_INTERVENTION_2023,WHO_EASE_INTERVENTION_2023_d04baa2f_00557_acb85aaec1e8,Early Adolescent Skills for Emotions (EASE),interventions,direct_user_support,normal,P0,pending,,"To help make this decision, you can ask participants if any of their friends or siblings would engage in that activity or not. Only if a participant wants to start doing an activity again but they feel fearful, will you help them gradually face it again. A par"
WHO_EASE_INTERVENTION_2023,WHO_EASE_INTERVENTION_2023_d04baa2f_00558_3da29229b194,Early Adolescent Skills for Emotions (EASE),interventions,direct_user_support,normal,P0,pending,,Help them to g radually do the activity: break the activity down into very small and easy steps for them to complete (see Table A7.3). The first step to re-engaging in the activity should be something they only feel a little bit nervous about. You can vary som
WHO_EASE_INTERVENTION_2023,WHO_EASE_INTERVENTION_2023_d04baa2f_00559_55762ea1052e,Early Adolescent Skills for Emotions (EASE),interventions,direct_user_support,normal,P0,pending,,group psychological help for young adolescents impaired by distress in communities exposed to adversity Table A7.3. Example of Changing My Actions when participant is scared of doing an activity. ACTIVITY: ASKING KIDS I DON’T KNOW WELL IN MY STREET WHETHER I C
WHO_EASE_INTERVENTION_2023,WHO_EASE_INTERVENTION_2023_d04baa2f_00560_efa5bf2b41eb,Early Adolescent Skills for Emotions (EASE),interventions,direct_user_support,normal,P0,pending,,"Annex 8. Support participants without telling them the answer In adolescent sessions 3–6, the EASE skills can be challenging for participants. It is important, as much as possible, that you support participants to learn to do the activities without relying too"
WHO_EASE_INTERVENTION_2023,WHO_EASE_INTERVENTION_2023_d04baa2f_00561_017f2d195d87,Early Adolescent Skills for Emotions (EASE),interventions,direct_user_support,normal,P0,pending,,"This is a hard skill for helpers to develop. But it is important, because after the group intervention finishes, the participant needs to be able to do the EASE skills without your help. Rather than providing direct advice, use questions to help participants t"
WHO_EASE_INTERVENTION_2023,WHO_EASE_INTERVENTION_2023_d04baa2f_00562_da0e503b18d4,Early Adolescent Skills for Emotions (EASE),interventions,direct_user_support,normal,P0,pending,,"When you have had a problem in the past what did you do to try to manage it? After you have used these questions, if participants are still having difficulties, then you can ask other participants to suggest ideas. Only if this does not help, then you can give"
WHO_EASE_INTERVENTION_2023,WHO_EASE_INTERVENTION_2023_d04baa2f_00563_bd78858404b0,Early Adolescent Skills for Emotions (EASE),interventions,direct_user_support,normal,P0,pending,,"group psychological help for young adolescents impaired by distress in communities exposed to adversity Annex 9. It is important for you to know that some participants, particular younger participants, will find it hard to think of solution ideas. Use the sugg"
WHO_EASE_INTERVENTION_2023,WHO_EASE_INTERVENTION_2023_d04baa2f_00564_6ee4d91334aa,Early Adolescent Skills for Emotions (EASE),interventions,direct_user_support,normal,P0,pending,,"You are responsible for ensuring that the ideas participants select: c are safe and easy; c will not cause harm for the participant or anyone else; and c are actions that the participant has the resources or materials to do (if they do not, then the participan"
WHO_EASE_INTERVENTION_2023,WHO_EASE_INTERVENTION_2023_d04baa2f_00565_f8c966b24bc3,Early Adolescent Skills for Emotions (EASE),interventions,direct_user_support,normal,P0,pending,,"If not, it is better for the participant to choose a new best idea. c If the participant had to travel somewhere to try their idea, did they prepare how they would travel? c Some of the participants may have needed to ask their caregiver’s permission for tryin"
WHO_EASE_INTERVENTION_2023,WHO_EASE_INTERVENTION_2023_d04baa2f_00566_c089c0941d40,Early Adolescent Skills for Emotions (EASE),interventions,direct_user_support,normal,P0,pending,,"Table A9.1. Problems with Managing My Problems and how to respond. The participant forgot to carry out their plan, or they were unable to for other reasons (for example, they became busy, they had work, other problems came up) Invite the group to suggest ideas"
WHO_EASE_INTERVENTION_2023,WHO_EASE_INTERVENTION_2023_d04baa2f_00567_286d92c409c7,Early Adolescent Skills for Emotions (EASE),interventions,direct_user_support,normal,P0,pending,,Discuss ways they could prioritize practising their activities in their daily lives. The participant was unable to talk to someone because they did not know what to say or felt nervous. Help the participant decide exactly what they want to say to the person. I
WHO_EASE_INTERVENTION_2023,WHO_EASE_INTERVENTION_2023_d04baa2f_00568_aae7c8e8bbc2,Early Adolescent Skills for Emotions (EASE),interventions,direct_user_support,normal,P0,pending,,"Then invite other participants to suggest what might have gone wrong or what did not go as planned. Decide whether the problem is still solvable or unsolvable. If you find out that the problem is not solvable, for example if the solution relies on another pers"
WHO_EASE_INTERVENTION_2023,WHO_EASE_INTERVENTION_2023_d04baa2f_00569_3630e6397441,Early Adolescent Skills for Emotions (EASE),interventions,direct_user_support,normal,P0,pending,,group psychological help for young adolescents impaired by distress in communities exposed to adversity The chosen problem was too big. Big problems are hard to manage! It is important to help participants choose a problem that is manageable. Sometimes this me
WHO_EASE_INTERVENTION_2023,WHO_EASE_INTERVENTION_2023_d04baa2f_00570_6f0dad1f582c,Early Adolescent Skills for Emotions (EASE),interventions,direct_user_support,normal,P0,pending,,Annex 10. Adolescent session summary sheets The following pages summarize the key steps for each session. Follow the steps in the order given by the sheet. Summary sheet adolescent session 1: Understanding My Feelings
WHO_EASE_INTERVENTION_2023,WHO_EASE_INTERVENTION_2023_d04baa2f_00571_42f0f45ec79a,Early Adolescent Skills for Emotions (EASE),interventions,direct_user_support,normal,P0,pending,,SESSION AIMS Promote group cohesion. Educate participants on EASE and why it will help them. Build skills to understand and identify emotions accurately. Identify strengths. Adolescent activity 1.1. Welcome and introductions Get to know each other Help partici
WHO_EASE_INTERVENTION_2023,WHO_EASE_INTERVENTION_2023_d04baa2f_00572_0d80000a98e0,Early Adolescent Skills for Emotions (EASE),interventions,direct_user_support,normal,P0,pending,,group psychological help for young adolescents impaired by distress in communities exposed to adversity Adolescent activity 1.5. Understanding My Feelings Learn about different feelings that arise from problems Learn how to accurately identify feelings Adolesc
WHO_EASE_INTERVENTION_2023,WHO_EASE_INTERVENTION_2023_d04baa2f_00573_5fb0a3abf32c,Early Adolescent Skills for Emotions (EASE),interventions,direct_user_support,normal,P0,pending,,Summary sheet adolescent session 2: Calming My Body SESSION AIMS Consolidate learning from session 1. Learn how problems and feelings can affect the body. Learn a coping skill to help calm the body. Adolescent Activity 2.1. know each other Consolidate learning
WHO_EASE_INTERVENTION_2023,WHO_EASE_INTERVENTION_2023_d04baa2f_00574_e38442e7eee6,Early Adolescent Skills for Emotions (EASE),interventions,direct_user_support,normal,P0,pending,,group psychological help for young adolescents impaired by distress in communities exposed to adversity Summary sheet adolescent session 3: Changing My Actions part 1 SESSION AIMS Consolidate learning from session 1 and 2. Learn how problems and feelings can a
WHO_EASE_INTERVENTION_2023,WHO_EASE_INTERVENTION_2023_d04baa2f_00575_3a8e7d5cfe09,Early Adolescent Skills for Emotions (EASE),interventions,direct_user_support,normal,P0,pending,,"Summary sheet adolescent session 4: Changing My Actions part 2 SESSION AIMS Consolidate learning from sessions 1, 2 and 3. Continue to learn how doing enjoyable actions and important tasks can help improve feelings. Adolescent activity 4.1. Adolescent activity"
WHO_EASE_INTERVENTION_2023,WHO_EASE_INTERVENTION_2023_d04baa2f_00576_dfff0e45bbfe,Early Adolescent Skills for Emotions (EASE),interventions,direct_user_support,normal,P0,pending,,group psychological help for young adolescents impaired by distress in communities exposed to adversity Summary sheet adolescent session 5: Managing My Problems part 1 SESSION AIMS Consolidate learning from sessions 1 to 4. Learn a skill to help solve problems
WHO_EASE_INTERVENTION_2023,WHO_EASE_INTERVENTION_2023_d04baa2f_00577_cb0a89c1599d,Early Adolescent Skills for Emotions (EASE),interventions,direct_user_support,normal,P0,pending,,Summary sheet adolescent session 6: Managing My Problems part 2 SESSION AIMS Consolidate learning from sessions 1 to 5 Continue to promote group cohesion and support Practise Managing My Problems with a new problem Adolescent activity 6.1. Adolescent activity 
WHO_EASE_INTERVENTION_2023,WHO_EASE_INTERVENTION_2023_d04baa2f_00578_f8925c3f41ce,Early Adolescent Skills for Emotions (EASE),interventions,direct_user_support,normal,P0,pending,,group psychological help for young adolescents impaired by distress in communities exposed to adversity Summary sheet adolescent session 7: Brighter futures SESSION AIMS Consolidate learning from session 1 to 6. Increase participants confidence in coping after
WHO_EASE_INTERVENTION_2023,WHO_EASE_INTERVENTION_2023_d04baa2f_00579_89080fae6c52,Early Adolescent Skills for Emotions (EASE),interventions,direct_user_support,normal,P0,pending,,"Annex 11. Helpful hints for running a large group In situations where more than one caregiver attends for a child, this may possibly mean running a group with up to 24 caregivers. In such cases, it may be necessary to consider the points in Table A11.1. Table "
WHO_EASE_INTERVENTION_2023,WHO_EASE_INTERVENTION_2023_d04baa2f_00580_28c5ff9f6919,Early Adolescent Skills for Emotions (EASE),interventions,direct_user_support,normal,P0,pending,,"For example, you may decide that it would be helpful to have different genders in different groups. Caregiver interactions Helpers should be aware and respectful of any expectations caregivers have of each other and consider how these might affect the group dy"
WHO_EASE_INTERVENTION_2023,WHO_EASE_INTERVENTION_2023_d04baa2f_00581_828c92f98f0c,Early Adolescent Skills for Emotions (EASE),interventions,direct_user_support,normal,P0,pending,,group psychological help for young adolescents impaired by distress in communities exposed to adversity Annex 12. Helpful hints for caregivers assisting their child with Caregivers may experience common problems when trying to support their child to practise a
WHO_EASE_INTERVENTION_2023,WHO_EASE_INTERVENTION_2023_d04baa2f_00582_3ad44aa30226,Early Adolescent Skills for Emotions (EASE),interventions,direct_user_support,normal,P0,pending,,"Ask the caregiver to communicate support for the child and describe their willingness to be there and help if the child would like this. Ask the caregiver to show support in other ways, such as by continuing to: c ask the child to spend quality time together; "
WHO_EASE_INTERVENTION_2023,WHO_EASE_INTERVENTION_2023_d04baa2f_00583_086878e3ae6c,Early Adolescent Skills for Emotions (EASE),interventions,direct_user_support,normal,P0,pending,,Ask the caregiver to suggest to the child that they speak to their group helper. Tell the caregiver to continue to: c praise their efforts in trying to learn a new skill; c communicate concern that it must be very difficult for the child to share their challen
WHO_EASE_INTERVENTION_2023,WHO_EASE_INTERVENTION_2023_d04baa2f_00584_a9abaa36d469,Early Adolescent Skills for Emotions (EASE),interventions,direct_user_support,normal,P0,pending,,"The child appears to lack motivation or energy Remind the caregiver to respect the child’s choice and privacy in applying and learning the skills. For example, it is important that the caregiver doesn’t communicate any negative judgment if the child has not co"
WHO_EASE_INTERVENTION_2023,WHO_EASE_INTERVENTION_2023_d04baa2f_00585_aac25442bdf9,Early Adolescent Skills for Emotions (EASE),interventions,direct_user_support,normal,P0,pending,,"group psychological help for young adolescents impaired by distress in communities exposed to adversity Annex 13. Helpful hints for quality time Caregivers may experience common barriers when trying to spend quality time with their child, or when trying to sho"
WHO_EASE_INTERVENTION_2023,WHO_EASE_INTERVENTION_2023_d04baa2f_00586_0418bc184ead,Early Adolescent Skills for Emotions (EASE),interventions,direct_user_support,normal,P0,pending,,"Forgetting to do it You may need to remind caregivers of the importance of showing interest in their child more often through quality time. If they want to see changes in how their child feels, they have to practise the strategies. You could use an analogy of "
WHO_EASE_INTERVENTION_2023,WHO_EASE_INTERVENTION_2023_d04baa2f_00587_2f13639253ea,Early Adolescent Skills for Emotions (EASE),interventions,direct_user_support,normal,P0,pending,,"If a child is overwhelmed with big feelings, they may not have the motivation to spend quality time with their caregiver. If so, the caregiver can: c encourage their child that it only has to be for a short period; c say: “The more we try this, the more motiva"
WHO_EASE_INTERVENTION_2023,WHO_EASE_INTERVENTION_2023_d04baa2f_00588_6a2a1cdd9667,Early Adolescent Skills for Emotions (EASE),interventions,direct_user_support,normal,P0,pending,,"The child wants to do an activity that the caregiver is not comfortable with If the activity is not safe or may cause harm to the child or caregiver, the caregiver can suggest alternative activities. If the activity is safe and not harmful, but the caregiver f"
WHO_EASE_INTERVENTION_2023,WHO_EASE_INTERVENTION_2023_d04baa2f_00590_5cc11c2fcc2e,Early Adolescent Skills for Emotions (EASE),interventions,direct_user_support,normal,P0,pending,,"Ideas might include: c writing notes to leave around their room; c asking someone to remind them; or c planning to do it at a particular time on a particular day, or linking the activity with a meal. Too busy Have the group help caregivers think about how to m"
WHO_EASE_INTERVENTION_2023,WHO_EASE_INTERVENTION_2023_d04baa2f_00592_aeea3887d48b,Early Adolescent Skills for Emotions (EASE),interventions,direct_user_support,normal,P0,pending,,"By harsh punishment we mean harsh physical discipline (such as hitting, threatening, beating or locking up a child) and harsh verbal and emotional discipline (such as yelling or screaming at a child, or calling the child bad words). When discussing the discont"
WHO_EASE_INTERVENTION_2023,WHO_EASE_INTERVENTION_2023_d04baa2f_00593_970228647794,Early Adolescent Skills for Emotions (EASE),interventions,direct_user_support,normal,P0,pending,,"In the group, consider asking the caregivers to reflect about the methods of discipline they experienced as children and how this made them feel. It is better for caregivers to have this reflection privately and not share their personal childhood history. Expl"
WHO_EASE_INTERVENTION_2023,WHO_EASE_INTERVENTION_2023_d04baa2f_00594_864157cba351,Early Adolescent Skills for Emotions (EASE),interventions,direct_user_support,normal,P0,pending,,"Psychological and behavioural consequences can include: greater emotional difficulties, feelings of shame and guilt, poor self-esteem, difficulties with eating and sleeping, difficulties with relationships, problems with school performance, potential use of al"
WHO_EASE_INTERVENTION_2023,WHO_EASE_INTERVENTION_2023_d04baa2f_00595_6553c21b1373,Early Adolescent Skills for Emotions (EASE),interventions,direct_user_support,normal,P0,pending,,What to suggest if a caregiver asks about other ways to discipline their child Emphasize to caregivers that alternatives to harsh punishment – such as positive discipline- do not mean letting children do whatever they want. Explain that positive discipline hel
WHO_EASE_INTERVENTION_2023,WHO_EASE_INTERVENTION_2023_d04baa2f_00596_9b9b3c25a20e,Early Adolescent Skills for Emotions (EASE),interventions,direct_user_support,normal,P0,pending,,"c Ignore silly or harmless behaviours by the child, such as the child talking too loudly or speaking without good manners. c Respond calmly to the behaviour and explain what you would like the child to stop doing. Then say what you would like the child to do, "
WHO_EASE_INTERVENTION_2023,WHO_EASE_INTERVENTION_2023_d04baa2f_00597_c56aa9e25fe6,Early Adolescent Skills for Emotions (EASE),interventions,direct_user_support,normal,P0,pending,,group psychological help for young adolescents impaired by distress in communities exposed to adversity Annex 16. Caregiver session summary sheets The following pages summarize the key steps for each session. Follow the steps in the order given by the sheet. S
WHO_EASE_INTERVENTION_2023,WHO_EASE_INTERVENTION_2023_d04baa2f_00598_f6c7d8886db0,Early Adolescent Skills for Emotions (EASE),interventions,direct_user_support,normal,P0,pending,,SESSION AIMS To improve caregivers’ knowledge of big feelings in young adolescents. To improve caregivers’ skills in active listening. For caregivers to overcome barriers to spending quality time with their child. To introduce caregivers to Slow Breathing. Car
WHO_EASE_INTERVENTION_2023,WHO_EASE_INTERVENTION_2023_d04baa2f_00599_1c7f2111ed72,Early Adolescent Skills for Emotions (EASE),interventions,direct_user_support,normal,P0,pending,,Caregiver activity 1.4. Learn about the skills being taught to their child in the EASE adolescent group Improve ability to support their child’s use of these skills Caregiver activity 1.5. Understanding big feelings in adolescents Learn the common causes and s
WHO_EASE_INTERVENTION_2023,WHO_EASE_INTERVENTION_2023_d04baa2f_00600_7c04d799d6f7,Early Adolescent Skills for Emotions (EASE),interventions,direct_user_support,normal,P0,pending,,group psychological help for young adolescents impaired by distress in communities exposed to adversity Summary sheet caregiver session 2: The power of praise
WHO_EASE_INTERVENTION_2023,WHO_EASE_INTERVENTION_2023_d04baa2f_00601_3d4861979de5,Early Adolescent Skills for Emotions (EASE),interventions,direct_user_support,normal,P0,pending,,SESSION AIMS For caregivers to identify their child’s strengths. To better understand the importance of giving and receiving praise. To better understand alternatives to harsh punishment. Caregiver activity 2.1. Welcome and review For caregivers to feel empowe
WHO_EASE_INTERVENTION_2023,WHO_EASE_INTERVENTION_2023_d04baa2f_00602_ac75b102e690,Early Adolescent Skills for Emotions (EASE),interventions,direct_user_support,normal,P0,pending,,Alternatives to harsh punishment Strengthen understanding of the alternatives to harsh punishment Yes No Caregiver activity 2.6. Set home practice Slow Breathing activity
WHO_EASE_INTERVENTION_2023,WHO_EASE_INTERVENTION_2023_d04baa2f_00604_57df5bc9571e,Early Adolescent Skills for Emotions (EASE),interventions,direct_user_support,normal,P0,pending,,SESSION AIMS For caregivers to practise self-care so that they are better able to help their children cope. For caregivers to feel prepared to help their child to stay well now and in the future. Caregiver activity 3.1. Welcome and review For caregivers to fee
WHO_EASE_INTERVENTION_2023,WHO_EASE_INTERVENTION_2023_d04baa2f_00605_dfffc83c030c,Early Adolescent Skills for Emotions (EASE),interventions,direct_user_support,normal,P0,pending,,Brighter futures Learn what to expect in the future Improve caregivers’ confidence in managing difficulties with their child in the future Caregiver activity 3.6. Ending the group To share lessons learned and opportunity to ask questions Slow Breathing activit
WHO_EASE_INTERVENTION_2023,WHO_EASE_INTERVENTION_2023_d04baa2f_00606_9544b88a1aab,Early Adolescent Skills for Emotions (EASE),interventions,direct_user_support,normal,P0,pending,,"For more information, contact: World Health Organization Department of Mental Health and Substance Use 20, avenue Appia 1211 Geneva 27 Switzerland E-mail: psych_interventions@who.int https://www.who.int/health-topics/mental-health United National Fund for Chil"
WHO_EASE_INTERVENTION_2023,WHO_EASE_INTERVENTION_2023_afe0ef1a_00001_a98c5430915f,Early Adolescent Skills for Emotions (EASE),interventions,direct_user_support,normal,P0,pending,,"Early Adolescent Skills for Emotions (EASE) is an evidence-based group psychological intervention to help 10–15-year-olds affected by internalizing problems (e.g. stress and symptoms of anxiety, depression) in communities exposed to adversity. Published by the"
WHO_EASE_INTERVENTION_2023,WHO_EASE_INTERVENTION_2023_afe0ef1a_00003_80dfec4be13d,Early Adolescent Skills for Emotions (EASE),interventions,direct_user_support,normal,P0,pending,,"For enquiries about EASE, please contact: EASEtraining@who.int EASE supplementary files Storybook Workbook Adolescent & caregiver posters Caregiver handouts EASE training material EASE training manual Other language versions Bulgarian Croatian Hungarian Portug"
WHO_EASE_TRAINING_2025,WHO_EASE_TRAINING_2025_94db652c_00005_8e50e90ef200,Early Adolescent Skills for Emotions (EASE): training manual,helping_skills,helping_skills_only,normal,P1,pending,,"The mention of specific companies or of certain manufacturers’ products does not imply that they are endorsed or recommended by WHO or UNICEF in preference to others of a similar nature that are not mentioned. Errors and omissions excepted, the names of propri"
WHO_EASE_TRAINING_2025,WHO_EASE_TRAINING_2025_94db652c_00012_29cac6ad2cc3,Early Adolescent Skills for Emotions (EASE): training manual,helping_skills,helping_skills_only,normal,P1,pending,,"v Acknowledgements Project coordination and management Aiysha Malik coordinated the development of this manual with guidance from Mark van Ommeren (WHO headquarters, Geneva, Switzerland). Writing (with affiliation at time of contribution) This training manual "
WHO_EASE_TRAINING_2025,WHO_EASE_TRAINING_2025_94db652c_00013_487b52d10eef,Early Adolescent Skills for Emotions (EASE): training manual,helping_skills,helping_skills_only,normal,P1,pending,,"It was based on two earlier versions: (a) the randomized controlled trial version (prepared by Katie Dawson (University of New South Wales, Sydney, Australia), Aiysha Malik, and Sarah Watts (WHO headquarters, Geneva, Switzerland)) and (b) a pilot test version "
WHO_EASE_TRAINING_2025,WHO_EASE_TRAINING_2025_94db652c_00014_dd239d8c8072,Early Adolescent Skills for Emotions (EASE): training manual,helping_skills,helping_skills_only,normal,P1,pending,,"External contributors and reviewers (alphabetical, with affiliation at time of contribution) Abeer Albeik (Institute for Family Health, Amman, Jordan), Andrea V."
WHO_EASE_TRAINING_2025,WHO_EASE_TRAINING_2025_94db652c_00015_75925f62fb74,Early Adolescent Skills for Emotions (EASE): training manual,helping_skills,helping_skills_only,normal,P1,pending,,"Armijos Navarro (Hebrew Immigrant Aid Society, Quito, Ecuador), Maria Bray (Terre des Hommes, Lausanne, Switzerland), Jane Rachell Cari (World Vision International, Davao, Philippines), Lina Darras (War Child, Amman, Jordan), Maha Ghatasheh (Institute for Fami"
WHO_EASE_TRAINING_2025,WHO_EASE_TRAINING_2025_94db652c_00016_9d53ed4dd7a4,Early Adolescent Skills for Emotions (EASE): training manual,helping_skills,helping_skills_only,normal,P1,pending,,Testing (alphabetical by country) The following organizations supported the development of EASE through testing. In Jordan: Noor Al Hussein Foundation Institute for Family Health and the University of New South Wales. In Lebanon: War Child Alliance. In Pakista
WHO_EASE_TRAINING_2025,WHO_EASE_TRAINING_2025_94db652c_00017_af8119f1873e,Early Adolescent Skills for Emotions (EASE): training manual,helping_skills,helping_skills_only,normal,P1,pending,,Research for Health in Humanitarian Crises (R2HC) of Enhancing Learning and Research for Humanitarian Assistance (ELRHA) funded the testing of EASE in Jordan. The European Commission (Horizon 2020) funded the testing of EASE in Lebanon. The Medical Research Co
WHO_EASE_TRAINING_2025,WHO_EASE_TRAINING_2025_94db652c_00018_102e12497c74,Early Adolescent Skills for Emotions (EASE): training manual,helping_skills,helping_skills_only,normal,P1,pending,,vii Acronyms and abbreviations CBT Cognitive behavioural therapy EASE Early Adolescent Skills for Emotions ENACT Enhancing Assessment of Common Therapeutic factors EQUIP Ensuring quality in psychosocial and mental health care GroupACT Group facilitation Assess
WHO_EASE_TRAINING_2025,WHO_EASE_TRAINING_2025_94db652c_00020_f2f3a4b1bf24,Early Adolescent Skills for Emotions (EASE): training manual,helping_skills,helping_skills_only,normal,P1,pending,,"Introduction 1.1 Introduction to this training manual Early Adolescent Skills for Emotions (EASE) is an evidence-based group psychological intervention (1) to help 10–15-year-olds affected by internalizing problems (e.g. symptoms of depression, anxiety and str"
WHO_EASE_TRAINING_2025,WHO_EASE_TRAINING_2025_94db652c_00021_97d1b4616502,Early Adolescent Skills for Emotions (EASE): training manual,helping_skills,helping_skills_only,normal,P1,pending,,"It has been tested in two randomized controlled trials in Jordan and Pakistan. In Jordan, EASE was delivered in community settings in Amman for the Syrian refugee community (2) while in Pakistan it was delivered in public schools of a rural subdistrict (3). Th"
WHO_EASE_TRAINING_2025,WHO_EASE_TRAINING_2025_94db652c_00022_351b0b0dec1a,Early Adolescent Skills for Emotions (EASE): training manual,helping_skills,helping_skills_only,normal,P1,pending,,Part A: Essential information 3 Structure of this manual This manual consists of five main parts: • Part A: Essential information This provides general information on EASE and on organizing the EASE training. • Part B: Training days This gives instructions for
WHO_EASE_TRAINING_2025,WHO_EASE_TRAINING_2025_94db652c_00025_525a1744b491,Early Adolescent Skills for Emotions (EASE): training manual,helping_skills,helping_skills_only,normal,P1,pending,,"family violence, child labour, child marriage, substance use problems, out-of-school or other related concerns). • EASE supervisors and EASE helpers must be available to provide and receive routine supportive supervision during in-field training (practice grou"
WHO_EASE_TRAINING_2025,WHO_EASE_TRAINING_2025_94db652c_00028_19897c67b03d,Early Adolescent Skills for Emotions (EASE): training manual,helping_skills,helping_skills_only,normal,P1,pending,,"In-field training is required. Knowing the theory of EASE does not make someone skilled in delivering it. Supervised practice strengthens helpers’ knowledge of and skills in EASE and is essential to build the necessary confidence. Following classroom training,"
WHO_EASE_TRAINING_2025,WHO_EASE_TRAINING_2025_94db652c_00029_6fc47dc5d64a,Early Adolescent Skills for Emotions (EASE): training manual,helping_skills,helping_skills_only,normal,P1,pending,,"mental health professionals): EASE was developed to be delivered by trained, non-specialist helpers, but individuals with previous experience of providing other psychological or mental health interventions can also learn to run EASE groups. Such individuals sh"
WHO_EASE_TRAINING_2025,WHO_EASE_TRAINING_2025_94db652c_00032_247abf1d577b,Early Adolescent Skills for Emotions (EASE): training manual,helping_skills,helping_skills_only,normal,P1,pending,,"Box 3. Supervision Supervision is essential to ensure adherence to EASE, maintain the quality of the intervention and provide staff care to helpers. After classroom and in-field training has been completed successfully, EASE must be implemented under routine s"
WHO_EASE_TRAINING_2025,WHO_EASE_TRAINING_2025_94db652c_00033_1b727b998d9f,Early Adolescent Skills for Emotions (EASE): training manual,helping_skills,helping_skills_only,normal,P1,pending,,"• If resources allow individual supervision through one-to-one meetings between supervisors and helpers is preferable for the first month (as well as, or instead of, group supervision). • Supervisors should be available to helpers outside of supervision meetin"
WHO_EASE_TRAINING_2025,WHO_EASE_TRAINING_2025_94db652c_00037_962ddfe08a45,Early Adolescent Skills for Emotions (EASE): training manual,helping_skills,helping_skills_only,normal,P1,pending,,1.4 EASE supervisors Helpers running EASE groups should receive routine supervision as well as on-demand support (e.g. if they require urgent supervision regarding a participant’s safety). Weekly supervision will comprise discussing the progress of participant
WHO_EASE_TRAINING_2025,WHO_EASE_TRAINING_2025_94db652c_00038_8a1771263269,Early Adolescent Skills for Emotions (EASE): training manual,helping_skills,helping_skills_only,normal,P1,pending,,◦ Supervisors who do not have a mental health background should have experience of running EASE groups and should be supervised by a mental health professional. Extra training day for supervisors The extra training day for supervisors is included at the end of
WHO_EASE_TRAINING_2025,WHO_EASE_TRAINING_2025_94db652c_00041_58abb4fb9717,Early Adolescent Skills for Emotions (EASE): training manual,helping_skills,helping_skills_only,normal,P1,pending,,"Rather than viewing competency as something that can be achieved, we recognize that a person’s competency continually evolves and is something to be maintained and continuously developed through assessment and support, including after training, through ongoing"
WHO_EASE_TRAINING_2025,WHO_EASE_TRAINING_2025_94db652c_00042_44de2a6641a4,Early Adolescent Skills for Emotions (EASE): training manual,helping_skills,helping_skills_only,normal,P1,pending,,"Box 4. Competencies related to the adolescent and caregiver sessions Competencies related to the adolescent sessions: • rapport & relationship building • empathy, warmth & genuineness • safe identification of child abuse, exploitation, neglect, violence, & sel"
WHO_EASE_TRAINING_2025,WHO_EASE_TRAINING_2025_94db652c_00043_adf7731c8c2a,Early Adolescent Skills for Emotions (EASE): training manual,helping_skills,helping_skills_only,normal,P1,pending,,"• During classroom training: ◦ Trainers should use the EASE competency assessment throughout the training, during trainee facilitation practices, and as a tool to provide feedback. The instructions for leading facilitation practice in Annex 2 provide further d"
WHO_EASE_TRAINING_2025,WHO_EASE_TRAINING_2025_94db652c_00049_028a43bd2f96,Early Adolescent Skills for Emotions (EASE): training manual,helping_skills,helping_skills_only,normal,P1,pending,,Figure 1. Competency scoring and criteria for each level 9. NO N -V E R B A L CO MMUNI C AT IO N & ACTIVE LISTENING C h e c k a l l b e h a v i o u r s t hat a r e d e m o n s t r a t e d i n e a c h c a t e g o r y . U n help fu l or po te n tia lly h arm fu 
WHO_EASE_TRAINING_2025,WHO_EASE_TRAINING_2025_94db652c_00050_0b212d80352c,Early Adolescent Skills for Emotions (EASE): training manual,helping_skills,helping_skills_only,normal,P1,pending,,", a n s w e r s m o b i l e , c o m p l et e s p a p e r w o r k ) /uni2610L a u gh s a t c l i e n t /uni2610U s e s i n a p p r o p r i a t e f ac i a l e x p r e s s i o n s /uni2610I n a ppr o p r i a t e p h y sic a l c o n t a c t /uni2610A l l o w s f o"
WHO_EASE_TRAINING_2025,WHO_EASE_TRAINING_2025_94db652c_00051_b783356f3891,Early Adolescent Skills for Emotions (EASE): training manual,helping_skills,helping_skills_only,normal,P1,pending,,"Feedback is central to EASE competency assessments (see Training form 4. EASE competency assessment). To be useful, feedback must provide specific, supportive and personalized information on a trainee’s performance or progress so that trainees can improve and "
WHO_EASE_TRAINING_2025,WHO_EASE_TRAINING_2025_94db652c_00053_a7b4f1869f28,Early Adolescent Skills for Emotions (EASE): training manual,helping_skills,helping_skills_only,normal,P1,pending,,Part A: Essential information 13 How to use this manual 2.1 How to use this manual Training schedule Section 2.5 provides an overview of the full training programme. A day-to-day schedule is provided in Part B of this training manual. Complete the classroom tr
WHO_EASE_TRAINING_2025,WHO_EASE_TRAINING_2025_94db652c_00057_8189a15811d6,Early Adolescent Skills for Emotions (EASE): training manual,helping_skills,helping_skills_only,normal,P1,pending,,"They should try to pretend to forget what they know about EASE. On the other hand, they should also not be too difficult for their helper. This can be frustrating and may interfere with their learning. Box 7. Facilitation practice Throughout the training, trai"
WHO_EASE_TRAINING_2025,WHO_EASE_TRAINING_2025_94db652c_00062_bccc34ef800e,Early Adolescent Skills for Emotions (EASE): training manual,helping_skills,helping_skills_only,normal,P1,pending,,"For instance, members of one group will find each other because they all have an EASE skill on their note; members of another group will find each other because they all have principles of giving constructive feedback; members of another group will find each o"
WHO_EASE_TRAINING_2025,WHO_EASE_TRAINING_2025_94db652c_00063_54c91dc27816,Early Adolescent Skills for Emotions (EASE): training manual,helping_skills,helping_skills_only,normal,P1,pending,,"EASE materials As described in detail in the EASE intervention manual, EASE is delivered to groups of participants (i.e. adolescents and caregivers) by trained and supervised helpers. In addition to the intervention manual, the helpers will use other materials"
WHO_EASE_TRAINING_2025,WHO_EASE_TRAINING_2025_94db652c_00073_d981c253456d,Early Adolescent Skills for Emotions (EASE): training manual,helping_skills,helping_skills_only,normal,P1,pending,,"Key topics covered Day Morning Afternoon 1 Welcome and introduction Adolescent mental health Overview of EASE structure, materials and training methods Communication and group management skills 2 Basic helping skills Basic helping skills EASE competency assess"
WHO_EASE_TRAINING_2025,WHO_EASE_TRAINING_2025_94db652c_00075_68b6e0fbcccd,Early Adolescent Skills for Emotions (EASE): training manual,helping_skills,helping_skills_only,normal,P1,pending,,Day 1: Introduction to EASE Day 1. Learning objectives: 1. Understand the overall training structure. 2. Become familiar with the EASE materials. 3. Understand causes of and reactions to problems. 4. Understand the training methods and know how to provide help
WHO_EASE_TRAINING_2025,WHO_EASE_TRAINING_2025_94db652c_00080_986e50167536,Early Adolescent Skills for Emotions (EASE): training manual,helping_skills,helping_skills_only,normal,P1,pending,,"The two partners should talk and find three things they have in common. After 5 minutes they will be asked to introduce their partner – name, background, and any other personal information they wish (e.g. country of origin, hobbies/interests, etc.). Each perso"
WHO_EASE_TRAINING_2025,WHO_EASE_TRAINING_2025_94db652c_00081_a98e4c91a788,Early Adolescent Skills for Emotions (EASE): training manual,helping_skills,helping_skills_only,normal,P1,pending,,Explain the purpose of the training: • To acquire the necessary skills and knowledge to be able to deliver the EASE intervention competently to young adolescents and their caregivers. 1.2.2 Review training (10 minutes) 1. Draw the training format on a flipchar
WHO_EASE_TRAINING_2025,WHO_EASE_TRAINING_2025_94db652c_00085_5260171ece2f,Early Adolescent Skills for Emotions (EASE): training manual,helping_skills,helping_skills_only,normal,P1,pending,,"◦ During in-field training, individual supervision through one-on-one meetings between supervisors and helpers is preferable (either alongside or instead of group supervision). If individual supervision is not feasible due to resource constraints, extend group"
WHO_EASE_TRAINING_2025,WHO_EASE_TRAINING_2025_94db652c_00089_f58a7507550b,Early Adolescent Skills for Emotions (EASE): training manual,helping_skills,helping_skills_only,normal,P1,pending,,"◦ Let them know that they will be learning a lot from each other during the training, and that we will respect the experience and knowledge of what everyone brings, even if this experience and knowledge is different from our own. • Commitment to being an activ"
WHO_EASE_TRAINING_2025,WHO_EASE_TRAINING_2025_94db652c_00090_3caaae858a08,Early Adolescent Skills for Emotions (EASE): training manual,helping_skills,helping_skills_only,normal,P1,pending,,"Part B: Training days 29 • Trainees must ensure that they attend all the training days. ◦ Explain that you understand that there might be circumstances where this is not possible (e.g. a family emergency). ◦ If a trainee misses too much of the training, or an "
WHO_EASE_TRAINING_2025,WHO_EASE_TRAINING_2025_94db652c_00091_eb78af8eb17e,Early Adolescent Skills for Emotions (EASE): training manual,helping_skills,helping_skills_only,normal,P1,pending,,To understand the structure and materials used in EASE 30 minutes • EASE intervention • EASE storybook • EASE workbook • EASE posters • EASE caregiver handouts 1.3.1 Introduction to EASE 1. Present the following key points about EASE: • EASE is a group interve
WHO_EASE_TRAINING_2025,WHO_EASE_TRAINING_2025_94db652c_00092_09e8c7387773,Early Adolescent Skills for Emotions (EASE): training manual,helping_skills,helping_skills_only,normal,P1,pending,,"• In short, the EASE pre-intervention assessment consists of questionnaires for the adolescent and questionnaires for the caregivers. Based on both their answers, we will be able to tell if EASE might be suitable for the adolescent, and/or whether there is a n"
WHO_EASE_TRAINING_2025,WHO_EASE_TRAINING_2025_94db652c_00093_36e8e03cc9d8,Early Adolescent Skills for Emotions (EASE): training manual,helping_skills,helping_skills_only,normal,P1,pending,,"• EASE does not address externalizing problems (e.g. severely oppositional or hyperactive behaviours, etc.), psychosis, neurodevelopmental difficulties, intellectual disabilities or imminent suicide risk. When adolescents report or display such problems in the"
WHO_EASE_TRAINING_2025,WHO_EASE_TRAINING_2025_94db652c_00094_0e70755b0b45,Early Adolescent Skills for Emotions (EASE): training manual,helping_skills,helping_skills_only,normal,P1,pending,,• The first two scientific studies on EASE found that EASE was well received and effective in reducing internalizing problems. One study was completed in Pakistan and another was completed with Syrian refugees in Jordan. • Research participants’ experiences we
WHO_EASE_TRAINING_2025,WHO_EASE_TRAINING_2025_94db652c_00096_b8d2c455c7a0,Early Adolescent Skills for Emotions (EASE): training manual,helping_skills,helping_skills_only,normal,P1,pending,,"Part B: Training days 31 Session Skill Content 1 Understanding My This skill is about adolescents learning to identify their own feelings. The better they are at identifying their feelings, the better they will be at choosing a skill to manage each feeling. 2 "
WHO_EASE_TRAINING_2025,WHO_EASE_TRAINING_2025_94db652c_00097_6609559f3f1c,Early Adolescent Skills for Emotions (EASE): training manual,helping_skills,helping_skills_only,normal,P1,pending,,1.3.3 Introduction to the caregiver sessions 1. Caregiver sessions aim to teach caregivers skills to help improve the caregivers’ ability to support their child. 2. There are three sessions of approximately 90 minutes duration. • The sessions can be scheduled 
WHO_EASE_TRAINING_2025,WHO_EASE_TRAINING_2025_94db652c_00098_456960aacd6d,Early Adolescent Skills for Emotions (EASE): training manual,helping_skills,helping_skills_only,normal,P1,pending,,"It is not recommended that older siblings attend the caregiver sessions. If you have an adolescent without a caregiver (e.g. an unaccompanied minor), adolescents can still attend the adolescent sessions. In addition, it is strongly advised that the spouse of a"
WHO_EASE_TRAINING_2025,WHO_EASE_TRAINING_2025_94db652c_00099_a53cf060824d,Early Adolescent Skills for Emotions (EASE): training manual,helping_skills,helping_skills_only,normal,P1,pending,,"may be necessary to arrange care for other children (e.g. by setting up a safe supervised play area) to ensure that caregivers can attend. Alternatively, caregivers with babies under two years old may need to keep their children with them. In these circumstanc"
WHO_EASE_TRAINING_2025,WHO_EASE_TRAINING_2025_94db652c_00100_f0972fdd89fa,Early Adolescent Skills for Emotions (EASE): training manual,helping_skills,helping_skills_only,normal,P1,pending,,Session Skill Content 1 Understanding big feelings Caregivers will learn about identifying feelings in their adolescents and will learn to calm their own bodies using Slow Breathing. 2 The power of praise Caregivers will learn skills to improve their interacti
WHO_EASE_TRAINING_2025,WHO_EASE_TRAINING_2025_94db652c_00102_59310ad65b1f,Early Adolescent Skills for Emotions (EASE): training manual,helping_skills,helping_skills_only,normal,P1,pending,,Part B: Training days 33 1.3.6 Introduction to the storybook 1. Explain that helpers will read sections of the story in the adolescent sessions (the EASE intervention manual identifies which texts are to be read and which pictures are to be shown). • To demons
WHO_EASE_TRAINING_2025,WHO_EASE_TRAINING_2025_94db652c_00103_20eaf2655f82,Early Adolescent Skills for Emotions (EASE): training manual,helping_skills,helping_skills_only,normal,P1,pending,,The story is a way of conveying important messages about each skill and how to apply them to one’s life. It also seeks to normalize both the problems adolescents are experiencing and the challenges related to the intervention (e.g. forgetting to do home practi
WHO_EASE_TRAINING_2025,WHO_EASE_TRAINING_2025_94db652c_00104_4992b15913f6,Early Adolescent Skills for Emotions (EASE): training manual,helping_skills,helping_skills_only,normal,P1,pending,,It is important to emphasize that adolescents should bring their workbooks with them to each session. You may need to give adolescents the option of leaving the workbooks with the helper to prevent them from being lost. 3. Helpers might need to read aloud part
WHO_EASE_TRAINING_2025,WHO_EASE_TRAINING_2025_94db652c_00108_f7ea3c447905,Early Adolescent Skills for Emotions (EASE): training manual,helping_skills,helping_skills_only,normal,P1,pending,,"• Family environment: violence in the family, harsh parenting practices, withdrawn or neglectful parenting, beliefs/customs that have negative impact on emotional well-being, missing parents, bereavement, family literacy/education level (can increase parental "
WHO_EASE_TRAINING_2025,WHO_EASE_TRAINING_2025_94db652c_00109_4699a9e235ae,Early Adolescent Skills for Emotions (EASE): training manual,helping_skills,helping_skills_only,normal,P1,pending,,"• Peer and social factors: problems at school, problems with peers or being bullied, difficulties making friends, pressure to conform with peers and exploration of identity, media influences, increased need for independence from family, gender norms, and relat"
WHO_EASE_TRAINING_2025,WHO_EASE_TRAINING_2025_94db652c_00111_093e4888b106,Early Adolescent Skills for Emotions (EASE): training manual,helping_skills,helping_skills_only,normal,P1,pending,,"Part B: Training days 37 Training activity 1.5: Adolescent reactions to problems To understand common reactions to problems in 50 minutes Flipchart paper and 1.5.1 Introduce adolescent reactions to problems (20 minutes) 1. On a flipchart, draw a line down the "
WHO_EASE_TRAINING_2025,WHO_EASE_TRAINING_2025_94db652c_00113_52f1476cc9e7,Early Adolescent Skills for Emotions (EASE): training manual,helping_skills,helping_skills_only,normal,P1,pending,,"Box 9. Examples of external and internal reactions External reactions: Internal reactions: • Reactions that are external and that others can see, e.g. through behaviour and interaction with others. • Some people with external reactions find it hard to control "
WHO_EASE_TRAINING_2025,WHO_EASE_TRAINING_2025_94db652c_00114_ba7d60368225,Early Adolescent Skills for Emotions (EASE): training manual,helping_skills,helping_skills_only,normal,P1,pending,,"physical sensations or feelings). • Examples of internal reactions are social withdrawal, sadness, fear, disliking yourself, loss of interest in things. • A person with these internal reactions may seem “more quiet” than other children; other persons might not"
WHO_EASE_TRAINING_2025,WHO_EASE_TRAINING_2025_94db652c_00115_6b6bf9a61b09,Early Adolescent Skills for Emotions (EASE): training manual,helping_skills,helping_skills_only,normal,P1,pending,,"• Their caregivers have decided their reactions are significantly interfering with their child’s life or family. • The adolescent feels very distressed, upset or unhappy for longer than would be expected, i.e. it is normal to be distressed after a challenging "
WHO_EASE_TRAINING_2025,WHO_EASE_TRAINING_2025_94db652c_00117_8ca400cb5114,Early Adolescent Skills for Emotions (EASE): training manual,helping_skills,helping_skills_only,normal,P1,pending,,Say that we will now talk a bit more about internalizing reactions (point at the right column of the flipchart). 2. Explain that these reactions are common. Most children and adults experience internalizing reactions from time to time. These become a concern w
WHO_EASE_TRAINING_2025,WHO_EASE_TRAINING_2025_94db652c_00118_f5cb8803a0d7,Early Adolescent Skills for Emotions (EASE): training manual,helping_skills,helping_skills_only,normal,P1,pending,,"However, it is helpful for helpers to understand the presentation of internalizing reactions. 3. On a large flipchart, draw four columns with the following headings: Thoughts, Feelings (or Emotions), Physical sensations, and Behaviours (or Actions) and explain"
WHO_EASE_TRAINING_2025,WHO_EASE_TRAINING_2025_94db652c_00128_2c93971e753e,Early Adolescent Skills for Emotions (EASE): training manual,helping_skills,helping_skills_only,normal,P1,pending,,1.7.2 Explanation of competency-based training (10 minutes) 1. Share copies of Training form 4. EASE competency assessment with the trainees. • Explain that the EASE competency assessment will be used by trainers during facilitation practice to help structure 
WHO_EASE_TRAINING_2025,WHO_EASE_TRAINING_2025_94db652c_00131_da7a0b20fb2f,Early Adolescent Skills for Emotions (EASE): training manual,helping_skills,helping_skills_only,normal,P1,pending,,Part B: Training days 45 Training activity 1.8: Role of an EASE helper To define the roles and responsibilities of an EASE helper 20 minutes Flipchart paper and 1. Lead a group discussion on the following two questions: 1) “What are important characteristics a
WHO_EASE_TRAINING_2025,WHO_EASE_TRAINING_2025_94db652c_00134_2585cd4834dd,Early Adolescent Skills for Emotions (EASE): training manual,helping_skills,helping_skills_only,normal,P1,pending,,"• Utilize active listening skills (this skill will be discussed in more detail on Day 2). • Talk with and not at an adolescent (e.g. instead of saying “You are feeling misunderstood,” say “It sounds like you felt misunderstood in that situation. Is that right?"
WHO_EASE_TRAINING_2025,WHO_EASE_TRAINING_2025_94db652c_00135_8073731ef33e,Early Adolescent Skills for Emotions (EASE): training manual,helping_skills,helping_skills_only,normal,P1,pending,,"while a 10-year-old may benefit from using more pictures to explain the concepts, this may be perceived as too juvenile for a 15-year-old)."
WHO_EASE_TRAINING_2025,WHO_EASE_TRAINING_2025_94db652c_00136_387c1f0f06b5,Early Adolescent Skills for Emotions (EASE): training manual,helping_skills,helping_skills_only,normal,P1,pending,,Part B: Training days 47 • Adjust activities (e.g. types of energizers or games) to suit the different interests of younger versus older adolescents. • Repeat information or practise the skills more with younger adolescents. 7. Say that you will continue to di
WHO_EASE_TRAINING_2025,WHO_EASE_TRAINING_2025_94db652c_00137_20d94a35dbad,Early Adolescent Skills for Emotions (EASE): training manual,helping_skills,helping_skills_only,normal,P1,pending,,"• It is important to consult with someone who specializes in adapting content to match the group’s literacy and educational levels and physical needs, if needed. “How would adolescents or caregivers with lower literacy or educational levels present in the grou"
WHO_EASE_TRAINING_2025,WHO_EASE_TRAINING_2025_94db652c_00138_8691241b2baf,Early Adolescent Skills for Emotions (EASE): training manual,helping_skills,helping_skills_only,normal,P1,pending,,• They may feel anxious about completing the activities in the session or their workbook (they may take longer to understand the concepts because of how these have been communicated; or they may not be able to read the text in the workbook).
WHO_EASE_TRAINING_2025,WHO_EASE_TRAINING_2025_94db652c_00139_b720aa46b5cd,Early Adolescent Skills for Emotions (EASE): training manual,helping_skills,helping_skills_only,normal,P1,pending,,• They may be more disruptive in the group. This is often done to hide their shame or anxiety about not understanding or it might be their way of expressing boredom or disinterest. 4. Then ask how you can adapt the session and/or material to participants who a
WHO_EASE_TRAINING_2025,WHO_EASE_TRAINING_2025_94db652c_00140_a2172b042185,Early Adolescent Skills for Emotions (EASE): training manual,helping_skills,helping_skills_only,normal,P1,pending,,• Anxious participants: ◦ Participants may be anxious about doing activities in the session: Helpers can use drawings to communicate any ideas or notes they make in the session rather than writing instructions. When adolescents are practicing EASE skills durin
WHO_EASE_TRAINING_2025,WHO_EASE_TRAINING_2025_94db652c_00141_8d643ada199a,Early Adolescent Skills for Emotions (EASE): training manual,helping_skills,helping_skills_only,normal,P1,pending,,"At the end of each session, when setting home practice, helpers can show participants the page in the workbook that they will be using and verbally explain it. • Disruptive participants: Helpers should be careful to be sensitive to these participants’ underlyi"
WHO_EASE_TRAINING_2025,WHO_EASE_TRAINING_2025_94db652c_00143_37ecffb5ca42,Early Adolescent Skills for Emotions (EASE): training manual,helping_skills,helping_skills_only,normal,P1,pending,,Training activity 1.11: Group management skills to improve group participation To learn different techniques to improve group participation 20 minutes Chapter 3. Basic 1. Tell the group you will now introduce two key communication skills for to improve group p
WHO_EASE_TRAINING_2025,WHO_EASE_TRAINING_2025_94db652c_00148_9b05123294b4,Early Adolescent Skills for Emotions (EASE): training manual,helping_skills,helping_skills_only,normal,P1,pending,,"Essentially, you are bouncing back the participant’s question to them or, even better, to the whole group. Your aim is to facilitate the learning of the whole group.” 6. Brainstorm some general bounce-back questions. Possible examples: • “What do you think? ” "
WHO_EASE_TRAINING_2025,WHO_EASE_TRAINING_2025_94db652c_00149_970452b4e383,Early Adolescent Skills for Emotions (EASE): training manual,helping_skills,helping_skills_only,normal,P1,pending,,Training activity 1.12: Ending • Review the learning objectives and make sure that all trainees are confident they have been met. • Encourage trainees to read Part A (except Chapter 4 on Assessment) of the EASE intervention manual. • Distribute Trainee handout
WHO_EASE_TRAINING_2025,WHO_EASE_TRAINING_2025_94db652c_00150_5c6448053654,Early Adolescent Skills for Emotions (EASE): training manual,helping_skills,helping_skills_only,normal,P1,pending,,Part B: Training days 53 Day 2: Basic helping skills and EASE competencies Day 2. Learning objectives: 1. Understand and be able to use basic helping skills. 2. Manage challenging group situations. 3. If this is a ToT: Learn how to use the EASE competency asse
WHO_EASE_TRAINING_2025,WHO_EASE_TRAINING_2025_94db652c_00151_2c5ca3a4505e,Early Adolescent Skills for Emotions (EASE): training manual,helping_skills,helping_skills_only,normal,P1,pending,,"Materials Link to 50 If this is a ToT: 2.3: Using the assessment and 85 2.4: Group management skills – dealing with challenging situations in groups Chapter 3, sections 3.4 (How to manage a group) and 3.6 (How to manage challenging group situations) 20 2.5: En"
WHO_EASE_TRAINING_2025,WHO_EASE_TRAINING_2025_94db652c_00154_2811d417bc4e,Early Adolescent Skills for Emotions (EASE): training manual,helping_skills,helping_skills_only,normal,P1,pending,,Basic helping skills include: • confidentiality • non-verbal skills • communicating concern (empathy) • praising openness • validating (normalizing) • putting aside your personal values (non-judgemental) • not giving direct advice.” 2. Explain that basic helpi
WHO_EASE_TRAINING_2025,WHO_EASE_TRAINING_2025_94db652c_00155_2e731b71ea06,Early Adolescent Skills for Emotions (EASE): training manual,helping_skills,helping_skills_only,normal,P1,pending,,Part B: Training days 57 4. Tell the group that you will now explain each of the seven basic helping skills. 2.2.2 Confidentiality (10 minutes) 1. Confidentiality is keeping everything an adolescent or caregiver tells you private. 2. Ask the group what confide
WHO_EASE_TRAINING_2025,WHO_EASE_TRAINING_2025_94db652c_00156_75820c595733,Early Adolescent Skills for Emotions (EASE): training manual,helping_skills,helping_skills_only,normal,P1,pending,,"They are another way of communicating concern. 3. Examples might include: • keeping culturally appropriate eye contact and space; • culturally appropriate movement of your head, such as nodding; • keeping your posture open (e.g. avoid crossing your arms and si"
WHO_EASE_TRAINING_2025,WHO_EASE_TRAINING_2025_94db652c_00157_f621179f604a,Early Adolescent Skills for Emotions (EASE): training manual,helping_skills,helping_skills_only,normal,P1,pending,,"The adolescent will only say one word repeatedly: “falafel, falafel, falafel...” • During the demonstration the helper demonstrates poor non-verbal skills, e.g. by looking at their watch, checking their phone, looking away from the other person). • Perform the"
WHO_EASE_TRAINING_2025,WHO_EASE_TRAINING_2025_94db652c_00158_c0ca0d8fd4fa,Early Adolescent Skills for Emotions (EASE): training manual,helping_skills,helping_skills_only,normal,P1,pending,,"2.2.4 Communicating concern (empathy) (30 minutes) 1. Introduce communicating concern (also called “empathy”) (10 minutes): • Try to understand, as best you can, adolescents’ and caregivers’ situations, including the emotions they are experiencing. • Our job i"
WHO_EASE_TRAINING_2025,WHO_EASE_TRAINING_2025_94db652c_00159_f35aaa898c58,Early Adolescent Skills for Emotions (EASE): training manual,helping_skills,helping_skills_only,normal,P1,pending,,"Or think about facial expressions, such as smiles, frowns and eyes opened wide with surprise. You may start making the same facial expressions without even thinking about it. One of the most important basic helping skills is being able to see and feel an exper"
WHO_EASE_TRAINING_2025,WHO_EASE_TRAINING_2025_94db652c_00161_c7cf8be1477f,Early Adolescent Skills for Emotions (EASE): training manual,helping_skills,helping_skills_only,normal,P1,pending,,"Part B: Training days 59 “Why do you think we should avoid saying: ‘I understand how you feel/I know how you feel’? [[Answer: Saying this statement might cause a negative reaction (especially if someone is angry) such as, ‘How can you know how I feel? ! ’]] ""A"
WHO_EASE_TRAINING_2025,WHO_EASE_TRAINING_2025_94db652c_00163_4736677c3947,Early Adolescent Skills for Emotions (EASE): training manual,helping_skills,helping_skills_only,normal,P1,pending,,"“In a rush, Clara eventually bought her ingredients and got home. She started cooking dinner but when she opened her grocery bag, she saw that the chicken wasn’t there and it was goat instead. Her friend Deepa does not eat goat. She threw the goat meat into th"
WHO_EASE_TRAINING_2025,WHO_EASE_TRAINING_2025_94db652c_00164_57ffbc800ac7,Early Adolescent Skills for Emotions (EASE): training manual,helping_skills,helping_skills_only,normal,P1,pending,,"embarrassed. Deepa said the same thing had happened to her a few weeks ago when she had planned a dinner party. Deepa said that a new dumpling [or refer to local food] shop had just opened nearby, which she’d be excited to try. Clara’s shoulders felt lighter a"
WHO_EASE_TRAINING_2025,WHO_EASE_TRAINING_2025_94db652c_00165_2e1d95623de7,Early Adolescent Skills for Emotions (EASE): training manual,helping_skills,helping_skills_only,normal,P1,pending,,"During EASE groups, you will also be observing participants, which can help you identify how they might be feeling on the basis of their body language, facial expressions and overall mood. You will not always be able to name the emotion(s) a participant is fee"
WHO_EASE_TRAINING_2025,WHO_EASE_TRAINING_2025_94db652c_00166_c243a4bc0856,Early Adolescent Skills for Emotions (EASE): training manual,helping_skills,helping_skills_only,normal,P1,pending,,Explain that you will now read an example of an adolescent telling the helper about difficulties they are having. 3. An adolescent tells the helper that they were unable to do their slow breathing home practice because it made them feel dizzy. • Response A: “T
WHO_EASE_TRAINING_2025,WHO_EASE_TRAINING_2025_94db652c_00167_bad3452d2089,Early Adolescent Skills for Emotions (EASE): training manual,helping_skills,helping_skills_only,normal,P1,pending,,Part B: Training days 61 • Response B: “Thank you so much for sharing with us that you have been unable to do Slow Breathing. I can see that you are really trying to practise. When you learn new skills there are often difficulties when practising them.” 4. Ask
WHO_EASE_TRAINING_2025,WHO_EASE_TRAINING_2025_94db652c_00168_865c7edeb91f,Early Adolescent Skills for Emotions (EASE): training manual,helping_skills,helping_skills_only,normal,P1,pending,,"If time allows, share other examples of praising openness with the group: • “Thank you for telling that to me.” • “You were very courageous in sharing those intimate feelings with me.” • ""Although it may have been hard to talk about that with me, I think it wi"
WHO_EASE_TRAINING_2025,WHO_EASE_TRAINING_2025_94db652c_00169_5aa1fa664ee3,Early Adolescent Skills for Emotions (EASE): training manual,helping_skills,helping_skills_only,normal,P1,pending,,"They may also think that talking about emotions or personal problems is a sign that they are becoming ill, going crazy or that they are weak. 5. Some adolescents and caregivers might even blame themselves for how they feel. 6. It is important that throughout t"
WHO_EASE_TRAINING_2025,WHO_EASE_TRAINING_2025_94db652c_00172_40cb0d94db1a,Early Adolescent Skills for Emotions (EASE): training manual,helping_skills,helping_skills_only,normal,P1,pending,,Part B: Training days 63 3. Common examples include (5 minutes): • religious or political beliefs; • value of education; • parenting styles or disciplinary techniques; • when a caregiver does or does not want to leave a marriage partner (e.g. in cases of domes
WHO_EASE_TRAINING_2025,WHO_EASE_TRAINING_2025_94db652c_00175_8e25953391e8,Early Adolescent Skills for Emotions (EASE): training manual,helping_skills,helping_skills_only,normal,P1,pending,,"• I am a young girl and I hope to become a doctor or teacher someday, but my parents want me to get married when I finish school. I wish I could rebel somehow and follow my dream. • I often drink alcohol with my friends, even though my parents don’t allow it. "
WHO_EASE_TRAINING_2025,WHO_EASE_TRAINING_2025_94db652c_00176_b16e53360f47,Early Adolescent Skills for Emotions (EASE): training manual,helping_skills,helping_skills_only,normal,P1,pending,,"not related to a specific statement) (10 minutes): “What would happen if you expressed judgement in (any of) these scenarios? "" [[Answers can be: It may make a participant more distressed or feel ashamed, or it will affect a participant’s trust in the helper.]"
WHO_EASE_TRAINING_2025,WHO_EASE_TRAINING_2025_94db652c_00177_39986ec54958,Early Adolescent Skills for Emotions (EASE): training manual,helping_skills,helping_skills_only,normal,P1,pending,,"Bring this up in supervision to discuss your feelings about the situation.]] ""If you feel that you are not able to provide the best support for this participant on the basis of a conflict of values, what should you do? ” [[Answers can be: Discuss the situation"
WHO_EASE_TRAINING_2025,WHO_EASE_TRAINING_2025_94db652c_00178_d7e94fe0e10a,Early Adolescent Skills for Emotions (EASE): training manual,helping_skills,helping_skills_only,normal,P1,pending,,"Part B: Training days 65 2.2.9 Not giving direct advice (35 minutes) 1. This is one of the most common challenges that helpers have. 2. The desire to assist another person by offering them direct advice about what to do, or not to do, to improve their situatio"
WHO_EASE_TRAINING_2025,WHO_EASE_TRAINING_2025_94db652c_00179_67729c286e34,Early Adolescent Skills for Emotions (EASE): training manual,helping_skills,helping_skills_only,normal,P1,pending,,"• You feel pressure to give advice (e.g. the adolescent or caregiver directly asks you what to do, or you feel as if you are being asked for advice, even when you are not asked directly). • EASE helpers believe they know what is best for the participant (often"
WHO_EASE_TRAINING_2025,WHO_EASE_TRAINING_2025_94db652c_00180_e54cd8d4036d,Early Adolescent Skills for Emotions (EASE): training manual,helping_skills,helping_skills_only,normal,P1,pending,,"They never learn how to make changes for themselves, or they may not gain internal motivation to make a change themselves. • The participant fails to learn strategies for future problem-solving and emotional coping."
WHO_EASE_TRAINING_2025,WHO_EASE_TRAINING_2025_94db652c_00181_e192a7e697c1,Early Adolescent Skills for Emotions (EASE): training manual,helping_skills,helping_skills_only,normal,P1,pending,,"7. Discuss risks for helpers when giving direct advice. “What are the risks to the EASE helpers if you give adolescents or caregivers direct advice? ” 8. Common risks include: • If the proposed solution creates more problems for the adolescent or caregiver, th"
WHO_EASE_TRAINING_2025,WHO_EASE_TRAINING_2025_94db652c_00183_d5e293a23a07,Early Adolescent Skills for Emotions (EASE): training manual,helping_skills,helping_skills_only,normal,P1,pending,,"• Ultimately, adolescents and caregivers will need to practise the skills on their own. 11. Ask the group how not to give direct advice: • Ideas include: ◦ Similar to how to put aside your personal values. ◦ Resist/refrain from giving direct advice. ◦ Become c"
WHO_EASE_TRAINING_2025,WHO_EASE_TRAINING_2025_94db652c_00188_e254dfec3bda,Early Adolescent Skills for Emotions (EASE): training manual,helping_skills,helping_skills_only,normal,P1,pending,,Training activity 2.3: Using the EASE competency assessment and providing feedback (for ToT only) to use competency assessments during 50 minutes Training form 4. *Please note this training activity is only for trainees becoming EASE trainers or supervisors (e
WHO_EASE_TRAINING_2025,WHO_EASE_TRAINING_2025_94db652c_00190_5c992b3b94f0,Early Adolescent Skills for Emotions (EASE): training manual,helping_skills,helping_skills_only,normal,P1,pending,,"Part B: Training days 69 4. Hand out the competency assessments for EASE (Training form 4. EASE competency assessment) and review the competencies (see also Box 10). 5. Highlight that there are two sets of competencies assessed during the EASE training, namely"
WHO_EASE_TRAINING_2025,WHO_EASE_TRAINING_2025_94db652c_00191_96b40bd42e91,Early Adolescent Skills for Emotions (EASE): training manual,helping_skills,helping_skills_only,normal,P1,pending,,"Competencies related to the caregiver sessions: • rapport building & self-disclosure • exploration & normalisation of feelings • demonstrate empathy, warmth & genuineness • explain & promote confidentiality • group participation."
WHO_EASE_TRAINING_2025,WHO_EASE_TRAINING_2025_94db652c_00192_71e459106a25,Early Adolescent Skills for Emotions (EASE): training manual,helping_skills,helping_skills_only,normal,P1,pending,,"6. Then, show the competency assessment tool. “Competency assessment tools are designed to record specific behaviours (unhelpful and helpful) grouped under different levels of competency rated 1 to 4. Level 1 indicates unhelpful or potentially harmful behaviou"
WHO_EASE_TRAINING_2025,WHO_EASE_TRAINING_2025_94db652c_00194_d2bbd89d04b4,Early Adolescent Skills for Emotions (EASE): training manual,helping_skills,helping_skills_only,normal,P1,pending,,"As the training progresses, trainees will be invited to take turns in practising the assessment of competencies during facilitation practice and giving feedback alongside the trainer. 10. Explain that you will now practise assessing the EASE competency “verbal"
WHO_EASE_TRAINING_2025,WHO_EASE_TRAINING_2025_94db652c_00198_fd30ed204863,Early Adolescent Skills for Emotions (EASE): training manual,helping_skills,helping_skills_only,normal,P1,pending,,Briefly review Box 11 to go over how the three feedback steps are used when giving feedback on competencies and fidelity.
WHO_EASE_TRAINING_2025,WHO_EASE_TRAINING_2025_94db652c_00203_ca5e1d35dedc,Early Adolescent Skills for Emotions (EASE): training manual,helping_skills,helping_skills_only,normal,P1,pending,,"“The success of the EASE intervention will rely on your skills in managing the group in adolescent and caregiver sessions.” 2. Helpers might be very effective in teaching the different skills to adolescents and caregivers, but if they cannot manage the group, "
WHO_EASE_TRAINING_2025,WHO_EASE_TRAINING_2025_94db652c_00204_9e6b877c9d7e,Early Adolescent Skills for Emotions (EASE): training manual,helping_skills,helping_skills_only,normal,P1,pending,,3. Point out that helpers will meet different people from various backgrounds and with different personalities in their groups. “What are some examples of participants’ differences that might require good management by the helper? Consider adolescent and careg
WHO_EASE_TRAINING_2025,WHO_EASE_TRAINING_2025_94db652c_00208_11e29da6cd35,Early Adolescent Skills for Emotions (EASE): training manual,helping_skills,helping_skills_only,normal,P1,pending,,Table 1. Case examples for challenging group situations Case example A: Keeping to time without cutting short valuable group discussion In your group you will discuss your favourite television programme. The facilitator will be asked to shift the discussion to
WHO_EASE_TRAINING_2025,WHO_EASE_TRAINING_2025_94db652c_00210_6148da88665c,Early Adolescent Skills for Emotions (EASE): training manual,helping_skills,helping_skills_only,normal,P1,pending,,Part B: Training days 77 Case example B: Managing dominant participants You will be discussing whether single-gender schools are better than mixed-gender schools. Half of the group should be in favour of single- gender schools and half of the group should be i
WHO_EASE_TRAINING_2025,WHO_EASE_TRAINING_2025_94db652c_00211_27da296cbd88,Early Adolescent Skills for Emotions (EASE): training manual,helping_skills,helping_skills_only,normal,P1,pending,,A dominant participant might force the group to manage their personal problems too. • Use basic helping skills when managing dominant participants. You may need to manage them in them in front of the group and talk to them on their own. • In front of the group
WHO_EASE_TRAINING_2025,WHO_EASE_TRAINING_2025_94db652c_00212_55e03a968064,Early Adolescent Skills for Emotions (EASE): training manual,helping_skills,helping_skills_only,normal,P1,pending,,"• If you talk to a dominant participant on their own during a break or at the end of a session, always use a positive approach (it is important to not criticize them in front of their peers): “You have been very engaged in the intervention which is good. But i"
WHO_EASE_TRAINING_2025,WHO_EASE_TRAINING_2025_94db652c_00213_e28c7145d604,Early Adolescent Skills for Emotions (EASE): training manual,helping_skills,helping_skills_only,normal,P1,pending,,"• Try to find out why the person is dominating and, once you know what the reasons are, try to help the participant and the group to manage these. Reasons may include that they do not like other participants from different backgrounds, they believe they need t"
WHO_EASE_TRAINING_2025,WHO_EASE_TRAINING_2025_94db652c_00214_e91821a89e68,Early Adolescent Skills for Emotions (EASE): training manual,helping_skills,helping_skills_only,normal,P1,pending,,They may nod their head to show they agree with the others but say nothing at all. Your role is to discuss with participants which EASE skill they like the most and to ensure that everyone participates and feels included. • Case examples are good for encouragi
WHO_EASE_TRAINING_2025,WHO_EASE_TRAINING_2025_94db652c_00215_505860637c15,Early Adolescent Skills for Emotions (EASE): training manual,helping_skills,helping_skills_only,normal,P1,pending,,"This will break confidentiality. • If possible, divide into smaller groups. With fewer people in the group, participants might talk with more confidence. • Talk privately to quiet participants to help them become more comfortable. You can say: “I have noticed "
WHO_EASE_TRAINING_2025,WHO_EASE_TRAINING_2025_94db652c_00216_0b0c1882cb5d,Early Adolescent Skills for Emotions (EASE): training manual,helping_skills,helping_skills_only,normal,P1,pending,,Part B: Training days 79 Case example D: Managing distressed individuals You will be discussing problems faced by people in your community. One participant in the group should act as a distressed participant. After one minute this participant should talk about
WHO_EASE_TRAINING_2025,WHO_EASE_TRAINING_2025_94db652c_00217_00c28d770207,Early Adolescent Skills for Emotions (EASE): training manual,helping_skills,helping_skills_only,normal,P1,pending,,"• If the participant is having difficulties calming, you can ask them if would be helpful if the members of the group practise the Slow Breathing activity together. • If a participant’s distress is very strong and interferes with the group and you have a co-he"
WHO_EASE_TRAINING_2025,WHO_EASE_TRAINING_2025_94db652c_00218_a98f07d7331c,Early Adolescent Skills for Emotions (EASE): training manual,helping_skills,helping_skills_only,normal,P1,pending,,Case example E: Managing arguments between participants or expressions of anger Two participants in the group should be chosen to argue with each other about a topic. One participant should argue that women should not go to university and should stay at home t
WHO_EASE_TRAINING_2025,WHO_EASE_TRAINING_2025_94db652c_00219_b4617dfbebee,Early Adolescent Skills for Emotions (EASE): training manual,helping_skills,helping_skills_only,normal,P1,pending,,Respond to early signs of anger or conflict between participants. You can do the following as a way to prevent arguments: • Acknowledge the differences of experience or opinion. Tell the group that everyone’s experiences and opinions are important. • Acknowled
WHO_EASE_TRAINING_2025,WHO_EASE_TRAINING_2025_94db652c_00222_955e5b399ff3,Early Adolescent Skills for Emotions (EASE): training manual,helping_skills,helping_skills_only,normal,P1,pending,,Box 12. Other challenges that may arise in a group Managing group discussions that go off-topic and examples of unhelpful strategies or those outside of EASE • Be firm when re-directing group discussions but also use your basic helping skills! • You can say: “
WHO_EASE_TRAINING_2025,WHO_EASE_TRAINING_2025_94db652c_00223_05525c6d258a,Early Adolescent Skills for Emotions (EASE): training manual,helping_skills,helping_skills_only,normal,P1,pending,,"If a participant is sharing too much information or it is too personal, facilitators can do one or all of the following: ◦ Ask participants not to share very personal details in the group. ◦ Agree that you will gently cut them off when they are sharing too muc"
WHO_EASE_TRAINING_2025,WHO_EASE_TRAINING_2025_94db652c_00224_d074254f1f92,Early Adolescent Skills for Emotions (EASE): training manual,helping_skills,helping_skills_only,normal,P1,pending,,They might regularly arrive late or leave early or be missing sessions. • Remind helpers that they cannot force participants to attend or stay in a group. • Find out what the reason is for their disconnection and see if there is anything you can do to help the
WHO_EASE_TRAINING_2025,WHO_EASE_TRAINING_2025_94db652c_00225_c5c0fcec7c9a,Early Adolescent Skills for Emotions (EASE): training manual,helping_skills,helping_skills_only,normal,P1,pending,,• Sometimes these groups may also bully or tease other participants. • Sometimes participants will have already been friends prior to the group and so cliques may be established from the first session
WHO_EASE_TRAINING_2025,WHO_EASE_TRAINING_2025_94db652c_00226_6b7a9437492b,Early Adolescent Skills for Emotions (EASE): training manual,helping_skills,helping_skills_only,normal,P1,pending,,"• If you notice that a clique has been established, you can respond by: ◦ moving participants around so they are not seated next to the same person in each session; ◦ changing the participants when forming small groups or pairs for different activities. • Be s"
WHO_EASE_TRAINING_2025,WHO_EASE_TRAINING_2025_94db652c_00229_b1c1c6ab3cf4,Early Adolescent Skills for Emotions (EASE): training manual,helping_skills,helping_skills_only,normal,P1,pending,,Part B: Training days 83 Issue How to address this: Adolescent hurting another group member Remind them of the group rules. Use basic helping skills and patience to explain that hurting other group members is not OK. Remind the participant that you still want 
WHO_EASE_TRAINING_2025,WHO_EASE_TRAINING_2025_94db652c_00230_625a6efc3d4a,Early Adolescent Skills for Emotions (EASE): training manual,helping_skills,helping_skills_only,normal,P1,pending,,"If the issue of bullying is raised before sessions 5 and 6, a helper can ask the adolescent if there is a trusted person in their life who could support them. If you are seriously concerned about the safety or well-being of the adolescent because of bullying, "
WHO_EASE_TRAINING_2025,WHO_EASE_TRAINING_2025_94db652c_00232_aa3a334e67d6,Early Adolescent Skills for Emotions (EASE): training manual,helping_skills,helping_skills_only,normal,P1,pending,,Part B: Training days 85 Day 3: Adolescent sessions 1 and 2 Day 3. Learning objectives: 1. Understand how to implement key activities in adolescent sessions 1 and 2. 2. Understand the importance of explaining confidentiality. 3. Know the steps for teaching Slo
WHO_EASE_TRAINING_2025,WHO_EASE_TRAINING_2025_94db652c_00234_81bacd63023a,Early Adolescent Skills for Emotions (EASE): training manual,helping_skills,helping_skills_only,normal,P1,pending,,"Part B: Training days 87 20 3.7: Ending session 1 (facilitation practice 4) Square paper and pens 20 3.8: Starting session 2 (facilitation practice 5) A ball or other object you can throw (e.g. sock, paper ball) 35 3.9: Session 2 – Feelings and my body (facili"
WHO_EASE_TRAINING_2025,WHO_EASE_TRAINING_2025_94db652c_00236_c5d0ce04cb74,Early Adolescent Skills for Emotions (EASE): training manual,helping_skills,helping_skills_only,normal,P1,pending,,Part B: Training days 89 1. Encourage the “helpers for the day” to review the instructions in the EASE intervention manual that are relevant to their activity. 2. Support the “helpers for the day” by reminding them that this is a practice and is a chance to le
WHO_EASE_TRAINING_2025,WHO_EASE_TRAINING_2025_94db652c_00237_a1fa4acee1b1,Early Adolescent Skills for Emotions (EASE): training manual,helping_skills,helping_skills_only,normal,P1,pending,,Training activity 3.2: Introduce EASE session 1 and confidentiality (trainer demonstration) To learn how to start session 1 and talk about confidentiality 30 minutes • Annex 3. • Chapter 5. • Annex 1. Managing and managing suicide risk 3.2.1 Introduce adolesce
WHO_EASE_TRAINING_2025,WHO_EASE_TRAINING_2025_94db652c_00243_84b3bb6908ea,Early Adolescent Skills for Emotions (EASE): training manual,helping_skills,helping_skills_only,normal,P1,pending,,• Note for trainer: Keep the EASE competency assessment for adolescents (explain & promote confidentiality [ENACT]) with you when you move around the room to give participants constructive feedback. 8. Allow time for questions. 9. If needed – for instance if t
WHO_EASE_TRAINING_2025,WHO_EASE_TRAINING_2025_94db652c_00244_8ee2e0d3ca78,Early Adolescent Skills for Emotions (EASE): training manual,helping_skills,helping_skills_only,normal,P1,pending,,• For which adolescents (or caregivers) might confidentiality be extremely important? 2. There may be a number of suggestions. It is important to highlight: • Many individuals may take time to trust an EASE helper or to trust other members of the group.
WHO_EASE_TRAINING_2025,WHO_EASE_TRAINING_2025_94db652c_00245_a64add641fdd,Early Adolescent Skills for Emotions (EASE): training manual,helping_skills,helping_skills_only,normal,P1,pending,,Part B: Training days 93 • Individuals may be from cultures which do not discuss private matters outside of the home. This might mean that some adolescents may be quieter during discussions or activities in the first few EASE sessions. Using your basic helping
WHO_EASE_TRAINING_2025,WHO_EASE_TRAINING_2025_94db652c_00246_b0a064d928ef,Early Adolescent Skills for Emotions (EASE): training manual,helping_skills,helping_skills_only,normal,P1,pending,,"Explain that, in EASE, adolescents will be encouraged to have one-to-one conversations with the helper for these particular difficulties, rather than discussing them in the group. 5. It can seem confusing as to why the helper might exclude some topics from bei"
WHO_EASE_TRAINING_2025,WHO_EASE_TRAINING_2025_94db652c_00247_0bda09938579,Early Adolescent Skills for Emotions (EASE): training manual,helping_skills,helping_skills_only,normal,P1,pending,,"The conversation should be private and should cover the following: • Is the situation disclosed currently happening (e.g. physical/sexual/verbal abuse or witnessing of this abuse, exploitation, neglect, violence or self-harm)? ◦ If “yes”: break confidentiality"
WHO_EASE_TRAINING_2025,WHO_EASE_TRAINING_2025_94db652c_00248_c25e5b53227c,Early Adolescent Skills for Emotions (EASE): training manual,helping_skills,helping_skills_only,normal,P1,pending,,"This is because the alleged abuser may have access to other children and their protection may need to be guaranteed. ◦ Inform helpers that, where appropriate, they should ask very basic details about the incident to assist with completing any incident reportin"
WHO_EASE_TRAINING_2025,WHO_EASE_TRAINING_2025_94db652c_00250_1b8ff5a84e67,Early Adolescent Skills for Emotions (EASE): training manual,helping_skills,helping_skills_only,normal,P1,pending,,“Why might it be important for adolescents to learn how to identify their feelings? ” 4. Suggested answer: • Adolescents need to be able to identify feelings accurately so they can respond to big feelings earlier. • The sooner adolescents can identify a feelin
WHO_EASE_TRAINING_2025,WHO_EASE_TRAINING_2025_94db652c_00253_fc4c72dabc18,Early Adolescent Skills for Emotions (EASE): training manual,helping_skills,helping_skills_only,normal,P1,pending,,Training activity 3.4: Externalizing feelings (facilitation practice 1 and 2) deliver the first EASE skill 45 minutes • Large pieces of blank paper and pens or pencils (preferably coloured) • Sadness poster 1. Tell the group that the first two facilitation pra
WHO_EASE_TRAINING_2025,WHO_EASE_TRAINING_2025_94db652c_00260_5c5fde141527,Early Adolescent Skills for Emotions (EASE): training manual,helping_skills,helping_skills_only,normal,P1,pending,,Facilitation practice 3: Identifying personal feelings – Big feelings Link to intervention manual: Adolescent activity 1.7. Identifying personal feelings: 2. Big feelings: discussion only
WHO_EASE_TRAINING_2025,WHO_EASE_TRAINING_2025_94db652c_00262_8a31d0622ef5,Early Adolescent Skills for Emotions (EASE): training manual,helping_skills,helping_skills_only,normal,P1,pending,,"Responses to be elicited: • Just like learning any new skill, the more we practise something, the better we become and the more natural it feels. And the easier it is to do in a difficult situation. • We can practice new skills in the sessions with adolescents"
WHO_EASE_TRAINING_2025,WHO_EASE_TRAINING_2025_94db652c_00263_6ce17c8fca00,Early Adolescent Skills for Emotions (EASE): training manual,helping_skills,helping_skills_only,normal,P1,pending,,Part B: Training days 101 • Many of the skills we are teaching adolescents are likely to be helpful in stressful situations. Practising the skills when not necessarily in a stressful situation is essential so that adolescents can be ready to use these skills i
WHO_EASE_TRAINING_2025,WHO_EASE_TRAINING_2025_94db652c_00265_d8ad234f7da4,Early Adolescent Skills for Emotions (EASE): training manual,helping_skills,helping_skills_only,normal,P1,pending,,Or choosing to do one activity instead of all activities set for homework each day. 8. Discuss what helpers can do to encourage adolescents to complete their home practice. “There are certain things we can do that make it more likely that adolescents will be e
WHO_EASE_TRAINING_2025,WHO_EASE_TRAINING_2025_94db652c_00266_49676da2a084,Early Adolescent Skills for Emotions (EASE): training manual,helping_skills,helping_skills_only,normal,P1,pending,,9. Discuss how adolescents can be reminded to do their home practice. “How might adolescents remember to do their home practice? ” 10. Responses to be elicited: • Ask caregivers to remind them. • Remind each other. • Open the workbook as soon as they wake up o
WHO_EASE_TRAINING_2025,WHO_EASE_TRAINING_2025_94db652c_00267_7697b1899c11,Early Adolescent Skills for Emotions (EASE): training manual,helping_skills,helping_skills_only,normal,P1,pending,,Responses to be elicited: • It shows that home practice is important. • It supports efforts made and encourages efforts to continue. • It provides an opportunity to resolve any difficulties that adolescents have. • It gives adolescents the opportunity to help 
WHO_EASE_TRAINING_2025,WHO_EASE_TRAINING_2025_94db652c_00268_727b3ade06e7,Early Adolescent Skills for Emotions (EASE): training manual,helping_skills,helping_skills_only,normal,P1,pending,,Part B: Training days 103 17. Responses to be elicited: • They may forget to do their home practice. • They are too busy. • Their caregivers did not let them do it. • They did not understand how to do it. • They tried to do it but found it overwhelming. 18. Gu
WHO_EASE_TRAINING_2025,WHO_EASE_TRAINING_2025_94db652c_00269_b5cb8ac496c0,Early Adolescent Skills for Emotions (EASE): training manual,helping_skills,helping_skills_only,normal,P1,pending,,The positive ending to the adolescent sessions can be further emphasized by praising them for their efforts in engaging in the strengths activity as well as their efforts in the session.”
WHO_EASE_TRAINING_2025,WHO_EASE_TRAINING_2025_94db652c_00271_ab8a12fbb6d3,Early Adolescent Skills for Emotions (EASE): training manual,helping_skills,helping_skills_only,normal,P1,pending,,"Part B: Training days 105 Training activity 3.8: Starting session 2 (facilitation practice 5) To practise starting adolescent session 2 20 minutes • A ball or other object you can throw (e.g. sock, paper ball) 1. Explain that the start of each session includes"
WHO_EASE_TRAINING_2025,WHO_EASE_TRAINING_2025_94db652c_00272_03a16ef478de,Early Adolescent Skills for Emotions (EASE): training manual,helping_skills,helping_skills_only,normal,P1,pending,,"Facilitation practice 5: Opening activity (10 minutes) Link to intervention manual: Adolescent activity 2.1. Welcome: 2. Opening activity: the Showing Our Feelings game only 3. Feedback and reflection (10 minutes). 4. If time allows, briefly review Adolescent "
WHO_EASE_TRAINING_2025,WHO_EASE_TRAINING_2025_94db652c_00273_0ad63c85e35e,Early Adolescent Skills for Emotions (EASE): training manual,helping_skills,helping_skills_only,normal,P1,pending,,"Part B: Training days 107 “Big feelings can cause an individual to feel unpleasant physical sensations in their body. Calming My Body in session 2 helps adolescents to manage physical sensations of distress (i.e. strong, unpleasant body sensations related to f"
WHO_EASE_TRAINING_2025,WHO_EASE_TRAINING_2025_94db652c_00274_e153b4f5d9ac,Early Adolescent Skills for Emotions (EASE): training manual,helping_skills,helping_skills_only,normal,P1,pending,,Then introduce the adolescent skill Calming My Body: “Calming My Body is a skill that focuses on improving these body sensations. We will now turn to a facilitation practice of Feelings and my body.” 6. Introduce the next facilitation practice. “As part of Fee
WHO_EASE_TRAINING_2025,WHO_EASE_TRAINING_2025_94db652c_00277_4ee1a35b7957,Early Adolescent Skills for Emotions (EASE): training manual,helping_skills,helping_skills_only,normal,P1,pending,,Part B: Training days 109 Training activity 3.10: Calming My Body – part 1 (if ToT: teaching practice 1) To learn about helpful and unhelpful coping strategies 30 minutes If ToT: + 10 for 3.10.1 Group activity: Helpful and unhelpful coping strategies 1. Explai
WHO_EASE_TRAINING_2025,WHO_EASE_TRAINING_2025_94db652c_00278_faf787e00dd7,Early Adolescent Skills for Emotions (EASE): training manual,helping_skills,helping_skills_only,normal,P1,pending,,"• Examples of helpful coping strategies: talking to someone you trust, asking for help, doing something physically active, relaxation exercises, using humour. • Examples of unhelpful coping strategies: drinking alcohol or using recreational drugs, pushing away"
WHO_EASE_TRAINING_2025,WHO_EASE_TRAINING_2025_94db652c_00279_541fea7ce96b,Early Adolescent Skills for Emotions (EASE): training manual,helping_skills,helping_skills_only,normal,P1,pending,,"• Unhelpful coping strategies: ◦ can cause additional problems or can cause harm; or ◦ can feel good to start with, but in the long-term they can cause more harm. ◦ For example, it may feel good to miss one day of school if it causes an adolescent anxiety, but"
WHO_EASE_TRAINING_2025,WHO_EASE_TRAINING_2025_94db652c_00280_e6503a1696aa,Early Adolescent Skills for Emotions (EASE): training manual,helping_skills,helping_skills_only,normal,P1,pending,,"EASE aims to provide new helpful strategies for young adolescents and their caregivers. 3.10.2 Discussion: Helpful and unhelpful coping strategies 1. Introduce Calming My Body done in adolescent session 2. “As part of Calming My Body in adolescent session 2, a"
WHO_EASE_TRAINING_2025,WHO_EASE_TRAINING_2025_94db652c_00283_c1e08802a343,Early Adolescent Skills for Emotions (EASE): training manual,helping_skills,helping_skills_only,normal,P1,pending,,"At this time, our breathing increases and becomes shallow, our heart beats harder and faster. This can cause unpleasant physical sensations throughout our body. One way to calm the body is to focus on slow breathing. This helps to reduce the unpleasant sensati"
WHO_EASE_TRAINING_2025,WHO_EASE_TRAINING_2025_94db652c_00287_0572823b5567,Early Adolescent Skills for Emotions (EASE): training manual,helping_skills,helping_skills_only,normal,P1,pending,,• Explain that it is common for adolescents or adults to have some difficulties when they first start Slow Breathing. Explain that this will be covered in more detail in the next day of training.
WHO_EASE_TRAINING_2025,WHO_EASE_TRAINING_2025_94db652c_00288_9a81d975e4d3,Early Adolescent Skills for Emotions (EASE): training manual,helping_skills,helping_skills_only,normal,P1,pending,,"Part B: Training days 113 • Only when there is tremendous difficulty with Slow Breathing – e.g. if the child or adult has a pre- existing breathing or health problem, or if Slow Breathing is causing significant distress – should helpers use the two alternative"
WHO_EASE_TRAINING_2025,WHO_EASE_TRAINING_2025_94db652c_00290_b5c94955b186,Early Adolescent Skills for Emotions (EASE): training manual,helping_skills,helping_skills_only,normal,P1,pending,,Day 4: Adolescent sessions 3 and 4 Day 4. Learning objectives: 1. Understand how to implement key activities in adolescent sessions 3 and 4. 2. Know how to respond to home practice difficulties for Calming My Body. 3. Understand the key concepts for the Changi
WHO_EASE_TRAINING_2025,WHO_EASE_TRAINING_2025_94db652c_00292_fb1b48cc8d19,Early Adolescent Skills for Emotions (EASE): training manual,helping_skills,helping_skills_only,normal,P1,pending,,"4.7: Responding to home practice difficulties for (if ToT: teaching practice 2) Paper, pens (3 groups) EASE workbook 45 4.8: Anxious avoidance and Changing My"
WHO_EASE_TRAINING_2025,WHO_EASE_TRAINING_2025_94db652c_00295_6052a94c0dfe,Early Adolescent Skills for Emotions (EASE): training manual,helping_skills,helping_skills_only,normal,P1,pending,,"Training activity 4.2: Session 3 – Opening activity (facilitation practice 7) deliver the opening activity of adolescent 1. Introduce adolescent session 3. “At the beginning of session 3, there is a review activity for adolescents to help them recap their lear"
WHO_EASE_TRAINING_2025,WHO_EASE_TRAINING_2025_94db652c_00296_b06b3af6ce73,Early Adolescent Skills for Emotions (EASE): training manual,helping_skills,helping_skills_only,normal,P1,pending,,Facilitation practice 7: Welcome (10 minutes) Link to intervention manual: Adolescent activity 3.1. Welcome: 2. Opening activity only
WHO_EASE_TRAINING_2025,WHO_EASE_TRAINING_2025_94db652c_00298_57182d25a3ad,Early Adolescent Skills for Emotions (EASE): training manual,helping_skills,helping_skills_only,normal,P1,pending,,"Give a rationale for the importance of practising Slow Breathing regularly: • For any skill to be effective, people need to practise it regularly. This is important for helpers too. • When practising Slow Breathing on their own, adolescents are likely to exper"
WHO_EASE_TRAINING_2025,WHO_EASE_TRAINING_2025_94db652c_00300_14d6496432b8,Early Adolescent Skills for Emotions (EASE): training manual,helping_skills,helping_skills_only,normal,P1,pending,,• You will give feedback to each group’s list of solutions by referring to the solutions listed in the Helpful hints table. • For solutions that are not included in the Helpful hints table: ◦ If you decide it is a reasonable way to respond to this problem (i.e
WHO_EASE_TRAINING_2025,WHO_EASE_TRAINING_2025_94db652c_00302_f3f4293db5fd,Early Adolescent Skills for Emotions (EASE): training manual,helping_skills,helping_skills_only,normal,P1,pending,,Part B: Training days 121 “Big feelings can affect people’s activity. Big feelings might mean the person finds it hard to do their usual activities or does fewer things that give them a sense of meaning. We expect that most adolescents participating in EASE wi
WHO_EASE_TRAINING_2025,WHO_EASE_TRAINING_2025_94db652c_00303_13e4143ad679,Early Adolescent Skills for Emotions (EASE): training manual,helping_skills,helping_skills_only,normal,P1,pending,,"Example answers: • reduce their activity; • become slower or lethargic when doing things; • isolate themselves; • engage in risky behaviours such as drinking alcohol, or harmful behaviours like becoming aggressive; • avoid situations they are afraid of includi"
WHO_EASE_TRAINING_2025,WHO_EASE_TRAINING_2025_94db652c_00304_deacb6051b06,Early Adolescent Skills for Emotions (EASE): training manual,helping_skills,helping_skills_only,normal,P1,pending,,"• There are also risky behaviours such as problematic drinking, sexual activity or overt aggression that are not common across most contexts and cultural groups. Risky behavioural problems often require several intervention techniques over a longer period of t"
WHO_EASE_TRAINING_2025,WHO_EASE_TRAINING_2025_94db652c_00306_4b00794d19c9,Early Adolescent Skills for Emotions (EASE): training manual,helping_skills,helping_skills_only,normal,P1,pending,,"◦ Asim: feels overwhelmed by anxiety leading to avoidance of other adolescents.]] • Question 3: How do you think Asma and Asim feel after stopping these activities? [Answers: Sadder, worse mood, feel more anxious, etc.] 3. After 5 minutes, discuss their respon"
WHO_EASE_TRAINING_2025,WHO_EASE_TRAINING_2025_94db652c_00308_89cad1a11537,Early Adolescent Skills for Emotions (EASE): training manual,helping_skills,helping_skills_only,normal,P1,pending,,Part B: Training days 123 6. Reflection (10 minutes). • Explain that we will address potential problems with understanding the steps of Changing My Actions for the adolescents and helpers later in today’s session. Training activity 4.5: Introduce Changing My A
WHO_EASE_TRAINING_2025,WHO_EASE_TRAINING_2025_94db652c_00309_14232eb0caa2,Early Adolescent Skills for Emotions (EASE): training manual,helping_skills,helping_skills_only,normal,P1,pending,,Whether an activity is meaningful or not is personal and not something for helpers to decide for an adolescent. Activities that would give me a sense of meaning and fulfilment may not be meaningful to someone else.”
WHO_EASE_TRAINING_2025,WHO_EASE_TRAINING_2025_94db652c_00312_4a9bd94c615f,Early Adolescent Skills for Emotions (EASE): training manual,helping_skills,helping_skills_only,normal,P1,pending,,"with an increase in effort or difficulty/complexity); and ◦ should help Denys to reach his goal of engaging in the chosen activity, even if this happens over several weeks. 5. Summarize the vicious cycle for Denys (Figure 4) and check whether the pairs have a "
WHO_EASE_TRAINING_2025,WHO_EASE_TRAINING_2025_94db652c_00313_282029d4318a,Early Adolescent Skills for Emotions (EASE): training manual,helping_skills,helping_skills_only,normal,P1,pending,,Part B: Training days 125 Figure 4. Vicious cycle for Denys 6. Now ask the pairs to return to the large group and ask each pair to hang up their paper with the steps they drew or wrote down. 7. Ask for one person from each pair to present their staircase steps
WHO_EASE_TRAINING_2025,WHO_EASE_TRAINING_2025_94db652c_00314_3cd0a5f1248b,Early Adolescent Skills for Emotions (EASE): training manual,helping_skills,helping_skills_only,normal,P1,pending,,"Is there anything that you used to enjoy doing but that you have not done for some time? ” • Break the activity into small and easy steps. • Plan when to do these steps (e.g. we would ask Denys to think about exactly when, on which day and at which time he wou"
WHO_EASE_TRAINING_2025,WHO_EASE_TRAINING_2025_94db652c_00317_f452dd9f39c1,Early Adolescent Skills for Emotions (EASE): training manual,helping_skills,helping_skills_only,normal,P1,pending,,Individual activity: participants follow Changing My Actions steps only 3. Reflection (10 minutes). • Do a reflection after everyone has had the opportunity to be a helper. Make sure you cover the following points: ◦ What do you have to think about when managi
WHO_EASE_TRAINING_2025,WHO_EASE_TRAINING_2025_94db652c_00318_d58b4539b711,Early Adolescent Skills for Emotions (EASE): training manual,helping_skills,helping_skills_only,normal,P1,pending,,Part B: Training days 127 Training activity 4.6: Changing My Actions in session 4 (facilitation practice 8 and 9) deliver the Changing My Actions skill 50 minutes • Annex 2. 1. Tell the group that after the individual activity comes the end of session 3. Now w
WHO_EASE_TRAINING_2025,WHO_EASE_TRAINING_2025_94db652c_00320_0429a1cb5810,Early Adolescent Skills for Emotions (EASE): training manual,helping_skills,helping_skills_only,normal,P1,pending,,"3. Next, review Adolescent activity 4.3. Changing My Actions: 4. Do the group activity only. 4. Explain that adolescents will have the option in session 4 of continuing their work from session 3. For instance: • They may complete the steps of their staircase f"
WHO_EASE_TRAINING_2025,WHO_EASE_TRAINING_2025_94db652c_00324_f09e7e0ae27f,Early Adolescent Skills for Emotions (EASE): training manual,helping_skills,helping_skills_only,normal,P1,pending,,Briefly review Adolescent activity 4.2. Review home practice: 4. Invite participants to discuss Changing My Actions home practice only.
WHO_EASE_TRAINING_2025,WHO_EASE_TRAINING_2025_94db652c_00325_eed1cc9f53ca,Early Adolescent Skills for Emotions (EASE): training manual,helping_skills,helping_skills_only,normal,P1,pending,,Training activity 4.8: Anxious avoidance and to use Changing My Actions to support a participant who is avoiding activities due to feelings of fear and anxiety 45 minutes • Flipchart paper and 4.8.1 Anxious avoidance (15 minutes) 1. Explain that you will now t
WHO_EASE_TRAINING_2025,WHO_EASE_TRAINING_2025_94db652c_00326_26c48dc93d51,Early Adolescent Skills for Emotions (EASE): training manual,helping_skills,helping_skills_only,normal,P1,pending,,"But the reasons for their reduction in these activities are very different.” 5. Ask the following questions to help them differentiate the two examples. “What feelings accompany each adolescent’s reduction in activity? ” • Denys: overwhelming sadness, lack of "
WHO_EASE_TRAINING_2025,WHO_EASE_TRAINING_2025_94db652c_00327_4413778296bb,Early Adolescent Skills for Emotions (EASE): training manual,helping_skills,helping_skills_only,normal,P1,pending,,Part B: Training days 131 “What are the differences between the two adolescents in how they might feel about doing their activity again? ” • Denys: is still interested in the activity; Fatima: is fearful of doing the activity. 6. Link Fatima’s avoidance to the
WHO_EASE_TRAINING_2025,WHO_EASE_TRAINING_2025_94db652c_00330_ae5e1540f3fd,Early Adolescent Skills for Emotions (EASE): training manual,helping_skills,helping_skills_only,normal,P1,pending,,"Since then, he has stopped walking to his uncle’s house without an adult. Other kids his age have also stopped walking around this area. Helpful avoidance A boy who used to sleep without a lamp/ light on at night began to feel too scared to sleep in the dark. "
WHO_EASE_TRAINING_2025,WHO_EASE_TRAINING_2025_94db652c_00331_01d62835d092,Early Adolescent Skills for Emotions (EASE): training manual,helping_skills,helping_skills_only,normal,P1,pending,,"Part B: Training days 133 4.8.3 Amending Changing My Actions to address anxious avoidance 1. Explain that you will now discuss how to use Changing My Actions for anxious avoidance, which is “unhelpful avoidance”. 2. Only if a participant wants to start doing a"
WHO_EASE_TRAINING_2025,WHO_EASE_TRAINING_2025_94db652c_00333_6dfa18fe6b66,Early Adolescent Skills for Emotions (EASE): training manual,helping_skills,helping_skills_only,normal,P1,pending,,• Gradually help participants to do the activity: break the activity down into very small and easy steps for them to complete. The first step to re-engaging in the activity should be something they feel only a little bit nervous about. Things you can vary to m
WHO_EASE_TRAINING_2025,WHO_EASE_TRAINING_2025_94db652c_00335_a4e2fe399752,Early Adolescent Skills for Emotions (EASE): training manual,helping_skills,helping_skills_only,normal,P1,pending,,• Step 1: Fatima getting out her clothes that she will wear for a walk. • Step 2: Fatima going for a walk with her mother during daylight hours. • Step 3: Fatima getting out her clothes that she will wear for the walk to the market. • Step 4: Fatima walking to
WHO_EASE_TRAINING_2025,WHO_EASE_TRAINING_2025_94db652c_00337_7fbe7446692a,Early Adolescent Skills for Emotions (EASE): training manual,helping_skills,helping_skills_only,normal,P1,pending,,"Sometimes, feeling angry can lead some people to being aggressive, which can damage friendships or other social connections. Anger can also make people stop doing things that were fun and meaningful to them. Alternatively, when some people feel angry, they try"
WHO_EASE_TRAINING_2025,WHO_EASE_TRAINING_2025_94db652c_00339_a73df41e9606,Early Adolescent Skills for Emotions (EASE): training manual,helping_skills,helping_skills_only,normal,P1,pending,,Figure 5. Vicious cycle for Aarush 4. Emphasize that with EASE we will not work to reduce unhelpful activities such as smoking; however that Changing My Actions can help to increase participation in meaningful activities. 5. This can still be helpful for adole
WHO_EASE_TRAINING_2025,WHO_EASE_TRAINING_2025_94db652c_00340_55c62d0977d9,Early Adolescent Skills for Emotions (EASE): training manual,helping_skills,helping_skills_only,normal,P1,pending,,C) This made him feel embarassed which made him feel more angry. D) Aarush stopped playing football with his friends and started to engage with unhelpful activities (older boys who hassle other people and smoke).
WHO_EASE_TRAINING_2025,WHO_EASE_TRAINING_2025_94db652c_00341_01740eebd5f0,Early Adolescent Skills for Emotions (EASE): training manual,helping_skills,helping_skills_only,normal,P1,pending,,For example: Step 1 Choose: Aarush would like to play football with his friends. Step 2 Break: Aarush walks by and smiles at his friends. He says hello to his friends. He has a short conversation with his friends. He has a short conversation and makes a joke w
WHO_EASE_TRAINING_2025,WHO_EASE_TRAINING_2025_94db652c_00343_4d54e80549ab,Early Adolescent Skills for Emotions (EASE): training manual,helping_skills,helping_skills_only,normal,P1,pending,,"Part B: Training days 137 • Ask all trainees to familiarize themselves with EASE adolescent sessions 5 and 6, including the following annexes associated with sessions 5 and 6: ◦ Annex 1. Managing disclosures of abuse and managing suicide risk. ◦ Annex 2. Activ"
WHO_EASE_TRAINING_2025,WHO_EASE_TRAINING_2025_94db652c_00345_8d50f9c7815f,Early Adolescent Skills for Emotions (EASE): training manual,helping_skills,helping_skills_only,normal,P1,pending,,Day 5: Adolescent sessions 5 and 6 Day 5. Learning objectives: 1. Understand how to implement key activities in adolescent sessions 5 and 6. 2. Understand the key concepts for the Managing My Problems skill. 3. Know the steps to teaching adolescents Managing M
WHO_EASE_TRAINING_2025,WHO_EASE_TRAINING_2025_94db652c_00348_1a6eef73912e,Early Adolescent Skills for Emotions (EASE): training manual,helping_skills,helping_skills_only,normal,P1,pending,,"Part B: Training days 141 1. Encourage ”helpers for the day” to review the instructions in the EASE intervention manual, 2. Support “helpers for the day” by reminding them that this is a practice and chance to learn. Use basic helping skills to manage any worr"
WHO_EASE_TRAINING_2025,WHO_EASE_TRAINING_2025_94db652c_00349_cb589c3cb055,Early Adolescent Skills for Emotions (EASE): training manual,helping_skills,helping_skills_only,normal,P1,pending,,Training activity 5.2: Review home practice in session 5 (facilitation practice 10 and 11) review participants’ home practice and manage difficulties appropriately 30 minutes • Annex 2. • Annex 5. Helpful hints for Calming My Body • Annex 7. Helpful hints for 
WHO_EASE_TRAINING_2025,WHO_EASE_TRAINING_2025_94db652c_00351_4dc5211794c2,Early Adolescent Skills for Emotions (EASE): training manual,helping_skills,helping_skills_only,normal,P1,pending,,"1. Introduce Managing My Problems. “Big feelings can affect adolescents’ capacity to manage everyday problems. Managing My Problems aims to improve adolescents’ ability to identify problems that they can influence, to improve flexibility in their thinking and "
WHO_EASE_TRAINING_2025,WHO_EASE_TRAINING_2025_94db652c_00352_68bdf6e96783,Early Adolescent Skills for Emotions (EASE): training manual,helping_skills,helping_skills_only,normal,P1,pending,,"This can leave them feeling helpless, stressed or overwhelmed. Not surprisingly, this can also worsen their big feelings.” 2. Introduce the maze activity. “As part of Managing My Problems in session 5, adolescents will first be introduced to the aims of this s"
WHO_EASE_TRAINING_2025,WHO_EASE_TRAINING_2025_94db652c_00354_92edd69ba487,Early Adolescent Skills for Emotions (EASE): training manual,helping_skills,helping_skills_only,normal,P1,pending,,"Part B: Training days 145 demonstrate that adolescents may not completely solve their problems during EASE, but they can make progress in different ways and have a plan for managing the problem in the future); • how can you encourage adolescents to ask for hel"
WHO_EASE_TRAINING_2025,WHO_EASE_TRAINING_2025_94db652c_00355_47deee7460d9,Early Adolescent Skills for Emotions (EASE): training manual,helping_skills,helping_skills_only,normal,P1,pending,,"For instance, for adolescents who are energetic, like to move around and may be easily distracted, you may choose to set up a physical maze with objects in the room or use tape on the floor. You may choose to have all the participants move through the maze at "
WHO_EASE_TRAINING_2025,WHO_EASE_TRAINING_2025_94db652c_00356_ae07970191a5,Early Adolescent Skills for Emotions (EASE): training manual,helping_skills,helping_skills_only,normal,P1,pending,,"5.4.1. Introduce the Stop, Think, Go poster (15 minutes) 1. Refer to the Stop, Think, Go poster. Explain that the skill taught in Managing My Problems encourages adolescents to: • stop and consider which problems they have and which problem they should choose "
WHO_EASE_TRAINING_2025,WHO_EASE_TRAINING_2025_94db652c_00359_61bf880883f6,Early Adolescent Skills for Emotions (EASE): training manual,helping_skills,helping_skills_only,normal,P1,pending,,"Part B: Training days 147 • Small: ◦ Choose a problem that is small, such as Kian’s sleeping problem. ◦ If adolescents have described only big problems, you will need to find a way to simplify the big problem so that it can be solved more easily. ◦ For example"
WHO_EASE_TRAINING_2025,WHO_EASE_TRAINING_2025_94db652c_00360_9246ca27dc43,Early Adolescent Skills for Emotions (EASE): training manual,helping_skills,helping_skills_only,normal,P1,pending,,"◦ To make problems specific, adolescents can describe what would be different in their life if this problem were solved. ◦ For example, “problems with schoolwork” is not specific, but “problems completing my mathematics work in the time given to me by the teac"
WHO_EASE_TRAINING_2025,WHO_EASE_TRAINING_2025_94db652c_00366_71171f91ff05,Early Adolescent Skills for Emotions (EASE): training manual,helping_skills,helping_skills_only,normal,P1,pending,,"Support participants without telling them the answer. “Why do you think it is important that we do not give adolescents the answers, for example when they are thinking of solutions? ” 3. Elicit responses such as: • Because the adolescents will not learn to thi"
WHO_EASE_TRAINING_2025,WHO_EASE_TRAINING_2025_94db652c_00367_b585458918d0,Early Adolescent Skills for Emotions (EASE): training manual,helping_skills,helping_skills_only,normal,P1,pending,,"Training activity 5.5: Managing My Problems in session 5 (facilitation practice 13) To practice how to deliver Stop, Think, Go 105 minutes • Annex 2. Annex 9. Helpful hints for Managing My 1. Introduce the next facilitation practice. “After learning about unde"
WHO_EASE_TRAINING_2025,WHO_EASE_TRAINING_2025_94db652c_00370_f916033d81ab,Early Adolescent Skills for Emotions (EASE): training manual,helping_skills,helping_skills_only,normal,P1,pending,,5. Feedback and reflection (15 minutes): • Make sure to reflect on how to support adolescents with each of their steps in a group situation (rather than two people) and how this might require further support from the helpers (e.g. both helpers should be moving
WHO_EASE_TRAINING_2025,WHO_EASE_TRAINING_2025_94db652c_00371_1a5b93290f69,Early Adolescent Skills for Emotions (EASE): training manual,helping_skills,helping_skills_only,normal,P1,pending,,Part B: Training days 153 Table 4. Different outcomes to the problem “An adolescent had a verbal argument with their sibling when playing a game together” The adolescent talked to their sibling and agreed on a way to play the game without arguing. The adolesce
WHO_EASE_TRAINING_2025,WHO_EASE_TRAINING_2025_94db652c_00372_b05cf482f57a,Early Adolescent Skills for Emotions (EASE): training manual,helping_skills,helping_skills_only,normal,P1,pending,,"hitting their sibling to get them to do what they want, etc.) • If the solution did not hurt anyone, praise the participant for trying their idea. If the solution did hurt someone, do not praise their choice. Instead validate the participant’s feelings at the "
WHO_EASE_TRAINING_2025,WHO_EASE_TRAINING_2025_94db652c_00374_f6757ff95335,Early Adolescent Skills for Emotions (EASE): training manual,helping_skills,helping_skills_only,normal,P1,pending,,"• Teach the group that, in this circumstance, you can go back to the orange circle (step 2) to think of ideas that might now solve the • Invite the whole group to help the adolescent to review the original ideas on the leaves as well as to think of new ideas ("
WHO_EASE_TRAINING_2025,WHO_EASE_TRAINING_2025_94db652c_00375_4fa94b7570a2,Early Adolescent Skills for Emotions (EASE): training manual,helping_skills,helping_skills_only,normal,P1,pending,,Part B: Training days 155 • The adolescent then chooses the best idea. • Help the adolescent plan when they will try out this idea in the coming week. The adolescent did prepare what to say to their sibling and checked it with their mother who approved. But th
WHO_EASE_TRAINING_2025,WHO_EASE_TRAINING_2025_94db652c_00376_3821c7512487,Early Adolescent Skills for Emotions (EASE): training manual,helping_skills,helping_skills_only,normal,P1,pending,,"• Teach the group that, in this circumstance, go back to: ◦ the red circle (step 1) if the problem needs to be defined better; or ◦ the orange circle (step 2) to think of more ideas to solve the problem again."
WHO_EASE_TRAINING_2025,WHO_EASE_TRAINING_2025_94db652c_00378_e67226eb9c81,Early Adolescent Skills for Emotions (EASE): training manual,helping_skills,helping_skills_only,normal,P1,pending,,"Part B: Training days 157 1. Introduce the activity. “In session 6 the adolescents will be led through activities to strengthen their skills in problem management. After the home practice review of Calming My Body and Changing My Actions, you will need to lead"
WHO_EASE_TRAINING_2025,WHO_EASE_TRAINING_2025_94db652c_00386_7ed16238930f,Early Adolescent Skills for Emotions (EASE): training manual,helping_skills,helping_skills_only,normal,P1,pending,,1. Introduce the next facilitation practice as the last activity in adolescent session 6 which covers preparing adolescents for the end of the intervention. Facilitation practice 14: Preparing for the end of the intervention (5 minutes) Adolescent activity 6.5
WHO_EASE_TRAINING_2025,WHO_EASE_TRAINING_2025_94db652c_00388_762ab0804437,Early Adolescent Skills for Emotions (EASE): training manual,helping_skills,helping_skills_only,normal,P1,pending,,This might mean they have to return to working in the afternoons or they are hiding feelings of sadness about no longer seeing the helper or other group participants)? • How could the helper manage these reactions (e.g. use their basic helping skills to help t
WHO_EASE_TRAINING_2025,WHO_EASE_TRAINING_2025_94db652c_00391_6abb55e0a636,Early Adolescent Skills for Emotions (EASE): training manual,helping_skills,helping_skills_only,normal,P1,pending,,Part B: Training days 163 45 6.3: Introduce Brighter futures in session 7 (facilitation practice 15) 6.4: Introduce the caregiver sessions (if ToT: teaching practice 3) Flipchart paper and pens (three
WHO_EASE_TRAINING_2025,WHO_EASE_TRAINING_2025_94db652c_00392_a8ad947b1d58,Early Adolescent Skills for Emotions (EASE): training manual,helping_skills,helping_skills_only,normal,P1,pending,,"6.5: Communication with caregivers (if ToT: teaching practice 4) 30 6.6: Group management skills for caregiver sessions Annex 11. Helpful hints for running a large 50 6.7: Introduce activities in caregiver session 1 (facilitation practice 16 and 17) Paper, pen"
WHO_EASE_TRAINING_2025,WHO_EASE_TRAINING_2025_94db652c_00393_bb168cb36956,Early Adolescent Skills for Emotions (EASE): training manual,helping_skills,helping_skills_only,normal,P1,pending,,40 6.8: Responding to feelings in caregiver session 1 (facilitation practice 18 and 19) Large flipchart and marker (for noting ideas from discussion) 35 6.9: Quality time in caregiver session 1 (facilitation practice 20) Annex 13. Helpful hints for quality tim
WHO_EASE_TRAINING_2025,WHO_EASE_TRAINING_2025_94db652c_00395_aaa7e9bdde97,Early Adolescent Skills for Emotions (EASE): training manual,helping_skills,helping_skills_only,normal,P1,pending,,"Part B: Training days 165 1. Encourage “helpers for the day” to review the instructions in the EASE intervention manual, 2. Support “helpers for the day” by reminding them that this is a practice and a chance to learn. Use basic helping skills to manage any wo"
WHO_EASE_TRAINING_2025,WHO_EASE_TRAINING_2025_94db652c_00398_503473124a3b,Early Adolescent Skills for Emotions (EASE): training manual,helping_skills,helping_skills_only,normal,P1,pending,,"To prepare, write the following questions on a flipchart to support the verbal instruction: • What will the adolescent do? • When will the adolescent complete it? • How will the adolescent complete it and what resources might the adolescent need? 1. On a blank"
WHO_EASE_TRAINING_2025,WHO_EASE_TRAINING_2025_94db652c_00399_ab4d5db0ff2f,Early Adolescent Skills for Emotions (EASE): training manual,helping_skills,helping_skills_only,normal,P1,pending,,"“Both Changing My Actions and Managing My Problems require participants to develop an action plan. In Changing My Actions, in the Plan step [[point to Plan on the flipchart]], participants are encouraged to try out three small and easy steps (of the staircase)"
WHO_EASE_TRAINING_2025,WHO_EASE_TRAINING_2025_94db652c_00400_e7efe198dabf,Early Adolescent Skills for Emotions (EASE): training manual,helping_skills,helping_skills_only,normal,P1,pending,,Give each group either the activity statement from Changing My Actions (see example in Box 13) or the problem statement from Managing My Problems (see example in Box 14). Box 13. Example of an action plan for the Changing My Actions “Plan” step Activity statem
WHO_EASE_TRAINING_2025,WHO_EASE_TRAINING_2025_94db652c_00402_153334baa8b7,Early Adolescent Skills for Emotions (EASE): training manual,helping_skills,helping_skills_only,normal,P1,pending,,Box 14. Example of an action plan for the Managing My Problems “Go” step Problem statement: I broke up a friendship but would like to be friends again Go: Chosen idea: • What: Talk to my friend and apologize for breaking up the friendship and tell her I would 
WHO_EASE_TRAINING_2025,WHO_EASE_TRAINING_2025_94db652c_00404_2f27bbffd96f,Early Adolescent Skills for Emotions (EASE): training manual,helping_skills,helping_skills_only,normal,P1,pending,,1. Introduce Brighter futures. “Adolescents will experience practical problems and unpleasant feelings and body sensations in the future. Practising the EASE skills after the intervention is finished can support adolescents to manage these problems so they do 
WHO_EASE_TRAINING_2025,WHO_EASE_TRAINING_2025_94db652c_00405_7f6c44a5ffcc,Early Adolescent Skills for Emotions (EASE): training manual,helping_skills,helping_skills_only,normal,P1,pending,,"Link key discussion points to the expectations of an adolescent managing their emotional well-being following EASE – there will be setbacks, and adolescents are not failing by having setbacks, but adolescents need to continue practising the skills to minimize "
WHO_EASE_TRAINING_2025,WHO_EASE_TRAINING_2025_94db652c_00407_3be82502b6cb,Early Adolescent Skills for Emotions (EASE): training manual,helping_skills,helping_skills_only,normal,P1,pending,,"Explain that: • The term “caregiver” means any primary person caring for the adolescent. A caregiver could be a parent, grandparent, other adult family member, or a non-biological caregiver such as a foster parent. • The caregiver sessions aim to teach the car"
WHO_EASE_TRAINING_2025,WHO_EASE_TRAINING_2025_94db652c_00408_8f7b11d00de8,Early Adolescent Skills for Emotions (EASE): training manual,helping_skills,helping_skills_only,normal,P1,pending,,◦ Caregiver session 1 is delivered before the third adolescent session (and ideally before the first adolescent session to better engage participants and their caregivers in the intervention). ◦ Caregiver session 2 is delivered before the fifth adolescent sess
WHO_EASE_TRAINING_2025,WHO_EASE_TRAINING_2025_94db652c_00409_5df5ead6a856,Early Adolescent Skills for Emotions (EASE): training manual,helping_skills,helping_skills_only,normal,P1,pending,,"• The helper who leads adolescent sessions should preferably not be the same as the helper leading caregiver sessions. This is to help minimize the likelihood that helpers accidentally breach adolescents’ or caregivers’ confidentiality. • For instance, if ther"
WHO_EASE_TRAINING_2025,WHO_EASE_TRAINING_2025_94db652c_00410_78a55763aa87,Early Adolescent Skills for Emotions (EASE): training manual,helping_skills,helping_skills_only,normal,P1,pending,,Example responses are: • developing a favourable relationship between the adolescent and caregiver; • communicating care and support by listening; • showing interest and having quality time together; • having open conversations about mental health; • helping t
WHO_EASE_TRAINING_2025,WHO_EASE_TRAINING_2025_94db652c_00411_e6b7a743537d,Early Adolescent Skills for Emotions (EASE): training manual,helping_skills,helping_skills_only,normal,P1,pending,,Ask the group to name some things that caregivers under stress might or might not do that can be risk factors for a child’s mental health (see Box 15).
WHO_EASE_TRAINING_2025,WHO_EASE_TRAINING_2025_94db652c_00413_4b877f5f3e83,Early Adolescent Skills for Emotions (EASE): training manual,helping_skills,helping_skills_only,normal,P1,pending,,"Box 15. Examples of caregiver actions that may lead to risk factors for children’s mental health • Poor mental health of caregivers. • Family history of poor mental health. • Lack of supervision. • Overburdened caregivers (e.g. with long working hours, other c"
WHO_EASE_TRAINING_2025,WHO_EASE_TRAINING_2025_94db652c_00414_fd08657ec7ac,Early Adolescent Skills for Emotions (EASE): training manual,helping_skills,helping_skills_only,normal,P1,pending,,"“As you may now have considered, caregivers most often will influence their child’s emotional health both positively and negatively. In most cases, caregivers are doing the best they can to parent and support their children. During EASE, it is important that w"
WHO_EASE_TRAINING_2025,WHO_EASE_TRAINING_2025_94db652c_00415_efdcf1bcd7e0,Early Adolescent Skills for Emotions (EASE): training manual,helping_skills,helping_skills_only,normal,P1,pending,,Table 5. Content of the caregiver sessions Caregiver session Content Caregiver skill taught Session 1: Understanding big feelings Caregivers are provided with information and skills to better equip them to respond and provide comfort to their child when they a
WHO_EASE_TRAINING_2025,WHO_EASE_TRAINING_2025_94db652c_00416_eb48223bc213,Early Adolescent Skills for Emotions (EASE): training manual,helping_skills,helping_skills_only,normal,P1,pending,,"This session aims to enhance a caregiver’s capacity to cope with challenges related to the environment and to parenting an adolescent who is experiencing significant distress. 4. Self-care 11. Note that, as in the adolescent sessions, practice and application "
WHO_EASE_TRAINING_2025,WHO_EASE_TRAINING_2025_94db652c_00417_cfa32b5bec52,Early Adolescent Skills for Emotions (EASE): training manual,helping_skills,helping_skills_only,normal,P1,pending,,Part B: Training days 175 Training activity 6.5: Communication with caregivers (if ToT: teaching practice 4) To learn how to adjust communication with 1. Explain that caregivers may feel stressed or worried about their child when coming to the caregiver sessio
WHO_EASE_TRAINING_2025,WHO_EASE_TRAINING_2025_94db652c_00418_05571dfe481a,Early Adolescent Skills for Emotions (EASE): training manual,helping_skills,helping_skills_only,normal,P1,pending,,"Examples are: • worried about how to care for their child with mental health problems; • worried about what it might mean for their future; • feeling ashamed, embarrassed or guilty about their caregiving; • feeling annoyed or misunderstood about efforts they m"
WHO_EASE_TRAINING_2025,WHO_EASE_TRAINING_2025_94db652c_00419_2fe97fc79468,Early Adolescent Skills for Emotions (EASE): training manual,helping_skills,helping_skills_only,normal,P1,pending,,Responses to be elicited: • showing respect that they are also knowledgeable and are experts in their own right; • offering empathy and kindness; • acknowledging difficulties they may face with their child as well as the potential causes and consequences of th
WHO_EASE_TRAINING_2025,WHO_EASE_TRAINING_2025_94db652c_00420_958b00fb51fc,Early Adolescent Skills for Emotions (EASE): training manual,helping_skills,helping_skills_only,normal,P1,pending,,"they can, with what they know, in the circumstances they are in. It is important that helpers acknowledge this and offer the caregivers a chance to discuss and consider some alternative approaches (e.g. alternatives to physical punishment): “How might you ackn"
WHO_EASE_TRAINING_2025,WHO_EASE_TRAINING_2025_94db652c_00422_7c66e9db24b3,Early Adolescent Skills for Emotions (EASE): training manual,helping_skills,helping_skills_only,normal,P1,pending,,"I welcome your expertise so that together we can think about the best way to help your children.” A helper has strong views against the use of shouting, and a caregiver shares that they think this is helpful to get their adolescent to listen to It is important"
WHO_EASE_TRAINING_2025,WHO_EASE_TRAINING_2025_94db652c_00423_047e1d02070d,Early Adolescent Skills for Emotions (EASE): training manual,helping_skills,helping_skills_only,normal,P1,pending,,Part B: Training days 177 Training activity 6.6: Group management skills for caregiver sessions To learn group management skills for the caregiver sessions Annex 11. Helpful hints for running a large 1. Explain that participants will now discuss caregiver grou
WHO_EASE_TRAINING_2025,WHO_EASE_TRAINING_2025_94db652c_00424_a7c822c28223,Early Adolescent Skills for Emotions (EASE): training manual,helping_skills,helping_skills_only,normal,P1,pending,,Group management skills for caregiver sessions Scenario 1. Managing confidentiality between adolescent and caregiver sessions • Adolescents will always be encouraged to share information about what they have learned in their group with their caregivers if they
WHO_EASE_TRAINING_2025,WHO_EASE_TRAINING_2025_94db652c_00425_3b40077ee4f5,Early Adolescent Skills for Emotions (EASE): training manual,helping_skills,helping_skills_only,normal,P1,pending,,"◦ A caregiver will be informed privately if their child is at significant risk of harming themselves, others or if someone else is harming them. ◦ If the caregiver wants more specific information about their child, the helper must first obtain permission from "
WHO_EASE_TRAINING_2025,WHO_EASE_TRAINING_2025_94db652c_00426_b47688f5a9de,Early Adolescent Skills for Emotions (EASE): training manual,helping_skills,helping_skills_only,normal,P1,pending,,"Scenario 2. What to do when a caregiver expresses doubt or criticism about a skill • Communicating your concern and validating their view is the best first response (see EASE intervention manual, Chapter 3, on how to do this). “The reactions you have described"
WHO_EASE_TRAINING_2025,WHO_EASE_TRAINING_2025_94db652c_00427_1830ee5a4282,Early Adolescent Skills for Emotions (EASE): training manual,helping_skills,helping_skills_only,normal,P1,pending,,"“That sounds as if it must be very challenging/upsetting/frightening (use appropriate description) for you and for your child.” • In front of the group, you can thank the person for their contribution and then invite others to share. “Thank you (name). What yo"
WHO_EASE_TRAINING_2025,WHO_EASE_TRAINING_2025_94db652c_00428_de43c9efc50b,Early Adolescent Skills for Emotions (EASE): training manual,helping_skills,helping_skills_only,normal,P1,pending,,"Part B: Training days 179 Training activity 6.7: Introduce activities in caregiver session 1 (facilitation practice 16 and 17) To learn how to start caregiver session 1 and talk about confidentiality, and learn how to review the adolescent skills with caregive"
WHO_EASE_TRAINING_2025,WHO_EASE_TRAINING_2025_94db652c_00430_ceb4d1dddb4e,Early Adolescent Skills for Emotions (EASE): training manual,helping_skills,helping_skills_only,normal,P1,pending,,"The helper will also provide guidance on suicidal behaviours in adolescents and will address common myths about suicide. Note: this facilitation practice will likely take more than 15 minutes to deliver, encourage trainees to complete as much as they can withi"
WHO_EASE_TRAINING_2025,WHO_EASE_TRAINING_2025_94db652c_00431_38dc426815fc,Early Adolescent Skills for Emotions (EASE): training manual,helping_skills,helping_skills_only,normal,P1,pending,,"Part B: Training days 181 10. Feedback and reflection (10 minutes). 11. During reflection, additionally: • Emphasize that during this caregiver activity, helpers should use open-ended questions and encourage group discussion. • If there is any confusion during"
WHO_EASE_TRAINING_2025,WHO_EASE_TRAINING_2025_94db652c_00432_b086507475f8,Early Adolescent Skills for Emotions (EASE): training manual,helping_skills,helping_skills_only,normal,P1,pending,,"• Reassure caregivers that talking to adolescents about suicide, when trained to do so, does not increase the likelihood of it occurring. Rather, it helps to identify if an adolescent is suffering and provides the support needed. Training activity 6.8: Respond"
WHO_EASE_TRAINING_2025,WHO_EASE_TRAINING_2025_94db652c_00433_ba3b47228324,Early Adolescent Skills for Emotions (EASE): training manual,helping_skills,helping_skills_only,normal,P1,pending,,"1. Introduce the active listening. “We are going to learn about an important skill called active listening. This is a type of communication that can be used to show attention, care and compassion and is helpful when responding initially to an adolescent who is"
WHO_EASE_TRAINING_2025,WHO_EASE_TRAINING_2025_94db652c_00438_1fb4c0acc1c1,Early Adolescent Skills for Emotions (EASE): training manual,helping_skills,helping_skills_only,normal,P1,pending,, Quality time may provide more opportunities for the adolescent to disclose their problems without being asked directly.  Quality time provides an opportunity for shared positive experiences between the adolescent and caregiver. Facilitation practice 20: Qua
WHO_EASE_TRAINING_2025,WHO_EASE_TRAINING_2025_94db652c_00439_8e2cbfbc1557,Early Adolescent Skills for Emotions (EASE): training manual,helping_skills,helping_skills_only,normal,P1,pending,,"Part B: Training days 185 Training activity 6.10: Slow Breathing for caregivers (facilitation practice 21) To practise doing Slow Breathing with • Annex 5. Calming my Body • Annex 6. Two 1. Explain that: • At the end of each caregiver session, you will lead ca"
WHO_EASE_TRAINING_2025,WHO_EASE_TRAINING_2025_94db652c_00440_a81d58527033,Early Adolescent Skills for Emotions (EASE): training manual,helping_skills,helping_skills_only,normal,P1,pending,,"Slow Breathing can help to alleviate stress and can be a helpful skill to use, especially during stressful interactions with your child. It is also something your child is learning and can be practised together.” 3. Explain that the ending of the caregiver ses"
WHO_EASE_TRAINING_2025,WHO_EASE_TRAINING_2025_94db652c_00441_3cdf0cdec3c3,Early Adolescent Skills for Emotions (EASE): training manual,helping_skills,helping_skills_only,normal,P1,pending,,Facilitation practice 21: Ending the session (5 minutes) Link to intervention manual: Caregiver activity 1.8. Ending the session: 3. Slow Breathing activity to end the session only Training activity 6.11: Ending • Review learning objectives and make sure that 
WHO_EASE_TRAINING_2025,WHO_EASE_TRAINING_2025_94db652c_00443_4e7544309912,Early Adolescent Skills for Emotions (EASE): training manual,helping_skills,helping_skills_only,normal,P1,pending,,Day 7: Caregiver sessions 2 and 3 Day 7. Learning objectives: 1. Understand how to implement key activities in caregiver sessions 2 and 3. 2. Understand how to discuss barriers to quality time. 3. Understand how caregivers can show a genuine interest in their 
WHO_EASE_TRAINING_2025,WHO_EASE_TRAINING_2025_94db652c_00444_56f23f0c678d,Early Adolescent Skills for Emotions (EASE): training manual,helping_skills,helping_skills_only,normal,P1,pending,,"Part B: Training days 189 85 7.3: The power of praise (facilitation practice 23, 24 & 25) 7.4: Managing caregivers’ resistance to praise (if ToT: teaching practice 5)"
WHO_EASE_TRAINING_2025,WHO_EASE_TRAINING_2025_94db652c_00448_e86aca316a57,Early Adolescent Skills for Emotions (EASE): training manual,helping_skills,helping_skills_only,normal,P1,pending,,Part B: Training days 191 Training activity 7.1: Recap the content of Day 6 and introduce Day 7
WHO_EASE_TRAINING_2025,WHO_EASE_TRAINING_2025_94db652c_00449_69c7f93348f7,Early Adolescent Skills for Emotions (EASE): training manual,helping_skills,helping_skills_only,normal,P1,pending,,Training activity 7.2: Children’s strengths (facilitation practice 22) To practise supporting caregivers to think about their child’s strengths 1. Introduce caregiver session 2. “Caregiver session 2 begins with reviews of the caregiver’s home practice and EASE
WHO_EASE_TRAINING_2025,WHO_EASE_TRAINING_2025_94db652c_00450_283635ed274f,Early Adolescent Skills for Emotions (EASE): training manual,helping_skills,helping_skills_only,normal,P1,pending,,"Explain that in EASE, children demonstrate strength both in learning and practising the coping strategies and in their own independent personal strengths. The helper’s role is to identify and encourage these strengths in the adolescents. In the same way, helpe"
WHO_EASE_TRAINING_2025,WHO_EASE_TRAINING_2025_94db652c_00452_ab98ffeaca52,Early Adolescent Skills for Emotions (EASE): training manual,helping_skills,helping_skills_only,normal,P1,pending,,7.3.1 Introduce the power of praise (15 minutes) 1. Explain what praise is. “Praise is describing behaviour or efforts in a positive way. Praise encourages a favourable behaviour and can help with improving mood. Children and adolescents love their caregivers 
WHO_EASE_TRAINING_2025,WHO_EASE_TRAINING_2025_94db652c_00454_2b35d43123a0,Early Adolescent Skills for Emotions (EASE): training manual,helping_skills,helping_skills_only,normal,P1,pending,,"Ask what impact effective praise may have on the adolescent and why it is important to be specific and to express approval. • For example, effective praise: ◦ helps to support an adolescent’s confidence and sense of self; ◦ models how to talk positively and ki"
WHO_EASE_TRAINING_2025,WHO_EASE_TRAINING_2025_94db652c_00455_ce6fbaf101c8,Early Adolescent Skills for Emotions (EASE): training manual,helping_skills,helping_skills_only,normal,P1,pending,,"Part B: Training days 195 ◦ helps an adolescent to recognize feelings of being proud or satisfied in themselves; ◦ communicates that the caregiver is attentive and responsive to the adolescent, helping to strengthen feelings of trust; and ◦ helps adolescents u"
WHO_EASE_TRAINING_2025,WHO_EASE_TRAINING_2025_94db652c_00457_cb3231883964,Early Adolescent Skills for Emotions (EASE): training manual,helping_skills,helping_skills_only,normal,P1,pending,,This will help caregivers to understand how they feel about praise and to be curious about how it can potentially benefit self-esteem.”
WHO_EASE_TRAINING_2025,WHO_EASE_TRAINING_2025_94db652c_00459_fa9a5e2e5e04,Early Adolescent Skills for Emotions (EASE): training manual,helping_skills,helping_skills_only,normal,P1,pending,,Part B: Training days 197 Training activity 7.4: Managing caregivers’ resistance to praise (if ToT: teaching practice 5) To reflect on and practise how to respond to caregivers who display resistance to giving their children praise 1. Introduce caregivers’ res
WHO_EASE_TRAINING_2025,WHO_EASE_TRAINING_2025_94db652c_00460_f49d756d6fcb,Early Adolescent Skills for Emotions (EASE): training manual,helping_skills,helping_skills_only,normal,P1,pending,,"Reflect on this situation: • Discuss the potential reasons for this caregiver’s resistance. • Using your basic helping skills, how could the helper initially respond to this caregiver? Brainstorm ideas for how to manage the caregiver’s resistance to help them "
WHO_EASE_TRAINING_2025,WHO_EASE_TRAINING_2025_94db652c_00461_3c6e84fc0a07,Early Adolescent Skills for Emotions (EASE): training manual,helping_skills,helping_skills_only,normal,P1,pending,,"They are more likely to keep trying, they are more likely to repeat the behaviour you want them to repeat. So it is an idea that I am sharing with you, and it is up to you how you would like to use this idea.”"
WHO_EASE_TRAINING_2025,WHO_EASE_TRAINING_2025_94db652c_00463_9b270a2fd6e9,Early Adolescent Skills for Emotions (EASE): training manual,helping_skills,helping_skills_only,normal,P1,pending,,"Helpful hints for alternatives to harsh punishment 7.5.1 Alternative to harsh punishment (25 minutes) 1. Introduce alternatives to harsh punishment. “In the second caregiver session, helpers will discuss alternatives to the use of discipline that involves refr"
WHO_EASE_TRAINING_2025,WHO_EASE_TRAINING_2025_94db652c_00466_e3b7703be906,Early Adolescent Skills for Emotions (EASE): training manual,helping_skills,helping_skills_only,normal,P1,pending,,"• Caregivers believe that it will not lead to negative consequences or harm. • Caregivers view these kinds of discipline as acceptable within their own community, educational, social and family networks."
WHO_EASE_TRAINING_2025,WHO_EASE_TRAINING_2025_94db652c_00469_5e8dbaa7d12f,Early Adolescent Skills for Emotions (EASE): training manual,helping_skills,helping_skills_only,normal,P1,pending,,"trying out and practising active listening, quality time, praise and alternatives to misbehaviour); and • the helper reassures caregivers that they will need to allow time and repeated practice before they may notice any changes."
WHO_EASE_TRAINING_2025,WHO_EASE_TRAINING_2025_94db652c_00471_3973ccc9ad4e,Early Adolescent Skills for Emotions (EASE): training manual,helping_skills,helping_skills_only,normal,P1,pending,,"If the following examples are not included, then please add: • Physical: bruising, lacerations, fractures, brain damage, disability. • Emotional: greater emotional difficulties including depression, anxiety, anger, feelings of shame and guilt (in both child an"
WHO_EASE_TRAINING_2025,WHO_EASE_TRAINING_2025_94db652c_00473_c5073369d8d2,Early Adolescent Skills for Emotions (EASE): training manual,helping_skills,helping_skills_only,normal,P1,pending,,"• Find a strategy to feel better able to speak with the child calmly. It is common for caregivers to feel big and strong feelings in response to their child’s behaviour, and it is important that they allow themselves space for noticing their feelings and then "
WHO_EASE_TRAINING_2025,WHO_EASE_TRAINING_2025_94db652c_00474_f673e5494e27,Early Adolescent Skills for Emotions (EASE): training manual,helping_skills,helping_skills_only,normal,P1,pending,,"• If the behaviour continues even when the above ideas have been used, then ignore repetitions of silly or harmless behaviours by the child (e.g. this could be the child talking too loudly or speaking without using manners). • Caregivers can model appropriate "
WHO_EASE_TRAINING_2025,WHO_EASE_TRAINING_2025_94db652c_00475_ac195f83c324,Early Adolescent Skills for Emotions (EASE): training manual,helping_skills,helping_skills_only,normal,P1,pending,,"She is becoming increasingly aggressive, yelling with her friends, and playing games involving rough play. You have asked her to stop, but she seems to be continuing. What can the caregiver do? Try to start with a conversation. The caregiver may calmly ask to "
WHO_EASE_TRAINING_2025,WHO_EASE_TRAINING_2025_94db652c_00477_4a0a6bbb099c,Early Adolescent Skills for Emotions (EASE): training manual,helping_skills,helping_skills_only,normal,P1,pending,,"The caregiver may calmly phone their child to ask if they are OK, or if they are experiencing any difficulties with getting home. Once the child is home, the caregiver could have a more in-depth conversation to try to understand what their child is feeling now"
WHO_EASE_TRAINING_2025,WHO_EASE_TRAINING_2025_94db652c_00478_72f696d3c2c8,Early Adolescent Skills for Emotions (EASE): training manual,helping_skills,helping_skills_only,normal,P1,pending,,"Different countries and cultures have different rules about acceptable caregiver practices. In some countries, it may still be socially acceptable and legal for corporal punishment or harsh punishment to continue in the home. Corporal punishment refers to hitt"
WHO_EASE_TRAINING_2025,WHO_EASE_TRAINING_2025_94db652c_00481_427c6a6163f9,Early Adolescent Skills for Emotions (EASE): training manual,helping_skills,helping_skills_only,normal,P1,pending,,Part B: Training days 205 Training activity 7.6: Introduce caregiver session 3 (facilitation practice 26) To practice delivering the home practice review with caregivers 25 minutes • Annex 2. Annex 14. Helpful hints for caregiver home 1. Introduce caregiver se
WHO_EASE_TRAINING_2025,WHO_EASE_TRAINING_2025_94db652c_00484_3bb146058435,Early Adolescent Skills for Emotions (EASE): training manual,helping_skills,helping_skills_only,normal,P1,pending,,Caregiver session 3 acknowledges this and lays the foundations for supporting caregivers to look after themselves. 4. Discuss caregiver distress.
WHO_EASE_TRAINING_2025,WHO_EASE_TRAINING_2025_94db652c_00486_65feee218954,Early Adolescent Skills for Emotions (EASE): training manual,helping_skills,helping_skills_only,normal,P1,pending,,Highlight the fact that looking after one’s emotional and physical health is an important part of caregiver self-care. Explain that they will now brainstorm ideas to support Fatima’s and Aban’s health. 9. Tell group 1 to brainstorm ideas that could be helpful 
WHO_EASE_TRAINING_2025,WHO_EASE_TRAINING_2025_94db652c_00487_778e996382df,Early Adolescent Skills for Emotions (EASE): training manual,helping_skills,helping_skills_only,normal,P1,pending,,talking and listening to friends or family); • enjoyable/rewarding activity (e.g. sitting to slowly drink a cup of tea); • calming/soothing activity (e.g. Slow Breathing or other relaxation exercises); • saying something to themselves to encourage coping and s
WHO_EASE_TRAINING_2025,WHO_EASE_TRAINING_2025_94db652c_00489_46861705771b,Early Adolescent Skills for Emotions (EASE): training manual,helping_skills,helping_skills_only,normal,P1,pending,,Highlight how helpers can support caregivers with practicing self-care: • Ask caregivers how they plan to include self-care in their daily routine. • Motivate caregivers by explaining that caregivers are role models to their children. When caregivers look afte
WHO_EASE_TRAINING_2025,WHO_EASE_TRAINING_2025_94db652c_00490_5eb43465edc1,Early Adolescent Skills for Emotions (EASE): training manual,helping_skills,helping_skills_only,normal,P1,pending,,Training activity 7.9: Helping caregivers overcoming obstacles to practise the caregiver skills (if ToT: teaching practice 7) support caregivers in overcoming obstacles in home practice Flipchart paper and • Annex 8. Support participants without telling them t
WHO_EASE_TRAINING_2025,WHO_EASE_TRAINING_2025_94db652c_00491_568d37ec31ad,Early Adolescent Skills for Emotions (EASE): training manual,helping_skills,helping_skills_only,normal,P1,pending,,"After teaching each skill, helpers should ask caregivers to consider some difficulties associated with regularly practicing these skills. 5. Explain that helpers should lead discussions that help caregivers to brainstorm some potential solutions to these obsta"
WHO_EASE_TRAINING_2025,WHO_EASE_TRAINING_2025_94db652c_00492_121db19fcfa9,Early Adolescent Skills for Emotions (EASE): training manual,helping_skills,helping_skills_only,normal,P1,pending,,"Part B: Training days 211 “The most common mistake helpers make is giving caregivers direct advice on how to overcome an obstacle. Caregivers are more likely to change their behaviour if they believe they have come up with an ideal solution. So, it is very imp"
WHO_EASE_TRAINING_2025,WHO_EASE_TRAINING_2025_94db652c_00493_344244d45c6f,Early Adolescent Skills for Emotions (EASE): training manual,helping_skills,helping_skills_only,normal,P1,pending,,” Write their responses on a new flipchart. For example: • time (caregivers are too busy); • forgetfulness; • they might feel too tired; • the caregiver’s mental health problems (e.g. depression); • they might feel uncomfortable because they have never practis
WHO_EASE_TRAINING_2025,WHO_EASE_TRAINING_2025_94db652c_00499_69035b8590a7,Early Adolescent Skills for Emotions (EASE): training manual,helping_skills,helping_skills_only,normal,P1,pending,,leading a certain adolescent skill or communicating with caregivers). 2. Assign a co-helper to support the helper. The co-helper can provide support by: • drawing on the flipchart as needed and supporting with EASE material; • keeping track of the time; • moni
WHO_EASE_TRAINING_2025,WHO_EASE_TRAINING_2025_94db652c_00501_6348aeefbc73,Early Adolescent Skills for Emotions (EASE): training manual,helping_skills,helping_skills_only,normal,P1,pending,,"Part B: Training days 215 4. As with the facilitation practices on days 1 to 7, trainers (and pairs of trainees if this is a ToT) should use the EASE competency assessment (Training form 4. EASE competency assessment) during the full facilitation practice. • F"
WHO_EASE_TRAINING_2025,WHO_EASE_TRAINING_2025_94db652c_00504_00694e43beee,Early Adolescent Skills for Emotions (EASE): training manual,helping_skills,helping_skills_only,normal,P1,pending,,"30 8.1: Recap Flipchart paper and pen for the 65 8.2: EASE assessment and assessing and monitoring thoughts of self-harm and suicide (Safe identification of child abuse, exploitation, neglect, Chapter 4, Table 3. Assessment of imminent risk of self- harm or su"
WHO_EASE_TRAINING_2025,WHO_EASE_TRAINING_2025_94db652c_00505_6c30d978bfc6,Early Adolescent Skills for Emotions (EASE): training manual,helping_skills,helping_skills_only,normal,P1,pending,,"Part B: Training days 217 85 8.3: Managing disclosure of abuse (EASE adolescent competency: Safe identification of child abuse, exploitation, neglect, Trainee handout 5. Case studies for safe identification of abuse, exploitation, neglect, violence & self-harm"
WHO_EASE_TRAINING_2025,WHO_EASE_TRAINING_2025_94db652c_00507_0f87176c532d,Early Adolescent Skills for Emotions (EASE): training manual,helping_skills,helping_skills_only,normal,P1,pending,,"Part B: Training days 219 Training activity 8.2: EASE assessment and assessing and monitoring thoughts, plans, and acts of self-harm and suicide To identify how to assess and monitor thoughts, plans, and acts of self-harm and suicide 65 minutes Training form 4"
WHO_EASE_TRAINING_2025,WHO_EASE_TRAINING_2025_94db652c_00508_c530d3d59636,Early Adolescent Skills for Emotions (EASE): training manual,helping_skills,helping_skills_only,normal,P1,pending,,"Pre- During As needed: self-harm and suicide risk Post- 2. Explain that Chapter 4 of the EASE intervention manual covers EASE assessments. 3. To decide whether EASE is a suitable intervention for an adolescent, the adolescent and their caregiver should complet"
WHO_EASE_TRAINING_2025,WHO_EASE_TRAINING_2025_94db652c_00509_6dfb46af1d6c,Early Adolescent Skills for Emotions (EASE): training manual,helping_skills,helping_skills_only,normal,P1,pending,,"4. While delivering EASE sessions, assessments are not conducted. However, if a situation arises where a participant shows signs of self-harm or suicidal risk, the helper may need to conduct a risk assessment. Later in the training, you will review when and ho"
WHO_EASE_TRAINING_2025,WHO_EASE_TRAINING_2025_94db652c_00510_59729477fd83,Early Adolescent Skills for Emotions (EASE): training manual,helping_skills,helping_skills_only,normal,P1,pending,,"As part of the pre-intervention assessment, adolescents will complete an assessment of imminent risk of self-harm or suicide.4 2. Before discussing the EASE pre-intervention assessment in full, we will first cover the assessment and monitoring of thoughts of s"
WHO_EASE_TRAINING_2025,WHO_EASE_TRAINING_2025_94db652c_00511_e8ba85049beb,Early Adolescent Skills for Emotions (EASE): training manual,helping_skills,helping_skills_only,normal,P1,pending,,"Depending on the measure you will use to assess distress in the caregiver, some questionnaires (e.g. the Patient Health Questionnaire (PHQ-9)) include an item on suicidal ideation. 5. Refer trainees to the assessment of imminent risk of self-harm or suicide in"
WHO_EASE_TRAINING_2025,WHO_EASE_TRAINING_2025_94db652c_00512_2ff62e619d4a,Early Adolescent Skills for Emotions (EASE): training manual,helping_skills,helping_skills_only,normal,P1,pending,,"based on their answers on the Assessment of imminent risk of self-harm or suicide) and can therefore participate in EASE, it is important to check in with them privately before or after EASE sessions and monitor their thoughts, plans or acts of self-harm or su"
WHO_EASE_TRAINING_2025,WHO_EASE_TRAINING_2025_94db652c_00513_7d89c993d867,Early Adolescent Skills for Emotions (EASE): training manual,helping_skills,helping_skills_only,normal,P1,pending,,Part B: Training days 221 7. We will discuss guidance for asking about self-harm or suicide today. 8. Chapter 4 of the intervention manual includes an assessment for the imminent risk of self-harm and suicide. • Organizations may have their own procedures to a
WHO_EASE_TRAINING_2025,WHO_EASE_TRAINING_2025_94db652c_00514_193c7787878d,Early Adolescent Skills for Emotions (EASE): training manual,helping_skills,helping_skills_only,normal,P1,pending,,It is also possible that adolescents or caregivers may express suicidal thoughts or intentions during EASE sessions that were not disclosed during the pre-intervention assessment. This could be due to feelings of stigma or shame. • Explain that many people who
WHO_EASE_TRAINING_2025,WHO_EASE_TRAINING_2025_94db652c_00515_c139674f5330,Early Adolescent Skills for Emotions (EASE): training manual,helping_skills,helping_skills_only,normal,P1,pending,,What are people’s views on self-harm or suicide in your community? ” 12. Discuss trainees’ experience of working with people with thoughts of suicide or who made a suicide attempt. “Can anyone share their experiences of working with people who have had thought
WHO_EASE_TRAINING_2025,WHO_EASE_TRAINING_2025_94db652c_00516_8f3b608cf184,Early Adolescent Skills for Emotions (EASE): training manual,helping_skills,helping_skills_only,normal,P1,pending,,13. Discuss the importance of being trained on how to respond to thoughts of suicide. “There may be times when a participant experiences thoughts of suicide. They might wish they could fall asleep and never wake up or that their life would be taken from them. 
WHO_EASE_TRAINING_2025,WHO_EASE_TRAINING_2025_94db652c_00518_c24b0a0d5ee2,Early Adolescent Skills for Emotions (EASE): training manual,helping_skills,helping_skills_only,normal,P1,pending,,"How can you notice if there may be a risk of suicide that warrants assessment? • For instance, compared to how the person has usually presented, the person may now present as more withdrawn, with less eye contact, more quiet, more tearful, or saying things tha"
WHO_EASE_TRAINING_2025,WHO_EASE_TRAINING_2025_94db652c_00519_c7975a32e142,Early Adolescent Skills for Emotions (EASE): training manual,helping_skills,helping_skills_only,normal,P1,pending,,Part B: Training days 223 8.2.4 Raising the topic of suicide with training participants (5 minutes) 1. Explain that a key action is to raise the topic of suicide and make training participants feel as comfortable as possible and not stigmatized. 2. Ask trainee
WHO_EASE_TRAINING_2025,WHO_EASE_TRAINING_2025_94db652c_00520_6af1a9b01aee,Early Adolescent Skills for Emotions (EASE): training manual,helping_skills,helping_skills_only,normal,P1,pending,,Explain that it is important to tell caregivers that helpers are trained to discuss and manage situations where adolescents (and caregivers) have suicidal thoughts or intentions. Some caregivers may feel uncomfortable about their children talking about suicide
WHO_EASE_TRAINING_2025,WHO_EASE_TRAINING_2025_94db652c_00521_aaf307563221,Early Adolescent Skills for Emotions (EASE): training manual,helping_skills,helping_skills_only,normal,P1,pending,,"Examples of vague questions that may lead to confusion include, “Are there times when you feel so sad that you just want to go away forever ? ”, “Have you wished that you could go to sleep and not feel these feelings anymore? ”"
WHO_EASE_TRAINING_2025,WHO_EASE_TRAINING_2025_94db652c_00522_3cd784f7deb5,Early Adolescent Skills for Emotions (EASE): training manual,helping_skills,helping_skills_only,normal,P1,pending,,"8.2.5 Determining risk (20 minutes) 1. If you are concerned that a participant (adolescent and/or caregiver) is at risk of suicide, you may initiate a one-to-one conversation in private with the participant. 2. Refer trainees to Annex 1, table A1.1. in the int"
WHO_EASE_TRAINING_2025,WHO_EASE_TRAINING_2025_94db652c_00523_4da8e69f95ca,Early Adolescent Skills for Emotions (EASE): training manual,helping_skills,helping_skills_only,normal,P1,pending,,"• Monitor the person during EASE sessions and ask about their thoughts on a one-to-one basis (e.g. by asking them how they are feeling, if they are continuing to have these thoughts, and if they plan to act on the thoughts). • Use your basic helping skills whe"
WHO_EASE_TRAINING_2025,WHO_EASE_TRAINING_2025_94db652c_00524_458807ffad4e,Early Adolescent Skills for Emotions (EASE): training manual,helping_skills,helping_skills_only,normal,P1,pending,,"If, during the EASE sessions, the helper determines that the participant is at imminent risk of suicide (in case of current thoughts or plan of suicide/self-harm, or in case of a history of thoughts or plan of self-harm in the past month or an act of self-harm"
WHO_EASE_TRAINING_2025,WHO_EASE_TRAINING_2025_94db652c_00526_5d44d5eed043,Early Adolescent Skills for Emotions (EASE): training manual,helping_skills,helping_skills_only,normal,P1,pending,,"Part B: Training days 225 Table 7. How to respond to participants who disclose thoughts of suicide Risk Helper’s response What to say to the person A person who may be at risk of suicide: with a history of thoughts or plans of self-harm in the past month, or a"
WHO_EASE_TRAINING_2025,WHO_EASE_TRAINING_2025_94db652c_00529_b2b7572015b7,Early Adolescent Skills for Emotions (EASE): training manual,helping_skills,helping_skills_only,normal,P1,pending,,Trainer demonstration: Assessing self-harm and suicide 1. Conduct a 10-minute demonstration with one trainer acting as an adolescent at imminent risk and one acting as the helper. 2. Demonstrate how to conduct the self-harm and suicide assessment when they sus
WHO_EASE_TRAINING_2025,WHO_EASE_TRAINING_2025_94db652c_00530_87c774d29b4e,Early Adolescent Skills for Emotions (EASE): training manual,helping_skills,helping_skills_only,normal,P1,pending,,"Explain that later today, in training activity 8.4, trainees will practice administering the questions about imminent risk for self-harm and suicide. 8.2.6 Grief and substance use (10 minutes) 1. Say there are other common issues that adolescents may present w"
WHO_EASE_TRAINING_2025,WHO_EASE_TRAINING_2025_94db652c_00532_72dc9a5406f1,Early Adolescent Skills for Emotions (EASE): training manual,helping_skills,helping_skills_only,normal,P1,pending,,"Box 18. Grief Grief is a normal reaction to a loss. Grief might occur in response to physical losses (e.g. the death of a loved one), a social loss (e.g. a parent moving out of the family home due to divorce), or in a role (e.g. loss of ability to do tasks due"
WHO_EASE_TRAINING_2025,WHO_EASE_TRAINING_2025_94db652c_00533_677a8ad5c8b7,Early Adolescent Skills for Emotions (EASE): training manual,helping_skills,helping_skills_only,normal,P1,pending,,"The intensity of their reactions to a loss and its duration varies with each child and is influenced by their age, ability to anticipate loss, understanding the concepts of permanence and death, reaction of the surviving caregivers, and the quality of their re"
WHO_EASE_TRAINING_2025,WHO_EASE_TRAINING_2025_94db652c_00534_a5a54e46778e,Early Adolescent Skills for Emotions (EASE): training manual,helping_skills,helping_skills_only,normal,P1,pending,,"Signs of grief can be: • Physical: Sleep difficulty such as sleeping too much, waking in the middle of the night, difficulty falling asleep, nightmares or night terrors, trouble getting back to sleep, difficulty getting up in the morning, bedwetting, headaches"
WHO_EASE_TRAINING_2025,WHO_EASE_TRAINING_2025_94db652c_00536_1744d91be7e8,Early Adolescent Skills for Emotions (EASE): training manual,helping_skills,helping_skills_only,normal,P1,pending,,"Ways to support a grieving young adolescent: • Using basic helping skills to listen to the adolescent, take their concerns and feelings seriously. • Validate by saying that it is normal to feel grief and react to the loss of a loved one, and reassure them that"
WHO_EASE_TRAINING_2025,WHO_EASE_TRAINING_2025_94db652c_00538_c90e0665f724,Early Adolescent Skills for Emotions (EASE): training manual,helping_skills,helping_skills_only,normal,P1,pending,,"Box 19. Substance use During or after experiencing adversity, some adolescents may engage in unhelpful coping strategies that involve dangerous, risk-taking behaviour such as alcohol or drug use. This is due to a variety of reasons, including lack of things to"
WHO_EASE_TRAINING_2025,WHO_EASE_TRAINING_2025_94db652c_00539_64792b6c15e9,Early Adolescent Skills for Emotions (EASE): training manual,helping_skills,helping_skills_only,normal,P1,pending,,laughing for possibly no reason); • has bloodshot eyes; • has slurred speech or speaks in a way that is unusual and difficult to understand; • shows no interest in activities or seems unable to focus and concentrate; • avoids eye contact; • smells of smoke or 
WHO_EASE_TRAINING_2025,WHO_EASE_TRAINING_2025_94db652c_00540_cae5c033ee5d,Early Adolescent Skills for Emotions (EASE): training manual,helping_skills,helping_skills_only,normal,P1,pending,,"The co-helper should use basic helping skills to listen to the adolescent and gently explain that they are worried that the adolescent is using alcohol or drugs, and that it may be difficult for them to benefit from the session if they are under the influence "
WHO_EASE_TRAINING_2025,WHO_EASE_TRAINING_2025_94db652c_00541_c878b95b3f43,Early Adolescent Skills for Emotions (EASE): training manual,helping_skills,helping_skills_only,normal,P1,pending,,"Part B: Training days 229 Training activity 8.3: Managing disclosure of abuse, exploitation, neglect, violence and self-harm To identify how to manage disclosure of abuse, exploitation, neglect, violence and self-harm 85 minutes • Training form 4. (Safe identi"
WHO_EASE_TRAINING_2025,WHO_EASE_TRAINING_2025_94db652c_00543_05dd9539dc68,Early Adolescent Skills for Emotions (EASE): training manual,helping_skills,helping_skills_only,normal,P1,pending,,"allow them to leave the room with a co-helper, do Slow Breathing as a group, or another participant might show their support by putting an arm around them, if appropriate, etc.). • For the rest of the session, be sure to monitor the participant’s distress and "
WHO_EASE_TRAINING_2025,WHO_EASE_TRAINING_2025_94db652c_00544_fc0c4529dcb2,Early Adolescent Skills for Emotions (EASE): training manual,helping_skills,helping_skills_only,normal,P1,pending,,"4. Carefully review the section on managing disclosures of abuse in EASE intervention manual Annex 1 on Managing disclosures of abuse and managing suicide risk. 5. At the end of the session, it is essential that you5 speak to the participant to determine more "
WHO_EASE_TRAINING_2025,WHO_EASE_TRAINING_2025_94db652c_00545_b8f1b47d5688,Early Adolescent Skills for Emotions (EASE): training manual,helping_skills,helping_skills_only,normal,P1,pending,,"• If “no”, use your basic helping skills to support the participant at that moment and encourage them to continue attending the group so they can learn exercises that might help them cope with life after having been through such difficult circumstances. • Depe"
WHO_EASE_TRAINING_2025,WHO_EASE_TRAINING_2025_94db652c_00546_83fc1b0206df,Early Adolescent Skills for Emotions (EASE): training manual,helping_skills,helping_skills_only,normal,P1,pending,,"This is because this is the role of the protection focal points who are trained to do this. • If an adolescent reports that their caregiver is causing abuse or neglect, it is important that the helper does not attempt to initiate a conversation with the caregi"
WHO_EASE_TRAINING_2025,WHO_EASE_TRAINING_2025_94db652c_00548_634b87934981,Early Adolescent Skills for Emotions (EASE): training manual,helping_skills,helping_skills_only,normal,P1,pending,,"Part B: Training days 231 • As a helper, what may be difficult or uncomfortable about talking to an adolescent who discloses this type of adversity and how could you manage those difficulties (e.g. feeling unsure of how to respond, worried that you may become "
WHO_EASE_TRAINING_2025,WHO_EASE_TRAINING_2025_94db652c_00553_0430db950cdb,Early Adolescent Skills for Emotions (EASE): training manual,helping_skills,helping_skills_only,normal,P1,pending,,Part B: Training days 233 1. Tell trainees that you have now covered some of the most challenging aspects of assessment with new and existing participants. Now you will lead them through the formal assessments that will be conducted with all participants befor
WHO_EASE_TRAINING_2025,WHO_EASE_TRAINING_2025_94db652c_00554_c7dfb96add55,Early Adolescent Skills for Emotions (EASE): training manual,helping_skills,helping_skills_only,normal,P1,pending,,It helps in deciding whether or not EASE is a suitable intervention for the adolescent. 3. Discuss the exclusion criteria for EASE. “When may EASE not be suitable? ” 4. Make sure to elicit the following answers: ◦ in adolescents who are at imminent risk of sui
WHO_EASE_TRAINING_2025,WHO_EASE_TRAINING_2025_94db652c_00555_41648e17f357,Early Adolescent Skills for Emotions (EASE): training manual,helping_skills,helping_skills_only,normal,P1,pending,,Doing an assessment before the start of the EASE intervention is very important because it gives you an opportunity to: • decide if EASE is a suitable intervention for the adolescent; • meet the adolescent and their caregiver(s) individually; • learn more abou
WHO_EASE_TRAINING_2025,WHO_EASE_TRAINING_2025_94db652c_00556_62bd414f5ac9,Early Adolescent Skills for Emotions (EASE): training manual,helping_skills,helping_skills_only,normal,P1,pending,,• The post-intervention assessment includes the same measures as the pre-intervention Note: the assessment of imminent risk of self-harm or suicide will not be administered during the post-intervention assessment unless the adolescent: a) indicated a risk of s
WHO_EASE_TRAINING_2025,WHO_EASE_TRAINING_2025_94db652c_00557_8d7a40f7da69,Early Adolescent Skills for Emotions (EASE): training manual,helping_skills,helping_skills_only,normal,P1,pending,,Discuss the importance of using the same measures before and after the intervention. “Why would we use the same measures again during the post-intervention assessment? ” [[Answer: So we can evaluate whether a participant reports any changes in internalizing pr
WHO_EASE_TRAINING_2025,WHO_EASE_TRAINING_2025_94db652c_00558_a8a1f90abc2a,Early Adolescent Skills for Emotions (EASE): training manual,helping_skills,helping_skills_only,normal,P1,pending,,"Response to be elicited: • The pre-intervention assessment can set the tone of the intervention, so it is important to use basic helping skills such as confidentiality, communicating concern, and being aware of non-verbal communication to show respect and conc"
WHO_EASE_TRAINING_2025,WHO_EASE_TRAINING_2025_94db652c_00559_251871be45a3,Early Adolescent Skills for Emotions (EASE): training manual,helping_skills,helping_skills_only,normal,P1,pending,,Part B: Training days 235 8.4.2 How to introduce EASE assessments to families (35 minutes) 1. Explain the setting of the assessments (5 minutes): • Assessments with adolescents and caregivers should ideally be completed in one visit (i.e. visits can be conduct
WHO_EASE_TRAINING_2025,WHO_EASE_TRAINING_2025_94db652c_00560_5cd8a87fa24f,Early Adolescent Skills for Emotions (EASE): training manual,helping_skills,helping_skills_only,normal,P1,pending,,"Ask trainees to open the pre-intervention assessment protocol of the intervention manual (Chapter 4, section 4.2) and review (in about 5 minutes) the steps of the pre-intervention All-trainee role-play: Step 1 (pre) – Introduction and consent Link to intervent"
WHO_EASE_TRAINING_2025,WHO_EASE_TRAINING_2025_94db652c_00562_e693d941e6de,Early Adolescent Skills for Emotions (EASE): training manual,helping_skills,helping_skills_only,normal,P1,pending,,"“After the adolescent has given you permission and the caregiver has given you consent to continue with the assessment, you can start with Step 2 of the pre-intervention assessment which covers questions for the adolescent. It is up to the adolescent whether t"
WHO_EASE_TRAINING_2025,WHO_EASE_TRAINING_2025_94db652c_00564_12b8d6c8f372,Early Adolescent Skills for Emotions (EASE): training manual,helping_skills,helping_skills_only,normal,P1,pending,,7 This can be the Pediatric Symptom Checklist (PSC-17) that was used in the first research trials on EASE or another questionnaire that the organization you are training for has selected.
WHO_EASE_TRAINING_2025,WHO_EASE_TRAINING_2025_94db652c_00565_134e4e3410a1,Early Adolescent Skills for Emotions (EASE): training manual,helping_skills,helping_skills_only,normal,P1,pending,,Part B: Training days 237 ◦ What could they do to feel more confident in using the assessments? • And ask the following questions about the group’s experience in role-playing the adolescent: ◦ How did it feel to be asked the assessment questions? ◦ Learning fr
WHO_EASE_TRAINING_2025,WHO_EASE_TRAINING_2025_94db652c_00567_fa618680069a,Early Adolescent Skills for Emotions (EASE): training manual,helping_skills,helping_skills_only,normal,P1,pending,,"Ask the group why it is important to invite caregivers to complete the assessments: • Even if adolescents do not report internalizing problems or report internalizing problems below cut-off on the questionnaire, this might be due to social desirability. • The "
WHO_EASE_TRAINING_2025,WHO_EASE_TRAINING_2025_94db652c_00568_21d0d87d50a9,Early Adolescent Skills for Emotions (EASE): training manual,helping_skills,helping_skills_only,normal,P1,pending,,12. Review Table 5 in Chapter 4 on how to summarize the assessment results in the intervention manual. Read out the following case study and ask the group to complete the summary table accordingly: “Sami and his mother were visited by a helper from [name of or
WHO_EASE_TRAINING_2025,WHO_EASE_TRAINING_2025_94db652c_00569_5687300bc95a,Early Adolescent Skills for Emotions (EASE): training manual,helping_skills,helping_skills_only,normal,P1,pending,,"Sami does not show any signs of a severe mental, neurological or substance use disorder, or any behaviours that may be disruptive during EASE groups. The helper observes there are no indications of acute protection needs. In the assessment with Sami’s mother, "
WHO_EASE_TRAINING_2025,WHO_EASE_TRAINING_2025_94db652c_00570_b86cd54ecfc3,Early Adolescent Skills for Emotions (EASE): training manual,helping_skills,helping_skills_only,normal,P1,pending,,Part B: Training days 239 Table 8. Example of completed summary table case study Sami Measure Result Response if the result is “yes” Reasons that EASE may not be suitable for the adolescent 1. Is the child younger than 10 years or older than 15 years? Yes / No
WHO_EASE_TRAINING_2025,WHO_EASE_TRAINING_2025_94db652c_00571_fca9b23308a2,Early Adolescent Skills for Emotions (EASE): training manual,helping_skills,helping_skills_only,normal,P1,pending,,Does the adolescent display behaviours that would be disruptive in the group (such as violent or aggressive behaviours) or show that it would be difficult for them to follow instructions? Yes / No Link with appropriate care. 5. Are there indications of acute a
WHO_EASE_TRAINING_2025,WHO_EASE_TRAINING_2025_94db652c_00572_a535caa2a1ab,Early Adolescent Skills for Emotions (EASE): training manual,helping_skills,helping_skills_only,normal,P1,pending,,Measure Result Response if the result is “yes” Adolescent internalizing problems 6. What is the total score on the measure of internalizing problems reported by the adolescent? Score = above cut-off NA 7. What is the total score on the measure of caregiver rep
WHO_EASE_TRAINING_2025,WHO_EASE_TRAINING_2025_94db652c_00573_2801ead934f6,Early Adolescent Skills for Emotions (EASE): training manual,helping_skills,helping_skills_only,normal,P1,pending,,• Ask the third group to review Step 4c (“What to say if EASE is not suitable”). • Ask the fourth group to review Step 5 (“Obtain consent to participate in EASE”). 3. Give the groups 20 minutes to review their step and to prepare a presentation in which they e
WHO_EASE_TRAINING_2025,WHO_EASE_TRAINING_2025_94db652c_00574_295e1a0b2b78,Early Adolescent Skills for Emotions (EASE): training manual,helping_skills,helping_skills_only,normal,P1,pending,,Part B: Training days 241 8.4.5 The post-intervention assessment (30 minutes) 1. Explain that the post-intervention assessment will be very similar to the pre-intervention assessment in that: • Step 1 (post): You have to obtain permission from the adolescent a
WHO_EASE_TRAINING_2025,WHO_EASE_TRAINING_2025_94db652c_00579_3e8386403447,Early Adolescent Skills for Emotions (EASE): training manual,helping_skills,helping_skills_only,normal,P1,pending,,"If a group answers two questions correctly, move to the next group to ensure that each group has the opportunity to answer questions. ◦ Each group will have 45 seconds to answer a question. If a group fails to answer the question correctly, it will be passed t"
WHO_EASE_TRAINING_2025,WHO_EASE_TRAINING_2025_94db652c_00580_909526a82b2e,Early Adolescent Skills for Emotions (EASE): training manual,helping_skills,helping_skills_only,normal,P1,pending,,"Part B: Training days 243 If a projector is not available, you can play Jeopardy without displaying the screen. You simply read the questions out loud based on the groups chosen. See Annex 4. Jeopardy game for questions and answers. Training activity 8.6: Endi"
WHO_EASE_TRAINING_2025,WHO_EASE_TRAINING_2025_94db652c_00584_e6fedd692bea,Early Adolescent Skills for Emotions (EASE): training manual,helping_skills,helping_skills_only,normal,P1,pending,,"• Adolescent session 6: During the Managing My Problems home practice review, you let the helper know you were unable to talk to your mother to follow your Managing My Problems idea, because you did not know what to say. • Adolescent session 7: You do not want"
WHO_EASE_TRAINING_2025,WHO_EASE_TRAINING_2025_94db652c_00586_e17490c51a49,Early Adolescent Skills for Emotions (EASE): training manual,helping_skills,helping_skills_only,normal,P1,pending,,"What is their role? For all mock participants, you should tell them their role and guide them on how best to perform this role. Their role is to behave like an adolescent or caregiver of an adolescent who is experiencing strong feelings of stress, anxiety or s"
WHO_EASE_TRAINING_2025,WHO_EASE_TRAINING_2025_94db652c_00588_6f57dfecfbd2,Early Adolescent Skills for Emotions (EASE): training manual,helping_skills,helping_skills_only,normal,P1,pending,,Part B: Training days 247 Prepare mock participants (20 minutes) (continued) Additional information to share • Review the schedule for the day. Ensure that mock participants can be involved in all of the sessions required. You may have to arrange substitutes i
WHO_EASE_TRAINING_2025,WHO_EASE_TRAINING_2025_94db652c_00594_d6ba5f4aa76e,Early Adolescent Skills for Emotions (EASE): training manual,helping_skills,helping_skills_only,normal,P1,pending,,Part B: Training days 249 Training activity 9.1: Overall feedback To summarize overall • Summarize overall feedback of the full facilitation practices of the adolescent sessions into 3–5 key points. Training activity 9.2: Ending 20 minutes Annex 3. Instruction
WHO_EASE_TRAINING_2025,WHO_EASE_TRAINING_2025_94db652c_00595_e317f7e46597,Early Adolescent Skills for Emotions (EASE): training manual,helping_skills,helping_skills_only,normal,P1,pending,,Day 10: Full facilitation practices caregiver sessions and self-care and supervision Day 10. Learning objectives: 1. Understand how to implement caregiver sessions 1 to 3. 2. Understand the importance of self-care and supervision. 3. Understand the next steps 
WHO_EASE_TRAINING_2025,WHO_EASE_TRAINING_2025_94db652c_00600_fc70a239b682,Early Adolescent Skills for Emotions (EASE): training manual,helping_skills,helping_skills_only,normal,P1,pending,,"Part B: Training days 253 “Burnout can result from stress related to work that is not managed successfully. People with burnout can experience problems such as feeling fatigued, difficulties sleeping, feeling detached from their job, having negative feelings t"
WHO_EASE_TRAINING_2025,WHO_EASE_TRAINING_2025_94db652c_00601_2aa1a1ea62e3,Early Adolescent Skills for Emotions (EASE): training manual,helping_skills,helping_skills_only,normal,P1,pending,,"The raindrops represent stressors at work – such as having several difficult participants in one EASE group, leading several EASE groups on the same day, having a disagreement with a colleague – or stressors in your personal life – such as physical illness in "
WHO_EASE_TRAINING_2025,WHO_EASE_TRAINING_2025_94db652c_00604_4f37846dbab6,Early Adolescent Skills for Emotions (EASE): training manual,helping_skills,helping_skills_only,normal,P1,pending,,"Calming My Body, Changing My Actions) (work and personal life); • encourage helpers to talk with colleagues and supervisors about difficult or unusual experiences with EASE and/or participants, including the emotional impact this might have had on them (work);"
WHO_EASE_TRAINING_2025,WHO_EASE_TRAINING_2025_94db652c_00608_41da9115e1be,Early Adolescent Skills for Emotions (EASE): training manual,helping_skills,helping_skills_only,normal,P1,pending,,• to monitor and ensure the welfare and rights of EASE participants (adolescents and caregivers); • to support helpers who are providing the intervention; • to support helpers to feel confident in their abilities to deliver EASE; • to ensure quality delivery o
WHO_EASE_TRAINING_2025,WHO_EASE_TRAINING_2025_94db652c_00609_54565c03061e,Early Adolescent Skills for Emotions (EASE): training manual,helping_skills,helping_skills_only,normal,P1,pending,,"• EASE supervisors will meet two to six helpers for ongoing supervision. • If resources allow, individual supervision through one-to-one meetings between supervisors and helpers is preferable for the first month (as well as or instead of group supervision). • "
WHO_EASE_TRAINING_2025,WHO_EASE_TRAINING_2025_94db652c_00612_e8491957eb4c,Early Adolescent Skills for Emotions (EASE): training manual,helping_skills,helping_skills_only,normal,P1,pending,,"Answer any questions that arise and be sure to include the following points on helpers’ responsibilities: • preparing for supervision by reflecting on sessions and any successes or challenges to be discussed, and formulating questions for discussion; • complet"
WHO_EASE_TRAINING_2025,WHO_EASE_TRAINING_2025_94db652c_00613_a2a47e54aafa,Early Adolescent Skills for Emotions (EASE): training manual,helping_skills,helping_skills_only,normal,P1,pending,,"Part B: Training days 257 • actively participating in supervision, including listening and contributing to discussions about the experience of peers; • setting goals for the upcoming week, and taking an active role in personal learning and professional develop"
WHO_EASE_TRAINING_2025,WHO_EASE_TRAINING_2025_94db652c_00614_8cca8ca026a1,Early Adolescent Skills for Emotions (EASE): training manual,helping_skills,helping_skills_only,normal,P1,pending,,EASE competency assessment) will also be used by the trainer/supervisor to observe their practice sessions to check that helpers are ready for delivering EASE. 3. Allow time for questions. 4. Complete the EASE training evaluation (Trainee handout 9. EASE train
WHO_EASE_TRAINING_2025,WHO_EASE_TRAINING_2025_94db652c_00621_c11c6a9d6b19,Early Adolescent Skills for Emotions (EASE): training manual,helping_skills,helping_skills_only,normal,P1,pending,,"Training activity 11.6.2: Ethical dilemmas Before the session, write out the ethical dilemmas on separate sheets of A3 paper, leaving space for supervisors to write notes. • An EASE helper repeatedly fails to attend supervision sessions but it is well known th"
WHO_EASE_TRAINING_2025,WHO_EASE_TRAINING_2025_94db652c_00624_a37fffd1861e,Early Adolescent Skills for Emotions (EASE): training manual,helping_skills,helping_skills_only,normal,P1,pending,,Training activity 11.1: Introduction To introduce EASE 30 minutes Flipchart paper Annex 2. Activities and games 1. Begin the day by welcoming the group and outlining learning the objectives of the training on EASE supervision. 2. Highlight that routine supervi
WHO_EASE_TRAINING_2025,WHO_EASE_TRAINING_2025_94db652c_00625_78637d62edc5,Early Adolescent Skills for Emotions (EASE): training manual,helping_skills,helping_skills_only,normal,P1,pending,,"However, if they are not familiar with one another or if there are new people joining the training, be sure to include a basic introductory game. 4. Ask supervisors to think about the supervision they have received in their own professional careers and to refl"
WHO_EASE_TRAINING_2025,WHO_EASE_TRAINING_2025_94db652c_00628_02fd068388fd,Early Adolescent Skills for Emotions (EASE): training manual,helping_skills,helping_skills_only,normal,P1,pending,,"Use the lists below to guide the discussion and add any items that have not been covered, including shared responsibilities (see Box 20, Box 21 and Box 22). • Discuss any responsibilities that are not relevant or appropriate for EASE supervisors or supervisees"
WHO_EASE_TRAINING_2025,WHO_EASE_TRAINING_2025_94db652c_00630_cddb54dddba5,Early Adolescent Skills for Emotions (EASE): training manual,helping_skills,helping_skills_only,normal,P1,pending,,"Supervisee (helper) responsibilities • Preparing for supervision by reflecting on recent sessions, identifying any successes or challenges to discuss, and formulating questions to bring to the supervision meeting. • Completing summary sheets and supervision re"
WHO_EASE_TRAINING_2025,WHO_EASE_TRAINING_2025_94db652c_00632_20d70e1582a6,Early Adolescent Skills for Emotions (EASE): training manual,helping_skills,helping_skills_only,normal,P1,pending,,"While every organization has its own supervision structures, we will discuss the recommended structure for EASE supervision.” 2. Ask the group to recap the recommended structure of EASE supervision (as discussed on day 10). Make sure the following points are a"
WHO_EASE_TRAINING_2025,WHO_EASE_TRAINING_2025_94db652c_00633_7a9f9f9f933b,Early Adolescent Skills for Emotions (EASE): training manual,helping_skills,helping_skills_only,normal,P1,pending,,"Review the fidelity checklist with supervisors, explaining that it serves as a tool to ensure the intervention is being delivered as intended. While supervisors can continue using the EASE intervention manual to assess fidelity, the EASE fidelity checklist off"
WHO_EASE_TRAINING_2025,WHO_EASE_TRAINING_2025_94db652c_00634_2b03b6600e55,Early Adolescent Skills for Emotions (EASE): training manual,helping_skills,helping_skills_only,normal,P1,pending,,"• Availability: supervisors should be available to helpers outside of scheduled supervision sessions, particularly while helpers are delivering EASE sessions, to provide individualized support as needed, including in response to safeguarding concerns or advers"
WHO_EASE_TRAINING_2025,WHO_EASE_TRAINING_2025_94db652c_00642_4208ae637763,Early Adolescent Skills for Emotions (EASE): training manual,helping_skills,helping_skills_only,normal,P1,pending,,"Group discussions. • Encourage group discussion of difficulties raised by helpers. • As supervision progresses, avoid giving direct answers to helpers’ questions when possible (e.g. link this discussion to the use of bounce-back questions to encourage helpers "
WHO_EASE_TRAINING_2025,WHO_EASE_TRAINING_2025_94db652c_00643_68c65e71bb12,Early Adolescent Skills for Emotions (EASE): training manual,helping_skills,helping_skills_only,normal,P1,pending,,"Part B: Training days 269 ◦ They encourage discussion among helpers. ◦ They promote problem-solving and independent learning. • Supervisors can use guided questioning to encourage group or independent problem- solving and self-reflection. For example, if a hel"
WHO_EASE_TRAINING_2025,WHO_EASE_TRAINING_2025_94db652c_00648_69ea24681ee5,Early Adolescent Skills for Emotions (EASE): training manual,helping_skills,helping_skills_only,normal,P1,pending,,Part B: Training days 271 Training activity 11.6: Potential challenges in supervising helpers To review potential challenges that may arise during 120 minutes • Flipchart paper • Ethical dilemmas written out on A3 paper 11.6.1 Potential challenges in supervisi
WHO_EASE_TRAINING_2025,WHO_EASE_TRAINING_2025_94db652c_00649_c1373dae555e,Early Adolescent Skills for Emotions (EASE): training manual,helping_skills,helping_skills_only,normal,P1,pending,,• Examples might include: ◦ helpers not being familiar with supervision (see example in Table 9); ◦ helpers presenting only what is going well in their EASE groups; ◦ helpers becoming defensive about feedback; ◦ helpers spending too much time talking about bas
WHO_EASE_TRAINING_2025,WHO_EASE_TRAINING_2025_94db652c_00651_23d63d42e25b,Early Adolescent Skills for Emotions (EASE): training manual,helping_skills,helping_skills_only,normal,P1,pending,,"Table 9. Potential challenges in supervision and prevention and management techniques Potential challenge Prevention and management Helpers not being familiar with supervision. For example, in all the EASE trials, supervisors have met the challenge of altering"
WHO_EASE_TRAINING_2025,WHO_EASE_TRAINING_2025_94db652c_00652_179220b9e5ef,Early Adolescent Skills for Emotions (EASE): training manual,helping_skills,helping_skills_only,normal,P1,pending,,"It is not uncommon for supervision to feel uncomfortable at first because there is no culture of supportive supervision that has been built within their organization. As supervisors, you can say, for instance, “we want all of you to feel empowered and supporte"
WHO_EASE_TRAINING_2025,WHO_EASE_TRAINING_2025_94db652c_00654_8c7e08e4a045,Early Adolescent Skills for Emotions (EASE): training manual,helping_skills,helping_skills_only,normal,P1,pending,,"• As they progress to the middle stage, helpers’ confidence and abilities may increase, they may become more familiar with the EASE sessions and materials, but they will still require support when managing adolescents and caregivers who may present with comorb"
WHO_EASE_TRAINING_2025,WHO_EASE_TRAINING_2025_94db652c_00655_f274fda42a57,Early Adolescent Skills for Emotions (EASE): training manual,helping_skills,helping_skills_only,normal,P1,pending,,"Part B: Training days 273 information relevant to adolescents and caregivers. They might also feel confident in managing many different and more complex problems that adolescents and caregivers present with. In this stage, supervisors may not need to monitor h"
WHO_EASE_TRAINING_2025,WHO_EASE_TRAINING_2025_94db652c_00656_83cae00f33ce,Early Adolescent Skills for Emotions (EASE): training manual,helping_skills,helping_skills_only,normal,P1,pending,,11.6.2 Ethical dilemmas (90 minutes) 1. An ethical dilemma requires a person to choose an action (or option) even though the possible choices might not be considered ideal. 2. Ethical dilemmas are often described as “grey areas” (as there is usually no “black 
WHO_EASE_TRAINING_2025,WHO_EASE_TRAINING_2025_94db652c_00659_63d5420d7a8a,Early Adolescent Skills for Emotions (EASE): training manual,helping_skills,helping_skills_only,normal,P1,pending,,Ask each group to present by first stating the ethical dilemma and the steps they discussed to mitigate and/or address the dilemma. Allow other groups to provide additional ideas or feedback. Allow an open discussion to take place while being cautious of time 
WHO_EASE_TRAINING_2025,WHO_EASE_TRAINING_2025_94db652c_00660_6362d25230b5,Early Adolescent Skills for Emotions (EASE): training manual,helping_skills,helping_skills_only,normal,P1,pending,,"However, sometimes it might be necessary to seek support from other supervisors. • Actions to address ethical dilemmas should always comply with the laws of the country and the policies of the organization."
WHO_EASE_TRAINING_2025,WHO_EASE_TRAINING_2025_94db652c_00663_357871972f2d,Early Adolescent Skills for Emotions (EASE): training manual,helping_skills,helping_skills_only,normal,P1,pending,,Training activity 11.8: Conclusion and next steps To discuss next steps in the supervision process 1. Discuss with supervisors how they are feeling about becoming EASE supervisors and address any concerns that are raised and answer any remaining questions. 2. 
WHO_EASE_TRAINING_2025,WHO_EASE_TRAINING_2025_94db652c_00664_5262b053439f,Early Adolescent Skills for Emotions (EASE): training manual,helping_skills,helping_skills_only,normal,P1,pending,,Part B: Training days 277 References 1. Early Adolescent Skills for Emotions (EASE): Group psychological help for young adolescents affected by distress in communities exposed to adversity. Geneva: World Health Organization and the United Nations Children’s Fu
WHO_EASE_TRAINING_2025,WHO_EASE_TRAINING_2025_94db652c_00665_16a064a35e4a,Early Adolescent Skills for Emotions (EASE): training manual,helping_skills,helping_skills_only,normal,P1,pending,,Improving psychosocial distress for young adolescents in rural schools of Pakistan: study protocol of a cluster randomised controlled trial. BMJ Open. 2022;12:e063607. doi.org/10.1136/ bmjopen-2022-063607. 4. Ensuring quality in psychosocial and mental health 
WHO_EASE_TRAINING_2025,WHO_EASE_TRAINING_2025_94db652c_00666_39c3e1ed4c9d,Early Adolescent Skills for Emotions (EASE): training manual,helping_skills,helping_skills_only,normal,P1,pending,,"doi:10.1186/s12960-019-0443-8. 7. Working with children – Assessment of Competencies Tool (WeACT) (English, in-person) (version 2.0). Geneva: World Health Organization and United Nations Children’s Fund; 2021 (ht tps:// whoequipremote.org/sites/default/files/d"
WHO_EASE_TRAINING_2025,WHO_EASE_TRAINING_2025_94db652c_00667_b28952834a84,Early Adolescent Skills for Emotions (EASE): training manual,helping_skills,helping_skills_only,normal,P1,pending,,"Geneva: World Health Organization; 2021 (https://equipcompetency.org/sites/default/files/downloads/2023-06/GroupACT_ published_230612.pdf, accessed 25 August 2024). Licence: CC BY-NC-SA."
WHO_EASE_TRAINING_2025,WHO_EASE_TRAINING_2025_94db652c_00671_8fece17b74f2,Early Adolescent Skills for Emotions (EASE): training manual,helping_skills,helping_skills_only,normal,P1,pending,,"In the plenary, use an honesty system to review which group has come up with the “most unique” (i.e. not covered by other groups) learning(s) and offer a prize to that group (e.g. to lead the next energizer activity or to be first in line for morning tea)."
WHO_EASE_TRAINING_2025,WHO_EASE_TRAINING_2025_94db652c_00677_e89f0e646a5e,Early Adolescent Skills for Emotions (EASE): training manual,helping_skills,helping_skills_only,normal,P1,pending,,• How was it following the protocol but still trying to be attentive to the group? • Are there any parts of the strategy or session that are unclear? • When did you notice you needed to use your basic helping skills the most? • What would you do differently ne
WHO_EASE_TRAINING_2025,WHO_EASE_TRAINING_2025_94db652c_00684_bdaa2d5f75e9,Early Adolescent Skills for Emotions (EASE): training manual,helping_skills,helping_skills_only,normal,P1,pending,,"If the group answers two questions correctly, go to the next group to ensure that all groups have the opportunity to answer questions. • Each group will have 45 seconds to answer a question before it is passed to the next group. • Keep track of the points that"
WHO_EASE_TRAINING_2025,WHO_EASE_TRAINING_2025_94db652c_00685_85434e6a07b4,Early Adolescent Skills for Emotions (EASE): training manual,helping_skills,helping_skills_only,normal,P1,pending,,600 points What is the frequency at which EASE adolescent sessions should be given and how flexible can you be with it? Adolescent sessions are typically given once a week. We recommend no more than six days and no less than four days between sessions to allow
WHO_EASE_TRAINING_2025,WHO_EASE_TRAINING_2025_94db652c_00686_df5a6dfb3f1b,Early Adolescent Skills for Emotions (EASE): training manual,helping_skills,helping_skills_only,normal,P1,pending,,"Part C: Annexes 285 1000 points Your role as a helper delivering EASE has three main parts, what are they? 1. To teach adolescents and their caregivers EASE skills. 2. To support and encourage adolescents to practise EASE skills. 3. To support caregivers in th"
WHO_EASE_TRAINING_2025,WHO_EASE_TRAINING_2025_94db652c_00687_79f5bcb0f6be,Early Adolescent Skills for Emotions (EASE): training manual,helping_skills,helping_skills_only,normal,P1,pending,,Praising openness 5. Validating (normalizing) 6. Putting aside your personal values (non-judgmental) 7. Not giving direct advice 800 points Name the three limits to confidentiality? 1. If an adolescent or caregiver is at risk of hurting themselves or ending th
WHO_EASE_TRAINING_2025,WHO_EASE_TRAINING_2025_94db652c_00688_aed0ca88f60d,Early Adolescent Skills for Emotions (EASE): training manual,helping_skills,helping_skills_only,normal,P1,pending,,"1000 points Name two risks to the adolescent or caregiver if the helper gives them direct advice. 1. What has worked for us or others may not work for this participant. 2. If the advice given does not work, this could affect the participant–helper relationship"
WHO_EASE_TRAINING_2025,WHO_EASE_TRAINING_2025_94db652c_00689_299a064f9c32,Early Adolescent Skills for Emotions (EASE): training manual,helping_skills,helping_skills_only,normal,P1,pending,,400 points What are two ways to support an adolescent if they feel dizzy while doing the slow breathing exercise? 1. Remind them that these sensations are safe and they are not losing control. 2. Encourage them to focus just on blowing all the air out (just th
WHO_EASE_TRAINING_2025,WHO_EASE_TRAINING_2025_94db652c_00690_52755bd4de51,Early Adolescent Skills for Emotions (EASE): training manual,helping_skills,helping_skills_only,normal,P1,pending,,Part C: Annexes 287 600 points Name the four skills taught to adolescents? 1. Understanding My Feelings 2. Calming My Body 3. Changing My Actions 4. Managing My Problems 800 points How do we encourage adolescents to complete their home practice? Provide two an
WHO_EASE_TRAINING_2025,WHO_EASE_TRAINING_2025_94db652c_00691_ce99f7a6174d,Early Adolescent Skills for Emotions (EASE): training manual,helping_skills,helping_skills_only,normal,P1,pending,,"Managing My Problems addresses: thoughts, particularly thinking about how to solve common problems. Category 4: Caregiver sessions 100 points When should the first caregiver session be held? Ideally before first adolescent session, and always before the third "
WHO_EASE_TRAINING_2025,WHO_EASE_TRAINING_2025_94db652c_00692_cfe21ad9cf95,Early Adolescent Skills for Emotions (EASE): training manual,helping_skills,helping_skills_only,normal,P1,pending,,1000 points Name the three points taught to caregivers in caregiver session 2 regarding giving praise to their children? 1. Clearly describe which behaviour is being praised. 2. Praise the child’s efforts and not just accomplishments. 3. Give praise as soon as
WHO_EASE_TRAINING_2025,WHO_EASE_TRAINING_2025_94db652c_00693_a2681c3234c3,Early Adolescent Skills for Emotions (EASE): training manual,helping_skills,helping_skills_only,normal,P1,pending,,"The other helper, the co-helper, can watch the time, monitor the group relationships, identify participants who might be having difficulties in understanding the information, support an individual one-to-one if they have an adverse reaction, and ensure that th"
WHO_EASE_TRAINING_2025,WHO_EASE_TRAINING_2025_94db652c_00694_77054ed19935,Early Adolescent Skills for Emotions (EASE): training manual,helping_skills,helping_skills_only,normal,P1,pending,,1000 points What are the two main aims of the caregiver sessions? 1. To improve the caregiver-child relationship. 2. To enable caregivers to better support their child who is experiencing emotional distress.
WHO_EASE_TRAINING_2025,WHO_EASE_TRAINING_2025_94db652c_00695_a8f8ebd89ee1,Early Adolescent Skills for Emotions (EASE): training manual,helping_skills,helping_skills_only,normal,P1,pending,,Part D: Training forms 289 Part D: Training forms Instruction for printing: One copy for whole training or multiple copies as indicated in the box on the top right. 1.1 Asma and Asim • Day 1. Training activity 1.5: Case study exercise • Day 2. Training activit
WHO_EASE_TRAINING_2025,WHO_EASE_TRAINING_2025_94db652c_00696_2cb205f7ca98,Early Adolescent Skills for Emotions (EASE): training manual,helping_skills,helping_skills_only,normal,P1,pending,,Asma is a 14-year-old girl who lives with her mother and two younger siblings. Her father died 18 months ago. Asma misses her father very much. His death has also put a strain on the family as her mother now has to find casual work and Asma must look after her
WHO_EASE_TRAINING_2025,WHO_EASE_TRAINING_2025_94db652c_00697_1a0f8e985ed5,Early Adolescent Skills for Emotions (EASE): training manual,helping_skills,helping_skills_only,normal,P1,pending,,She does not know what she can do to help herself feel better. Her mother has noticed that she has not been finishing her housework because Asma is finding it too hard to do. This has caused her and her mother to argue a lot more. She ends up reacting strongly
WHO_EASE_TRAINING_2025,WHO_EASE_TRAINING_2025_94db652c_00698_0fef63a89bff,Early Adolescent Skills for Emotions (EASE): training manual,helping_skills,helping_skills_only,normal,P1,pending,,Asim had to start a new school when they moved. Initially he was happy about this but then he started feeling anxious that the kids would start bullying him again. These worries were stopping him from making friends at his new school. He tries to avoid areas i
WHO_EASE_TRAINING_2025,WHO_EASE_TRAINING_2025_94db652c_00700_0d60e1e1744e,Early Adolescent Skills for Emotions (EASE): training manual,helping_skills,helping_skills_only,normal,P1,pending,,"Denys is a 13-year-old refugee. He lives with his mother, grandparents and three younger siblings in a small apartment. When his father was killed in the war 2 years ago, his family fled. He has noticed recently that he is feeling very tired and without energy"
WHO_EASE_TRAINING_2025,WHO_EASE_TRAINING_2025_94db652c_00701_64ed8bc34a4b,Early Adolescent Skills for Emotions (EASE): training manual,helping_skills,helping_skills_only,normal,P1,pending,,Fatima used to help her mother to sell goods at the market every Saturday morning. Then one day she was walking alone to meet her mother at the market and she heard a loud bang. Somebody had dropped a lot of bricks from a truck. She was immediately scared and 
WHO_EASE_TRAINING_2025,WHO_EASE_TRAINING_2025_94db652c_00702_4de133741aef,Early Adolescent Skills for Emotions (EASE): training manual,helping_skills,helping_skills_only,normal,P1,pending,,"------------------------------------------------------------------------------------------- ------------- Lola is an 11-year-old girl living in an area that has recently become occupied by gangs of young men. After school, she used to play at the park with her"
WHO_EASE_TRAINING_2025,WHO_EASE_TRAINING_2025_94db652c_00704_ec0ba15d16c4,Early Adolescent Skills for Emotions (EASE): training manual,helping_skills,helping_skills_only,normal,P1,pending,,"Aarush was living with his father after his mother and younger siblings were killed during an air- strike. Before the air-strike, Aarush used to play football with his friends, and he enjoyed joking around with his siblings and his mother. Soon after his loss,"
WHO_EASE_TRAINING_2025,WHO_EASE_TRAINING_2025_94db652c_00705_6c43e2096133,Early Adolescent Skills for Emotions (EASE): training manual,helping_skills,helping_skills_only,normal,P1,pending,,"Recently, they called out to him saying “What’s the matter Aarush, are you too scared you’ll lose? You’re not good enough”, which made him feel more angry, but also upset that his friends seemed to be his friends no longer. So he called back: “I wouldn’t want "
WHO_EASE_TRAINING_2025,WHO_EASE_TRAINING_2025_94db652c_00707_57606bb4ace3,Early Adolescent Skills for Emotions (EASE): training manual,helping_skills,helping_skills_only,normal,P1,pending,,Externalizing feelings: 1. Group activity only Externalizing feelings: 2. Pair or individual activity Adolescent activity 1.7. Identifying personal feelings: 2. Big feelings: discussion only Day 3 Adolescent activity 1.8. Ending the session: 3. Activity to end
WHO_EASE_TRAINING_2025,WHO_EASE_TRAINING_2025_94db652c_00708_532dd771065f,Early Adolescent Skills for Emotions (EASE): training manual,helping_skills,helping_skills_only,normal,P1,pending,,Adolescent activity 4.3. (whole activity except 4. Do the group activity and 5. Do a pairs or small groups activity) Adolescent activity 4.3. Changing My Actions: 5. Do a pairs or small groups activity only Day 5 Adolescent activity 5.2. Review session 4 and r
WHO_EASE_TRAINING_2025,WHO_EASE_TRAINING_2025_94db652c_00709_292b8cd003bc,Early Adolescent Skills for Emotions (EASE): training manual,helping_skills,helping_skills_only,normal,P1,pending,,Adolescent activity 5.2. Review session 4 and review home practice: 3. Invite participants to discuss Changing My Actions home practice only Adolescent activity 5.3. Understanding common
WHO_EASE_TRAINING_2025,WHO_EASE_TRAINING_2025_94db652c_00710_6a4af50958bb,Early Adolescent Skills for Emotions (EASE): training manual,helping_skills,helping_skills_only,normal,P1,pending,,"Adolescent activity 5.4. Facilitation practice split up in three parts: Part 1: 1. Read story and 2. Do the Managing My Problems group activity, Step 1 (Stop) only (7 minutes) Part 2: Step 2 (Think) only (6 minutes) Part 3: Step 3 (Go) only (7 minutes) Note: T"
WHO_EASE_TRAINING_2025,WHO_EASE_TRAINING_2025_94db652c_00713_e37373c77d00,Early Adolescent Skills for Emotions (EASE): training manual,helping_skills,helping_skills_only,normal,P1,pending,,Caregiver activity 2.4. The power of praise: 1. Discuss caregivers’ experience of receiving praise only Caregiver activity 2.4. The power of praise: 2. Explain the three key points when giving praise only Caregiver activity 2.4. The power of praise: 3. Do a ro
WHO_EASE_TRAINING_2025,WHO_EASE_TRAINING_2025_94db652c_00714_4d280127a6f6,Early Adolescent Skills for Emotions (EASE): training manual,helping_skills,helping_skills_only,normal,P1,pending,,27 Caregiver activity 3.3. Caregiver strengths 10 28 Caregiver activity 3.5. Brighter futures 15
WHO_EASE_TRAINING_2025,WHO_EASE_TRAINING_2025_94db652c_00715_8a1993800a21,Early Adolescent Skills for Emotions (EASE): training manual,helping_skills,helping_skills_only,normal,P1,pending,,"2.2 Full facilitation practices during training days 9 and 10 • Form to be completed on Day 7. • For the full facilitation practices, co-helpers are assigned to support the session. Advanced preparation is not required for the co-helper but it is suggested to "
WHO_EASE_TRAINING_2025,WHO_EASE_TRAINING_2025_94db652c_00719_d665adf23810,Early Adolescent Skills for Emotions (EASE): training manual,helping_skills,helping_skills_only,normal,P1,pending,,4.7: Responding to home practice difficulties for Day 6 3 6.4: Introduce the caregiver sessions 20 4 6.5: Communication with caregivers 20 Day 7 5 7.4: Managing caregivers’ resistance to praise 20 7.5: Importance of alternatives to harsh punishment in caregive
WHO_EASE_TRAINING_2025,WHO_EASE_TRAINING_2025_94db652c_00721_910509260486,Early Adolescent Skills for Emotions (EASE): training manual,helping_skills,helping_skills_only,normal,P1,pending,,"Part D: Training forms 301 4.1 Competencies related to the adolescent sessions 1. NON-VERBAL COMMUNICATION [WeACT #1] ☐ Aggressive or inappropriate stance, gestures, or intense staring ☐ Sarcastic, cold, or overly friendly tone of voice ☐ Inappropriate physica"
WHO_EASE_TRAINING_2025,WHO_EASE_TRAINING_2025_94db652c_00722_ff0328fed3a8,Early Adolescent Skills for Emotions (EASE): training manual,helping_skills,helping_skills_only,normal,P1,pending,,"sympathetic facial expressions, mirroring or reassuring body language) ☐ Matches rhythm of communication to child, allowing for silences and longer or shorter pauses ☐ Gets physically on the level of the child to show attention to the child."
WHO_EASE_TRAINING_2025,WHO_EASE_TRAINING_2025_94db652c_00724_e1d78606bebe,Early Adolescent Skills for Emotions (EASE): training manual,helping_skills,helping_skills_only,normal,P1,pending,,"2. VERBAL COMMUNICATION [WeACT#2] ☐ Uses harsh, aggressive, or stigmatizing words when talking to the child ☐ Uses explicit words or language inappropriate to the age of the child ☐ Repeatedly interrupts the child ☐ Uses language appropriate to the age and abi"
WHO_EASE_TRAINING_2025,WHO_EASE_TRAINING_2025_94db652c_00725_24580027b614,Early Adolescent Skills for Emotions (EASE): training manual,helping_skills,helping_skills_only,normal,P1,pending,,"Part D: Training forms 303 3. RAPPORT & RELATIONSHIP BUILDING [WeACT #3] ☐ Is overly cold, authoritative or distant with the child ☐ Is too affectionate or close with the child ☐ Dominates the conversation or focuses only on their own experiences ☐ Uses relati"
WHO_EASE_TRAINING_2025,WHO_EASE_TRAINING_2025_94db652c_00726_63b95b544c0b,Early Adolescent Skills for Emotions (EASE): training manual,helping_skills,helping_skills_only,normal,P1,pending,,"4. EMPATHY, WARMTH & GENUINENESS [WeACT #4] ☐ Is critical, hostile, or dismissive ☐ Ignores the child’s emotional responses ☐ Mocks or laughs at the child ☐ Makes belittling or condescending statements towards the child ☐ Gives emotionally supportive responses"
WHO_EASE_TRAINING_2025,WHO_EASE_TRAINING_2025_94db652c_00727_dd4b779c928d,Early Adolescent Skills for Emotions (EASE): training manual,helping_skills,helping_skills_only,normal,P1,pending,,"Part D: Training forms 305 5. ORGANISES GROUP WORK EFFECTIVELY (GROUP) [WeACT #12] ☐ The session lacks clear structure and becomes chaotic ☐ Does not help children if they are confused by the activity or purpose of ☐ Has a clear structure for the session, incl"
WHO_EASE_TRAINING_2025,WHO_EASE_TRAINING_2025_94db652c_00728_921b54839323,Early Adolescent Skills for Emotions (EASE): training manual,helping_skills,helping_skills_only,normal,P1,pending,,"6. ABILITY TO BE INCLUSIVE (GROUP) [WeACT #13] ☐ Marginalizes a child based on characteristics like ethnicity, religion or gender ☐ Ignores certain children in the group ☐ Allows a child to exclude, marginalize or discriminate against their peers ☐ Chooses act"
WHO_EASE_TRAINING_2025,WHO_EASE_TRAINING_2025_94db652c_00729_68efd1b8ea3f,Early Adolescent Skills for Emotions (EASE): training manual,helping_skills,helping_skills_only,normal,P1,pending,,"Part D: Training forms 307 7. EXPLAIN & PROMOTE CONFIDENTIALITY [ENACT #3] ☐ Forces client to disclose to helper or others ☐ Describes confidentiality inaccurately (e.g., ‘I will only tell your family’) ☐ Promises all things will be kept confidential without ☐"
WHO_EASE_TRAINING_2025,WHO_EASE_TRAINING_2025_94db652c_00730_3af1b78af04f,Early Adolescent Skills for Emotions (EASE): training manual,helping_skills,helping_skills_only,normal,P1,pending,,"8. SAFE IDENTIFICATION OF CHILD ABUSE, EXPLOITATION, NEGLECT, VIOLENCE, & SELF-HARM [WeACT #8] ☐ Threatens to report child’s disclosure of abuse to perpetrating party ☐ Makes dismissive statements about, or blames or punishes child for abuse, exploitation, sel"
WHO_EASE_TRAINING_2025,WHO_EASE_TRAINING_2025_94db652c_00731_8f124f406be0,Early Adolescent Skills for Emotions (EASE): training manual,helping_skills,helping_skills_only,normal,P1,pending,,"discussing it in front of a group or in a non-private space) ☐ Does not address clear signs of potential risk of harm ☐ Safely points out or verbalizes signs of harm or high risk of harm ☐ Explores in a safe, child- friendly, and appropriate manner if harm or "
WHO_EASE_TRAINING_2025,WHO_EASE_TRAINING_2025_94db652c_00732_46708b264ffb,Early Adolescent Skills for Emotions (EASE): training manual,helping_skills,helping_skills_only,normal,P1,pending,,"Part D: Training forms 309 4.2 Competencies related to the caregiver sessions 9. NON-VERBAL COMMUNICATION [ENACT #1) ☐ Engages in other activities (e.g., answers mobile, completes paperwork) ☐ Laughs at client ☐ Uses inappropriate facial expressions ☐ Inapprop"
WHO_EASE_TRAINING_2025,WHO_EASE_TRAINING_2025_94db652c_00733_2adb89b60bfe,Early Adolescent Skills for Emotions (EASE): training manual,helping_skills,helping_skills_only,normal,P1,pending,,"10. VERBAL COMMUNICATION SKILLS [ENACT #2) ☐ Interrupts client ☐ Asks many suggestive or leading closed-ended questions (e.g., ‘You didn’t really want to do that, right?’) ☐ Corrects client (‘What you really mean...’) or uses accusatory statements (‘You should"
WHO_EASE_TRAINING_2025,WHO_EASE_TRAINING_2025_94db652c_00734_1cfa891620c0,Early Adolescent Skills for Emotions (EASE): training manual,helping_skills,helping_skills_only,normal,P1,pending,,Part D: Training forms 311 11. RAPPORT BUILDING & SELF-DISCLOSURE (ENACT #4) ☐ Dominates session describing a personal experience ☐ Minimizes client’s problems by describing how the helper has dealt with this ☐ Asking unnecessary embarrassing personal question
WHO_EASE_TRAINING_2025,WHO_EASE_TRAINING_2025_94db652c_00735_9eacf1fd3ec5,Early Adolescent Skills for Emotions (EASE): training manual,helping_skills,helping_skills_only,normal,P1,pending,,12. EXPLORATION & NORMALISATION OF FEELINGS (ENACT #5) ☐ Makes statements that client’s response is unusual or atypical for others in similar situations (e.g. ‘People don’t usually react this way’) ☐ Minimizes or dismisses client’s feelings or emotions ☐ Force
WHO_EASE_TRAINING_2025,WHO_EASE_TRAINING_2025_94db652c_00736_01004208935d,Early Adolescent Skills for Emotions (EASE): training manual,helping_skills,helping_skills_only,normal,P1,pending,,"Part D: Training forms 313 13. DEMONSTRATE EMPATHY, WARMTH & GENUINENESS (ENACT #6) ☐ Critical of client’s concerns ☐ Dismissive of client’s concerns ☐ Helper’s emotional response appears inappropriate, fake or acting ☐ Is warm, friendly, and genuine throughou"
WHO_EASE_TRAINING_2025,WHO_EASE_TRAINING_2025_94db652c_00737_fa00bcce1afe,Early Adolescent Skills for Emotions (EASE): training manual,helping_skills,helping_skills_only,normal,P1,pending,,"14. EXPLAIN & PROMOTE CONFIDENTIALITY (ENACT #3) ☐ Forces client to disclose to helper or others ☐ Describes confidentiality inaccurately (e.g., ‘I will only tell your family’) ☐ Promises full confidentiality without exceptions ☐ Minimizes client’s concerns ab"
WHO_EASE_TRAINING_2025,WHO_EASE_TRAINING_2025_94db652c_00738_3b2fc932eff9,Early Adolescent Skills for Emotions (EASE): training manual,helping_skills,helping_skills_only,normal,P1,pending,,"Part D: Training forms 315 GROUP PARTICIPATION (GroupACT #2) ☐ Displays favouritism to specific members ☐ Excludes other members (e.g., ignores input) ☐ Forces unwilling participant to join discussion ☐ Scolds participant(s) for under-or-over sharing ☐ Uses ti"
WHO_EASE_TRAINING_2025,WHO_EASE_TRAINING_2025_94db652c_00740_4e0ee22ce193,Early Adolescent Skills for Emotions (EASE): training manual,helping_skills,helping_skills_only,normal,P1,pending,,Has a son Likes to sing Wears glasses Likes hot weather Plays sports Has brown eyes Likes waking up early Speaks three languages Is an artist Has a sibling Knows how to swim Is afraid of flying Has four letters in their name Plays an instrument Wears contact l
WHO_EASE_TRAINING_2025,WHO_EASE_TRAINING_2025_94db652c_00742_cc0b2ac8cb0f,Early Adolescent Skills for Emotions (EASE): training manual,helping_skills,helping_skills_only,normal,P1,pending,,“You used the basic helping skills appropriately; you had good eye contact and you were able to reflect back what the participant was saying in a way that normalized their feelings.” • Give an example of when you noticed that behaviour. “When the participant w
WHO_EASE_TRAINING_2025,WHO_EASE_TRAINING_2025_94db652c_00743_95fb64436f9c,Early Adolescent Skills for Emotions (EASE): training manual,helping_skills,helping_skills_only,normal,P1,pending,,“By demonstrating basic helping skills and discussing the reasons for doing the Feelings Pot the participant felt their concerns were valid and listened to. It also helped them to understand and engage in the skill.”
WHO_EASE_TRAINING_2025,WHO_EASE_TRAINING_2025_94db652c_00746_578f8e035dca,Early Adolescent Skills for Emotions (EASE): training manual,helping_skills,helping_skills_only,normal,P1,pending,,• Ask questions only to clarify: Feedback is not a passive exercise; asking clarification questions can be very helpful. • Do not justify or find excuses: Sometimes trying to justify or find excuses may be a sign that we are not listening to the feedback and n
WHO_EASE_TRAINING_2025,WHO_EASE_TRAINING_2025_94db652c_00748_f764a6b3bef5,Early Adolescent Skills for Emotions (EASE): training manual,helping_skills,helping_skills_only,normal,P1,pending,,Why facilitation practice • During training you will be asked to demonstrate a small section from the EASE intervention manual. • It helps to start practising with small parts of the EASE intervention as if you were delivering EASE for real adolescents and car
WHO_EASE_TRAINING_2025,WHO_EASE_TRAINING_2025_94db652c_00752_6744d6e9a36b,Early Adolescent Skills for Emotions (EASE): training manual,helping_skills,helping_skills_only,normal,P1,pending,,"Trainee handout 5. Case studies for safe identification of abuse, exploitation, neglect, violence & self-harm 5.1 Abbas Background: “Abbas is a 12-year-old EASE participant. During adolescent session 5, while going through Managing My Problems, Abbas discloses"
WHO_EASE_TRAINING_2025,WHO_EASE_TRAINING_2025_94db652c_00756_7895c50d2845,Early Adolescent Skills for Emotions (EASE): training manual,helping_skills,helping_skills_only,normal,P1,pending,,"Your role is to assess for imminent risk of self-harm, serious harm to someone else and harm, abuse or neglect inflicted on Sam by another adolescent or adult. Remember to be clear and direct and use the basic helping skills, especially communicating concern."
WHO_EASE_TRAINING_2025,WHO_EASE_TRAINING_2025_94db652c_00757_df4e9cfa9f83,Early Adolescent Skills for Emotions (EASE): training manual,helping_skills,helping_skills_only,normal,P1,pending,,"5.3 Lara Background: “Lara is a 10-year-old EASE participant. During adolescent session 2, while going through Calming My Body, Lara says that she will use the strategy when she is feeling hungry when she is alone at home. Lara does not seem to be distressed a"
WHO_EASE_TRAINING_2025,WHO_EASE_TRAINING_2025_94db652c_00761_af285779c653,Early Adolescent Skills for Emotions (EASE): training manual,helping_skills,helping_skills_only,normal,P1,pending,,Adolescent activity 1.1. Welcome and introductions - Get to know each other - Help participants relax Yes No Adolescent activity 1.2. Review of EASE - Give an overview of the aims of EASE Yes No Adolescent activity 1.3. Group rules - Set rules and expectations
WHO_EASE_TRAINING_2025,WHO_EASE_TRAINING_2025_94db652c_00763_612a8f15e7bb,Early Adolescent Skills for Emotions (EASE): training manual,helping_skills,helping_skills_only,normal,P1,pending,,"Adolescent Activity 2.1. to know each other - Consolidate learning from - Learn to express, identify and understand feelings Adolescent Activity 2.2. Review session 1 and the previous session that participants did not Adolescent Activity 2.3. Feelings and my b"
WHO_EASE_TRAINING_2025,WHO_EASE_TRAINING_2025_94db652c_00765_0e15ff417329,Early Adolescent Skills for Emotions (EASE): training manual,helping_skills,helping_skills_only,normal,P1,pending,,Adolescent activity 3.1. Adolescent activity 3.2. Review session 2 and - Consolidate learning from session 1 and 2 Adolescent activity 3.3. Feelings and actions - Learn how problems and feelings can change actions or Adolescent activity 3.4. - Learn how to gra
WHO_EASE_TRAINING_2025,WHO_EASE_TRAINING_2025_94db652c_00767_49eff3ae57f4,Early Adolescent Skills for Emotions (EASE): training manual,helping_skills,helping_skills_only,normal,P1,pending,,Adolescent activity 4.1. Adolescent activity 4.2. Adolescent activity 4.3. Changing My - Continue learning how to gradually engage in activities to help improve mood - Learn about doing important tasks as a way to improve mood Adolescent activity 4.4. Part E: 
WHO_EASE_TRAINING_2025,WHO_EASE_TRAINING_2025_94db652c_00769_05c6c79a50d9,Early Adolescent Skills for Emotions (EASE): training manual,helping_skills,helping_skills_only,normal,P1,pending,,Adolescent activity 5.1. Adolescent activity 5.2. Adolescent activity 5.3. Understanding common problems - Share ideas of common problems adolescents experience Adolescent activity 5.4. - Learn a skill to help solve problems Yes No Adolescent activity 5.5. App
WHO_EASE_TRAINING_2025,WHO_EASE_TRAINING_2025_94db652c_00771_bf5f5477b3a7,Early Adolescent Skills for Emotions (EASE): training manual,helping_skills,helping_skills_only,normal,P1,pending,,"Adolescent activity 6.1. Adolescent activity 6.2. Adolescent activity 6.3. Managing My Problems review - Strengthen participants’ skills in problem management Yes No Adolescent activity 6.4. Managing My Problems with a new - Continue applying Stop, Think, Go t"
WHO_EASE_TRAINING_2025,WHO_EASE_TRAINING_2025_94db652c_00773_58b304ff7a9e,Early Adolescent Skills for Emotions (EASE): training manual,helping_skills,helping_skills_only,normal,P1,pending,,Adolescent activity 7.1. Adolescent activity 7.2. Adolescent activity 7.3. - Educate participants on what to expect in the future - Improve participants’ confidence in responding to future problems and big Adolescent activity 7.4. Ending the - Closing activity
WHO_EASE_TRAINING_2025,WHO_EASE_TRAINING_2025_94db652c_00775_d7c421887d5c,Early Adolescent Skills for Emotions (EASE): training manual,helping_skills,helping_skills_only,normal,P1,pending,,Caregiver activity 1.1. Welcome and introductions - Get to know each other - Help participants relax Yes No Caregiver activity 1.2. Review of EASE - Give an overview of the aims of EASE Yes No Caregiver activity 1.3. Group rules - Set rules and expectations fo
WHO_EASE_TRAINING_2025,WHO_EASE_TRAINING_2025_94db652c_00776_d4b34a1f7a18,Early Adolescent Skills for Emotions (EASE): training manual,helping_skills,helping_skills_only,normal,P1,pending,,Quality time - Better understand the importance of spending quality time with their child - Overcome barriers to spending quality time together Caregiver activity 1.8. - Set home practice - Slow Breathing activity
WHO_EASE_TRAINING_2025,WHO_EASE_TRAINING_2025_94db652c_00778_2e41cf7e80a1,Early Adolescent Skills for Emotions (EASE): training manual,helping_skills,helping_skills_only,normal,P1,pending,,Caregiver activity 2.1. Welcome and review - For caregivers to feel empowered to support each other with this activity Caregiver activity 2.2. - Learn about the skills being taught to their child in the EASE adolescent group - Improve ability to support their 
WHO_EASE_TRAINING_2025,WHO_EASE_TRAINING_2025_94db652c_00780_c6c60c8fc734,Early Adolescent Skills for Emotions (EASE): training manual,helping_skills,helping_skills_only,normal,P1,pending,,Caregiver activity 3.1. Welcome and review - For caregivers to feel empowered to support each other with this activity Caregiver activity 3.2. - Learn about the skills being taught to their child in the EASE adolescent group - Improve caregivers’ ability to su
WHO_EASE_TRAINING_2025,WHO_EASE_TRAINING_2025_94db652c_00783_4104df648dd7,Early Adolescent Skills for Emotions (EASE): training manual,helping_skills,helping_skills_only,normal,P1,pending,,"The competency assessment is used to identify competent delivery of EASE and particularly to identify any unhelpful or harmful behaviours through monitoring of trainees’ progress, identifying areas where they need more practice, and providing feedback for impr"
WHO_EASE_TRAINING_2025,WHO_EASE_TRAINING_2025_94db652c_00785_5940f005d820,Early Adolescent Skills for Emotions (EASE): training manual,helping_skills,helping_skills_only,normal,P1,pending,,"7.1 EASE fidelity checklist: Adolescent sessions 1 to 7 1. Did the helper implement the opening activity of that session? Session 1 Welcome and introduction activity, review of EASE, group rules, confidentiality. Session 2–7: Opening activity and display the g"
WHO_EASE_TRAINING_2025,WHO_EASE_TRAINING_2025_94db652c_00786_69b1edabc5d8,Early Adolescent Skills for Emotions (EASE): training manual,helping_skills,helping_skills_only,normal,P1,pending,,"2. Did the helper review the previous session and home practice (not applicable for session 1; applicable for sessions 2–7)? Review aspects of the previous session that participants did not understand, participants discuss home practice, manage any problems pa"
WHO_EASE_TRAINING_2025,WHO_EASE_TRAINING_2025_94db652c_00787_2b135e5f8e02,Early Adolescent Skills for Emotions (EASE): training manual,helping_skills,helping_skills_only,normal,P1,pending,,4. Were the activities that were introduced related to the specific skill of the session? Session 1: Understanding My Feelings: the Feelings Pot; Session 2: Calming My Body: Slow Breathing; Sessions 3–4: Changing My Actions: the vicious cycle; Sessions 5–6: Ma
WHO_EASE_TRAINING_2025,WHO_EASE_TRAINING_2025_94db652c_00789_f7b858c07701,Early Adolescent Skills for Emotions (EASE): training manual,helping_skills,helping_skills_only,normal,P1,pending,,"6. Did the helper implement the closing activity of the session? Session 1-7: Provide a brief summary of the session, introduce home practice and conduct activity to identify strengths; Session 7: Same as above, plus saying goodbye. 7. Were any elements or act"
WHO_EASE_TRAINING_2025,WHO_EASE_TRAINING_2025_94db652c_00790_eb5f5e76f615,Early Adolescent Skills for Emotions (EASE): training manual,helping_skills,helping_skills_only,normal,P1,pending,,"7.2 EASE fidelity checklist: Caregiver sessions 1 to 3 1. Did the helper implement the opening activity of that session? Session 1: Welcome and introductions, review of EASE, group rules, confidentiality. Session 2–3: Welcome, reminder on group rules and revie"
WHO_EASE_TRAINING_2025,WHO_EASE_TRAINING_2025_94db652c_00791_a409e6dd2c05,Early Adolescent Skills for Emotions (EASE): training manual,helping_skills,helping_skills_only,normal,P1,pending,,"2. Did the helper review the previous session and home practice [not applicable for session 1, applicable for session 2–3]? Review aspects of the previous session that participants did not understand. Participants can discuss home practice. Manage any problems"
WHO_EASE_TRAINING_2025,WHO_EASE_TRAINING_2025_94db652c_00792_e1dfbb2b95dd,Early Adolescent Skills for Emotions (EASE): training manual,helping_skills,helping_skills_only,normal,P1,pending,,4. Were the activities introduced related to the specific skill of the session and were they practised? Session 1: Understanding big feelings in adolescents and Quality time. Session 2: The power of praise. Session 3: Caregiver self-care and brighter futures.
WHO_EASE_TRAINING_2025,WHO_EASE_TRAINING_2025_94db652c_00794_d4f3529acf27,Early Adolescent Skills for Emotions (EASE): training manual,helping_skills,helping_skills_only,normal,P1,pending,,"6. Did the helper implement the closing activity of the session? Sessions 1 and 2: Summarize the sessions, set home practice, Slow Breathing activity. Session 3: Share lessons learned and opportunity to ask questions, Slow Breathing activity."
WHO_EASE_TRAINING_2025,WHO_EASE_TRAINING_2025_94db652c_00797_55864f6cd8cb,Early Adolescent Skills for Emotions (EASE): training manual,helping_skills,helping_skills_only,normal,P1,pending,,"Supervision reflection form adolescent session 1 The participants were shy at first, which is normal when you join any group. They warmed up throughout the session and the introduction activity helped. N/A I thought I taught this session well and was very clea"
WHO_EASE_TRAINING_2025,WHO_EASE_TRAINING_2025_94db652c_00800_960f8857ee43,Early Adolescent Skills for Emotions (EASE): training manual,helping_skills,helping_skills_only,normal,P1,pending,,Very much Adequately Neutral Not really I did not enjoy it 2. How confident do you feel in your ability to deliver EASE adolescent sessions? Very much Adequately Neutral Not really I did not enjoy it 3. How confident do you feel in your ability to deliver EASE
WHO_EASE_TRAINING_2025,WHO_EASE_TRAINING_2025_94db652c_00801_04ac23701d15,Early Adolescent Skills for Emotions (EASE): training manual,helping_skills,helping_skills_only,normal,P1,pending,,5. Were you given the opportunity to ask questions during the training? 6. Were your questions adequately answered? 7. Did the training methodology allow you to develop new skills and/or knowledge? 8. Was the size of the group appropriate? It was too big It wa
WHO_EASE_TRAINING_2025,WHO_EASE_TRAINING_2025_94db652c_00802_3576f23f7a2e,Early Adolescent Skills for Emotions (EASE): training manual,helping_skills,helping_skills_only,normal,P1,pending,,"Early Adolescent Skills for Emotions (EASE): Training manual for a group psychological intervention for young adolescents affected by distress 10. Rank the different teaching/learning styles in your order of preference (1 = favourite, 5 = least favourite): • P"
WHO_EASE_TRAINING_2025,WHO_EASE_TRAINING_2025_94db652c_00803_0e51ed9f98e1,Early Adolescent Skills for Emotions (EASE): training manual,helping_skills,helping_skills_only,normal,P1,pending,,Yes No Somewhat 13. Did you find the information interesting? Yes No Somewhat 14. Was the information taught in a way that meant you could easily apply it to your role as a helper?
WHO_EASE_TRAINING_2025,WHO_EASE_TRAINING_2025_94db652c_00807_8f2abfcdd0f3,Early Adolescent Skills for Emotions (EASE): training manual,helping_skills,helping_skills_only,normal,P1,pending,,World Health Organization Mental Health Unit Department of Noncommunicable Diseases and Mental Health Avenue Appia 20 CH-1211 Geneva 27 Switzerland Email: psych_interventions@who.int Website: https://www.who.int/health-topics/mental-health For more information
WHO_EASE_TRAINING_2025,WHO_EASE_TRAINING_2025_56e7cbf4_00000_a315243546c2,Early Adolescent Skills for Emotions (EASE): training manual,helping_skills,helping_skills_only,normal,P1,pending,,Early Adolescent Skills for Emotions (‎EASE)‎: training manual for a group psychological intervention for young adolescents affected by distress
WHO_EASE_TRAINING_2025,WHO_EASE_TRAINING_2025_56e7cbf4_00001_c5c7c3ea5828,Early Adolescent Skills for Emotions (EASE): training manual,helping_skills,helping_skills_only,normal,P1,pending,,"Early Adolescent Skills for Emotions (EASE) is an evidence-based group psychological intervention to help 10–15-year-olds affected by internalizing problems (e.g. stress and symptoms of anxiety, depression) in communities exposed to adversity. Published by the"
WHO_EASE_TRAINING_2025,WHO_EASE_TRAINING_2025_56e7cbf4_00002_c71b20ffbb07,Early Adolescent Skills for Emotions (EASE): training manual,helping_skills,helping_skills_only,normal,P1,pending,,"Part A covers essential information to prepare for the training, including an overview of training and supervision requirements. Part B includes all the content needed to deliver the full training. The EASE intervention manual and supplementary files can be fo"
