source_id,chunk_id,title,target_collection,use_mode,risk_scope,review_priority,review_status,issues,content_preview
CCI_BIPOLAR,CCI_BIPOLAR_e46c415e_00017_073bb925e7f0,Bipolar self-help resources,professional_knowledge,psychoeducation_only,normal,P1,pending,,"What sorts of symptoms do you experience? On the next page is a Symptom Record worksheet. Take a few minutes to write down what you experience when you are feeling well, that is, when you are neither depressed nor hypomanic or manic. Then think of how you feel"
CCI_BODY_DYSMORPHIA,CCI_BODY_DYSMORPHIA_17080a12_00000_186c51511c14,Body Dysmorphia self-help resources,professional_knowledge,psychoeducation_only,normal,P1,pending,,C C I Module 1 Understanding Body Dysmorphic Disorder Introduction 2 What is Body Image? 2 What is Body Dysmorphic Disorder? 3 Could I have BDD? 5 My Negative Body Image 5 Negative Impacts of BDD 7 How does BDD develop? 8 The Good News 9 What You Can Expect fr
CCI_BODY_DYSMORPHIA,CCI_BODY_DYSMORPHIA_17080a12_00016_9a410ce4925e,Body Dysmorphia self-help resources,professional_knowledge,psychoeducation_only,normal,P1,pending,,"C C I Could I have BDD? If y ou are reading these modules, it is possible that you have already been wondering whether you need to work on your body image. Alternatively, these modules may have been suggested to you by a friend, colleague or health professiona"
CCI_DISORDERED_EATING,CCI_DISORDERED_EATING_d6d7d1c1_00001_482eb5c76aeb,Disordered Eating self-help resources,professional_knowledge,psychoeducation_only,normal,P1,pending,,"What Are Eating Disorders? Introduction 2 Eating Disorders: Myths and Facts 2 Do I Have an Eating Disorder? 3 Taking Your Physical Health Seriously 5 How Did I Get Here? 5 Recovery is Possible Ready, Set, Action A Word on Distress What to Expect from this Work"
CCI_DISORDERED_EATING,CCI_DISORDERED_EATING_d6d7d1c1_00004_4cf3fe598166,Disordered Eating self-help resources,professional_knowledge,psychoeducation_only,normal,P1,pending,,Welcome! This workbook has been developed by clinical psychologists who specialise in the treatment of eating disorders. You can use this workbook as a self-help guide to recovery from an eating disorder or you may wish to work through the modules with a m ent
CCI_DISORDERED_EATING,CCI_DISORDERED_EATING_d6d7d1c1_00005_60e7d0a49833,Disordered Eating self-help resources,professional_knowledge,psychoeducation_only,normal,P1,pending,,"This set of modules is designed to help you… • understand eating disorders and what keeps them going • normalise your eating behaviours • reduce other eating disorder behaviours, e.g. binge-eating, vomiting, laxative misuse, driven exercise • tolerate distress"
CCI_DISORDERED_EATING,CCI_DISORDERED_EATING_d6d7d1c1_00006_b157c48e78b2,Disordered Eating self-help resources,professional_knowledge,psychoeducation_only,normal,P1,pending,,It is important that you download or print off the Appendix – ‘Getting Educated about Eating Disorders’. This Appendix contains important information for you to read alongside the content of the modules. Throughout the modules you will see this symbol indicati
CCI_DISORDERED_EATING,CCI_DISORDERED_EATING_d6d7d1c1_00007_9533d6ad3813,Disordered Eating self-help resources,professional_knowledge,psychoeducation_only,normal,P1,pending,,"Let’s start by getting on the same page about eating disorders and debunk some of the myths surrounding these illnesses. Eating disorders affect people of all genders, ages, races, ethnicities, sexual orientations, and socio-economic backgrounds. People with e"
CCI_DISORDERED_EATING,CCI_DISORDERED_EATING_d6d7d1c1_00008_4187c24d4cb2,Disordered Eating self-help resources,professional_knowledge,psychoeducation_only,normal,P1,pending,,"Eating disorders are not lifestyle choices, ‘phases’ that young people grow out of or ‘diets gone too far’. They are serious mental illnesses that can have a severe impact on physical health, relationships, work, mood, and quality of life. Eating disorders car"
CCI_DISORDERED_EATING,CCI_DISORDERED_EATING_d6d7d1c1_00009_68cbe239444b,Disordered Eating self-help resources,professional_knowledge,psychoeducation_only,normal,P1,pending,,"It is not all doom and gloom when it comes to eating disorders. Full recovery from an eating di sorder is absolutely possible. Early detection and treatment are important, but full recovery is possible at any age and no matter how long you have been struggling"
CCI_DISORDERED_EATING,CCI_DISORDERED_EATING_d6d7d1c1_00010_a1d4aecde1f4,Disordered Eating self-help resources,professional_knowledge,psychoeducation_only,normal,P1,pending,,"Break Free From ED Module 1: What Are Eating Disorders? D o I Have an Eating Disorder? I t is nearly impossible to get through a whole day without hearing some sort of dietary or exercise advice from a friend, colleague, or the media. We are constantly hearing"
CCI_DISORDERED_EATING,CCI_DISORDERED_EATING_d6d7d1c1_00011_98a170e20dd9,Disordered Eating self-help resources,professional_knowledge,psychoeducation_only,normal,P1,pending,,"A fter you have read about the eating disorder diagnoses, you can get a better idea of whether you might have symptoms of an eating disorder by filling out the following table. Never Sometimes Often Very Often I try to eat as little as possible, even if I am h"
CCI_DISORDERED_EATING,CCI_DISORDERED_EATING_d6d7d1c1_00013_8b6af2437ace,Disordered Eating self-help resources,professional_knowledge,psychoeducation_only,normal,P1,pending,,"If you answered Often or Very Often to many of the above items, you are in the right place. If these thoughts and behaviours are impacting your physical health, mental health, and/or quality of life, you may have an eating disorder. Some of the key symptoms of"
CCI_DISORDERED_EATING,CCI_DISORDERED_EATING_d6d7d1c1_00014_107158e8d770,Disordered Eating self-help resources,professional_knowledge,psychoeducation_only,normal,P1,pending,,"Take a moment to think about the ways in which eating disorder symptoms are affecting your life. Consider the following areas… Physical health: (e.g. Are you always tired? Do you feel cold all the time? Do you get bloated often, or feel dizzy? Relationships: ("
CCI_DISORDERED_EATING,CCI_DISORDERED_EATING_d6d7d1c1_00016_f1628d95b617,Disordered Eating self-help resources,professional_knowledge,psychoeducation_only,normal,P1,pending,,"Eating disorders are associated with serious, even life -threatening health complications. It is very important that all individuals engaging in any kind of disordered eating regularly consult with a medical practitioner to monitor and manage potential health "
CCI_DISORDERED_EATING,CCI_DISORDERED_EATING_d6d7d1c1_00017_0d0d4c9e6b31,Disordered Eating self-help resources,professional_knowledge,psychoeducation_only,normal,P1,pending,,"Turn to to learn more about the risks associated with eating disorders. Even if you are not sure whether you’re ready to make changes yet, arranging an appointment to talk to a medical practitioner is an important first step. Why not give them a call now to bo"
CCI_DISORDERED_EATING,CCI_DISORDERED_EATING_d6d7d1c1_00018_a85b5d6d6284,Disordered Eating self-help resources,professional_knowledge,psychoeducation_only,normal,P1,pending,,People with eating disorders and their loved ones often wonder how and why the disorder developed and can often blame themselves. While it is common for eating disorders to develop after a period of inadequate nutritional intake (both intentional and through s
CCI_DISORDERED_EATING,CCI_DISORDERED_EATING_d6d7d1c1_00019_8185c951c720,Disordered Eating self-help resources,professional_knowledge,psychoeducation_only,normal,P1,pending,,"On average, about half the risk of developing an eating disorder comes from genetic influence, but this risk differs from person to person. People with higher heritability need only a slightly stressful environment for an eating disorder to start, while in a p"
CCI_DISORDERED_EATING,CCI_DISORDERED_EATING_d6d7d1c1_00020_45cfe80fd3d0,Disordered Eating self-help resources,professional_knowledge,psychoeducation_only,normal,P1,pending,,"Unfortunately, our society is a potentially triggering environment, with images of unachievable bodies and inaccurate and conflicting messages about diets and exercise ever present, especially on our social media. Once activated, the brain experiences changes "
CCI_DISORDERED_EATING,CCI_DISORDERED_EATING_d6d7d1c1_00021_157d5e8b1381,Disordered Eating self-help resources,professional_knowledge,psychoeducation_only,normal,P1,pending,,My regular medical practitioner is: _____________________________________ My review with my medical practitioner is booked for: _____________________ provides more information on the neurobiology of eating disorders. FACT: Research shows that people who read t
CCI_DISORDERED_EATING,CCI_DISORDERED_EATING_d6d7d1c1_00022_94e2258c1a25,Disordered Eating self-help resources,professional_knowledge,psychoeducation_only,normal,P1,pending,,"Module 1: What Are Eating Disorders? Recovery is Possible! Research tells us that full recovery from an eating disorder is possible. With adequate re -nourishment and learning, the brain and body can return to healthy functioning and unhelpful genes can be ‘tu"
CCI_DISORDERED_EATING,CCI_DISORDERED_EATING_d6d7d1c1_00023_06c944a18b60,Disordered Eating self-help resources,professional_knowledge,psychoeducation_only,normal,P1,pending,,"In this workbook we are going to focus on strategies that come from one of the leading evidence -based treatments, cognitive-behavioural therapy for eating disorders (CBT-ED). Evidence-based means that CBT-ED has been shown to be effective in reducing eating d"
CCI_DISORDERED_EATING,CCI_DISORDERED_EATING_d6d7d1c1_00024_5421057e1d63,Disordered Eating self-help resources,professional_knowledge,psychoeducation_only,normal,P1,pending,,"For some people, self-help might offer just the right amount of support to recover. For others, it might not be enough, and it may be necessary to work alongside a mental health professional. Ready, Set, Action!"
CCI_DISORDERED_EATING,CCI_DISORDERED_EATING_d6d7d1c1_00026_050af6af6be2,Disordered Eating self-help resources,professional_knowledge,psychoeducation_only,normal,P1,pending,,"The single most consistent predictor of overcoming an eating disorder is actually how quickly you can get started on making early behavioural change s. This means giving the modules a go, testing out the strategies, and making changes to your eating. You alrea"
CCI_DISORDERED_EATING,CCI_DISORDERED_EATING_d6d7d1c1_00027_bc529bed3eca,Disordered Eating self-help resources,professional_knowledge,psychoeducation_only,normal,P1,pending,,"Before you get started, we encourage you to consider whether this is the right time and whether there are people you can ask for support as you work towards recovery."
CCI_DISORDERED_EATING,CCI_DISORDERED_EATING_d6d7d1c1_00028_d9f6b47cfe9e,Disordered Eating self-help resources,professional_knowledge,psychoeducation_only,normal,P1,pending,,"Many people with eating disorders tend to focus on what they have not done well rather than focussing on progress and this can lead to setbacks. We also know that just tracking your progress leads to improved o utcomes. From Module 4 onwards, you will see our "
CCI_DISORDERED_EATING,CCI_DISORDERED_EATING_d6d7d1c1_00030_667b2d016124,Disordered Eating self-help resources,professional_knowledge,psychoeducation_only,normal,P1,pending,,"It is completely normal to feel apprehensive or anxious about the idea of making changes to your eating disorder behaviours. While distress can be very uncomfortable, we know that it is safe to experience these feelings and they are likely to reduce over time."
CCI_DISORDERED_EATING,CCI_DISORDERED_EATING_d6d7d1c1_00031_771b870644e4,Disordered Eating self-help resources,professional_knowledge,psychoeducation_only,normal,P1,pending,,"We also encourage you to read our ‘Facing Your Feelings’ modules, a short, 4-session guide to sitting with, accepting and improving distress."
CCI_DISORDERED_EATING,CCI_DISORDERED_EATING_d6d7d1c1_00032_1ff1b84326f4,Disordered Eating self-help resources,professional_knowledge,psychoeducation_only,normal,P1,pending,,"What to Expect from this Workbook When using self-help materials, some people might skip sections or complete things in a different order. The modules in this workbook have been designed to be completed in the order they appear. Research tells us that eating d"
CCI_DISORDERED_EATING,CCI_DISORDERED_EATING_d6d7d1c1_00033_32b67417ce31,Disordered Eating self-help resources,professional_knowledge,psychoeducation_only,normal,P1,pending,,Module 1: What Are Eating Disorders? Module 2: What Keeps Eating Disorders Going? Module 3: Understanding the Number on the Scale Module 4: Understanding Your Eating Module 5: Food and Energy Module 6: Eating for Recovery: Part 1 Module 7: Eating for Recovery:
CCI_DISORDERED_EATING,CCI_DISORDERED_EATING_d6d7d1c1_00034_97cb40ad59f4,Disordered Eating self-help resources,professional_knowledge,psychoeducation_only,normal,P1,pending,,"Some of the content of these modules may be challenging at times, and we encourage you to keep going until you reach the end so you can get the most benefit. Whether you have some, many, or all the symptoms of an eating disorder, this workbook can help!"
CCI_DISORDERED_EATING,CCI_DISORDERED_EATING_d6d7d1c1_00036_a4c94b5e1e4c,Disordered Eating self-help resources,professional_knowledge,psychoeducation_only,normal,P1,pending,,"• It is normal to experience some concern about your eating, weight and shape. • When these concerns become extreme, eating disorder symptoms can develop. • Eating disorders impact your physical health, your psychological wellbeing, your relationships and over"
CCI_DISORDERED_EATING,CCI_DISORDERED_EATING_d6d7d1c1_00037_af5d7c08da87,Disordered Eating self-help resources,professional_knowledge,psychoeducation_only,normal,P1,pending,,• Don’t forget to print off the ‘Getting Educated about Eating Disorders’ package as we will be referring to it throughout the modules. Coming up…What Keeps Eating Disorders Going?
CCI_DISORDERED_EATING,CCI_DISORDERED_EATING_d6d7d1c1_00038_03ec8201a6fd,Disordered Eating self-help resources,professional_knowledge,psychoeducation_only,normal,P1,pending,,"Module 1: What Are Eating Disorders? About the Modules CONTRIBUTORS Katharina Targowski (MPsych) Samantha Bank (MPsych) Clinical Psychologist Clinical Psychologist Dr. Olivia Carter (DPsych) Dr. Bruce Campbell (DPsych, MPsych) Clinical Psychologist Consultant "
CCI_DISORDERED_EATING,CCI_DISORDERED_EATING_d6d7d1c1_00039_065264b5550e,Disordered Eating self-help resources,professional_knowledge,psychoeducation_only,normal,P1,pending,,"REFERENCES These are some of the professional references used to create the modules in this information package. Fairburn, C. G., Cooper, Z., Shafran, R., Murphy, R., & Hawker, D. M. (2008). Cognitive Behaviour Therapy and Eating Disorders. Guilford Press. Wal"
CCI_DISORDERED_EATING,CCI_DISORDERED_EATING_d6d7d1c1_00040_3b2ce963edb2,Disordered Eating self-help resources,professional_knowledge,psychoeducation_only,normal,P1,pending,,"Waller, G., Turner, H.M., Tatham, M., Mountford, V.A., & Wade, T.A. (2019). Brief Cognitive Behavioural Therapy for Non- Underweight Patients: CBT-T for Eating Disorders. Routledge. ACKNOWLEDGEMENTS We would like to thank Professor Glenn Waller (University of "
CCI_DISORDERED_EATING,CCI_DISORDERED_EATING_d6d7d1c1_00041_b130265eb519,Disordered Eating self-help resources,professional_knowledge,psychoeducation_only,normal,P1,pending,,"“BREAK FREE FROM ED” This module forms part of: Targowski, K., Bank, S., Carter, O., Campbell, B. & Raykos, B. (2022). Break Free from ED. Perth, Western Australia: Centre for Clinical Interventions"
CCI_DISORDERED_EATING,CCI_DISORDERED_EATING_f2025faa_00001_bf42f4143588,Disordered Eating self-help resources,professional_knowledge,psychoeducation_only,normal,P1,pending,,What Keeps Eating Disorders Going? Introduction 2 What Keeps Eating Disorders Going? 2 How it All Fits Together: The Vicious Cycle of Eating Disorders Where to From Here? 7 Why You Can’t Recover While Trying to Lose Weight 7 Module Summary
CCI_DISORDERED_EATING,CCI_DISORDERED_EATING_f2025faa_00004_0171848fb717,Disordered Eating self-help resources,professional_knowledge,psychoeducation_only,normal,P1,pending,,"In Module 1, we discussed symptoms of eating disorders and highlighted why it is important to see a medical practitioner. You consider ed how concerns about eating disorder behaviours impact your physical and mental health, relationships, and quality of life. "
CCI_DISORDERED_EATING,CCI_DISORDERED_EATING_f2025faa_00005_6d3e103c6720,Disordered Eating self-help resources,professional_knowledge,psychoeducation_only,normal,P1,pending,,"People often come to treatment and blame themselves for not being able to get out of the eating disorder on their own. They might be self -critical and think of themselves as undisciplined or weak, or believe that they’re just not working hard enough. This is "
CCI_DISORDERED_EATING,CCI_DISORDERED_EATING_f2025faa_00006_19be88b94638,Disordered Eating self-help resources,professional_knowledge,psychoeducation_only,normal,P1,pending,,"1. Unhelpful beliefs about eating, weight and shape (and their control) It is common for people to hold very strong beliefs about the relationship between their eating disorder behaviours and their weight or shape. Some beliefs might include: • Eating carbohyd"
CCI_DISORDERED_EATING,CCI_DISORDERED_EATING_f2025faa_00007_91cb72205021,Disordered Eating self-help resources,professional_knowledge,psychoeducation_only,normal,P1,pending,,"Eating disorders also provide a rich breeding ground to align our beliefs and values to that lead people to believe that behaviours like restriction, exercise, or dieting reflect achievement, health, hard work, or even moral or ethical superiority. Unfortunate"
CCI_DISORDERED_EATING,CCI_DISORDERED_EATING_f2025faa_00008_74d8a3d0e939,Disordered Eating self-help resources,professional_knowledge,psychoeducation_only,normal,P1,pending,,"2. Unhelpful behaviours related to eating, weight and shape Eating disorders always involve disordered eating behaviours. You might be eating too little, following rigid and inflexible rules about what and when to eat, exercising too much, vomiting, or misusin"
CCI_DISORDERED_EATING,CCI_DISORDERED_EATING_f2025faa_00010_aab7a812afb6,Disordered Eating self-help resources,professional_knowledge,psychoeducation_only,normal,P1,pending,,"Regardless of how you are attempting to control your weight and shape, if your nutritional intake is poor, irregular, or unbalanced, or if you engage in behaviours that reduce energy absorption, you are likely experiencing symptoms of Starvation Syndrome."
CCI_DISORDERED_EATING,CCI_DISORDERED_EATING_f2025faa_00011_521bf68eb9a2,Disordered Eating self-help resources,professional_knowledge,psychoeducation_only,normal,P1,pending,,"Starvation Syndrome refers to a collection of changes that occur when someone is malnourished. We know what you’re picturing – someone who is extremely underweight. However, starvation can occur at any weight. You don’t need to lose weight to experience sympto"
CCI_DISORDERED_EATING,CCI_DISORDERED_EATING_f2025faa_00012_1f3c331388e7,Disordered Eating self-help resources,professional_knowledge,psychoeducation_only,normal,P1,pending,,A key study that helped us understand the effects of starvation syndrome is the Minnesota Starvation Experiment. Many of the symptoms once thought to be primary symptoms of eating disorders are actually direct symptoms of starvation. A starved brain is unable 
CCI_DISORDERED_EATING,CCI_DISORDERED_EATING_f2025faa_00013_3e19542a8aa6,Disordered Eating self-help resources,professional_knowledge,psychoeducation_only,normal,P1,pending,,"4. Binge Eating Binge eating refers to an episode of eating during which a person feels a loss of control over their eating. Eating too little, following strict rules about how you eat, and emotions can all trigger episodes of binge eating. This is often follo"
CCI_DISORDERED_EATING,CCI_DISORDERED_EATING_f2025faa_00014_9390f25d640d,Disordered Eating self-help resources,professional_knowledge,psychoeducation_only,normal,P1,pending,,"Distress Many people report that they engage in eating disorder behaviours in response to feeling anxious, sad, or distressed because, in the short-term, it makes them feel better."
CCI_DISORDERED_EATING,CCI_DISORDERED_EATING_f2025faa_00015_2c9996b1a09d,Disordered Eating self-help resources,professional_knowledge,psychoeducation_only,normal,P1,pending,,"Physical changes: Feeling cold all the time Dry skin and hair loss Pain, bloating, constipation Extreme hunger and binge eating Extreme fullness Dizziness Emotional changes: Low mood Anxiety Irritability Losing interest in things you used to enjoy Social chang"
CCI_DISORDERED_EATING,CCI_DISORDERED_EATING_f2025faa_00016_cd0f95389b00,Disordered Eating self-help resources,professional_knowledge,psychoeducation_only,normal,P1,pending,,"Module 2: What Keeps Eating Disorders Going? How It All Fits Together: The Vicious Cycle of Eating Disorders When people hold very strong beliefs about eating, weight, and shape, they may make attempts to try to control them through disordered eating behaviour"
CCI_DISORDERED_EATING,CCI_DISORDERED_EATING_f2025faa_00017_ca5a82d13a91,Disordered Eating self-help resources,professional_knowledge,psychoeducation_only,normal,P1,pending,,"Let’s take a look at each of these ‘loops’ in more detail: One ‘loop’ that keeps eating disorders going is starvation syndrome. For example, feeling overly full, easily bloated, not feeling hungry, and toileting issues increase concerns about weight, shape and"
CCI_DISORDERED_EATING,CCI_DISORDERED_EATING_f2025faa_00019_9f564803c0e1,Disordered Eating self-help resources,professional_knowledge,psychoeducation_only,normal,P1,pending,,"Attempts to control eating, weight and shape lead to binge eating and broken rules. Not eating enough makes you physically hungry and leads to craving foods you are depriving yourself of! When you are really hungry, your clever brain drive s you to eat more th"
CCI_DISORDERED_EATING,CCI_DISORDERED_EATING_f2025faa_00020_6fce1ffa81e8,Disordered Eating self-help resources,professional_knowledge,psychoeducation_only,normal,P1,pending,,"Body checking and body avoidance increase body image concern. When you hold negative beliefs about your body you might focus intensely on your body (e.g. in mirrors), and in turn notice ‘flaws’ that you wouldn’t normally notice, leading to feeling awful. Attem"
CCI_DISORDERED_EATING,CCI_DISORDERED_EATING_f2025faa_00022_3d84c2975bb4,Disordered Eating self-help resources,professional_knowledge,psychoeducation_only,normal,P1,pending,,"Relying on eating disorder behaviours to regulate your mood and manage distress is another ‘loop’ because you will not learn other ways to cope with distress. While the behaviours may seem helpful in the short-term, in the long-term, they will make your mood w"
CCI_DISORDERED_EATING,CCI_DISORDERED_EATING_f2025faa_00023_a03363ccab3b,Disordered Eating self-help resources,professional_knowledge,psychoeducation_only,normal,P1,pending,,"TASK: On the diagram below, highlight the boxes and loops that seem most relevant to you."
CCI_DISORDERED_EATING,CCI_DISORDERED_EATING_f2025faa_00024_0113d4b125f9,Disordered Eating self-help resources,professional_knowledge,psychoeducation_only,normal,P1,pending,,"Module 2: What Keeps Eating Disorders Going? Where to From Here? It may feel overwhelming to realise that the methods you have been using to try to control your eating, weight and shape are actually the very thing keeping your eating disorder going. Hopefully "
CCI_DISORDERED_EATING,CCI_DISORDERED_EATING_f2025faa_00025_11c6df590f40,Disordered Eating self-help resources,professional_knowledge,psychoeducation_only,normal,P1,pending,,"We know that this is easier said than done, and you’re probably feeling very anxious about making these changes, possibly even terrified. We will guide you through the steps of recovery and always explain to you why these changes are important! Remember, early"
CCI_DISORDERED_EATING,CCI_DISORDERED_EATING_f2025faa_00026_93aaae842cd4,Disordered Eating self-help resources,professional_knowledge,psychoeducation_only,normal,P1,pending,,"• We will then discuss eating and guide you through the steps of normalising your nutritional intake, addressing starvation syndrome and reducing behaviours intended to control eating, weight, and shape (Modules 4 - 7). • Then we will turn our attention to oth"
CCI_DISORDERED_EATING,CCI_DISORDERED_EATING_f2025faa_00028_c6458822eabc,Disordered Eating self-help resources,professional_knowledge,psychoeducation_only,normal,P1,pending,,"As you may be starting to realise, having a goal of weight loss is incompatible with recovering from an eating disorder. This is because if you are trying to lose weight, you are likely engaging in all of the behaviours that keep you stuck in the eating disord"
CCI_DISORDERED_EATING,CCI_DISORDERED_EATING_f2025faa_00030_0c42a0a245c4,Disordered Eating self-help resources,professional_knowledge,psychoeducation_only,normal,P1,pending,,"• People with eating disorders tend to hold strong beliefs about eating, weight and shape, and attempt to control these through eating disorder behaviours. • Eating disorder behaviours form several ‘loops’ that keep you stuck in your eating disorder . They nee"
CCI_DISORDERED_EATING,CCI_DISORDERED_EATING_f2025faa_00031_bd8d3294b147,Disordered Eating self-help resources,professional_knowledge,psychoeducation_only,normal,P1,pending,,• The most consistent factor that predicts whether someone will fully recover from an eating disorder is early behavioural change. This means that jumping in and making changes early on will give you the best possible chance of recovery! Coming up…Understandin
CCI_DISORDERED_EATING,CCI_DISORDERED_EATING_f2025faa_00032_dc3fa2a52ac9,Disordered Eating self-help resources,professional_knowledge,psychoeducation_only,normal,P1,pending,,"Module 2: What Keeps Eating Disorders Going? About the Modules CONTRIBUTORS Katharina Targowski (MPsych) Samantha Bank (MPsych) Clinical Psychologist Clinical Psychologist Dr. Olivia Carter (DPsych) Dr. Bruce Campbell (DPsych, MPsych) Clinical Psychologist Con"
CCI_DISORDERED_EATING,CCI_DISORDERED_EATING_f2025faa_00033_8e3955fa17b2,Disordered Eating self-help resources,professional_knowledge,psychoeducation_only,normal,P1,pending,,"REFERENCES These are some of the professional references used to create the modules in this information package. Fairburn, C. G., Cooper, Z., Shafran, R., Murphy, R., & Hawker, D. M. (2008). Cognitive Behaviour Therapy and Eating Disorders. Guilford Press. Wal"
CCI_DISORDERED_EATING,CCI_DISORDERED_EATING_f2025faa_00034_bb089645141b,Disordered Eating self-help resources,professional_knowledge,psychoeducation_only,normal,P1,pending,,"Waller, G., Turner, H.M., Tatham, M., Mountford, V.A., & Wade, T.A. (2019). Brief Cognitive Behavioural Therapy for Non- Underweight Patients: CBT-T for Eating Disorders. Routledge. ACKNOWLEDGEMENTS We would like to thank Professor Glenn Waller (University of "
CCI_DISORDERED_EATING,CCI_DISORDERED_EATING_f2025faa_00035_b130265eb519,Disordered Eating self-help resources,professional_knowledge,psychoeducation_only,normal,P1,pending,,"“BREAK FREE FROM ED” This module forms part of: Targowski, K., Bank, S., Carter, O., Campbell, B. & Raykos, B. (2022). Break Free from ED. Perth, Western Australia: Centre for Clinical Interventions"
CCI_DISORDERED_EATING,CCI_DISORDERED_EATING_2fac7025_00000_b7bc1c215e9e,Disordered Eating self-help resources,professional_knowledge,psychoeducation_only,normal,P1,pending,,Break Free From ED Break Free from ED An Active Guide to Recovering from Your Eating Disorder Module 3 Understanding the Number on the Scale Introduction 2 The Number on the Scale and Natural Fluctuations in Weight How Much Control Do We Have Over Our Weight? 
CCI_DISORDERED_EATING,CCI_DISORDERED_EATING_2fac7025_00003_0d79068a8c7a,Disordered Eating self-help resources,professional_knowledge,psychoeducation_only,normal,P1,pending,,"In the previous module we discussed the vicious cycle of eating disorders and why it is so difficult to get unstuck. In this module we will be talking about changing weighing behaviours, we will learn more about the factors that affect the number on the scale,"
CCI_DISORDERED_EATING,CCI_DISORDERED_EATING_2fac7025_00004_2f543253bff6,Disordered Eating self-help resources,professional_knowledge,psychoeducation_only,normal,P1,pending,,"The Number on the Scale and Fluctuations in Weight When you step on the scales you might think that the number you see accurately represents your weight. However, if you have ever weighed yourself several times in a day or over the course of a week you will no"
CCI_DISORDERED_EATING,CCI_DISORDERED_EATING_2fac7025_00005_6de6cf248bed,Disordered Eating self-help resources,professional_knowledge,psychoeducation_only,normal,P1,pending,,"• your fluid intake • the weight of your clothing • the time of day that you are weighed • how much you have eaten that day • your bladder and bowel movements • hormonal changes (including menstruation, which can cause the number to increase by up to 2kg!) • t"
CCI_DISORDERED_EATING,CCI_DISORDERED_EATING_2fac7025_00006_2fa7a6528cf0,Disordered Eating self-help resources,professional_knowledge,psychoeducation_only,normal,P1,pending,,These and the many other factors that impact the number on the scale result in natural fluctuations in weight.
CCI_DISORDERED_EATING,CCI_DISORDERED_EATING_2fac7025_00007_63a817947f03,Disordered Eating self-help resources,professional_knowledge,psychoeducation_only,normal,P1,pending,,"Since weight goes up and down naturally, when you step on the scale you are only getting an estimate of your weight at a particular moment. To reduce the impact of the error that natural fluctuations bring, clinicians suggest that we think about our weight in "
CCI_DISORDERED_EATING,CCI_DISORDERED_EATING_2fac7025_00008_c7f4e9ef6bea,Disordered Eating self-help resources,professional_knowledge,psychoeducation_only,normal,P1,pending,,"Module 3: Understanding the Number on the Scale How Much Control Do We Really Have Over Our Weight? With all the diet and exercise regimes out there, it would be easy to believe that with a bit of discipline and hard work you can choose the weight you would li"
CCI_DISORDERED_EATING,CCI_DISORDERED_EATING_2fac7025_00009_eaf55e6fbceb,Disordered Eating self-help resources,professional_knowledge,psychoeducation_only,normal,P1,pending,,"Each human body has a weight range that it is supposed to maintain for optimal health. When you eat regularly, sufficiently, and flexibly, and participate in regular moderate exercise your body will tend towards its set point weight range. Your set point weigh"
CCI_DISORDERED_EATING,CCI_DISORDERED_EATING_2fac7025_00010_68737fe06219,Disordered Eating self-help resources,professional_knowledge,psychoeducation_only,normal,P1,pending,,Fighting against your genetic set point weight range by restricting what you eat or engaging in other eating disorder behaviours is only going to be sustainable for a short period of time and you may become very unwell. When trying to recover from an eati ng d
CCI_DISORDERED_EATING,CCI_DISORDERED_EATING_2fac7025_00012_c4fd199edfb6,Disordered Eating self-help resources,professional_knowledge,psychoeducation_only,normal,P1,pending,,"BMI is a quick, practical measure of a person’s overall size which can provide helpful information when considered in combination with their physical and mental health, lifestyle and their personal and family history. BMI was conceived in the early 19th Centur"
CCI_DISORDERED_EATING,CCI_DISORDERED_EATING_2fac7025_00013_a4c17528c7d1,Disordered Eating self-help resources,professional_knowledge,psychoeducation_only,normal,P1,pending,,Module 3: Understanding the Number on the Scale How Accurate Are Our Weight Predictions?
CCI_DISORDERED_EATING,CCI_DISORDERED_EATING_2fac7025_00014_bf1e31960abd,Disordered Eating self-help resources,professional_knowledge,psychoeducation_only,normal,P1,pending,,People with eating disorders often describe ‘ feeling bigger’ or ‘feeling heavier’ or ‘just knowing’ that they’ve put on weight. But did you know that heavier or bigger are not actual feelings? What people are usually saying is that they think they are bigger 
CCI_DISORDERED_EATING,CCI_DISORDERED_EATING_2fac7025_00015_c5e7df0ad4f3,Disordered Eating self-help resources,professional_knowledge,psychoeducation_only,normal,P1,pending,,Relying on what you think is happening with your weight rather than what is actually observable on the scale can be risky for people with eating disorders. Research shows that even people who don’t have eating disorders are not good at predicting the number on
CCI_DISORDERED_EATING,CCI_DISORDERED_EATING_2fac7025_00016_0b0d5e04507a,Disordered Eating self-help resources,professional_knowledge,psychoeducation_only,normal,P1,pending,,"People with eating disorders are often fearful of gaining weight and place high value on the number on the scale, which can lead to two types of behaviours – weighing too often or avoiding being weighed at all costs. Weighing too often If people weigh themselv"
CCI_DISORDERED_EATING,CCI_DISORDERED_EATING_2fac7025_00017_80a8dd20f362,Disordered Eating self-help resources,professional_knowledge,psychoeducation_only,normal,P1,pending,,"What’s more, frequently checking your weight keeps the focus of your attention on your weight at the cost of other things in our life, like family, friends, work, or enjoyable activities. This makes weight seem more important than it needs to be and keeps eati"
CCI_DISORDERED_EATING,CCI_DISORDERED_EATING_2fac7025_00018_4d0829c5ad13,Disordered Eating self-help resources,professional_knowledge,psychoeducation_only,normal,P1,pending,,"More importantly, avoidance leads to fears getting stronger in the long- term. This is true for all sorts of things that we feel afraid of - for example, you are not going to overcome a fear of spiders without going near a spider. Avoidance of weighing is usua"
CCI_DISORDERED_EATING,CCI_DISORDERED_EATING_2fac7025_00020_e7071551b957,Disordered Eating self-help resources,professional_knowledge,psychoeducation_only,normal,P1,pending,,"If we know that weighing too often is problematic, and avoiding weighing at all costs is equally problematic, how often should we weigh ourselves? Clinicians who work with people with eating disorders recommend weighing yourself about once a week while you are"
CCI_DISORDERED_EATING,CCI_DISORDERED_EATING_2fac7025_00021_f6a382be8c76,Disordered Eating self-help resources,professional_knowledge,psychoeducation_only,normal,P1,pending,,"• Predicted number: Before you step on the scale, make a prediction about what the number will be. Plot that on the chart. • Actual number: Step on the scale. Record the number on the chart in a different colour so you can easily compare your predicted and act"
CCI_DISORDERED_EATING,CCI_DISORDERED_EATING_2fac7025_00022_4fe920e57ea6,Disordered Eating self-help resources,professional_knowledge,psychoeducation_only,normal,P1,pending,,Take a look at the example on the next page. Then it will be your turn to start weekly weighing.
CCI_DISORDERED_EATING,CCI_DISORDERED_EATING_2fac7025_00024_19f6fe64267e,Disordered Eating self-help resources,professional_knowledge,psychoeducation_only,normal,P1,pending,,"Weekly Weighing Worksheet - Example Day I will weigh myself: Thursday Predicted versus actual weight: Before you step on the scales, think about your eating over the past week and make a prediction as to what you think the number will be. Record your predicted"
CCI_DISORDERED_EATING,CCI_DISORDERED_EATING_2fac7025_00025_580b0d2ac37a,Disordered Eating self-help resources,professional_knowledge,psychoeducation_only,normal,P1,pending,,Week 1 reflection: The number is higher than I would like but not as high as I predicted. I can’t really draw any conclusion about patterns based on just one number so will need to see what happens over the next few weeks. Week 2 reflection: The number is up t
CCI_DISORDERED_EATING,CCI_DISORDERED_EATING_2fac7025_00026_332cc0018211,Disordered Eating self-help resources,professional_knowledge,psychoeducation_only,normal,P1,pending,,"My predictions are not very accurate - in fact, eating regularly is not leading to sudden weight gain as I was predicting. I need to keep testing out what happens to my weight as I tackle other eating disorder behaviours. Week 1 Week 2 Week 3 Week 4 Number on "
CCI_DISORDERED_EATING,CCI_DISORDERED_EATING_2fac7025_00027_4db7ed3c1e02,Disordered Eating self-help resources,professional_knowledge,psychoeducation_only,normal,P1,pending,,"Break Free From ED Module 3: Understanding the Number on the Scale Weekly Weighing Worksheet Day I will weigh myself: __________________________________ Predicted versus actual weight: Before you step on the scales, think about your eating over the week and ma"
CCI_DISORDERED_EATING,CCI_DISORDERED_EATING_2fac7025_00028_2cca0d38d862,Disordered Eating self-help resources,professional_knowledge,psychoeducation_only,normal,P1,pending,,Week 1 reflection: ______________________________________________________________ Week 2 reflection: _______________________________________________________________ Week 3 reflection: _______________________________________________________________ Week 4 concl
CCI_DISORDERED_EATING,CCI_DISORDERED_EATING_2fac7025_00030_1ec8c2f3882c,Disordered Eating self-help resources,professional_knowledge,psychoeducation_only,normal,P1,pending,,A Final Note on Weekly Weighing Weekly weighing is designed to help you understand the relationship between your eating and the number on the scale. Weekly weighing also helps you get less stuck on a particular number on the scale and to focus instead on trend
CCI_DISORDERED_EATING,CCI_DISORDERED_EATING_2fac7025_00032_02d6b2f1ded6,Disordered Eating self-help resources,professional_knowledge,psychoeducation_only,normal,P1,pending,,"• There are many factors that influence the number on the scale other than your body’s true weight, and we refer to these factors as natural fluctuations. • Weight fluctuates naturally so it is more accurate to draw conclusions about the number on the scale ba"
CCI_DISORDERED_EATING,CCI_DISORDERED_EATING_2fac7025_00033_602ff5783ec4,Disordered Eating self-help resources,professional_knowledge,psychoeducation_only,normal,P1,pending,,"• When you normalise your eating and other weight control behaviours, your body will naturally tend towards its genetic set point range and will not keep going up and up uncontrollably. • Weighing too often or avoiding weighing altogether are both problematic "
CCI_DISORDERED_EATING,CCI_DISORDERED_EATING_2fac7025_00034_b9d21a7ed5a4,Disordered Eating self-help resources,professional_knowledge,psychoeducation_only,normal,P1,pending,,"• The Weekly Weighing Sheet will help you find out how accurate your weight predictions are, learn to draw conclusions based on patterns over 4 weeks, and gather more accurate data to understand the impact of reducing your disordered eating behaviours on the n"
CCI_DISORDERED_EATING,CCI_DISORDERED_EATING_2fac7025_00035_a8159ddd181e,Disordered Eating self-help resources,professional_knowledge,psychoeducation_only,normal,P1,pending,,"Module 3: Understanding the Number on the Scale About the Modules CONTRIBUTORS Dr. Bronwyn Raykos (PhD, MPsych) Dr. Marilyn Fitzgerald (MPsych) Senior Clinical Psychologist Clinical Psychologist Katharina Targowski (MPsych) Samantha Bank (MPsych) Clinical Psyc"
CCI_DISORDERED_EATING,CCI_DISORDERED_EATING_2fac7025_00036_065264b5550e,Disordered Eating self-help resources,professional_knowledge,psychoeducation_only,normal,P1,pending,,"REFERENCES These are some of the professional references used to create the modules in this information package. Fairburn, C. G., Cooper, Z., Shafran, R., Murphy, R., & Hawker, D. M. (2008). Cognitive Behaviour Therapy and Eating Disorders. Guilford Press. Wal"
CCI_DISORDERED_EATING,CCI_DISORDERED_EATING_2fac7025_00037_91a1af685f5e,Disordered Eating self-help resources,professional_knowledge,psychoeducation_only,normal,P1,pending,,"Waller, G., Turner, H.M., Tatham, M., Mountford, V.A., & Wade, T.A. (2019). Brief Cognitive Behavioural Therapy for Non- Underweight Patients: CBT-T for Eating Disorders. Routledge. ACKNOWLEDGEMENTS We would like to thank Professor Glenn Waller (University of "
CCI_DISORDERED_EATING,CCI_DISORDERED_EATING_2fac7025_00038_b130265eb519,Disordered Eating self-help resources,professional_knowledge,psychoeducation_only,normal,P1,pending,,"“BREAK FREE FROM ED” This module forms part of: Targowski, K., Bank, S., Carter, O., Campbell, B. & Raykos, B. (2022). Break Free from ED. Perth, Western Australia: Centre for Clinical Interventions"
CCI_DISORDERED_EATING,CCI_DISORDERED_EATING_dc351819_00001_5ecf4644f2fa,Disordered Eating self-help resources,professional_knowledge,psychoeducation_only,normal,P1,pending,,Self-Monitoring Introduction 2 Self-Monitoring 2 How to Complete Your Self-Monitoring 3 Example Self-Monitoring Form 4 Common Barriers to Self-Monitoring 5 Helpful Tips for Self-Monitoring Reviewing Your Self-Monitoring Blank Self-Monitoring Form Weekly Progre
CCI_DISORDERED_EATING,CCI_DISORDERED_EATING_dc351819_00004_b8233ff2bd75,Disordered Eating self-help resources,professional_knowledge,psychoeducation_only,normal,P1,pending,,"In Module 3 we discussed the factors that impact the number on the scale and corrected some myths about weight. We also introduced weekly weighing, which encourages you to consider patterns of weight over four weeks, rather than interpreting a single number. I"
CCI_DISORDERED_EATING,CCI_DISORDERED_EATING_dc351819_00005_ae53253317d0,Disordered Eating self-help resources,professional_knowledge,psychoeducation_only,normal,P1,pending,,"Self-monitoring is a way of recording your patterns of food and fluid intake throughout the day. It includes recording what you ate, where you ate and any eating disorder behaviours you may have engaged in (e.g., vomiting, misusing laxatives). It also captures"
CCI_DISORDERED_EATING,CCI_DISORDERED_EATING_dc351819_00006_0d8005ecea10,Disordered Eating self-help resources,professional_knowledge,psychoeducation_only,normal,P1,pending,,"The aim of self -monitoring is to increase your awareness of the situations, thoughts, feelings, physical sensations and behaviours that keep your eating disorder going. Stepping back to develop this awareness will help you work on doing things differently in "
CCI_DISORDERED_EATING,CCI_DISORDERED_EATING_dc351819_00007_0f5a225ff29d,Disordered Eating self-help resources,professional_knowledge,psychoeducation_only,normal,P1,pending,,"We can liken self-monitoring to a sportsperson reviewing gameplay with their coach to see what went well, where the plan didn’t work out and identify areas for improvement. In doing so, the sportsperson is in a better position to try new strategies aimed at de"
CCI_DISORDERED_EATING,CCI_DISORDERED_EATING_dc351819_00008_9f77ed76ab55,Disordered Eating self-help resources,professional_knowledge,psychoeducation_only,normal,P1,pending,,"Module 4: Understanding Your Eating How to Complete Your Self-Monitoring Self-monitoring is designed to be completed in real-time (i.e., during, or immediately after eating), every day, while you are working through these modules. We are going to ask you to re"
CCI_DISORDERED_EATING,CCI_DISORDERED_EATING_dc351819_00009_324ec7515872,Disordered Eating self-help resources,professional_knowledge,psychoeducation_only,normal,P1,pending,,An example self-monitoring sheet is provided on the next page. Below are descriptions of each heading on the self-monitoring sheet to help you fill in your own records. • Day and Date: record the day and date in the space provided so that you can keep your sel
CCI_DISORDERED_EATING,CCI_DISORDERED_EATING_dc351819_00010_0b6a0f9feda4,Disordered Eating self-help resources,professional_knowledge,psychoeducation_only,normal,P1,pending,,"• Food and liquid intake: record your food and liquid intake, including water, coffee or tea, or alcohol. Do not record calories. Do not measure your food . Record approximate quantities only (e.g. “handful of nuts”, “small bowl of pasta”). • Location: be spec"
CCI_DISORDERED_EATING,CCI_DISORDERED_EATING_dc351819_00011_d8dd63e411a3,Disordered Eating self-help resources,professional_knowledge,psychoeducation_only,normal,P1,pending,,"• Binge: place an asterisk (*) in the binge column if you consider the event to be a binge episode (i.e., you think you ate more than what someone would in a typical sitting AND you felt out of control). • V/L: if you vomit, record a ‘V’ in this column. If you"
CCI_DISORDERED_EATING,CCI_DISORDERED_EATING_dc351819_00012_f46e3d17fe6f,Disordered Eating self-help resources,professional_knowledge,psychoeducation_only,normal,P1,pending,,"• Situation/thoughts/feelings: record any other relevant information about what was happening, the way you were feeling, and the thoughts that popped up through the day that are relevant to your eating disorder. You may also include behaviours such as weighing"
CCI_DISORDERED_EATING,CCI_DISORDERED_EATING_dc351819_00013_9f8524be296f,Disordered Eating self-help resources,professional_knowledge,psychoeducation_only,normal,P1,pending,,"Module 4: Understanding Your Eating Example Self-Monitoring Form A blank self -monitoring sheet is provided for you to print and complete each day. Click here fo r an online fillable version. Dur ing your first week of self-monitoring, the goal is to establish"
CCI_DISORDERED_EATING,CCI_DISORDERED_EATING_dc351819_00015_f5978493ce8d,Disordered Eating self-help resources,professional_knowledge,psychoeducation_only,normal,P1,pending,,"The idea of self -monitoring every day in real- time might feel daunting and like we are asking a lot of you. Research shows that individuals who consistently complete accurate, real-time self-monitoring from the time they start treatment are more likely to re"
CCI_DISORDERED_EATING,CCI_DISORDERED_EATING_dc351819_00017_acc51876b1db,Disordered Eating self-help resources,professional_knowledge,psychoeducation_only,normal,P1,pending,,"Sometimes, people worry that writing everything about their eating down on paper will backfire and actually increase how much they will be thinking about food, eating, shape or weight. It is not uncommon for people to experience a short -term increase in anxie"
CCI_DISORDERED_EATING,CCI_DISORDERED_EATING_dc351819_00019_208702a5e6dd,Disordered Eating self-help resources,professional_knowledge,psychoeducation_only,normal,P1,pending,,People can also feel tempted to avoid recording certain foods or behaviours (such as binge eating) as this can bring up feelings of guilt or shame. Remember these feelings are normal in the early stages of recovery. Whilst it might feel easier to avoid these f
CCI_DISORDERED_EATING,CCI_DISORDERED_EATING_dc351819_00020_fd3d8b81b39b,Disordered Eating self-help resources,professional_knowledge,psychoeducation_only,normal,P1,pending,,"From the outset, self-monitoring may seem like a lot of effort. The most effortful part will be remembering to complete the forms. Each entry should take no longer than 2 -3 minutes, which is about 15-minutes each day. As you practice completing self -monitori"
CCI_DISORDERED_EATING,CCI_DISORDERED_EATING_dc351819_00021_dd4b71734141,Disordered Eating self-help resources,professional_knowledge,psychoeducation_only,normal,P1,pending,,"Self-monitoring can look different when completed with a dieti tian. Rather than just focusing o n what you eat, this particular self-monitoring is also designed to help you to identify triggers, key thought patterns and emotions, and consider the impact of ce"
CCI_DISORDERED_EATING,CCI_DISORDERED_EATING_dc351819_00023_31532ff16dd1,Disordered Eating self-help resources,professional_knowledge,psychoeducation_only,normal,P1,pending,,It can be difficult to remember to complete your self-monitoring daily and in real-time. If you complete your forms at the end of each day then it will be difficult to remember back to exactly what was going on at the time of eating. Helpful tips for real-time
CCI_DISORDERED_EATING,CCI_DISORDERED_EATING_dc351819_00024_05af0827b40b,Disordered Eating self-help resources,professional_knowledge,psychoeducation_only,normal,P1,pending,,"There are lots of different self- monitoring apps that are freely available to download, however be mindful that some may contain different information than what is suggested in this module. Two apps we have found helpful are Recovery Record and Rise Up. Self "
CCI_DISORDERED_EATING,CCI_DISORDERED_EATING_dc351819_00025_9b90420d7df5,Disordered Eating self-help resources,professional_knowledge,psychoeducation_only,normal,P1,pending,,"Reviewing Your Self-monitoring It is important that you review your self-monitoring in detail each week. This review will help you to identify problematic patterns of eating and areas for change, and to notice what happens when you do things differently, or ho"
CCI_DISORDERED_EATING,CCI_DISORDERED_EATING_dc351819_00026_a6df72cd39fc,Disordered Eating self-help resources,professional_knowledge,psychoeducation_only,normal,P1,pending,,I will review my self-monitoring each week on: Day: ________________________________ Time: _______________________
CCI_DISORDERED_EATING,CCI_DISORDERED_EATING_dc351819_00027_2aa5696af09b,Disordered Eating self-help resources,professional_knowledge,psychoeducation_only,normal,P1,pending,,"Once you have spent a week monitoring your baseline eating behaviours, you are ready for your first review. When reviewing your self-monitoring it can be helpful to look out for common patterns that emerge in your eating. For example, are you more likely to bi"
CCI_DISORDERED_EATING,CCI_DISORDERED_EATING_dc351819_00028_fcfad97204ec,Disordered Eating self-help resources,professional_knowledge,psychoeducation_only,normal,P1,pending,,"You’ll likely notice even more patterns to your eating as you work through more modules and understand all the factors that keep you stuck. Let’s take another look at the example self-monitoring sheet to highlight examples of common patterns, then have a go yo"
CCI_DISORDERED_EATING,CCI_DISORDERED_EATING_dc351819_00031_b21e97c28cb9,Disordered Eating self-help resources,professional_knowledge,psychoeducation_only,normal,P1,pending,,"Module 4: Understanding Your Eating My Weekly Progress Tracker From now on, we will ask you to complete a weekly progress tracker, so you can monitor your progress towards reducing your eating disorder symptoms and making behavioural changes. This review also "
CCI_DISORDERED_EATING,CCI_DISORDERED_EATING_dc351819_00032_98b898ba0849,Disordered Eating self-help resources,professional_knowledge,psychoeducation_only,normal,P1,pending,,"Eating Disorder Behaviour Frequency (# days per week) Restrict or dieting Exercise (including time spent) Binge eating # days # episodes Vomiting to control my weight/shape Laxative misuse Second, reflect on your self-monitoring:"
CCI_DISORDERED_EATING,CCI_DISORDERED_EATING_dc351819_00033_772f6a1ff091,Disordered Eating self-help resources,professional_knowledge,psychoeducation_only,normal,P1,pending,,"What did I learn from my self-monitoring this week? e.g., “when I don’t eat enough during the day, I tend to binge in the evening”; “cutting out carbs makes me more irritable”; “I’m really struggling to focus with the amount I am eating”; “work stressors alway"
CCI_DISORDERED_EATING,CCI_DISORDERED_EATING_dc351819_00035_5f9192b0759c,Disordered Eating self-help resources,professional_knowledge,psychoeducation_only,normal,P1,pending,,"• Self-monitoring aims to increase your awareness of the situations, thoughts, feelings, physical sensations and behaviours that keep your eating disorder going. • Self-monitoring is designed to be completed daily, in real-time. • Completing a w eekly review o"
CCI_DISORDERED_EATING,CCI_DISORDERED_EATING_dc351819_00036_b3df17f41a9a,Disordered Eating self-help resources,professional_knowledge,psychoeducation_only,normal,P1,pending,,"• Once you identify these patterns, you can begin to use different strategies to address them and start making changes to your eating in real time. • While self-monitoring may seem like a daunting task, it is one of the most important tools used in recovering "
CCI_DISORDERED_EATING,CCI_DISORDERED_EATING_dc351819_00037_d5c781398acb,Disordered Eating self-help resources,professional_knowledge,psychoeducation_only,normal,P1,pending,,"Module 4: Understanding Your Eating About the Modules CONTRIBUTORS Samantha Bank (MPsych) Katharina Targowski (MPsych) Clinical Psychologist Clinical Psychologist Dr. Olivia Carter (DPsych) Dr. Bruce Campbell (DPsych, MPsych) Clinical Psychologist Consultant C"
CCI_DISORDERED_EATING,CCI_DISORDERED_EATING_dc351819_00038_065264b5550e,Disordered Eating self-help resources,professional_knowledge,psychoeducation_only,normal,P1,pending,,"REFERENCES These are some of the professional references used to create the modules in this information package. Fairburn, C. G., Cooper, Z., Shafran, R., Murphy, R., & Hawker, D. M. (2008). Cognitive Behaviour Therapy and Eating Disorders. Guilford Press. Wal"
CCI_DISORDERED_EATING,CCI_DISORDERED_EATING_dc351819_00039_bb089645141b,Disordered Eating self-help resources,professional_knowledge,psychoeducation_only,normal,P1,pending,,"Waller, G., Turner, H.M., Tatham, M., Mountford, V.A., & Wade, T.A. (2019). Brief Cognitive Behavioural Therapy for Non- Underweight Patients: CBT-T for Eating Disorders. Routledge. ACKNOWLEDGEMENTS We would like to thank Professor Glenn Waller (University of "
CCI_DISORDERED_EATING,CCI_DISORDERED_EATING_dc351819_00040_b130265eb519,Disordered Eating self-help resources,professional_knowledge,psychoeducation_only,normal,P1,pending,,"“BREAK FREE FROM ED” This module forms part of: Targowski, K., Bank, S., Carter, O., Campbell, B. & Raykos, B. (2022). Break Free from ED. Perth, Western Australia: Centre for Clinical Interventions"
CCI_DISORDERED_EATING,CCI_DISORDERED_EATING_e2ca3bff_00008_97741ab72664,Disordered Eating self-help resources,professional_knowledge,psychoeducation_only,normal,P1,pending,,"Eating disorders are serious mental illnesses that are associated with potentially life-threatening physical effects. Eating disorders involve unhelpful beliefs about eating, weight and shape and unhelpful behaviours (such as binge-eating, purging, or driven e"
CCI_DISORDERED_EATING,CCI_DISORDERED_EATING_e2ca3bff_00009_9ab2dfd78851,Disordered Eating self-help resources,professional_knowledge,psychoeducation_only,normal,P1,pending,,"These modules provide clear, scientific information about eating disorders and guide consumers through key components of cognitive behavioural therapy for eating disorders (CBT-ED). Break Free From ED covers features of eating disorders and associated risks, c"
CCI_DISORDERED_EATING,CCI_DISORDERED_EATING_e2ca3bff_00010_ac01a5ae5b9a,Disordered Eating self-help resources,professional_knowledge,psychoeducation_only,normal,P1,pending,,"The Break Free From ED modules are informed by evidence-based treatments, and reference materials by leading eating disorder clinicians including Glenn Waller, Christopher Fairburn and Tracey Wade, and are designed so that consumers can either complete them in"
CCI_DISORDERED_EATING,CCI_DISORDERED_EATING_e2ca3bff_00011_c0d01e7adf96,Disordered Eating self-help resources,professional_knowledge,psychoeducation_only,normal,P1,pending,,"This workbook is designed as an active guide to recovering from an eating disorder. It aims to provide you with information about eating disorders and the factors that keep them going, and to teach you strategies to make changes to your behaviour and thinking "
CCI_DISORDERED_EATING,CCI_DISORDERED_EATING_e2ca3bff_00012_d469cb9f3795,Disordered Eating self-help resources,professional_knowledge,psychoeducation_only,normal,P1,pending,,"This module introduces you to eating disorders, their impact on physical, psychological and social functioning, and some of the factors that can lead to the development of an eating disorder. This module takes you through the key factors that keep eating disor"
CCI_DISORDERED_EATING,CCI_DISORDERED_EATING_e2ca3bff_00013_e47b2c7b0992,Disordered Eating self-help resources,professional_knowledge,psychoeducation_only,normal,P1,pending,,"This module discusses the many factors that influence the number on the scale, explores how much control people really have over their weight, and introduces Weekly Weighing. This module introduces self-monitoring, a key strategy that assists you to record you"
CCI_DISORDERED_EATING,CCI_DISORDERED_EATING_e2ca3bff_00014_c3ecf44bd307,Disordered Eating self-help resources,professional_knowledge,psychoeducation_only,normal,P1,pending,,"This module discusses the relationship between what you eat and your energy levels, highlighting the impacts of low and high energy and guiding you through understanding how your own eating impacts your energy levels. This module introduces you to ‘Eating for "
CCI_DISORDERED_EATING,CCI_DISORDERED_EATING_e2ca3bff_00015_e9d8dc275314,Disordered Eating self-help resources,professional_knowledge,psychoeducation_only,normal,P1,pending,,"This module focuses on another aspect of ‘Eating for Recovery’, the variety of your nutritional intake, highlighting the importance of tackling rigid food rules and experimenting with feared foods. This module provides information about binge eating and introd"
CCI_DISORDERED_EATING,CCI_DISORDERED_EATING_e2ca3bff_00016_f7f91aaafa3d,Disordered Eating self-help resources,professional_knowledge,psychoeducation_only,normal,P1,pending,,This module provides information about driven exercise and introduces strategies for developing a more healthy and balanced relationship with moving your body. This module discusses body checking and uses experiments to examine whether body checking is as help
CCI_DISORDERED_EATING,CCI_DISORDERED_EATING_e2ca3bff_00017_c27369a4237d,Disordered Eating self-help resources,professional_knowledge,psychoeducation_only,normal,P1,pending,,"This module introduces core beliefs, discussing the role these play in maintaining eating disorder behaviours and introducing strategies to challenge them. This final module summarises the key strategies from the workbook and guides you through developing a pl"
CCI_DISORDERED_EATING,CCI_DISORDERED_EATING_e2ca3bff_00018_9a9b2f9c0dfa,Disordered Eating self-help resources,professional_knowledge,psychoeducation_only,normal,P1,pending,,"Click the link above to download all modules in this workbook at once, as a zip file."
CCI_DISORDERED_EATING,CCI_DISORDERED_EATING_e2ca3bff_00021_6566e6071984,Disordered Eating self-help resources,professional_knowledge,psychoeducation_only,normal,P1,pending,,Avoidant Restrictive Food Intake Disorder Unhelpful Weight Messages in Healthcare Settings Artificial Intelligence and Your Mental Health
CCI_DISORDERED_EATING,CCI_DISORDERED_EATING_e2ca3bff_00032_caa34ea89819,Disordered Eating self-help resources,professional_knowledge,psychoeducation_only,normal,P1,pending,,"Self-Monitoring Form If you worry a lot about features of your appearance that are not related to your body weight or shape, you may find our body dysmorphia resources helpful. If worries about your appearance are having a negative impact on your life, you may"
CCI_DISORDERED_EATING,CCI_DISORDERED_EATING_e2ca3bff_00033_c810871bf233,Disordered Eating self-help resources,professional_knowledge,psychoeducation_only,normal,P1,pending,,"Some people with eating disorders have difficulties with perfectionism. This means they hold themselves to unrealistically high standards in many different areas of their life. If this is a problem for you, you may find our resources on addressing perfectionis"
CCI_DISORDERED_EATING,CCI_DISORDERED_EATING_a848c3dc_00008_97741ab72664,Disordered Eating self-help resources,professional_knowledge,psychoeducation_only,normal,P1,pending,,"Eating disorders are serious mental illnesses that are associated with potentially life-threatening physical effects. Eating disorders involve unhelpful beliefs about eating, weight and shape and unhelpful behaviours (such as binge-eating, purging, or driven e"
CCI_DISORDERED_EATING,CCI_DISORDERED_EATING_a848c3dc_00009_9ab2dfd78851,Disordered Eating self-help resources,professional_knowledge,psychoeducation_only,normal,P1,pending,,"These modules provide clear, scientific information about eating disorders and guide consumers through key components of cognitive behavioural therapy for eating disorders (CBT-ED). Break Free From ED covers features of eating disorders and associated risks, c"
CCI_DISORDERED_EATING,CCI_DISORDERED_EATING_a848c3dc_00010_ac01a5ae5b9a,Disordered Eating self-help resources,professional_knowledge,psychoeducation_only,normal,P1,pending,,"The Break Free From ED modules are informed by evidence-based treatments, and reference materials by leading eating disorder clinicians including Glenn Waller, Christopher Fairburn and Tracey Wade, and are designed so that consumers can either complete them in"
CCI_DISORDERED_EATING,CCI_DISORDERED_EATING_a848c3dc_00011_c0d01e7adf96,Disordered Eating self-help resources,professional_knowledge,psychoeducation_only,normal,P1,pending,,"This workbook is designed as an active guide to recovering from an eating disorder. It aims to provide you with information about eating disorders and the factors that keep them going, and to teach you strategies to make changes to your behaviour and thinking "
CCI_DISORDERED_EATING,CCI_DISORDERED_EATING_a848c3dc_00012_d469cb9f3795,Disordered Eating self-help resources,professional_knowledge,psychoeducation_only,normal,P1,pending,,"This module introduces you to eating disorders, their impact on physical, psychological and social functioning, and some of the factors that can lead to the development of an eating disorder. This module takes you through the key factors that keep eating disor"
CCI_DISORDERED_EATING,CCI_DISORDERED_EATING_a848c3dc_00013_e47b2c7b0992,Disordered Eating self-help resources,professional_knowledge,psychoeducation_only,normal,P1,pending,,"This module discusses the many factors that influence the number on the scale, explores how much control people really have over their weight, and introduces Weekly Weighing. This module introduces self-monitoring, a key strategy that assists you to record you"
CCI_DISORDERED_EATING,CCI_DISORDERED_EATING_a848c3dc_00014_c3ecf44bd307,Disordered Eating self-help resources,professional_knowledge,psychoeducation_only,normal,P1,pending,,"This module discusses the relationship between what you eat and your energy levels, highlighting the impacts of low and high energy and guiding you through understanding how your own eating impacts your energy levels. This module introduces you to ‘Eating for "
CCI_DISORDERED_EATING,CCI_DISORDERED_EATING_a848c3dc_00015_e9d8dc275314,Disordered Eating self-help resources,professional_knowledge,psychoeducation_only,normal,P1,pending,,"This module focuses on another aspect of ‘Eating for Recovery’, the variety of your nutritional intake, highlighting the importance of tackling rigid food rules and experimenting with feared foods. This module provides information about binge eating and introd"
CCI_DISORDERED_EATING,CCI_DISORDERED_EATING_a848c3dc_00016_f7f91aaafa3d,Disordered Eating self-help resources,professional_knowledge,psychoeducation_only,normal,P1,pending,,This module provides information about driven exercise and introduces strategies for developing a more healthy and balanced relationship with moving your body. This module discusses body checking and uses experiments to examine whether body checking is as help
CCI_DISORDERED_EATING,CCI_DISORDERED_EATING_a848c3dc_00017_c27369a4237d,Disordered Eating self-help resources,professional_knowledge,psychoeducation_only,normal,P1,pending,,"This module introduces core beliefs, discussing the role these play in maintaining eating disorder behaviours and introducing strategies to challenge them. This final module summarises the key strategies from the workbook and guides you through developing a pl"
CCI_DISORDERED_EATING,CCI_DISORDERED_EATING_a848c3dc_00018_9a9b2f9c0dfa,Disordered Eating self-help resources,professional_knowledge,psychoeducation_only,normal,P1,pending,,"Click the link above to download all modules in this workbook at once, as a zip file."
CCI_DISORDERED_EATING,CCI_DISORDERED_EATING_a848c3dc_00021_6566e6071984,Disordered Eating self-help resources,professional_knowledge,psychoeducation_only,normal,P1,pending,,Avoidant Restrictive Food Intake Disorder Unhelpful Weight Messages in Healthcare Settings Artificial Intelligence and Your Mental Health
CCI_DISORDERED_EATING,CCI_DISORDERED_EATING_a848c3dc_00032_caa34ea89819,Disordered Eating self-help resources,professional_knowledge,psychoeducation_only,normal,P1,pending,,"Self-Monitoring Form If you worry a lot about features of your appearance that are not related to your body weight or shape, you may find our body dysmorphia resources helpful. If worries about your appearance are having a negative impact on your life, you may"
CCI_DISORDERED_EATING,CCI_DISORDERED_EATING_a848c3dc_00033_c810871bf233,Disordered Eating self-help resources,professional_knowledge,psychoeducation_only,normal,P1,pending,,"Some people with eating disorders have difficulties with perfectionism. This means they hold themselves to unrealistically high standards in many different areas of their life. If this is a problem for you, you may find our resources on addressing perfectionis"
CCI_DISORDERED_EATING,CCI_DISORDERED_EATING_ef558191_00008_97741ab72664,Disordered Eating self-help resources,professional_knowledge,psychoeducation_only,normal,P1,pending,,"Eating disorders are serious mental illnesses that are associated with potentially life-threatening physical effects. Eating disorders involve unhelpful beliefs about eating, weight and shape and unhelpful behaviours (such as binge-eating, purging, or driven e"
CCI_DISORDERED_EATING,CCI_DISORDERED_EATING_ef558191_00009_9ab2dfd78851,Disordered Eating self-help resources,professional_knowledge,psychoeducation_only,normal,P1,pending,,"These modules provide clear, scientific information about eating disorders and guide consumers through key components of cognitive behavioural therapy for eating disorders (CBT-ED). Break Free From ED covers features of eating disorders and associated risks, c"
CCI_DISORDERED_EATING,CCI_DISORDERED_EATING_ef558191_00010_ac01a5ae5b9a,Disordered Eating self-help resources,professional_knowledge,psychoeducation_only,normal,P1,pending,,"The Break Free From ED modules are informed by evidence-based treatments, and reference materials by leading eating disorder clinicians including Glenn Waller, Christopher Fairburn and Tracey Wade, and are designed so that consumers can either complete them in"
CCI_DISORDERED_EATING,CCI_DISORDERED_EATING_ef558191_00011_c0d01e7adf96,Disordered Eating self-help resources,professional_knowledge,psychoeducation_only,normal,P1,pending,,"This workbook is designed as an active guide to recovering from an eating disorder. It aims to provide you with information about eating disorders and the factors that keep them going, and to teach you strategies to make changes to your behaviour and thinking "
CCI_DISORDERED_EATING,CCI_DISORDERED_EATING_ef558191_00012_d469cb9f3795,Disordered Eating self-help resources,professional_knowledge,psychoeducation_only,normal,P1,pending,,"This module introduces you to eating disorders, their impact on physical, psychological and social functioning, and some of the factors that can lead to the development of an eating disorder. This module takes you through the key factors that keep eating disor"
CCI_DISORDERED_EATING,CCI_DISORDERED_EATING_ef558191_00013_e47b2c7b0992,Disordered Eating self-help resources,professional_knowledge,psychoeducation_only,normal,P1,pending,,"This module discusses the many factors that influence the number on the scale, explores how much control people really have over their weight, and introduces Weekly Weighing. This module introduces self-monitoring, a key strategy that assists you to record you"
CCI_DISORDERED_EATING,CCI_DISORDERED_EATING_ef558191_00014_c3ecf44bd307,Disordered Eating self-help resources,professional_knowledge,psychoeducation_only,normal,P1,pending,,"This module discusses the relationship between what you eat and your energy levels, highlighting the impacts of low and high energy and guiding you through understanding how your own eating impacts your energy levels. This module introduces you to ‘Eating for "
CCI_DISORDERED_EATING,CCI_DISORDERED_EATING_ef558191_00015_e9d8dc275314,Disordered Eating self-help resources,professional_knowledge,psychoeducation_only,normal,P1,pending,,"This module focuses on another aspect of ‘Eating for Recovery’, the variety of your nutritional intake, highlighting the importance of tackling rigid food rules and experimenting with feared foods. This module provides information about binge eating and introd"
CCI_DISORDERED_EATING,CCI_DISORDERED_EATING_ef558191_00016_f7f91aaafa3d,Disordered Eating self-help resources,professional_knowledge,psychoeducation_only,normal,P1,pending,,This module provides information about driven exercise and introduces strategies for developing a more healthy and balanced relationship with moving your body. This module discusses body checking and uses experiments to examine whether body checking is as help
CCI_DISORDERED_EATING,CCI_DISORDERED_EATING_ef558191_00017_c27369a4237d,Disordered Eating self-help resources,professional_knowledge,psychoeducation_only,normal,P1,pending,,"This module introduces core beliefs, discussing the role these play in maintaining eating disorder behaviours and introducing strategies to challenge them. This final module summarises the key strategies from the workbook and guides you through developing a pl"
CCI_DISORDERED_EATING,CCI_DISORDERED_EATING_ef558191_00018_9a9b2f9c0dfa,Disordered Eating self-help resources,professional_knowledge,psychoeducation_only,normal,P1,pending,,"Click the link above to download all modules in this workbook at once, as a zip file."
CCI_DISORDERED_EATING,CCI_DISORDERED_EATING_ef558191_00021_6566e6071984,Disordered Eating self-help resources,professional_knowledge,psychoeducation_only,normal,P1,pending,,Avoidant Restrictive Food Intake Disorder Unhelpful Weight Messages in Healthcare Settings Artificial Intelligence and Your Mental Health
CCI_DISORDERED_EATING,CCI_DISORDERED_EATING_ef558191_00032_caa34ea89819,Disordered Eating self-help resources,professional_knowledge,psychoeducation_only,normal,P1,pending,,"Self-Monitoring Form If you worry a lot about features of your appearance that are not related to your body weight or shape, you may find our body dysmorphia resources helpful. If worries about your appearance are having a negative impact on your life, you may"
CCI_DISORDERED_EATING,CCI_DISORDERED_EATING_ef558191_00033_c810871bf233,Disordered Eating self-help resources,professional_knowledge,psychoeducation_only,normal,P1,pending,,"Some people with eating disorders have difficulties with perfectionism. This means they hold themselves to unrealistically high standards in many different areas of their life. If this is a problem for you, you may find our resources on addressing perfectionis"
NIMH_AUTISM,NIMH_AUTISM_b3684d07_00009_889675383db8,Autism Spectrum Disorder,professional_knowledge,psychoeducation_only,normal,P1,pending,,We’re also supporting research to find better ways to meet the individual needs of people with autism. This includes research to improve early autism screening so that children with autism can be connected with appropriate services and supports as early as pos
NIMH_AUTISM,NIMH_AUTISM_b3684d07_00014_2f51afbe6a13,Autism Spectrum Disorder,professional_knowledge,psychoeducation_only,normal,P1,pending,,"Autism Spectrum Disorder (Centers for Disease Control and Prevention): Information about signs and symptoms, screening, and treatment and additional resources for professionals and for the public Autism Spectrum Disorder ( Eunice Kennedy Shriver National Insti"
NIMH_EATING_DISORDERS,NIMH_EATING_DISORDERS_a667fd4c_00000_773607b90913,Eating Disorders,professional_knowledge,psychoeducation_only,normal,P1,pending,,Eating Disorders - National Institute of Mental Health (NIMH) Official websites use .gov A .gov website belongs to an official government organization in the United States. Secure .gov websites use HTTPS A lock ( ) or https:// means you’ve safely connected to 
NIMH_EATING_DISORDERS,NIMH_EATING_DISORDERS_a667fd4c_00003_fd4faf596b3b,Eating Disorders,professional_knowledge,psychoeducation_only,normal,P1,pending,,"What are eating disorders? Eating disorders are serious illnesses marked by severe disturbances in a person’s eating behaviors. Although many people may be concerned about their health, weight, or appearance on occasion, some become fixated or obsessed with we"
NIMH_EATING_DISORDERS,NIMH_EATING_DISORDERS_a667fd4c_00004_ff046fc3df91,Eating Disorders,professional_knowledge,psychoeducation_only,normal,P1,pending,,"Digital brochures and fact sheets with more information about eating disorders, including signs, symptoms, and treatment options. Available for free in print and online."
NIMH_EATING_DISORDERS,NIMH_EATING_DISORDERS_a667fd4c_00005_9f09694192e4,Eating Disorders,professional_knowledge,psychoeducation_only,normal,P1,pending,,"NIMH news about eating disorders, including press releases and highlights on the latest research findings."
NIMH_EATING_DISORDERS,NIMH_EATING_DISORDERS_a667fd4c_00006_1d1297949257,Eating Disorders,professional_knowledge,psychoeducation_only,normal,P1,pending,,Information about the prevalence and treatment of eating disorders in the United States. Why is NIMH studying eating disorders?
NIMH_EATING_DISORDERS,NIMH_EATING_DISORDERS_a667fd4c_00007_19c5f966af0f,Eating Disorders,professional_knowledge,psychoeducation_only,normal,P1,pending,,"Eating disorders are serious and can be life-threatening. In addition, people with eating disorders are at higher risk for medical complications and co-occurring mental illnesses, including depression , anxiety , and substance use disorders . These co-occurrin"
NIMH_EATING_DISORDERS,NIMH_EATING_DISORDERS_a667fd4c_00008_d9c92dc0ca50,Eating Disorders,professional_knowledge,psychoeducation_only,normal,P1,pending,,"NIMH is funding and conducting research to understand why certain people are more likely to develop eating disorders than others. This includes research that examines genetic, biological, behavioral, psychological, and social factors. We’re also supporting res"
NIMH_EATING_DISORDERS,NIMH_EATING_DISORDERS_a667fd4c_00009_c38405160686,Eating Disorders,professional_knowledge,psychoeducation_only,normal,P1,pending,,We’re supporting research to expand the reach and effectiveness of current therapies. This includes research that leverages technology to engage people in treatment and personalizes interventions to improve treatment response. We’re also funding research into 
NIMH_EATING_DISORDERS,NIMH_EATING_DISORDERS_a667fd4c_00010_d32e391c95cc,Eating Disorders,professional_knowledge,psychoeducation_only,normal,P1,pending,,"Clinical trials are research studies that look at new ways to prevent, detect, or treat diseases and conditions. To learn more or find a study, visit: Clinical Trials – Information for Participants : Answers to common questions about clinical trials, including"
NIMH_EATING_DISORDERS,NIMH_EATING_DISORDERS_a667fd4c_00013_ac9fc79cf511,Eating Disorders,professional_knowledge,psychoeducation_only,normal,P1,pending,,Learn how to find help for yourself or someone else. You can also find support and locate mental health services in your area on the Substance Abuse and Mental Health Services Administration website. If you or someone you know is struggling or having thoughts 
NIMH_EATING_DISORDERS,NIMH_EATING_DISORDERS_a667fd4c_00014_100029ff009b,Eating Disorders,professional_knowledge,psychoeducation_only,normal,P1,pending,,"Eating Disorders (MedlinePlus): Information, journal articles, and other resources about eating disorders collected by the National Library of Medicine Last Reviewed: December 2024"
VA_SKILLS_PSYCHOLOGICAL_RECOVERY,VA_SKILLS_PSYCHOLOGICAL_RECOVERY_bf298158_00001_5506b05dee9d,Skills for Psychological Recovery,helping_skills,helping_skills_only,normal,P1,pending,,PTSD PTSD Home Understand PTSD What is PTSD? PTSD Basics More PTSD Topics Types of Trauma War and Combat Violence and Abuse Disaster Events Is it PTSD? How PTSD is Assessed Common Reactions Do I have PTSD? How Common is PTSD? Adults Veterans Children and Teens
VA_SKILLS_PSYCHOLOGICAL_RECOVERY,VA_SKILLS_PSYCHOLOGICAL_RECOVERY_bf298158_00002_a2778548b466,Skills for Psychological Recovery,helping_skills,helping_skills_only,normal,P1,pending,,"For Providers Assessment Overview Adult Interviews Adult Self-Report Child Measures Deployment Measures PTSD Screens Functioning and Other Outcomes Trauma and Stressor Exposure Measures Assessment Request NCPTSD Translations List of All Measures Trauma, PTSD a"
VA_SKILLS_PSYCHOLOGICAL_RECOVERY,VA_SKILLS_PSYCHOLOGICAL_RECOVERY_bf298158_00003_a8879b298f2f,Skills for Psychological Recovery,helping_skills,helping_skills_only,normal,P1,pending,,") Whole Health Program Locations Hospitals & Clinics Vet Centers Veterans Canteen Service (VCS) Research Research Home About VA Research Services Programs News, Events and Media Research Topics For Veterans For Researchers Research Oversight Special Groups Car"
VA_SKILLS_PSYCHOLOGICAL_RECOVERY,VA_SKILLS_PSYCHOLOGICAL_RECOVERY_bf298158_00004_687e49112906,Skills for Psychological Recovery,helping_skills,helping_skills_only,normal,P1,pending,,Understand PTSD What is PTSD? PTSD Basics More PTSD Topics Types of Trauma War and Combat Violence and Abuse Disaster Events Is it PTSD? How PTSD is Assessed Common Reactions Do I have PTSD? How Common is PTSD? Adults Veterans Children and Teens Related Proble
VA_SKILLS_PSYCHOLOGICAL_RECOVERY,VA_SKILLS_PSYCHOLOGICAL_RECOVERY_bf298158_00005_807da1771d43,Skills for Psychological Recovery,helping_skills,helping_skills_only,normal,P1,pending,,"For Providers Assessment Overview Adult Interviews Adult Self-Report Child Measures Deployment Measures PTSD Screens Functioning and Other Outcomes Trauma and Stressor Exposure Measures Assessment Request NCPTSD Translations List of All Measures Trauma, PTSD a"
VA_SKILLS_PSYCHOLOGICAL_RECOVERY,VA_SKILLS_PSYCHOLOGICAL_RECOVERY_bf298158_00006_3c78c6b57b64,Skills for Psychological Recovery,helping_skills,helping_skills_only,normal,P1,pending,,What is PTSD? PTSD Basics More PTSD Topics Types of Trauma War and Combat Violence and Abuse Disaster Events Is it PTSD? How PTSD is Assessed Common Reactions Do I have PTSD? How Common is PTSD? Adults Veterans Children and Teens Related Problems Alcohol & Sub
VA_SKILLS_PSYCHOLOGICAL_RECOVERY,VA_SKILLS_PSYCHOLOGICAL_RECOVERY_bf298158_00007_9ae52ca3c599,Skills for Psychological Recovery,helping_skills,helping_skills_only,normal,P1,pending,,Types of Trauma War and Combat Violence and Abuse Disaster Events Is it PTSD? How PTSD is Assessed Common Reactions Do I have PTSD? How Common is PTSD? Adults Veterans Children and Teens Related Problems Alcohol & Substances Anger Chronic Pain Depression Grief
VA_SKILLS_PSYCHOLOGICAL_RECOVERY,VA_SKILLS_PSYCHOLOGICAL_RECOVERY_bf298158_00008_8b81a5b8c3d4,Skills for Psychological Recovery,helping_skills,helping_skills_only,normal,P1,pending,,Is it PTSD? How PTSD is Assessed Common Reactions Do I have PTSD? How Common is PTSD? Adults Veterans Children and Teens Related Problems Alcohol & Substances Anger Chronic Pain Depression Grief Moral Injury Sleep Problems Suicide Traumatic Brain Injury More R
VA_SKILLS_PSYCHOLOGICAL_RECOVERY,VA_SKILLS_PSYCHOLOGICAL_RECOVERY_bf298158_00009_ec017c53f65b,Skills for Psychological Recovery,helping_skills,helping_skills_only,normal,P1,pending,,Do I have PTSD? How Common is PTSD? Adults Veterans Children and Teens Related Problems Alcohol & Substances Anger Chronic Pain Depression Grief Moral Injury Sleep Problems Suicide Traumatic Brain Injury More Related Problems PTSD Awareness
VA_SKILLS_PSYCHOLOGICAL_RECOVERY,VA_SKILLS_PSYCHOLOGICAL_RECOVERY_bf298158_00010_a13aa52d00fb,Skills for Psychological Recovery,helping_skills,helping_skills_only,normal,P1,pending,,Related Problems Alcohol & Substances Anger Chronic Pain Depression Grief Moral Injury Sleep Problems Suicide Traumatic Brain Injury More Related Problems PTSD Awareness Alcohol & Substances
VA_SKILLS_PSYCHOLOGICAL_RECOVERY,VA_SKILLS_PSYCHOLOGICAL_RECOVERY_bf298158_00012_807da1771d43,Skills for Psychological Recovery,helping_skills,helping_skills_only,normal,P1,pending,,"For Providers Assessment Overview Adult Interviews Adult Self-Report Child Measures Deployment Measures PTSD Screens Functioning and Other Outcomes Trauma and Stressor Exposure Measures Assessment Request NCPTSD Translations List of All Measures Trauma, PTSD a"
VA_SKILLS_PSYCHOLOGICAL_RECOVERY,VA_SKILLS_PSYCHOLOGICAL_RECOVERY_bf298158_00013_12ad2c169a84,Skills for Psychological Recovery,helping_skills,helping_skills_only,normal,P1,pending,,Get Help Get Help in a Crisis Find a Provider Help for Veterans Self-Help and Coping For Families and Friends Effects of PTSD How Can I Help? How Do I Get Support?
VA_SKILLS_PSYCHOLOGICAL_RECOVERY,VA_SKILLS_PSYCHOLOGICAL_RECOVERY_bf298158_00014_807da1771d43,Skills for Psychological Recovery,helping_skills,helping_skills_only,normal,P1,pending,,"For Providers Assessment Overview Adult Interviews Adult Self-Report Child Measures Deployment Measures PTSD Screens Functioning and Other Outcomes Trauma and Stressor Exposure Measures Assessment Request NCPTSD Translations List of All Measures Trauma, PTSD a"
VA_SKILLS_PSYCHOLOGICAL_RECOVERY,VA_SKILLS_PSYCHOLOGICAL_RECOVERY_bf298158_00016_807da1771d43,Skills for Psychological Recovery,helping_skills,helping_skills_only,normal,P1,pending,,"For Providers Assessment Overview Adult Interviews Adult Self-Report Child Measures Deployment Measures PTSD Screens Functioning and Other Outcomes Trauma and Stressor Exposure Measures Assessment Request NCPTSD Translations List of All Measures Trauma, PTSD a"
VA_SKILLS_PSYCHOLOGICAL_RECOVERY,VA_SKILLS_PSYCHOLOGICAL_RECOVERY_bf298158_00018_d74fc7f6bd75,Skills for Psychological Recovery,helping_skills,helping_skills_only,normal,P1,pending,,"For Providers Assessment Overview Adult Interviews Adult Self-Report Child Measures Deployment Measures PTSD Screens Functioning and Other Outcomes Trauma and Stressor Exposure Measures Assessment Request NCPTSD Translations List of All Measures Trauma, PTSD a"
VA_SKILLS_PSYCHOLOGICAL_RECOVERY,VA_SKILLS_PSYCHOLOGICAL_RECOVERY_bf298158_00019_7576e44c5f76,Skills for Psychological Recovery,helping_skills,helping_skills_only,normal,P1,pending,,ff En Español Comprendiendo el TEPT Tratamiento de TEPT Obtenga Ayuda Familias y Amigos Recursos About Us Our Work Mission and Overview Operational Priorities Research Initiatives Education Initiatives Annual Reports History of the Center Divisions and Staff L
VA_SKILLS_PSYCHOLOGICAL_RECOVERY,VA_SKILLS_PSYCHOLOGICAL_RECOVERY_bf298158_00020_8a1d1149e3ae,Skills for Psychological Recovery,helping_skills,helping_skills_only,normal,P1,pending,,"Assessment Overview Adult Interviews Adult Self-Report Child Measures Deployment Measures PTSD Screens Functioning and Other Outcomes Trauma and Stressor Exposure Measures Assessment Request NCPTSD Translations List of All Measures Trauma, PTSD and Treatment P"
VA_SKILLS_PSYCHOLOGICAL_RECOVERY,VA_SKILLS_PSYCHOLOGICAL_RECOVERY_bf298158_00023_cac327e1e2d3,Skills for Psychological Recovery,helping_skills,helping_skills_only,normal,P1,pending,,"Trauma, PTSD and Treatment PTSD Essentials Treatment Essentials Types of Trauma Specific Populations Co-Occurring Conditions Trauma-informed Care Continuing Education Consultation Program Home Learn How It Works Find Resources Explore Our Lectures Tech into Ca"
VA_SKILLS_PSYCHOLOGICAL_RECOVERY,VA_SKILLS_PSYCHOLOGICAL_RECOVERY_bf298158_00025_afefac022cd8,Skills for Psychological Recovery,helping_skills,helping_skills_only,normal,P1,pending,,Consultation Program Home Learn How It Works Find Resources Explore Our Lectures Tech into Care Patient Education
VA_SKILLS_PSYCHOLOGICAL_RECOVERY,VA_SKILLS_PSYCHOLOGICAL_RECOVERY_bf298158_00026_2704d18f3c75,Skills for Psychological Recovery,helping_skills,helping_skills_only,normal,P1,pending,,"Disaster Events For Everyone For Providers and Responders For Employers and Community Leaders Apps, Videos and More Mobile Apps Videos PTSD Treatment Decision Aid AboutFace Online Programs PTSDpubs PTSD Repository Our Publications Electronic Publications Print"
VA_SKILLS_PSYCHOLOGICAL_RECOVERY,VA_SKILLS_PSYCHOLOGICAL_RECOVERY_bf298158_00028_f82d016f8835,Skills for Psychological Recovery,helping_skills,helping_skills_only,normal,P1,pending,,"Apps, Videos and More Mobile Apps Videos PTSD Treatment Decision Aid AboutFace Online Programs PTSDpubs PTSD Repository Our Publications Electronic Publications Print Materials Articles by Center Staff En Español Comprendiendo el TEPT Tratamiento de TEPT Obten"
VA_SKILLS_PSYCHOLOGICAL_RECOVERY,VA_SKILLS_PSYCHOLOGICAL_RECOVERY_bf298158_00029_fad5a1129434,Skills for Psychological Recovery,helping_skills,helping_skills_only,normal,P1,pending,,Our Publications Electronic Publications Print Materials Articles by Center Staff En Español Comprendiendo el TEPT Tratamiento de TEPT Obtenga Ayuda Familias y Amigos Recursos About Us Our Work Mission and Overview Operational Priorities Research Initiatives E
VA_SKILLS_PSYCHOLOGICAL_RECOVERY,VA_SKILLS_PSYCHOLOGICAL_RECOVERY_bf298158_00030_4bbabc77c9d3,Skills for Psychological Recovery,helping_skills,helping_skills_only,normal,P1,pending,,En Español Comprendiendo el TEPT Tratamiento de TEPT Obtenga Ayuda Familias y Amigos Recursos About Us Our Work Mission and Overview Operational Priorities Research Initiatives Education Initiatives Annual Reports History of the Center Divisions and Staff Lead
VA_SKILLS_PSYCHOLOGICAL_RECOVERY,VA_SKILLS_PSYCHOLOGICAL_RECOVERY_bf298158_00031_4a48f147e88f,Skills for Psychological Recovery,helping_skills,helping_skills_only,normal,P1,pending,,About Us Our Work Mission and Overview Operational Priorities Research Initiatives Education Initiatives Annual Reports History of the Center Divisions and Staff Leadership Executive Behavioral Science Clinical Neurosciences Dissemination & Training Evaluation
VA_SKILLS_PSYCHOLOGICAL_RECOVERY,VA_SKILLS_PSYCHOLOGICAL_RECOVERY_bf298158_00032_9ca5b0898b5c,Skills for Psychological Recovery,helping_skills,helping_skills_only,normal,P1,pending,,Our Work Mission and Overview Operational Priorities Research Initiatives Education Initiatives Annual Reports History of the Center Divisions and Staff Leadership Executive Behavioral Science Clinical Neurosciences Dissemination & Training Evaluation Women's 
VA_SKILLS_PSYCHOLOGICAL_RECOVERY,VA_SKILLS_PSYCHOLOGICAL_RECOVERY_bf298158_00033_1e371221ade5,Skills for Psychological Recovery,helping_skills,helping_skills_only,normal,P1,pending,,Divisions and Staff Leadership Executive Behavioral Science Clinical Neurosciences Dissemination & Training Evaluation Women's Health Sciences Careers Media Inquiries Site Map
VA_SKILLS_PSYCHOLOGICAL_RECOVERY,VA_SKILLS_PSYCHOLOGICAL_RECOVERY_bf298158_00036_7fe45bd1298e,Skills for Psychological Recovery,helping_skills,helping_skills_only,normal,P1,pending,,More Health Care Veterans Health Administration Health Benefits Health Benefits Home Apply for VA Care Apply Online Veteran Eligibility Active Duty Families of Veterans Women Veterans Determine Costs Copays Means Test Health Insurance Make a Payment Community 
VA_SKILLS_PSYCHOLOGICAL_RECOVERY,VA_SKILLS_PSYCHOLOGICAL_RECOVERY_bf298158_00037_a8879b298f2f,Skills for Psychological Recovery,helping_skills,helping_skills_only,normal,P1,pending,,") Whole Health Program Locations Hospitals & Clinics Vet Centers Veterans Canteen Service (VCS) Research Research Home About VA Research Services Programs News, Events and Media Research Topics For Veterans For Researchers Research Oversight Special Groups Car"
VA_SKILLS_PSYCHOLOGICAL_RECOVERY,VA_SKILLS_PSYCHOLOGICAL_RECOVERY_bf298158_00039_61710ab41750,Skills for Psychological Recovery,helping_skills,helping_skills_only,normal,P1,pending,,Health Benefits Health Benefits Home Apply for VA Care Apply Online Veteran Eligibility Active Duty Families of Veterans Women Veterans Determine Costs Copays Means Test Health Insurance Make a Payment Community Care Community Care Home For Veterans For Provid
VA_SKILLS_PSYCHOLOGICAL_RECOVERY,VA_SKILLS_PSYCHOLOGICAL_RECOVERY_bf298158_00040_dd6313faafc2,Skills for Psychological Recovery,helping_skills,helping_skills_only,normal,P1,pending,,Apply for VA Care Apply Online Veteran Eligibility Active Duty Families of Veterans Women Veterans
VA_SKILLS_PSYCHOLOGICAL_RECOVERY,VA_SKILLS_PSYCHOLOGICAL_RECOVERY_bf298158_00042_ff78c2fbf80a,Skills for Psychological Recovery,helping_skills,helping_skills_only,normal,P1,pending,,Community Care Community Care Home For Veterans For Providers Forms & Publications
VA_SKILLS_PSYCHOLOGICAL_RECOVERY,VA_SKILLS_PSYCHOLOGICAL_RECOVERY_bf298158_00043_a7ba7a9c24b7,Skills for Psychological Recovery,helping_skills,helping_skills_only,normal,P1,pending,,Forms & Publications Affordable Care Act Overview Veterans Enrolled in VA Health Care Veterans Not Enrolled in VA Health Care Family Members Frequently Asked Questions
VA_SKILLS_PSYCHOLOGICAL_RECOVERY,VA_SKILLS_PSYCHOLOGICAL_RECOVERY_bf298158_00045_fbfea1d649df,Skills for Psychological Recovery,helping_skills,helping_skills_only,normal,P1,pending,,Conditions & Treatments See All Conditions & Treatments (A-Z) Hepatitis HIV Mental Health Mental Health Home Suicide Prevention Substance Abuse Military Sexual Trauma PTSD Research (MIRECC) Military Exposures Polytrauma Rehabilitation Spinal Cord Injury Telehe
VA_SKILLS_PSYCHOLOGICAL_RECOVERY,VA_SKILLS_PSYCHOLOGICAL_RECOVERY_bf298158_00046_76c797e2309b,Skills for Psychological Recovery,helping_skills,helping_skills_only,normal,P1,pending,,Mental Health Mental Health Home Suicide Prevention Substance Abuse Military Sexual Trauma PTSD Research (MIRECC)
VA_SKILLS_PSYCHOLOGICAL_RECOVERY,VA_SKILLS_PSYCHOLOGICAL_RECOVERY_bf298158_00048_a8bdc5b77e9c,Skills for Psychological Recovery,helping_skills,helping_skills_only,normal,P1,pending,,Wellness Programs MyHealtheVet Nutrition Quitting Smoking Vaccines & Immunizations Flu Vaccination Prevention / Wellness Public Health Weight Management (MOVE!) Whole Health Program
VA_SKILLS_PSYCHOLOGICAL_RECOVERY,VA_SKILLS_PSYCHOLOGICAL_RECOVERY_bf298158_00052_22b5d38da223,Skills for Psychological Recovery,helping_skills,helping_skills_only,normal,P1,pending,,Locations Hospitals & Clinics Vet Centers Veterans Canteen Service (VCS) Hospitals & Clinics
VA_SKILLS_PSYCHOLOGICAL_RECOVERY,VA_SKILLS_PSYCHOLOGICAL_RECOVERY_bf298158_00053_00472147b0c3,Skills for Psychological Recovery,helping_skills,helping_skills_only,normal,P1,pending,,"Veterans Canteen Service (VCS) Research Research Home About VA Research Services Programs News, Events and Media Research Topics For Veterans For Researchers Research Oversight"
VA_SKILLS_PSYCHOLOGICAL_RECOVERY,VA_SKILLS_PSYCHOLOGICAL_RECOVERY_bf298158_00055_59fd3c699e40,Skills for Psychological Recovery,helping_skills,helping_skills_only,normal,P1,pending,,Special Groups Caregivers Combat Veterans & their Families Readjustment Counseling (Vet Centers) War Related Illness & Injury Study Center Homeless Veterans Returning Service Members Rural Veterans Seniors & Aging Veterans Volunteers Women Veterans
VA_SKILLS_PSYCHOLOGICAL_RECOVERY,VA_SKILLS_PSYCHOLOGICAL_RECOVERY_bf298158_00056_5c8ed388114a,Skills for Psychological Recovery,helping_skills,helping_skills_only,normal,P1,pending,,Combat Veterans & their Families Readjustment Counseling (Vet Centers) War Related Illness & Injury Study Center Readjustment Counseling (Vet Centers) War Related Illness & Injury Study Center
VA_SKILLS_PSYCHOLOGICAL_RECOVERY,VA_SKILLS_PSYCHOLOGICAL_RECOVERY_bf298158_00058_d5d80270cfc8,Skills for Psychological Recovery,helping_skills,helping_skills_only,normal,P1,pending,,"Careers, Job Help & Training Find a Job with VA Health Care Jobs (VA Careers) Travel Nurses Get Job Help Vets in the Workplace VA for Vets Performance Based Interviewing Clinical Trainees (Academic Affiliations) Employees & Contractors Talent Management System"
VA_SKILLS_PSYCHOLOGICAL_RECOVERY,VA_SKILLS_PSYCHOLOGICAL_RECOVERY_bf298158_00060_5c0c83cca836,Skills for Psychological Recovery,helping_skills,helping_skills_only,normal,P1,pending,,Performance Based Interviewing Clinical Trainees (Academic Affiliations) Employees & Contractors Talent Management System (TMS) VA Learning University (VALU) SimLearn Libraries (VALNET) Talent Management System (TMS) VA Learning University (VALU)
VA_SKILLS_PSYCHOLOGICAL_RECOVERY,VA_SKILLS_PSYCHOLOGICAL_RECOVERY_bf298158_00061_dde0ab978196,Skills for Psychological Recovery,helping_skills,helping_skills_only,normal,P1,pending,,Libraries (VALNET) VA Software Documentation Library (VDL) About VHA Learn about VHA Forms & Publications Quality & Safety Access and Quality Data Ethics VA/DOD Clinical Practice Guidelines Medical Inspector Patient Safety Organizations Administrative Clinical
VA_SKILLS_PSYCHOLOGICAL_RECOVERY,VA_SKILLS_PSYCHOLOGICAL_RECOVERY_bf298158_00062_140ee1e6bfa6,Skills for Psychological Recovery,helping_skills,helping_skills_only,normal,P1,pending,,Forms & Publications Quality & Safety Access and Quality Data Ethics VA/DOD Clinical Practice Guidelines Medical Inspector Patient Safety
VA_SKILLS_PSYCHOLOGICAL_RECOVERY,VA_SKILLS_PSYCHOLOGICAL_RECOVERY_bf298158_00069_03bb1ae9e38f,Skills for Psychological Recovery,helping_skills,helping_skills_only,normal,P1,pending,,"Trauma, PTSD and Treatment Web Articles Veterans Crisis Line: Call: 988 and (Select 1)"
VA_SKILLS_PSYCHOLOGICAL_RECOVERY,VA_SKILLS_PSYCHOLOGICAL_RECOVERY_bf298158_00075_06001fabc56f,Skills for Psychological Recovery,helping_skills,helping_skills_only,normal,P1,pending,,"Veterans Health Administration Veterans Benefits Administration National Cemetery Administration U.S. Department of Veterans Affairs | 810 Vermont Avenue, NW Washington DC 20420 Last updated May 5, 2026 Get help from Veterans Crisis Line Call 988 (Press 1)"
VA_SKILLS_PSYCHOLOGICAL_RECOVERY,VA_SKILLS_PSYCHOLOGICAL_RECOVERY_bf298158_00076_29d6eb5f6202,Skills for Psychological Recovery,helping_skills,helping_skills_only,normal,P1,pending,,"Call TTY if you have hearing loss 1-800-799-4889 If you are in crisis or having thoughts of suicide, visit VeteransCrisisLine.net for more resources."
WHO_EASE_TRAINING_2025,WHO_EASE_TRAINING_2025_94db652c_00005_8e50e90ef200,Early Adolescent Skills for Emotions (EASE): training manual,helping_skills,helping_skills_only,normal,P1,pending,,"The mention of specific companies or of certain manufacturers’ products does not imply that they are endorsed or recommended by WHO or UNICEF in preference to others of a similar nature that are not mentioned. Errors and omissions excepted, the names of propri"
WHO_EASE_TRAINING_2025,WHO_EASE_TRAINING_2025_94db652c_00012_29cac6ad2cc3,Early Adolescent Skills for Emotions (EASE): training manual,helping_skills,helping_skills_only,normal,P1,pending,,"v Acknowledgements Project coordination and management Aiysha Malik coordinated the development of this manual with guidance from Mark van Ommeren (WHO headquarters, Geneva, Switzerland). Writing (with affiliation at time of contribution) This training manual "
WHO_EASE_TRAINING_2025,WHO_EASE_TRAINING_2025_94db652c_00013_487b52d10eef,Early Adolescent Skills for Emotions (EASE): training manual,helping_skills,helping_skills_only,normal,P1,pending,,"It was based on two earlier versions: (a) the randomized controlled trial version (prepared by Katie Dawson (University of New South Wales, Sydney, Australia), Aiysha Malik, and Sarah Watts (WHO headquarters, Geneva, Switzerland)) and (b) a pilot test version "
WHO_EASE_TRAINING_2025,WHO_EASE_TRAINING_2025_94db652c_00014_dd239d8c8072,Early Adolescent Skills for Emotions (EASE): training manual,helping_skills,helping_skills_only,normal,P1,pending,,"External contributors and reviewers (alphabetical, with affiliation at time of contribution) Abeer Albeik (Institute for Family Health, Amman, Jordan), Andrea V."
WHO_EASE_TRAINING_2025,WHO_EASE_TRAINING_2025_94db652c_00015_75925f62fb74,Early Adolescent Skills for Emotions (EASE): training manual,helping_skills,helping_skills_only,normal,P1,pending,,"Armijos Navarro (Hebrew Immigrant Aid Society, Quito, Ecuador), Maria Bray (Terre des Hommes, Lausanne, Switzerland), Jane Rachell Cari (World Vision International, Davao, Philippines), Lina Darras (War Child, Amman, Jordan), Maha Ghatasheh (Institute for Fami"
WHO_EASE_TRAINING_2025,WHO_EASE_TRAINING_2025_94db652c_00016_9d53ed4dd7a4,Early Adolescent Skills for Emotions (EASE): training manual,helping_skills,helping_skills_only,normal,P1,pending,,Testing (alphabetical by country) The following organizations supported the development of EASE through testing. In Jordan: Noor Al Hussein Foundation Institute for Family Health and the University of New South Wales. In Lebanon: War Child Alliance. In Pakista
WHO_EASE_TRAINING_2025,WHO_EASE_TRAINING_2025_94db652c_00017_af8119f1873e,Early Adolescent Skills for Emotions (EASE): training manual,helping_skills,helping_skills_only,normal,P1,pending,,Research for Health in Humanitarian Crises (R2HC) of Enhancing Learning and Research for Humanitarian Assistance (ELRHA) funded the testing of EASE in Jordan. The European Commission (Horizon 2020) funded the testing of EASE in Lebanon. The Medical Research Co
WHO_EASE_TRAINING_2025,WHO_EASE_TRAINING_2025_94db652c_00018_102e12497c74,Early Adolescent Skills for Emotions (EASE): training manual,helping_skills,helping_skills_only,normal,P1,pending,,vii Acronyms and abbreviations CBT Cognitive behavioural therapy EASE Early Adolescent Skills for Emotions ENACT Enhancing Assessment of Common Therapeutic factors EQUIP Ensuring quality in psychosocial and mental health care GroupACT Group facilitation Assess
WHO_EASE_TRAINING_2025,WHO_EASE_TRAINING_2025_94db652c_00020_f2f3a4b1bf24,Early Adolescent Skills for Emotions (EASE): training manual,helping_skills,helping_skills_only,normal,P1,pending,,"Introduction 1.1 Introduction to this training manual Early Adolescent Skills for Emotions (EASE) is an evidence-based group psychological intervention (1) to help 10–15-year-olds affected by internalizing problems (e.g. symptoms of depression, anxiety and str"
WHO_EASE_TRAINING_2025,WHO_EASE_TRAINING_2025_94db652c_00021_97d1b4616502,Early Adolescent Skills for Emotions (EASE): training manual,helping_skills,helping_skills_only,normal,P1,pending,,"It has been tested in two randomized controlled trials in Jordan and Pakistan. In Jordan, EASE was delivered in community settings in Amman for the Syrian refugee community (2) while in Pakistan it was delivered in public schools of a rural subdistrict (3). Th"
WHO_EASE_TRAINING_2025,WHO_EASE_TRAINING_2025_94db652c_00022_351b0b0dec1a,Early Adolescent Skills for Emotions (EASE): training manual,helping_skills,helping_skills_only,normal,P1,pending,,Part A: Essential information 3 Structure of this manual This manual consists of five main parts: • Part A: Essential information This provides general information on EASE and on organizing the EASE training. • Part B: Training days This gives instructions for
WHO_EASE_TRAINING_2025,WHO_EASE_TRAINING_2025_94db652c_00025_525a1744b491,Early Adolescent Skills for Emotions (EASE): training manual,helping_skills,helping_skills_only,normal,P1,pending,,"family violence, child labour, child marriage, substance use problems, out-of-school or other related concerns). • EASE supervisors and EASE helpers must be available to provide and receive routine supportive supervision during in-field training (practice grou"
WHO_EASE_TRAINING_2025,WHO_EASE_TRAINING_2025_94db652c_00028_19897c67b03d,Early Adolescent Skills for Emotions (EASE): training manual,helping_skills,helping_skills_only,normal,P1,pending,,"In-field training is required. Knowing the theory of EASE does not make someone skilled in delivering it. Supervised practice strengthens helpers’ knowledge of and skills in EASE and is essential to build the necessary confidence. Following classroom training,"
WHO_EASE_TRAINING_2025,WHO_EASE_TRAINING_2025_94db652c_00029_6fc47dc5d64a,Early Adolescent Skills for Emotions (EASE): training manual,helping_skills,helping_skills_only,normal,P1,pending,,"mental health professionals): EASE was developed to be delivered by trained, non-specialist helpers, but individuals with previous experience of providing other psychological or mental health interventions can also learn to run EASE groups. Such individuals sh"
WHO_EASE_TRAINING_2025,WHO_EASE_TRAINING_2025_94db652c_00032_247abf1d577b,Early Adolescent Skills for Emotions (EASE): training manual,helping_skills,helping_skills_only,normal,P1,pending,,"Box 3. Supervision Supervision is essential to ensure adherence to EASE, maintain the quality of the intervention and provide staff care to helpers. After classroom and in-field training has been completed successfully, EASE must be implemented under routine s"
WHO_EASE_TRAINING_2025,WHO_EASE_TRAINING_2025_94db652c_00033_1b727b998d9f,Early Adolescent Skills for Emotions (EASE): training manual,helping_skills,helping_skills_only,normal,P1,pending,,"• If resources allow individual supervision through one-to-one meetings between supervisors and helpers is preferable for the first month (as well as, or instead of, group supervision). • Supervisors should be available to helpers outside of supervision meetin"
WHO_EASE_TRAINING_2025,WHO_EASE_TRAINING_2025_94db652c_00037_962ddfe08a45,Early Adolescent Skills for Emotions (EASE): training manual,helping_skills,helping_skills_only,normal,P1,pending,,1.4 EASE supervisors Helpers running EASE groups should receive routine supervision as well as on-demand support (e.g. if they require urgent supervision regarding a participant’s safety). Weekly supervision will comprise discussing the progress of participant
WHO_EASE_TRAINING_2025,WHO_EASE_TRAINING_2025_94db652c_00038_8a1771263269,Early Adolescent Skills for Emotions (EASE): training manual,helping_skills,helping_skills_only,normal,P1,pending,,◦ Supervisors who do not have a mental health background should have experience of running EASE groups and should be supervised by a mental health professional. Extra training day for supervisors The extra training day for supervisors is included at the end of
WHO_EASE_TRAINING_2025,WHO_EASE_TRAINING_2025_94db652c_00041_58abb4fb9717,Early Adolescent Skills for Emotions (EASE): training manual,helping_skills,helping_skills_only,normal,P1,pending,,"Rather than viewing competency as something that can be achieved, we recognize that a person’s competency continually evolves and is something to be maintained and continuously developed through assessment and support, including after training, through ongoing"
WHO_EASE_TRAINING_2025,WHO_EASE_TRAINING_2025_94db652c_00042_44de2a6641a4,Early Adolescent Skills for Emotions (EASE): training manual,helping_skills,helping_skills_only,normal,P1,pending,,"Box 4. Competencies related to the adolescent and caregiver sessions Competencies related to the adolescent sessions: • rapport & relationship building • empathy, warmth & genuineness • safe identification of child abuse, exploitation, neglect, violence, & sel"
WHO_EASE_TRAINING_2025,WHO_EASE_TRAINING_2025_94db652c_00043_adf7731c8c2a,Early Adolescent Skills for Emotions (EASE): training manual,helping_skills,helping_skills_only,normal,P1,pending,,"• During classroom training: ◦ Trainers should use the EASE competency assessment throughout the training, during trainee facilitation practices, and as a tool to provide feedback. The instructions for leading facilitation practice in Annex 2 provide further d"
WHO_EASE_TRAINING_2025,WHO_EASE_TRAINING_2025_94db652c_00049_028a43bd2f96,Early Adolescent Skills for Emotions (EASE): training manual,helping_skills,helping_skills_only,normal,P1,pending,,Figure 1. Competency scoring and criteria for each level 9. NO N -V E R B A L CO MMUNI C AT IO N & ACTIVE LISTENING C h e c k a l l b e h a v i o u r s t hat a r e d e m o n s t r a t e d i n e a c h c a t e g o r y . U n help fu l or po te n tia lly h arm fu 
WHO_EASE_TRAINING_2025,WHO_EASE_TRAINING_2025_94db652c_00050_0b212d80352c,Early Adolescent Skills for Emotions (EASE): training manual,helping_skills,helping_skills_only,normal,P1,pending,,", a n s w e r s m o b i l e , c o m p l et e s p a p e r w o r k ) /uni2610L a u gh s a t c l i e n t /uni2610U s e s i n a p p r o p r i a t e f ac i a l e x p r e s s i o n s /uni2610I n a ppr o p r i a t e p h y sic a l c o n t a c t /uni2610A l l o w s f o"
WHO_EASE_TRAINING_2025,WHO_EASE_TRAINING_2025_94db652c_00051_b783356f3891,Early Adolescent Skills for Emotions (EASE): training manual,helping_skills,helping_skills_only,normal,P1,pending,,"Feedback is central to EASE competency assessments (see Training form 4. EASE competency assessment). To be useful, feedback must provide specific, supportive and personalized information on a trainee’s performance or progress so that trainees can improve and "
WHO_EASE_TRAINING_2025,WHO_EASE_TRAINING_2025_94db652c_00053_a7b4f1869f28,Early Adolescent Skills for Emotions (EASE): training manual,helping_skills,helping_skills_only,normal,P1,pending,,Part A: Essential information 13 How to use this manual 2.1 How to use this manual Training schedule Section 2.5 provides an overview of the full training programme. A day-to-day schedule is provided in Part B of this training manual. Complete the classroom tr
WHO_EASE_TRAINING_2025,WHO_EASE_TRAINING_2025_94db652c_00057_8189a15811d6,Early Adolescent Skills for Emotions (EASE): training manual,helping_skills,helping_skills_only,normal,P1,pending,,"They should try to pretend to forget what they know about EASE. On the other hand, they should also not be too difficult for their helper. This can be frustrating and may interfere with their learning. Box 7. Facilitation practice Throughout the training, trai"
WHO_EASE_TRAINING_2025,WHO_EASE_TRAINING_2025_94db652c_00062_bccc34ef800e,Early Adolescent Skills for Emotions (EASE): training manual,helping_skills,helping_skills_only,normal,P1,pending,,"For instance, members of one group will find each other because they all have an EASE skill on their note; members of another group will find each other because they all have principles of giving constructive feedback; members of another group will find each o"
WHO_EASE_TRAINING_2025,WHO_EASE_TRAINING_2025_94db652c_00063_54c91dc27816,Early Adolescent Skills for Emotions (EASE): training manual,helping_skills,helping_skills_only,normal,P1,pending,,"EASE materials As described in detail in the EASE intervention manual, EASE is delivered to groups of participants (i.e. adolescents and caregivers) by trained and supervised helpers. In addition to the intervention manual, the helpers will use other materials"
WHO_EASE_TRAINING_2025,WHO_EASE_TRAINING_2025_94db652c_00073_d981c253456d,Early Adolescent Skills for Emotions (EASE): training manual,helping_skills,helping_skills_only,normal,P1,pending,,"Key topics covered Day Morning Afternoon 1 Welcome and introduction Adolescent mental health Overview of EASE structure, materials and training methods Communication and group management skills 2 Basic helping skills Basic helping skills EASE competency assess"
WHO_EASE_TRAINING_2025,WHO_EASE_TRAINING_2025_94db652c_00075_68b6e0fbcccd,Early Adolescent Skills for Emotions (EASE): training manual,helping_skills,helping_skills_only,normal,P1,pending,,Day 1: Introduction to EASE Day 1. Learning objectives: 1. Understand the overall training structure. 2. Become familiar with the EASE materials. 3. Understand causes of and reactions to problems. 4. Understand the training methods and know how to provide help
WHO_EASE_TRAINING_2025,WHO_EASE_TRAINING_2025_94db652c_00080_986e50167536,Early Adolescent Skills for Emotions (EASE): training manual,helping_skills,helping_skills_only,normal,P1,pending,,"The two partners should talk and find three things they have in common. After 5 minutes they will be asked to introduce their partner – name, background, and any other personal information they wish (e.g. country of origin, hobbies/interests, etc.). Each perso"
WHO_EASE_TRAINING_2025,WHO_EASE_TRAINING_2025_94db652c_00081_a98e4c91a788,Early Adolescent Skills for Emotions (EASE): training manual,helping_skills,helping_skills_only,normal,P1,pending,,Explain the purpose of the training: • To acquire the necessary skills and knowledge to be able to deliver the EASE intervention competently to young adolescents and their caregivers. 1.2.2 Review training (10 minutes) 1. Draw the training format on a flipchar
WHO_EASE_TRAINING_2025,WHO_EASE_TRAINING_2025_94db652c_00085_5260171ece2f,Early Adolescent Skills for Emotions (EASE): training manual,helping_skills,helping_skills_only,normal,P1,pending,,"◦ During in-field training, individual supervision through one-on-one meetings between supervisors and helpers is preferable (either alongside or instead of group supervision). If individual supervision is not feasible due to resource constraints, extend group"
WHO_EASE_TRAINING_2025,WHO_EASE_TRAINING_2025_94db652c_00089_f58a7507550b,Early Adolescent Skills for Emotions (EASE): training manual,helping_skills,helping_skills_only,normal,P1,pending,,"◦ Let them know that they will be learning a lot from each other during the training, and that we will respect the experience and knowledge of what everyone brings, even if this experience and knowledge is different from our own. • Commitment to being an activ"
WHO_EASE_TRAINING_2025,WHO_EASE_TRAINING_2025_94db652c_00090_3caaae858a08,Early Adolescent Skills for Emotions (EASE): training manual,helping_skills,helping_skills_only,normal,P1,pending,,"Part B: Training days 29 • Trainees must ensure that they attend all the training days. ◦ Explain that you understand that there might be circumstances where this is not possible (e.g. a family emergency). ◦ If a trainee misses too much of the training, or an "
WHO_EASE_TRAINING_2025,WHO_EASE_TRAINING_2025_94db652c_00091_eb78af8eb17e,Early Adolescent Skills for Emotions (EASE): training manual,helping_skills,helping_skills_only,normal,P1,pending,,To understand the structure and materials used in EASE 30 minutes • EASE intervention • EASE storybook • EASE workbook • EASE posters • EASE caregiver handouts 1.3.1 Introduction to EASE 1. Present the following key points about EASE: • EASE is a group interve
WHO_EASE_TRAINING_2025,WHO_EASE_TRAINING_2025_94db652c_00092_09e8c7387773,Early Adolescent Skills for Emotions (EASE): training manual,helping_skills,helping_skills_only,normal,P1,pending,,"• In short, the EASE pre-intervention assessment consists of questionnaires for the adolescent and questionnaires for the caregivers. Based on both their answers, we will be able to tell if EASE might be suitable for the adolescent, and/or whether there is a n"
WHO_EASE_TRAINING_2025,WHO_EASE_TRAINING_2025_94db652c_00093_36e8e03cc9d8,Early Adolescent Skills for Emotions (EASE): training manual,helping_skills,helping_skills_only,normal,P1,pending,,"• EASE does not address externalizing problems (e.g. severely oppositional or hyperactive behaviours, etc.), psychosis, neurodevelopmental difficulties, intellectual disabilities or imminent suicide risk. When adolescents report or display such problems in the"
WHO_EASE_TRAINING_2025,WHO_EASE_TRAINING_2025_94db652c_00094_0e70755b0b45,Early Adolescent Skills for Emotions (EASE): training manual,helping_skills,helping_skills_only,normal,P1,pending,,• The first two scientific studies on EASE found that EASE was well received and effective in reducing internalizing problems. One study was completed in Pakistan and another was completed with Syrian refugees in Jordan. • Research participants’ experiences we
WHO_EASE_TRAINING_2025,WHO_EASE_TRAINING_2025_94db652c_00096_b8d2c455c7a0,Early Adolescent Skills for Emotions (EASE): training manual,helping_skills,helping_skills_only,normal,P1,pending,,"Part B: Training days 31 Session Skill Content 1 Understanding My This skill is about adolescents learning to identify their own feelings. The better they are at identifying their feelings, the better they will be at choosing a skill to manage each feeling. 2 "
WHO_EASE_TRAINING_2025,WHO_EASE_TRAINING_2025_94db652c_00097_6609559f3f1c,Early Adolescent Skills for Emotions (EASE): training manual,helping_skills,helping_skills_only,normal,P1,pending,,1.3.3 Introduction to the caregiver sessions 1. Caregiver sessions aim to teach caregivers skills to help improve the caregivers’ ability to support their child. 2. There are three sessions of approximately 90 minutes duration. • The sessions can be scheduled 
WHO_EASE_TRAINING_2025,WHO_EASE_TRAINING_2025_94db652c_00098_456960aacd6d,Early Adolescent Skills for Emotions (EASE): training manual,helping_skills,helping_skills_only,normal,P1,pending,,"It is not recommended that older siblings attend the caregiver sessions. If you have an adolescent without a caregiver (e.g. an unaccompanied minor), adolescents can still attend the adolescent sessions. In addition, it is strongly advised that the spouse of a"
WHO_EASE_TRAINING_2025,WHO_EASE_TRAINING_2025_94db652c_00099_a53cf060824d,Early Adolescent Skills for Emotions (EASE): training manual,helping_skills,helping_skills_only,normal,P1,pending,,"may be necessary to arrange care for other children (e.g. by setting up a safe supervised play area) to ensure that caregivers can attend. Alternatively, caregivers with babies under two years old may need to keep their children with them. In these circumstanc"
WHO_EASE_TRAINING_2025,WHO_EASE_TRAINING_2025_94db652c_00100_f0972fdd89fa,Early Adolescent Skills for Emotions (EASE): training manual,helping_skills,helping_skills_only,normal,P1,pending,,Session Skill Content 1 Understanding big feelings Caregivers will learn about identifying feelings in their adolescents and will learn to calm their own bodies using Slow Breathing. 2 The power of praise Caregivers will learn skills to improve their interacti
WHO_EASE_TRAINING_2025,WHO_EASE_TRAINING_2025_94db652c_00102_59310ad65b1f,Early Adolescent Skills for Emotions (EASE): training manual,helping_skills,helping_skills_only,normal,P1,pending,,Part B: Training days 33 1.3.6 Introduction to the storybook 1. Explain that helpers will read sections of the story in the adolescent sessions (the EASE intervention manual identifies which texts are to be read and which pictures are to be shown). • To demons
WHO_EASE_TRAINING_2025,WHO_EASE_TRAINING_2025_94db652c_00103_20eaf2655f82,Early Adolescent Skills for Emotions (EASE): training manual,helping_skills,helping_skills_only,normal,P1,pending,,The story is a way of conveying important messages about each skill and how to apply them to one’s life. It also seeks to normalize both the problems adolescents are experiencing and the challenges related to the intervention (e.g. forgetting to do home practi
WHO_EASE_TRAINING_2025,WHO_EASE_TRAINING_2025_94db652c_00104_4992b15913f6,Early Adolescent Skills for Emotions (EASE): training manual,helping_skills,helping_skills_only,normal,P1,pending,,It is important to emphasize that adolescents should bring their workbooks with them to each session. You may need to give adolescents the option of leaving the workbooks with the helper to prevent them from being lost. 3. Helpers might need to read aloud part
WHO_EASE_TRAINING_2025,WHO_EASE_TRAINING_2025_94db652c_00108_f7ea3c447905,Early Adolescent Skills for Emotions (EASE): training manual,helping_skills,helping_skills_only,normal,P1,pending,,"• Family environment: violence in the family, harsh parenting practices, withdrawn or neglectful parenting, beliefs/customs that have negative impact on emotional well-being, missing parents, bereavement, family literacy/education level (can increase parental "
WHO_EASE_TRAINING_2025,WHO_EASE_TRAINING_2025_94db652c_00109_4699a9e235ae,Early Adolescent Skills for Emotions (EASE): training manual,helping_skills,helping_skills_only,normal,P1,pending,,"• Peer and social factors: problems at school, problems with peers or being bullied, difficulties making friends, pressure to conform with peers and exploration of identity, media influences, increased need for independence from family, gender norms, and relat"
WHO_EASE_TRAINING_2025,WHO_EASE_TRAINING_2025_94db652c_00111_093e4888b106,Early Adolescent Skills for Emotions (EASE): training manual,helping_skills,helping_skills_only,normal,P1,pending,,"Part B: Training days 37 Training activity 1.5: Adolescent reactions to problems To understand common reactions to problems in 50 minutes Flipchart paper and 1.5.1 Introduce adolescent reactions to problems (20 minutes) 1. On a flipchart, draw a line down the "
WHO_EASE_TRAINING_2025,WHO_EASE_TRAINING_2025_94db652c_00113_52f1476cc9e7,Early Adolescent Skills for Emotions (EASE): training manual,helping_skills,helping_skills_only,normal,P1,pending,,"Box 9. Examples of external and internal reactions External reactions: Internal reactions: • Reactions that are external and that others can see, e.g. through behaviour and interaction with others. • Some people with external reactions find it hard to control "
WHO_EASE_TRAINING_2025,WHO_EASE_TRAINING_2025_94db652c_00114_ba7d60368225,Early Adolescent Skills for Emotions (EASE): training manual,helping_skills,helping_skills_only,normal,P1,pending,,"physical sensations or feelings). • Examples of internal reactions are social withdrawal, sadness, fear, disliking yourself, loss of interest in things. • A person with these internal reactions may seem “more quiet” than other children; other persons might not"
WHO_EASE_TRAINING_2025,WHO_EASE_TRAINING_2025_94db652c_00115_6b6bf9a61b09,Early Adolescent Skills for Emotions (EASE): training manual,helping_skills,helping_skills_only,normal,P1,pending,,"• Their caregivers have decided their reactions are significantly interfering with their child’s life or family. • The adolescent feels very distressed, upset or unhappy for longer than would be expected, i.e. it is normal to be distressed after a challenging "
WHO_EASE_TRAINING_2025,WHO_EASE_TRAINING_2025_94db652c_00117_8ca400cb5114,Early Adolescent Skills for Emotions (EASE): training manual,helping_skills,helping_skills_only,normal,P1,pending,,Say that we will now talk a bit more about internalizing reactions (point at the right column of the flipchart). 2. Explain that these reactions are common. Most children and adults experience internalizing reactions from time to time. These become a concern w
WHO_EASE_TRAINING_2025,WHO_EASE_TRAINING_2025_94db652c_00118_f5cb8803a0d7,Early Adolescent Skills for Emotions (EASE): training manual,helping_skills,helping_skills_only,normal,P1,pending,,"However, it is helpful for helpers to understand the presentation of internalizing reactions. 3. On a large flipchart, draw four columns with the following headings: Thoughts, Feelings (or Emotions), Physical sensations, and Behaviours (or Actions) and explain"
WHO_EASE_TRAINING_2025,WHO_EASE_TRAINING_2025_94db652c_00128_2c93971e753e,Early Adolescent Skills for Emotions (EASE): training manual,helping_skills,helping_skills_only,normal,P1,pending,,1.7.2 Explanation of competency-based training (10 minutes) 1. Share copies of Training form 4. EASE competency assessment with the trainees. • Explain that the EASE competency assessment will be used by trainers during facilitation practice to help structure 
WHO_EASE_TRAINING_2025,WHO_EASE_TRAINING_2025_94db652c_00131_da7a0b20fb2f,Early Adolescent Skills for Emotions (EASE): training manual,helping_skills,helping_skills_only,normal,P1,pending,,Part B: Training days 45 Training activity 1.8: Role of an EASE helper To define the roles and responsibilities of an EASE helper 20 minutes Flipchart paper and 1. Lead a group discussion on the following two questions: 1) “What are important characteristics a
WHO_EASE_TRAINING_2025,WHO_EASE_TRAINING_2025_94db652c_00134_2585cd4834dd,Early Adolescent Skills for Emotions (EASE): training manual,helping_skills,helping_skills_only,normal,P1,pending,,"• Utilize active listening skills (this skill will be discussed in more detail on Day 2). • Talk with and not at an adolescent (e.g. instead of saying “You are feeling misunderstood,” say “It sounds like you felt misunderstood in that situation. Is that right?"
WHO_EASE_TRAINING_2025,WHO_EASE_TRAINING_2025_94db652c_00135_8073731ef33e,Early Adolescent Skills for Emotions (EASE): training manual,helping_skills,helping_skills_only,normal,P1,pending,,"while a 10-year-old may benefit from using more pictures to explain the concepts, this may be perceived as too juvenile for a 15-year-old)."
WHO_EASE_TRAINING_2025,WHO_EASE_TRAINING_2025_94db652c_00136_387c1f0f06b5,Early Adolescent Skills for Emotions (EASE): training manual,helping_skills,helping_skills_only,normal,P1,pending,,Part B: Training days 47 • Adjust activities (e.g. types of energizers or games) to suit the different interests of younger versus older adolescents. • Repeat information or practise the skills more with younger adolescents. 7. Say that you will continue to di
WHO_EASE_TRAINING_2025,WHO_EASE_TRAINING_2025_94db652c_00137_20d94a35dbad,Early Adolescent Skills for Emotions (EASE): training manual,helping_skills,helping_skills_only,normal,P1,pending,,"• It is important to consult with someone who specializes in adapting content to match the group’s literacy and educational levels and physical needs, if needed. “How would adolescents or caregivers with lower literacy or educational levels present in the grou"
WHO_EASE_TRAINING_2025,WHO_EASE_TRAINING_2025_94db652c_00138_8691241b2baf,Early Adolescent Skills for Emotions (EASE): training manual,helping_skills,helping_skills_only,normal,P1,pending,,• They may feel anxious about completing the activities in the session or their workbook (they may take longer to understand the concepts because of how these have been communicated; or they may not be able to read the text in the workbook).
WHO_EASE_TRAINING_2025,WHO_EASE_TRAINING_2025_94db652c_00139_b720aa46b5cd,Early Adolescent Skills for Emotions (EASE): training manual,helping_skills,helping_skills_only,normal,P1,pending,,• They may be more disruptive in the group. This is often done to hide their shame or anxiety about not understanding or it might be their way of expressing boredom or disinterest. 4. Then ask how you can adapt the session and/or material to participants who a
WHO_EASE_TRAINING_2025,WHO_EASE_TRAINING_2025_94db652c_00140_a2172b042185,Early Adolescent Skills for Emotions (EASE): training manual,helping_skills,helping_skills_only,normal,P1,pending,,• Anxious participants: ◦ Participants may be anxious about doing activities in the session: Helpers can use drawings to communicate any ideas or notes they make in the session rather than writing instructions. When adolescents are practicing EASE skills durin
WHO_EASE_TRAINING_2025,WHO_EASE_TRAINING_2025_94db652c_00141_8d643ada199a,Early Adolescent Skills for Emotions (EASE): training manual,helping_skills,helping_skills_only,normal,P1,pending,,"At the end of each session, when setting home practice, helpers can show participants the page in the workbook that they will be using and verbally explain it. • Disruptive participants: Helpers should be careful to be sensitive to these participants’ underlyi"
WHO_EASE_TRAINING_2025,WHO_EASE_TRAINING_2025_94db652c_00143_37ecffb5ca42,Early Adolescent Skills for Emotions (EASE): training manual,helping_skills,helping_skills_only,normal,P1,pending,,Training activity 1.11: Group management skills to improve group participation To learn different techniques to improve group participation 20 minutes Chapter 3. Basic 1. Tell the group you will now introduce two key communication skills for to improve group p
WHO_EASE_TRAINING_2025,WHO_EASE_TRAINING_2025_94db652c_00148_9b05123294b4,Early Adolescent Skills for Emotions (EASE): training manual,helping_skills,helping_skills_only,normal,P1,pending,,"Essentially, you are bouncing back the participant’s question to them or, even better, to the whole group. Your aim is to facilitate the learning of the whole group.” 6. Brainstorm some general bounce-back questions. Possible examples: • “What do you think? ” "
WHO_EASE_TRAINING_2025,WHO_EASE_TRAINING_2025_94db652c_00149_970452b4e383,Early Adolescent Skills for Emotions (EASE): training manual,helping_skills,helping_skills_only,normal,P1,pending,,Training activity 1.12: Ending • Review the learning objectives and make sure that all trainees are confident they have been met. • Encourage trainees to read Part A (except Chapter 4 on Assessment) of the EASE intervention manual. • Distribute Trainee handout
WHO_EASE_TRAINING_2025,WHO_EASE_TRAINING_2025_94db652c_00150_5c6448053654,Early Adolescent Skills for Emotions (EASE): training manual,helping_skills,helping_skills_only,normal,P1,pending,,Part B: Training days 53 Day 2: Basic helping skills and EASE competencies Day 2. Learning objectives: 1. Understand and be able to use basic helping skills. 2. Manage challenging group situations. 3. If this is a ToT: Learn how to use the EASE competency asse
WHO_EASE_TRAINING_2025,WHO_EASE_TRAINING_2025_94db652c_00151_2c5ca3a4505e,Early Adolescent Skills for Emotions (EASE): training manual,helping_skills,helping_skills_only,normal,P1,pending,,"Materials Link to 50 If this is a ToT: 2.3: Using the assessment and 85 2.4: Group management skills – dealing with challenging situations in groups Chapter 3, sections 3.4 (How to manage a group) and 3.6 (How to manage challenging group situations) 20 2.5: En"
WHO_EASE_TRAINING_2025,WHO_EASE_TRAINING_2025_94db652c_00154_2811d417bc4e,Early Adolescent Skills for Emotions (EASE): training manual,helping_skills,helping_skills_only,normal,P1,pending,,Basic helping skills include: • confidentiality • non-verbal skills • communicating concern (empathy) • praising openness • validating (normalizing) • putting aside your personal values (non-judgemental) • not giving direct advice.” 2. Explain that basic helpi
WHO_EASE_TRAINING_2025,WHO_EASE_TRAINING_2025_94db652c_00155_2e731b71ea06,Early Adolescent Skills for Emotions (EASE): training manual,helping_skills,helping_skills_only,normal,P1,pending,,Part B: Training days 57 4. Tell the group that you will now explain each of the seven basic helping skills. 2.2.2 Confidentiality (10 minutes) 1. Confidentiality is keeping everything an adolescent or caregiver tells you private. 2. Ask the group what confide
WHO_EASE_TRAINING_2025,WHO_EASE_TRAINING_2025_94db652c_00156_75820c595733,Early Adolescent Skills for Emotions (EASE): training manual,helping_skills,helping_skills_only,normal,P1,pending,,"They are another way of communicating concern. 3. Examples might include: • keeping culturally appropriate eye contact and space; • culturally appropriate movement of your head, such as nodding; • keeping your posture open (e.g. avoid crossing your arms and si"
WHO_EASE_TRAINING_2025,WHO_EASE_TRAINING_2025_94db652c_00157_f621179f604a,Early Adolescent Skills for Emotions (EASE): training manual,helping_skills,helping_skills_only,normal,P1,pending,,"The adolescent will only say one word repeatedly: “falafel, falafel, falafel...” • During the demonstration the helper demonstrates poor non-verbal skills, e.g. by looking at their watch, checking their phone, looking away from the other person). • Perform the"
WHO_EASE_TRAINING_2025,WHO_EASE_TRAINING_2025_94db652c_00158_c0ca0d8fd4fa,Early Adolescent Skills for Emotions (EASE): training manual,helping_skills,helping_skills_only,normal,P1,pending,,"2.2.4 Communicating concern (empathy) (30 minutes) 1. Introduce communicating concern (also called “empathy”) (10 minutes): • Try to understand, as best you can, adolescents’ and caregivers’ situations, including the emotions they are experiencing. • Our job i"
WHO_EASE_TRAINING_2025,WHO_EASE_TRAINING_2025_94db652c_00159_f35aaa898c58,Early Adolescent Skills for Emotions (EASE): training manual,helping_skills,helping_skills_only,normal,P1,pending,,"Or think about facial expressions, such as smiles, frowns and eyes opened wide with surprise. You may start making the same facial expressions without even thinking about it. One of the most important basic helping skills is being able to see and feel an exper"
WHO_EASE_TRAINING_2025,WHO_EASE_TRAINING_2025_94db652c_00161_c7cf8be1477f,Early Adolescent Skills for Emotions (EASE): training manual,helping_skills,helping_skills_only,normal,P1,pending,,"Part B: Training days 59 “Why do you think we should avoid saying: ‘I understand how you feel/I know how you feel’? [[Answer: Saying this statement might cause a negative reaction (especially if someone is angry) such as, ‘How can you know how I feel? ! ’]] ""A"
WHO_EASE_TRAINING_2025,WHO_EASE_TRAINING_2025_94db652c_00163_4736677c3947,Early Adolescent Skills for Emotions (EASE): training manual,helping_skills,helping_skills_only,normal,P1,pending,,"“In a rush, Clara eventually bought her ingredients and got home. She started cooking dinner but when she opened her grocery bag, she saw that the chicken wasn’t there and it was goat instead. Her friend Deepa does not eat goat. She threw the goat meat into th"
WHO_EASE_TRAINING_2025,WHO_EASE_TRAINING_2025_94db652c_00164_57ffbc800ac7,Early Adolescent Skills for Emotions (EASE): training manual,helping_skills,helping_skills_only,normal,P1,pending,,"embarrassed. Deepa said the same thing had happened to her a few weeks ago when she had planned a dinner party. Deepa said that a new dumpling [or refer to local food] shop had just opened nearby, which she’d be excited to try. Clara’s shoulders felt lighter a"
WHO_EASE_TRAINING_2025,WHO_EASE_TRAINING_2025_94db652c_00165_2e1d95623de7,Early Adolescent Skills for Emotions (EASE): training manual,helping_skills,helping_skills_only,normal,P1,pending,,"During EASE groups, you will also be observing participants, which can help you identify how they might be feeling on the basis of their body language, facial expressions and overall mood. You will not always be able to name the emotion(s) a participant is fee"
WHO_EASE_TRAINING_2025,WHO_EASE_TRAINING_2025_94db652c_00166_c243a4bc0856,Early Adolescent Skills for Emotions (EASE): training manual,helping_skills,helping_skills_only,normal,P1,pending,,Explain that you will now read an example of an adolescent telling the helper about difficulties they are having. 3. An adolescent tells the helper that they were unable to do their slow breathing home practice because it made them feel dizzy. • Response A: “T
WHO_EASE_TRAINING_2025,WHO_EASE_TRAINING_2025_94db652c_00167_bad3452d2089,Early Adolescent Skills for Emotions (EASE): training manual,helping_skills,helping_skills_only,normal,P1,pending,,Part B: Training days 61 • Response B: “Thank you so much for sharing with us that you have been unable to do Slow Breathing. I can see that you are really trying to practise. When you learn new skills there are often difficulties when practising them.” 4. Ask
WHO_EASE_TRAINING_2025,WHO_EASE_TRAINING_2025_94db652c_00168_865c7edeb91f,Early Adolescent Skills for Emotions (EASE): training manual,helping_skills,helping_skills_only,normal,P1,pending,,"If time allows, share other examples of praising openness with the group: • “Thank you for telling that to me.” • “You were very courageous in sharing those intimate feelings with me.” • ""Although it may have been hard to talk about that with me, I think it wi"
WHO_EASE_TRAINING_2025,WHO_EASE_TRAINING_2025_94db652c_00169_5aa1fa664ee3,Early Adolescent Skills for Emotions (EASE): training manual,helping_skills,helping_skills_only,normal,P1,pending,,"They may also think that talking about emotions or personal problems is a sign that they are becoming ill, going crazy or that they are weak. 5. Some adolescents and caregivers might even blame themselves for how they feel. 6. It is important that throughout t"
WHO_EASE_TRAINING_2025,WHO_EASE_TRAINING_2025_94db652c_00172_40cb0d94db1a,Early Adolescent Skills for Emotions (EASE): training manual,helping_skills,helping_skills_only,normal,P1,pending,,Part B: Training days 63 3. Common examples include (5 minutes): • religious or political beliefs; • value of education; • parenting styles or disciplinary techniques; • when a caregiver does or does not want to leave a marriage partner (e.g. in cases of domes
WHO_EASE_TRAINING_2025,WHO_EASE_TRAINING_2025_94db652c_00175_8e25953391e8,Early Adolescent Skills for Emotions (EASE): training manual,helping_skills,helping_skills_only,normal,P1,pending,,"• I am a young girl and I hope to become a doctor or teacher someday, but my parents want me to get married when I finish school. I wish I could rebel somehow and follow my dream. • I often drink alcohol with my friends, even though my parents don’t allow it. "
WHO_EASE_TRAINING_2025,WHO_EASE_TRAINING_2025_94db652c_00176_b16e53360f47,Early Adolescent Skills for Emotions (EASE): training manual,helping_skills,helping_skills_only,normal,P1,pending,,"not related to a specific statement) (10 minutes): “What would happen if you expressed judgement in (any of) these scenarios? "" [[Answers can be: It may make a participant more distressed or feel ashamed, or it will affect a participant’s trust in the helper.]"
WHO_EASE_TRAINING_2025,WHO_EASE_TRAINING_2025_94db652c_00177_39986ec54958,Early Adolescent Skills for Emotions (EASE): training manual,helping_skills,helping_skills_only,normal,P1,pending,,"Bring this up in supervision to discuss your feelings about the situation.]] ""If you feel that you are not able to provide the best support for this participant on the basis of a conflict of values, what should you do? ” [[Answers can be: Discuss the situation"
WHO_EASE_TRAINING_2025,WHO_EASE_TRAINING_2025_94db652c_00178_d7e94fe0e10a,Early Adolescent Skills for Emotions (EASE): training manual,helping_skills,helping_skills_only,normal,P1,pending,,"Part B: Training days 65 2.2.9 Not giving direct advice (35 minutes) 1. This is one of the most common challenges that helpers have. 2. The desire to assist another person by offering them direct advice about what to do, or not to do, to improve their situatio"
WHO_EASE_TRAINING_2025,WHO_EASE_TRAINING_2025_94db652c_00179_67729c286e34,Early Adolescent Skills for Emotions (EASE): training manual,helping_skills,helping_skills_only,normal,P1,pending,,"• You feel pressure to give advice (e.g. the adolescent or caregiver directly asks you what to do, or you feel as if you are being asked for advice, even when you are not asked directly). • EASE helpers believe they know what is best for the participant (often"
WHO_EASE_TRAINING_2025,WHO_EASE_TRAINING_2025_94db652c_00180_e54cd8d4036d,Early Adolescent Skills for Emotions (EASE): training manual,helping_skills,helping_skills_only,normal,P1,pending,,"They never learn how to make changes for themselves, or they may not gain internal motivation to make a change themselves. • The participant fails to learn strategies for future problem-solving and emotional coping."
WHO_EASE_TRAINING_2025,WHO_EASE_TRAINING_2025_94db652c_00181_e192a7e697c1,Early Adolescent Skills for Emotions (EASE): training manual,helping_skills,helping_skills_only,normal,P1,pending,,"7. Discuss risks for helpers when giving direct advice. “What are the risks to the EASE helpers if you give adolescents or caregivers direct advice? ” 8. Common risks include: • If the proposed solution creates more problems for the adolescent or caregiver, th"
WHO_EASE_TRAINING_2025,WHO_EASE_TRAINING_2025_94db652c_00183_d5e293a23a07,Early Adolescent Skills for Emotions (EASE): training manual,helping_skills,helping_skills_only,normal,P1,pending,,"• Ultimately, adolescents and caregivers will need to practise the skills on their own. 11. Ask the group how not to give direct advice: • Ideas include: ◦ Similar to how to put aside your personal values. ◦ Resist/refrain from giving direct advice. ◦ Become c"
WHO_EASE_TRAINING_2025,WHO_EASE_TRAINING_2025_94db652c_00188_e254dfec3bda,Early Adolescent Skills for Emotions (EASE): training manual,helping_skills,helping_skills_only,normal,P1,pending,,Training activity 2.3: Using the EASE competency assessment and providing feedback (for ToT only) to use competency assessments during 50 minutes Training form 4. *Please note this training activity is only for trainees becoming EASE trainers or supervisors (e
WHO_EASE_TRAINING_2025,WHO_EASE_TRAINING_2025_94db652c_00190_5c992b3b94f0,Early Adolescent Skills for Emotions (EASE): training manual,helping_skills,helping_skills_only,normal,P1,pending,,"Part B: Training days 69 4. Hand out the competency assessments for EASE (Training form 4. EASE competency assessment) and review the competencies (see also Box 10). 5. Highlight that there are two sets of competencies assessed during the EASE training, namely"
WHO_EASE_TRAINING_2025,WHO_EASE_TRAINING_2025_94db652c_00191_96b40bd42e91,Early Adolescent Skills for Emotions (EASE): training manual,helping_skills,helping_skills_only,normal,P1,pending,,"Competencies related to the caregiver sessions: • rapport building & self-disclosure • exploration & normalisation of feelings • demonstrate empathy, warmth & genuineness • explain & promote confidentiality • group participation."
WHO_EASE_TRAINING_2025,WHO_EASE_TRAINING_2025_94db652c_00192_71e459106a25,Early Adolescent Skills for Emotions (EASE): training manual,helping_skills,helping_skills_only,normal,P1,pending,,"6. Then, show the competency assessment tool. “Competency assessment tools are designed to record specific behaviours (unhelpful and helpful) grouped under different levels of competency rated 1 to 4. Level 1 indicates unhelpful or potentially harmful behaviou"
WHO_EASE_TRAINING_2025,WHO_EASE_TRAINING_2025_94db652c_00194_d2bbd89d04b4,Early Adolescent Skills for Emotions (EASE): training manual,helping_skills,helping_skills_only,normal,P1,pending,,"As the training progresses, trainees will be invited to take turns in practising the assessment of competencies during facilitation practice and giving feedback alongside the trainer. 10. Explain that you will now practise assessing the EASE competency “verbal"
WHO_EASE_TRAINING_2025,WHO_EASE_TRAINING_2025_94db652c_00198_fd30ed204863,Early Adolescent Skills for Emotions (EASE): training manual,helping_skills,helping_skills_only,normal,P1,pending,,Briefly review Box 11 to go over how the three feedback steps are used when giving feedback on competencies and fidelity.
WHO_EASE_TRAINING_2025,WHO_EASE_TRAINING_2025_94db652c_00203_ca5e1d35dedc,Early Adolescent Skills for Emotions (EASE): training manual,helping_skills,helping_skills_only,normal,P1,pending,,"“The success of the EASE intervention will rely on your skills in managing the group in adolescent and caregiver sessions.” 2. Helpers might be very effective in teaching the different skills to adolescents and caregivers, but if they cannot manage the group, "
WHO_EASE_TRAINING_2025,WHO_EASE_TRAINING_2025_94db652c_00204_9e6b877c9d7e,Early Adolescent Skills for Emotions (EASE): training manual,helping_skills,helping_skills_only,normal,P1,pending,,3. Point out that helpers will meet different people from various backgrounds and with different personalities in their groups. “What are some examples of participants’ differences that might require good management by the helper? Consider adolescent and careg
WHO_EASE_TRAINING_2025,WHO_EASE_TRAINING_2025_94db652c_00208_11e29da6cd35,Early Adolescent Skills for Emotions (EASE): training manual,helping_skills,helping_skills_only,normal,P1,pending,,Table 1. Case examples for challenging group situations Case example A: Keeping to time without cutting short valuable group discussion In your group you will discuss your favourite television programme. The facilitator will be asked to shift the discussion to
WHO_EASE_TRAINING_2025,WHO_EASE_TRAINING_2025_94db652c_00210_6148da88665c,Early Adolescent Skills for Emotions (EASE): training manual,helping_skills,helping_skills_only,normal,P1,pending,,Part B: Training days 77 Case example B: Managing dominant participants You will be discussing whether single-gender schools are better than mixed-gender schools. Half of the group should be in favour of single- gender schools and half of the group should be i
WHO_EASE_TRAINING_2025,WHO_EASE_TRAINING_2025_94db652c_00211_27da296cbd88,Early Adolescent Skills for Emotions (EASE): training manual,helping_skills,helping_skills_only,normal,P1,pending,,A dominant participant might force the group to manage their personal problems too. • Use basic helping skills when managing dominant participants. You may need to manage them in them in front of the group and talk to them on their own. • In front of the group
WHO_EASE_TRAINING_2025,WHO_EASE_TRAINING_2025_94db652c_00212_55e03a968064,Early Adolescent Skills for Emotions (EASE): training manual,helping_skills,helping_skills_only,normal,P1,pending,,"• If you talk to a dominant participant on their own during a break or at the end of a session, always use a positive approach (it is important to not criticize them in front of their peers): “You have been very engaged in the intervention which is good. But i"
WHO_EASE_TRAINING_2025,WHO_EASE_TRAINING_2025_94db652c_00213_e28c7145d604,Early Adolescent Skills for Emotions (EASE): training manual,helping_skills,helping_skills_only,normal,P1,pending,,"• Try to find out why the person is dominating and, once you know what the reasons are, try to help the participant and the group to manage these. Reasons may include that they do not like other participants from different backgrounds, they believe they need t"
WHO_EASE_TRAINING_2025,WHO_EASE_TRAINING_2025_94db652c_00214_e91821a89e68,Early Adolescent Skills for Emotions (EASE): training manual,helping_skills,helping_skills_only,normal,P1,pending,,They may nod their head to show they agree with the others but say nothing at all. Your role is to discuss with participants which EASE skill they like the most and to ensure that everyone participates and feels included. • Case examples are good for encouragi
WHO_EASE_TRAINING_2025,WHO_EASE_TRAINING_2025_94db652c_00215_505860637c15,Early Adolescent Skills for Emotions (EASE): training manual,helping_skills,helping_skills_only,normal,P1,pending,,"This will break confidentiality. • If possible, divide into smaller groups. With fewer people in the group, participants might talk with more confidence. • Talk privately to quiet participants to help them become more comfortable. You can say: “I have noticed "
WHO_EASE_TRAINING_2025,WHO_EASE_TRAINING_2025_94db652c_00216_0b0c1882cb5d,Early Adolescent Skills for Emotions (EASE): training manual,helping_skills,helping_skills_only,normal,P1,pending,,Part B: Training days 79 Case example D: Managing distressed individuals You will be discussing problems faced by people in your community. One participant in the group should act as a distressed participant. After one minute this participant should talk about
WHO_EASE_TRAINING_2025,WHO_EASE_TRAINING_2025_94db652c_00217_00c28d770207,Early Adolescent Skills for Emotions (EASE): training manual,helping_skills,helping_skills_only,normal,P1,pending,,"• If the participant is having difficulties calming, you can ask them if would be helpful if the members of the group practise the Slow Breathing activity together. • If a participant’s distress is very strong and interferes with the group and you have a co-he"
WHO_EASE_TRAINING_2025,WHO_EASE_TRAINING_2025_94db652c_00218_a98f07d7331c,Early Adolescent Skills for Emotions (EASE): training manual,helping_skills,helping_skills_only,normal,P1,pending,,Case example E: Managing arguments between participants or expressions of anger Two participants in the group should be chosen to argue with each other about a topic. One participant should argue that women should not go to university and should stay at home t
WHO_EASE_TRAINING_2025,WHO_EASE_TRAINING_2025_94db652c_00219_b4617dfbebee,Early Adolescent Skills for Emotions (EASE): training manual,helping_skills,helping_skills_only,normal,P1,pending,,Respond to early signs of anger or conflict between participants. You can do the following as a way to prevent arguments: • Acknowledge the differences of experience or opinion. Tell the group that everyone’s experiences and opinions are important. • Acknowled
WHO_EASE_TRAINING_2025,WHO_EASE_TRAINING_2025_94db652c_00222_955e5b399ff3,Early Adolescent Skills for Emotions (EASE): training manual,helping_skills,helping_skills_only,normal,P1,pending,,Box 12. Other challenges that may arise in a group Managing group discussions that go off-topic and examples of unhelpful strategies or those outside of EASE • Be firm when re-directing group discussions but also use your basic helping skills! • You can say: “
WHO_EASE_TRAINING_2025,WHO_EASE_TRAINING_2025_94db652c_00223_05525c6d258a,Early Adolescent Skills for Emotions (EASE): training manual,helping_skills,helping_skills_only,normal,P1,pending,,"If a participant is sharing too much information or it is too personal, facilitators can do one or all of the following: ◦ Ask participants not to share very personal details in the group. ◦ Agree that you will gently cut them off when they are sharing too muc"
WHO_EASE_TRAINING_2025,WHO_EASE_TRAINING_2025_94db652c_00224_d074254f1f92,Early Adolescent Skills for Emotions (EASE): training manual,helping_skills,helping_skills_only,normal,P1,pending,,They might regularly arrive late or leave early or be missing sessions. • Remind helpers that they cannot force participants to attend or stay in a group. • Find out what the reason is for their disconnection and see if there is anything you can do to help the
WHO_EASE_TRAINING_2025,WHO_EASE_TRAINING_2025_94db652c_00225_c5c0fcec7c9a,Early Adolescent Skills for Emotions (EASE): training manual,helping_skills,helping_skills_only,normal,P1,pending,,• Sometimes these groups may also bully or tease other participants. • Sometimes participants will have already been friends prior to the group and so cliques may be established from the first session
WHO_EASE_TRAINING_2025,WHO_EASE_TRAINING_2025_94db652c_00226_6b7a9437492b,Early Adolescent Skills for Emotions (EASE): training manual,helping_skills,helping_skills_only,normal,P1,pending,,"• If you notice that a clique has been established, you can respond by: ◦ moving participants around so they are not seated next to the same person in each session; ◦ changing the participants when forming small groups or pairs for different activities. • Be s"
WHO_EASE_TRAINING_2025,WHO_EASE_TRAINING_2025_94db652c_00229_b1c1c6ab3cf4,Early Adolescent Skills for Emotions (EASE): training manual,helping_skills,helping_skills_only,normal,P1,pending,,Part B: Training days 83 Issue How to address this: Adolescent hurting another group member Remind them of the group rules. Use basic helping skills and patience to explain that hurting other group members is not OK. Remind the participant that you still want 
WHO_EASE_TRAINING_2025,WHO_EASE_TRAINING_2025_94db652c_00230_625a6efc3d4a,Early Adolescent Skills for Emotions (EASE): training manual,helping_skills,helping_skills_only,normal,P1,pending,,"If the issue of bullying is raised before sessions 5 and 6, a helper can ask the adolescent if there is a trusted person in their life who could support them. If you are seriously concerned about the safety or well-being of the adolescent because of bullying, "
WHO_EASE_TRAINING_2025,WHO_EASE_TRAINING_2025_94db652c_00232_aa3a334e67d6,Early Adolescent Skills for Emotions (EASE): training manual,helping_skills,helping_skills_only,normal,P1,pending,,Part B: Training days 85 Day 3: Adolescent sessions 1 and 2 Day 3. Learning objectives: 1. Understand how to implement key activities in adolescent sessions 1 and 2. 2. Understand the importance of explaining confidentiality. 3. Know the steps for teaching Slo
WHO_EASE_TRAINING_2025,WHO_EASE_TRAINING_2025_94db652c_00234_81bacd63023a,Early Adolescent Skills for Emotions (EASE): training manual,helping_skills,helping_skills_only,normal,P1,pending,,"Part B: Training days 87 20 3.7: Ending session 1 (facilitation practice 4) Square paper and pens 20 3.8: Starting session 2 (facilitation practice 5) A ball or other object you can throw (e.g. sock, paper ball) 35 3.9: Session 2 – Feelings and my body (facili"
WHO_EASE_TRAINING_2025,WHO_EASE_TRAINING_2025_94db652c_00236_c5d0ce04cb74,Early Adolescent Skills for Emotions (EASE): training manual,helping_skills,helping_skills_only,normal,P1,pending,,Part B: Training days 89 1. Encourage the “helpers for the day” to review the instructions in the EASE intervention manual that are relevant to their activity. 2. Support the “helpers for the day” by reminding them that this is a practice and is a chance to le
WHO_EASE_TRAINING_2025,WHO_EASE_TRAINING_2025_94db652c_00237_a1fa4acee1b1,Early Adolescent Skills for Emotions (EASE): training manual,helping_skills,helping_skills_only,normal,P1,pending,,Training activity 3.2: Introduce EASE session 1 and confidentiality (trainer demonstration) To learn how to start session 1 and talk about confidentiality 30 minutes • Annex 3. • Chapter 5. • Annex 1. Managing and managing suicide risk 3.2.1 Introduce adolesce
WHO_EASE_TRAINING_2025,WHO_EASE_TRAINING_2025_94db652c_00243_84b3bb6908ea,Early Adolescent Skills for Emotions (EASE): training manual,helping_skills,helping_skills_only,normal,P1,pending,,• Note for trainer: Keep the EASE competency assessment for adolescents (explain & promote confidentiality [ENACT]) with you when you move around the room to give participants constructive feedback. 8. Allow time for questions. 9. If needed – for instance if t
WHO_EASE_TRAINING_2025,WHO_EASE_TRAINING_2025_94db652c_00244_8ee2e0d3ca78,Early Adolescent Skills for Emotions (EASE): training manual,helping_skills,helping_skills_only,normal,P1,pending,,• For which adolescents (or caregivers) might confidentiality be extremely important? 2. There may be a number of suggestions. It is important to highlight: • Many individuals may take time to trust an EASE helper or to trust other members of the group.
WHO_EASE_TRAINING_2025,WHO_EASE_TRAINING_2025_94db652c_00245_a64add641fdd,Early Adolescent Skills for Emotions (EASE): training manual,helping_skills,helping_skills_only,normal,P1,pending,,Part B: Training days 93 • Individuals may be from cultures which do not discuss private matters outside of the home. This might mean that some adolescents may be quieter during discussions or activities in the first few EASE sessions. Using your basic helping
WHO_EASE_TRAINING_2025,WHO_EASE_TRAINING_2025_94db652c_00246_b0a064d928ef,Early Adolescent Skills for Emotions (EASE): training manual,helping_skills,helping_skills_only,normal,P1,pending,,"Explain that, in EASE, adolescents will be encouraged to have one-to-one conversations with the helper for these particular difficulties, rather than discussing them in the group. 5. It can seem confusing as to why the helper might exclude some topics from bei"
WHO_EASE_TRAINING_2025,WHO_EASE_TRAINING_2025_94db652c_00247_0bda09938579,Early Adolescent Skills for Emotions (EASE): training manual,helping_skills,helping_skills_only,normal,P1,pending,,"The conversation should be private and should cover the following: • Is the situation disclosed currently happening (e.g. physical/sexual/verbal abuse or witnessing of this abuse, exploitation, neglect, violence or self-harm)? ◦ If “yes”: break confidentiality"
WHO_EASE_TRAINING_2025,WHO_EASE_TRAINING_2025_94db652c_00248_c25e5b53227c,Early Adolescent Skills for Emotions (EASE): training manual,helping_skills,helping_skills_only,normal,P1,pending,,"This is because the alleged abuser may have access to other children and their protection may need to be guaranteed. ◦ Inform helpers that, where appropriate, they should ask very basic details about the incident to assist with completing any incident reportin"
WHO_EASE_TRAINING_2025,WHO_EASE_TRAINING_2025_94db652c_00250_1b8ff5a84e67,Early Adolescent Skills for Emotions (EASE): training manual,helping_skills,helping_skills_only,normal,P1,pending,,“Why might it be important for adolescents to learn how to identify their feelings? ” 4. Suggested answer: • Adolescents need to be able to identify feelings accurately so they can respond to big feelings earlier. • The sooner adolescents can identify a feelin
WHO_EASE_TRAINING_2025,WHO_EASE_TRAINING_2025_94db652c_00253_fc4c72dabc18,Early Adolescent Skills for Emotions (EASE): training manual,helping_skills,helping_skills_only,normal,P1,pending,,Training activity 3.4: Externalizing feelings (facilitation practice 1 and 2) deliver the first EASE skill 45 minutes • Large pieces of blank paper and pens or pencils (preferably coloured) • Sadness poster 1. Tell the group that the first two facilitation pra
WHO_EASE_TRAINING_2025,WHO_EASE_TRAINING_2025_94db652c_00260_5c5fde141527,Early Adolescent Skills for Emotions (EASE): training manual,helping_skills,helping_skills_only,normal,P1,pending,,Facilitation practice 3: Identifying personal feelings – Big feelings Link to intervention manual: Adolescent activity 1.7. Identifying personal feelings: 2. Big feelings: discussion only
WHO_EASE_TRAINING_2025,WHO_EASE_TRAINING_2025_94db652c_00262_8a31d0622ef5,Early Adolescent Skills for Emotions (EASE): training manual,helping_skills,helping_skills_only,normal,P1,pending,,"Responses to be elicited: • Just like learning any new skill, the more we practise something, the better we become and the more natural it feels. And the easier it is to do in a difficult situation. • We can practice new skills in the sessions with adolescents"
WHO_EASE_TRAINING_2025,WHO_EASE_TRAINING_2025_94db652c_00263_6ce17c8fca00,Early Adolescent Skills for Emotions (EASE): training manual,helping_skills,helping_skills_only,normal,P1,pending,,Part B: Training days 101 • Many of the skills we are teaching adolescents are likely to be helpful in stressful situations. Practising the skills when not necessarily in a stressful situation is essential so that adolescents can be ready to use these skills i
WHO_EASE_TRAINING_2025,WHO_EASE_TRAINING_2025_94db652c_00265_d8ad234f7da4,Early Adolescent Skills for Emotions (EASE): training manual,helping_skills,helping_skills_only,normal,P1,pending,,Or choosing to do one activity instead of all activities set for homework each day. 8. Discuss what helpers can do to encourage adolescents to complete their home practice. “There are certain things we can do that make it more likely that adolescents will be e
WHO_EASE_TRAINING_2025,WHO_EASE_TRAINING_2025_94db652c_00266_49676da2a084,Early Adolescent Skills for Emotions (EASE): training manual,helping_skills,helping_skills_only,normal,P1,pending,,9. Discuss how adolescents can be reminded to do their home practice. “How might adolescents remember to do their home practice? ” 10. Responses to be elicited: • Ask caregivers to remind them. • Remind each other. • Open the workbook as soon as they wake up o
WHO_EASE_TRAINING_2025,WHO_EASE_TRAINING_2025_94db652c_00267_7697b1899c11,Early Adolescent Skills for Emotions (EASE): training manual,helping_skills,helping_skills_only,normal,P1,pending,,Responses to be elicited: • It shows that home practice is important. • It supports efforts made and encourages efforts to continue. • It provides an opportunity to resolve any difficulties that adolescents have. • It gives adolescents the opportunity to help 
WHO_EASE_TRAINING_2025,WHO_EASE_TRAINING_2025_94db652c_00268_727b3ade06e7,Early Adolescent Skills for Emotions (EASE): training manual,helping_skills,helping_skills_only,normal,P1,pending,,Part B: Training days 103 17. Responses to be elicited: • They may forget to do their home practice. • They are too busy. • Their caregivers did not let them do it. • They did not understand how to do it. • They tried to do it but found it overwhelming. 18. Gu
WHO_EASE_TRAINING_2025,WHO_EASE_TRAINING_2025_94db652c_00269_b5cb8ac496c0,Early Adolescent Skills for Emotions (EASE): training manual,helping_skills,helping_skills_only,normal,P1,pending,,The positive ending to the adolescent sessions can be further emphasized by praising them for their efforts in engaging in the strengths activity as well as their efforts in the session.”
WHO_EASE_TRAINING_2025,WHO_EASE_TRAINING_2025_94db652c_00271_ab8a12fbb6d3,Early Adolescent Skills for Emotions (EASE): training manual,helping_skills,helping_skills_only,normal,P1,pending,,"Part B: Training days 105 Training activity 3.8: Starting session 2 (facilitation practice 5) To practise starting adolescent session 2 20 minutes • A ball or other object you can throw (e.g. sock, paper ball) 1. Explain that the start of each session includes"
WHO_EASE_TRAINING_2025,WHO_EASE_TRAINING_2025_94db652c_00272_03a16ef478de,Early Adolescent Skills for Emotions (EASE): training manual,helping_skills,helping_skills_only,normal,P1,pending,,"Facilitation practice 5: Opening activity (10 minutes) Link to intervention manual: Adolescent activity 2.1. Welcome: 2. Opening activity: the Showing Our Feelings game only 3. Feedback and reflection (10 minutes). 4. If time allows, briefly review Adolescent "
WHO_EASE_TRAINING_2025,WHO_EASE_TRAINING_2025_94db652c_00273_0ad63c85e35e,Early Adolescent Skills for Emotions (EASE): training manual,helping_skills,helping_skills_only,normal,P1,pending,,"Part B: Training days 107 “Big feelings can cause an individual to feel unpleasant physical sensations in their body. Calming My Body in session 2 helps adolescents to manage physical sensations of distress (i.e. strong, unpleasant body sensations related to f"
WHO_EASE_TRAINING_2025,WHO_EASE_TRAINING_2025_94db652c_00274_e153b4f5d9ac,Early Adolescent Skills for Emotions (EASE): training manual,helping_skills,helping_skills_only,normal,P1,pending,,Then introduce the adolescent skill Calming My Body: “Calming My Body is a skill that focuses on improving these body sensations. We will now turn to a facilitation practice of Feelings and my body.” 6. Introduce the next facilitation practice. “As part of Fee
WHO_EASE_TRAINING_2025,WHO_EASE_TRAINING_2025_94db652c_00277_4ee1a35b7957,Early Adolescent Skills for Emotions (EASE): training manual,helping_skills,helping_skills_only,normal,P1,pending,,Part B: Training days 109 Training activity 3.10: Calming My Body – part 1 (if ToT: teaching practice 1) To learn about helpful and unhelpful coping strategies 30 minutes If ToT: + 10 for 3.10.1 Group activity: Helpful and unhelpful coping strategies 1. Explai
WHO_EASE_TRAINING_2025,WHO_EASE_TRAINING_2025_94db652c_00278_faf787e00dd7,Early Adolescent Skills for Emotions (EASE): training manual,helping_skills,helping_skills_only,normal,P1,pending,,"• Examples of helpful coping strategies: talking to someone you trust, asking for help, doing something physically active, relaxation exercises, using humour. • Examples of unhelpful coping strategies: drinking alcohol or using recreational drugs, pushing away"
WHO_EASE_TRAINING_2025,WHO_EASE_TRAINING_2025_94db652c_00279_541fea7ce96b,Early Adolescent Skills for Emotions (EASE): training manual,helping_skills,helping_skills_only,normal,P1,pending,,"• Unhelpful coping strategies: ◦ can cause additional problems or can cause harm; or ◦ can feel good to start with, but in the long-term they can cause more harm. ◦ For example, it may feel good to miss one day of school if it causes an adolescent anxiety, but"
WHO_EASE_TRAINING_2025,WHO_EASE_TRAINING_2025_94db652c_00280_e6503a1696aa,Early Adolescent Skills for Emotions (EASE): training manual,helping_skills,helping_skills_only,normal,P1,pending,,"EASE aims to provide new helpful strategies for young adolescents and their caregivers. 3.10.2 Discussion: Helpful and unhelpful coping strategies 1. Introduce Calming My Body done in adolescent session 2. “As part of Calming My Body in adolescent session 2, a"
WHO_EASE_TRAINING_2025,WHO_EASE_TRAINING_2025_94db652c_00283_c1e08802a343,Early Adolescent Skills for Emotions (EASE): training manual,helping_skills,helping_skills_only,normal,P1,pending,,"At this time, our breathing increases and becomes shallow, our heart beats harder and faster. This can cause unpleasant physical sensations throughout our body. One way to calm the body is to focus on slow breathing. This helps to reduce the unpleasant sensati"
WHO_EASE_TRAINING_2025,WHO_EASE_TRAINING_2025_94db652c_00287_0572823b5567,Early Adolescent Skills for Emotions (EASE): training manual,helping_skills,helping_skills_only,normal,P1,pending,,• Explain that it is common for adolescents or adults to have some difficulties when they first start Slow Breathing. Explain that this will be covered in more detail in the next day of training.
WHO_EASE_TRAINING_2025,WHO_EASE_TRAINING_2025_94db652c_00288_9a81d975e4d3,Early Adolescent Skills for Emotions (EASE): training manual,helping_skills,helping_skills_only,normal,P1,pending,,"Part B: Training days 113 • Only when there is tremendous difficulty with Slow Breathing – e.g. if the child or adult has a pre- existing breathing or health problem, or if Slow Breathing is causing significant distress – should helpers use the two alternative"
WHO_EASE_TRAINING_2025,WHO_EASE_TRAINING_2025_94db652c_00290_b5c94955b186,Early Adolescent Skills for Emotions (EASE): training manual,helping_skills,helping_skills_only,normal,P1,pending,,Day 4: Adolescent sessions 3 and 4 Day 4. Learning objectives: 1. Understand how to implement key activities in adolescent sessions 3 and 4. 2. Know how to respond to home practice difficulties for Calming My Body. 3. Understand the key concepts for the Changi
WHO_EASE_TRAINING_2025,WHO_EASE_TRAINING_2025_94db652c_00292_fb1b48cc8d19,Early Adolescent Skills for Emotions (EASE): training manual,helping_skills,helping_skills_only,normal,P1,pending,,"4.7: Responding to home practice difficulties for (if ToT: teaching practice 2) Paper, pens (3 groups) EASE workbook 45 4.8: Anxious avoidance and Changing My"
WHO_EASE_TRAINING_2025,WHO_EASE_TRAINING_2025_94db652c_00295_6052a94c0dfe,Early Adolescent Skills for Emotions (EASE): training manual,helping_skills,helping_skills_only,normal,P1,pending,,"Training activity 4.2: Session 3 – Opening activity (facilitation practice 7) deliver the opening activity of adolescent 1. Introduce adolescent session 3. “At the beginning of session 3, there is a review activity for adolescents to help them recap their lear"
WHO_EASE_TRAINING_2025,WHO_EASE_TRAINING_2025_94db652c_00296_b06b3af6ce73,Early Adolescent Skills for Emotions (EASE): training manual,helping_skills,helping_skills_only,normal,P1,pending,,Facilitation practice 7: Welcome (10 minutes) Link to intervention manual: Adolescent activity 3.1. Welcome: 2. Opening activity only
WHO_EASE_TRAINING_2025,WHO_EASE_TRAINING_2025_94db652c_00298_57182d25a3ad,Early Adolescent Skills for Emotions (EASE): training manual,helping_skills,helping_skills_only,normal,P1,pending,,"Give a rationale for the importance of practising Slow Breathing regularly: • For any skill to be effective, people need to practise it regularly. This is important for helpers too. • When practising Slow Breathing on their own, adolescents are likely to exper"
WHO_EASE_TRAINING_2025,WHO_EASE_TRAINING_2025_94db652c_00300_14d6496432b8,Early Adolescent Skills for Emotions (EASE): training manual,helping_skills,helping_skills_only,normal,P1,pending,,• You will give feedback to each group’s list of solutions by referring to the solutions listed in the Helpful hints table. • For solutions that are not included in the Helpful hints table: ◦ If you decide it is a reasonable way to respond to this problem (i.e
WHO_EASE_TRAINING_2025,WHO_EASE_TRAINING_2025_94db652c_00302_f3f4293db5fd,Early Adolescent Skills for Emotions (EASE): training manual,helping_skills,helping_skills_only,normal,P1,pending,,Part B: Training days 121 “Big feelings can affect people’s activity. Big feelings might mean the person finds it hard to do their usual activities or does fewer things that give them a sense of meaning. We expect that most adolescents participating in EASE wi
WHO_EASE_TRAINING_2025,WHO_EASE_TRAINING_2025_94db652c_00303_13e4143ad679,Early Adolescent Skills for Emotions (EASE): training manual,helping_skills,helping_skills_only,normal,P1,pending,,"Example answers: • reduce their activity; • become slower or lethargic when doing things; • isolate themselves; • engage in risky behaviours such as drinking alcohol, or harmful behaviours like becoming aggressive; • avoid situations they are afraid of includi"
WHO_EASE_TRAINING_2025,WHO_EASE_TRAINING_2025_94db652c_00304_deacb6051b06,Early Adolescent Skills for Emotions (EASE): training manual,helping_skills,helping_skills_only,normal,P1,pending,,"• There are also risky behaviours such as problematic drinking, sexual activity or overt aggression that are not common across most contexts and cultural groups. Risky behavioural problems often require several intervention techniques over a longer period of t"
WHO_EASE_TRAINING_2025,WHO_EASE_TRAINING_2025_94db652c_00306_4b00794d19c9,Early Adolescent Skills for Emotions (EASE): training manual,helping_skills,helping_skills_only,normal,P1,pending,,"◦ Asim: feels overwhelmed by anxiety leading to avoidance of other adolescents.]] • Question 3: How do you think Asma and Asim feel after stopping these activities? [Answers: Sadder, worse mood, feel more anxious, etc.] 3. After 5 minutes, discuss their respon"
WHO_EASE_TRAINING_2025,WHO_EASE_TRAINING_2025_94db652c_00308_89cad1a11537,Early Adolescent Skills for Emotions (EASE): training manual,helping_skills,helping_skills_only,normal,P1,pending,,Part B: Training days 123 6. Reflection (10 minutes). • Explain that we will address potential problems with understanding the steps of Changing My Actions for the adolescents and helpers later in today’s session. Training activity 4.5: Introduce Changing My A
WHO_EASE_TRAINING_2025,WHO_EASE_TRAINING_2025_94db652c_00309_14232eb0caa2,Early Adolescent Skills for Emotions (EASE): training manual,helping_skills,helping_skills_only,normal,P1,pending,,Whether an activity is meaningful or not is personal and not something for helpers to decide for an adolescent. Activities that would give me a sense of meaning and fulfilment may not be meaningful to someone else.”
WHO_EASE_TRAINING_2025,WHO_EASE_TRAINING_2025_94db652c_00312_4a9bd94c615f,Early Adolescent Skills for Emotions (EASE): training manual,helping_skills,helping_skills_only,normal,P1,pending,,"with an increase in effort or difficulty/complexity); and ◦ should help Denys to reach his goal of engaging in the chosen activity, even if this happens over several weeks. 5. Summarize the vicious cycle for Denys (Figure 4) and check whether the pairs have a "
WHO_EASE_TRAINING_2025,WHO_EASE_TRAINING_2025_94db652c_00313_282029d4318a,Early Adolescent Skills for Emotions (EASE): training manual,helping_skills,helping_skills_only,normal,P1,pending,,Part B: Training days 125 Figure 4. Vicious cycle for Denys 6. Now ask the pairs to return to the large group and ask each pair to hang up their paper with the steps they drew or wrote down. 7. Ask for one person from each pair to present their staircase steps
WHO_EASE_TRAINING_2025,WHO_EASE_TRAINING_2025_94db652c_00314_3cd0a5f1248b,Early Adolescent Skills for Emotions (EASE): training manual,helping_skills,helping_skills_only,normal,P1,pending,,"Is there anything that you used to enjoy doing but that you have not done for some time? ” • Break the activity into small and easy steps. • Plan when to do these steps (e.g. we would ask Denys to think about exactly when, on which day and at which time he wou"
WHO_EASE_TRAINING_2025,WHO_EASE_TRAINING_2025_94db652c_00317_f452dd9f39c1,Early Adolescent Skills for Emotions (EASE): training manual,helping_skills,helping_skills_only,normal,P1,pending,,Individual activity: participants follow Changing My Actions steps only 3. Reflection (10 minutes). • Do a reflection after everyone has had the opportunity to be a helper. Make sure you cover the following points: ◦ What do you have to think about when managi
WHO_EASE_TRAINING_2025,WHO_EASE_TRAINING_2025_94db652c_00318_d58b4539b711,Early Adolescent Skills for Emotions (EASE): training manual,helping_skills,helping_skills_only,normal,P1,pending,,Part B: Training days 127 Training activity 4.6: Changing My Actions in session 4 (facilitation practice 8 and 9) deliver the Changing My Actions skill 50 minutes • Annex 2. 1. Tell the group that after the individual activity comes the end of session 3. Now w
WHO_EASE_TRAINING_2025,WHO_EASE_TRAINING_2025_94db652c_00320_0429a1cb5810,Early Adolescent Skills for Emotions (EASE): training manual,helping_skills,helping_skills_only,normal,P1,pending,,"3. Next, review Adolescent activity 4.3. Changing My Actions: 4. Do the group activity only. 4. Explain that adolescents will have the option in session 4 of continuing their work from session 3. For instance: • They may complete the steps of their staircase f"
WHO_EASE_TRAINING_2025,WHO_EASE_TRAINING_2025_94db652c_00324_f09e7e0ae27f,Early Adolescent Skills for Emotions (EASE): training manual,helping_skills,helping_skills_only,normal,P1,pending,,Briefly review Adolescent activity 4.2. Review home practice: 4. Invite participants to discuss Changing My Actions home practice only.
WHO_EASE_TRAINING_2025,WHO_EASE_TRAINING_2025_94db652c_00325_eed1cc9f53ca,Early Adolescent Skills for Emotions (EASE): training manual,helping_skills,helping_skills_only,normal,P1,pending,,Training activity 4.8: Anxious avoidance and to use Changing My Actions to support a participant who is avoiding activities due to feelings of fear and anxiety 45 minutes • Flipchart paper and 4.8.1 Anxious avoidance (15 minutes) 1. Explain that you will now t
WHO_EASE_TRAINING_2025,WHO_EASE_TRAINING_2025_94db652c_00326_26c48dc93d51,Early Adolescent Skills for Emotions (EASE): training manual,helping_skills,helping_skills_only,normal,P1,pending,,"But the reasons for their reduction in these activities are very different.” 5. Ask the following questions to help them differentiate the two examples. “What feelings accompany each adolescent’s reduction in activity? ” • Denys: overwhelming sadness, lack of "
WHO_EASE_TRAINING_2025,WHO_EASE_TRAINING_2025_94db652c_00327_4413778296bb,Early Adolescent Skills for Emotions (EASE): training manual,helping_skills,helping_skills_only,normal,P1,pending,,Part B: Training days 131 “What are the differences between the two adolescents in how they might feel about doing their activity again? ” • Denys: is still interested in the activity; Fatima: is fearful of doing the activity. 6. Link Fatima’s avoidance to the
WHO_EASE_TRAINING_2025,WHO_EASE_TRAINING_2025_94db652c_00330_ae5e1540f3fd,Early Adolescent Skills for Emotions (EASE): training manual,helping_skills,helping_skills_only,normal,P1,pending,,"Since then, he has stopped walking to his uncle’s house without an adult. Other kids his age have also stopped walking around this area. Helpful avoidance A boy who used to sleep without a lamp/ light on at night began to feel too scared to sleep in the dark. "
WHO_EASE_TRAINING_2025,WHO_EASE_TRAINING_2025_94db652c_00331_01d62835d092,Early Adolescent Skills for Emotions (EASE): training manual,helping_skills,helping_skills_only,normal,P1,pending,,"Part B: Training days 133 4.8.3 Amending Changing My Actions to address anxious avoidance 1. Explain that you will now discuss how to use Changing My Actions for anxious avoidance, which is “unhelpful avoidance”. 2. Only if a participant wants to start doing a"
WHO_EASE_TRAINING_2025,WHO_EASE_TRAINING_2025_94db652c_00333_6dfa18fe6b66,Early Adolescent Skills for Emotions (EASE): training manual,helping_skills,helping_skills_only,normal,P1,pending,,• Gradually help participants to do the activity: break the activity down into very small and easy steps for them to complete. The first step to re-engaging in the activity should be something they feel only a little bit nervous about. Things you can vary to m
WHO_EASE_TRAINING_2025,WHO_EASE_TRAINING_2025_94db652c_00335_a4e2fe399752,Early Adolescent Skills for Emotions (EASE): training manual,helping_skills,helping_skills_only,normal,P1,pending,,• Step 1: Fatima getting out her clothes that she will wear for a walk. • Step 2: Fatima going for a walk with her mother during daylight hours. • Step 3: Fatima getting out her clothes that she will wear for the walk to the market. • Step 4: Fatima walking to
WHO_EASE_TRAINING_2025,WHO_EASE_TRAINING_2025_94db652c_00337_7fbe7446692a,Early Adolescent Skills for Emotions (EASE): training manual,helping_skills,helping_skills_only,normal,P1,pending,,"Sometimes, feeling angry can lead some people to being aggressive, which can damage friendships or other social connections. Anger can also make people stop doing things that were fun and meaningful to them. Alternatively, when some people feel angry, they try"
WHO_EASE_TRAINING_2025,WHO_EASE_TRAINING_2025_94db652c_00339_a73df41e9606,Early Adolescent Skills for Emotions (EASE): training manual,helping_skills,helping_skills_only,normal,P1,pending,,Figure 5. Vicious cycle for Aarush 4. Emphasize that with EASE we will not work to reduce unhelpful activities such as smoking; however that Changing My Actions can help to increase participation in meaningful activities. 5. This can still be helpful for adole
WHO_EASE_TRAINING_2025,WHO_EASE_TRAINING_2025_94db652c_00340_55c62d0977d9,Early Adolescent Skills for Emotions (EASE): training manual,helping_skills,helping_skills_only,normal,P1,pending,,C) This made him feel embarassed which made him feel more angry. D) Aarush stopped playing football with his friends and started to engage with unhelpful activities (older boys who hassle other people and smoke).
WHO_EASE_TRAINING_2025,WHO_EASE_TRAINING_2025_94db652c_00341_01740eebd5f0,Early Adolescent Skills for Emotions (EASE): training manual,helping_skills,helping_skills_only,normal,P1,pending,,For example: Step 1 Choose: Aarush would like to play football with his friends. Step 2 Break: Aarush walks by and smiles at his friends. He says hello to his friends. He has a short conversation with his friends. He has a short conversation and makes a joke w
WHO_EASE_TRAINING_2025,WHO_EASE_TRAINING_2025_94db652c_00343_4d54e80549ab,Early Adolescent Skills for Emotions (EASE): training manual,helping_skills,helping_skills_only,normal,P1,pending,,"Part B: Training days 137 • Ask all trainees to familiarize themselves with EASE adolescent sessions 5 and 6, including the following annexes associated with sessions 5 and 6: ◦ Annex 1. Managing disclosures of abuse and managing suicide risk. ◦ Annex 2. Activ"
WHO_EASE_TRAINING_2025,WHO_EASE_TRAINING_2025_94db652c_00345_8d50f9c7815f,Early Adolescent Skills for Emotions (EASE): training manual,helping_skills,helping_skills_only,normal,P1,pending,,Day 5: Adolescent sessions 5 and 6 Day 5. Learning objectives: 1. Understand how to implement key activities in adolescent sessions 5 and 6. 2. Understand the key concepts for the Managing My Problems skill. 3. Know the steps to teaching adolescents Managing M
WHO_EASE_TRAINING_2025,WHO_EASE_TRAINING_2025_94db652c_00348_1a6eef73912e,Early Adolescent Skills for Emotions (EASE): training manual,helping_skills,helping_skills_only,normal,P1,pending,,"Part B: Training days 141 1. Encourage ”helpers for the day” to review the instructions in the EASE intervention manual, 2. Support “helpers for the day” by reminding them that this is a practice and chance to learn. Use basic helping skills to manage any worr"
WHO_EASE_TRAINING_2025,WHO_EASE_TRAINING_2025_94db652c_00349_cb589c3cb055,Early Adolescent Skills for Emotions (EASE): training manual,helping_skills,helping_skills_only,normal,P1,pending,,Training activity 5.2: Review home practice in session 5 (facilitation practice 10 and 11) review participants’ home practice and manage difficulties appropriately 30 minutes • Annex 2. • Annex 5. Helpful hints for Calming My Body • Annex 7. Helpful hints for 
WHO_EASE_TRAINING_2025,WHO_EASE_TRAINING_2025_94db652c_00351_4dc5211794c2,Early Adolescent Skills for Emotions (EASE): training manual,helping_skills,helping_skills_only,normal,P1,pending,,"1. Introduce Managing My Problems. “Big feelings can affect adolescents’ capacity to manage everyday problems. Managing My Problems aims to improve adolescents’ ability to identify problems that they can influence, to improve flexibility in their thinking and "
WHO_EASE_TRAINING_2025,WHO_EASE_TRAINING_2025_94db652c_00352_68bdf6e96783,Early Adolescent Skills for Emotions (EASE): training manual,helping_skills,helping_skills_only,normal,P1,pending,,"This can leave them feeling helpless, stressed or overwhelmed. Not surprisingly, this can also worsen their big feelings.” 2. Introduce the maze activity. “As part of Managing My Problems in session 5, adolescents will first be introduced to the aims of this s"
WHO_EASE_TRAINING_2025,WHO_EASE_TRAINING_2025_94db652c_00354_92edd69ba487,Early Adolescent Skills for Emotions (EASE): training manual,helping_skills,helping_skills_only,normal,P1,pending,,"Part B: Training days 145 demonstrate that adolescents may not completely solve their problems during EASE, but they can make progress in different ways and have a plan for managing the problem in the future); • how can you encourage adolescents to ask for hel"
WHO_EASE_TRAINING_2025,WHO_EASE_TRAINING_2025_94db652c_00355_47deee7460d9,Early Adolescent Skills for Emotions (EASE): training manual,helping_skills,helping_skills_only,normal,P1,pending,,"For instance, for adolescents who are energetic, like to move around and may be easily distracted, you may choose to set up a physical maze with objects in the room or use tape on the floor. You may choose to have all the participants move through the maze at "
WHO_EASE_TRAINING_2025,WHO_EASE_TRAINING_2025_94db652c_00356_ae07970191a5,Early Adolescent Skills for Emotions (EASE): training manual,helping_skills,helping_skills_only,normal,P1,pending,,"5.4.1. Introduce the Stop, Think, Go poster (15 minutes) 1. Refer to the Stop, Think, Go poster. Explain that the skill taught in Managing My Problems encourages adolescents to: • stop and consider which problems they have and which problem they should choose "
WHO_EASE_TRAINING_2025,WHO_EASE_TRAINING_2025_94db652c_00359_61bf880883f6,Early Adolescent Skills for Emotions (EASE): training manual,helping_skills,helping_skills_only,normal,P1,pending,,"Part B: Training days 147 • Small: ◦ Choose a problem that is small, such as Kian’s sleeping problem. ◦ If adolescents have described only big problems, you will need to find a way to simplify the big problem so that it can be solved more easily. ◦ For example"
WHO_EASE_TRAINING_2025,WHO_EASE_TRAINING_2025_94db652c_00360_9246ca27dc43,Early Adolescent Skills for Emotions (EASE): training manual,helping_skills,helping_skills_only,normal,P1,pending,,"◦ To make problems specific, adolescents can describe what would be different in their life if this problem were solved. ◦ For example, “problems with schoolwork” is not specific, but “problems completing my mathematics work in the time given to me by the teac"
WHO_EASE_TRAINING_2025,WHO_EASE_TRAINING_2025_94db652c_00366_71171f91ff05,Early Adolescent Skills for Emotions (EASE): training manual,helping_skills,helping_skills_only,normal,P1,pending,,"Support participants without telling them the answer. “Why do you think it is important that we do not give adolescents the answers, for example when they are thinking of solutions? ” 3. Elicit responses such as: • Because the adolescents will not learn to thi"
WHO_EASE_TRAINING_2025,WHO_EASE_TRAINING_2025_94db652c_00367_b585458918d0,Early Adolescent Skills for Emotions (EASE): training manual,helping_skills,helping_skills_only,normal,P1,pending,,"Training activity 5.5: Managing My Problems in session 5 (facilitation practice 13) To practice how to deliver Stop, Think, Go 105 minutes • Annex 2. Annex 9. Helpful hints for Managing My 1. Introduce the next facilitation practice. “After learning about unde"
WHO_EASE_TRAINING_2025,WHO_EASE_TRAINING_2025_94db652c_00370_f916033d81ab,Early Adolescent Skills for Emotions (EASE): training manual,helping_skills,helping_skills_only,normal,P1,pending,,5. Feedback and reflection (15 minutes): • Make sure to reflect on how to support adolescents with each of their steps in a group situation (rather than two people) and how this might require further support from the helpers (e.g. both helpers should be moving
WHO_EASE_TRAINING_2025,WHO_EASE_TRAINING_2025_94db652c_00371_1a5b93290f69,Early Adolescent Skills for Emotions (EASE): training manual,helping_skills,helping_skills_only,normal,P1,pending,,Part B: Training days 153 Table 4. Different outcomes to the problem “An adolescent had a verbal argument with their sibling when playing a game together” The adolescent talked to their sibling and agreed on a way to play the game without arguing. The adolesce
WHO_EASE_TRAINING_2025,WHO_EASE_TRAINING_2025_94db652c_00372_b05cf482f57a,Early Adolescent Skills for Emotions (EASE): training manual,helping_skills,helping_skills_only,normal,P1,pending,,"hitting their sibling to get them to do what they want, etc.) • If the solution did not hurt anyone, praise the participant for trying their idea. If the solution did hurt someone, do not praise their choice. Instead validate the participant’s feelings at the "
WHO_EASE_TRAINING_2025,WHO_EASE_TRAINING_2025_94db652c_00374_f6757ff95335,Early Adolescent Skills for Emotions (EASE): training manual,helping_skills,helping_skills_only,normal,P1,pending,,"• Teach the group that, in this circumstance, you can go back to the orange circle (step 2) to think of ideas that might now solve the • Invite the whole group to help the adolescent to review the original ideas on the leaves as well as to think of new ideas ("
WHO_EASE_TRAINING_2025,WHO_EASE_TRAINING_2025_94db652c_00375_4fa94b7570a2,Early Adolescent Skills for Emotions (EASE): training manual,helping_skills,helping_skills_only,normal,P1,pending,,Part B: Training days 155 • The adolescent then chooses the best idea. • Help the adolescent plan when they will try out this idea in the coming week. The adolescent did prepare what to say to their sibling and checked it with their mother who approved. But th
WHO_EASE_TRAINING_2025,WHO_EASE_TRAINING_2025_94db652c_00376_3821c7512487,Early Adolescent Skills for Emotions (EASE): training manual,helping_skills,helping_skills_only,normal,P1,pending,,"• Teach the group that, in this circumstance, go back to: ◦ the red circle (step 1) if the problem needs to be defined better; or ◦ the orange circle (step 2) to think of more ideas to solve the problem again."
WHO_EASE_TRAINING_2025,WHO_EASE_TRAINING_2025_94db652c_00378_e67226eb9c81,Early Adolescent Skills for Emotions (EASE): training manual,helping_skills,helping_skills_only,normal,P1,pending,,"Part B: Training days 157 1. Introduce the activity. “In session 6 the adolescents will be led through activities to strengthen their skills in problem management. After the home practice review of Calming My Body and Changing My Actions, you will need to lead"
WHO_EASE_TRAINING_2025,WHO_EASE_TRAINING_2025_94db652c_00386_7ed16238930f,Early Adolescent Skills for Emotions (EASE): training manual,helping_skills,helping_skills_only,normal,P1,pending,,1. Introduce the next facilitation practice as the last activity in adolescent session 6 which covers preparing adolescents for the end of the intervention. Facilitation practice 14: Preparing for the end of the intervention (5 minutes) Adolescent activity 6.5
WHO_EASE_TRAINING_2025,WHO_EASE_TRAINING_2025_94db652c_00388_762ab0804437,Early Adolescent Skills for Emotions (EASE): training manual,helping_skills,helping_skills_only,normal,P1,pending,,This might mean they have to return to working in the afternoons or they are hiding feelings of sadness about no longer seeing the helper or other group participants)? • How could the helper manage these reactions (e.g. use their basic helping skills to help t
WHO_EASE_TRAINING_2025,WHO_EASE_TRAINING_2025_94db652c_00391_6abb55e0a636,Early Adolescent Skills for Emotions (EASE): training manual,helping_skills,helping_skills_only,normal,P1,pending,,Part B: Training days 163 45 6.3: Introduce Brighter futures in session 7 (facilitation practice 15) 6.4: Introduce the caregiver sessions (if ToT: teaching practice 3) Flipchart paper and pens (three
WHO_EASE_TRAINING_2025,WHO_EASE_TRAINING_2025_94db652c_00392_a8ad947b1d58,Early Adolescent Skills for Emotions (EASE): training manual,helping_skills,helping_skills_only,normal,P1,pending,,"6.5: Communication with caregivers (if ToT: teaching practice 4) 30 6.6: Group management skills for caregiver sessions Annex 11. Helpful hints for running a large 50 6.7: Introduce activities in caregiver session 1 (facilitation practice 16 and 17) Paper, pen"
WHO_EASE_TRAINING_2025,WHO_EASE_TRAINING_2025_94db652c_00393_bb168cb36956,Early Adolescent Skills for Emotions (EASE): training manual,helping_skills,helping_skills_only,normal,P1,pending,,40 6.8: Responding to feelings in caregiver session 1 (facilitation practice 18 and 19) Large flipchart and marker (for noting ideas from discussion) 35 6.9: Quality time in caregiver session 1 (facilitation practice 20) Annex 13. Helpful hints for quality tim
WHO_EASE_TRAINING_2025,WHO_EASE_TRAINING_2025_94db652c_00395_aaa7e9bdde97,Early Adolescent Skills for Emotions (EASE): training manual,helping_skills,helping_skills_only,normal,P1,pending,,"Part B: Training days 165 1. Encourage “helpers for the day” to review the instructions in the EASE intervention manual, 2. Support “helpers for the day” by reminding them that this is a practice and a chance to learn. Use basic helping skills to manage any wo"
WHO_EASE_TRAINING_2025,WHO_EASE_TRAINING_2025_94db652c_00398_503473124a3b,Early Adolescent Skills for Emotions (EASE): training manual,helping_skills,helping_skills_only,normal,P1,pending,,"To prepare, write the following questions on a flipchart to support the verbal instruction: • What will the adolescent do? • When will the adolescent complete it? • How will the adolescent complete it and what resources might the adolescent need? 1. On a blank"
WHO_EASE_TRAINING_2025,WHO_EASE_TRAINING_2025_94db652c_00399_ab4d5db0ff2f,Early Adolescent Skills for Emotions (EASE): training manual,helping_skills,helping_skills_only,normal,P1,pending,,"“Both Changing My Actions and Managing My Problems require participants to develop an action plan. In Changing My Actions, in the Plan step [[point to Plan on the flipchart]], participants are encouraged to try out three small and easy steps (of the staircase)"
WHO_EASE_TRAINING_2025,WHO_EASE_TRAINING_2025_94db652c_00400_e7efe198dabf,Early Adolescent Skills for Emotions (EASE): training manual,helping_skills,helping_skills_only,normal,P1,pending,,Give each group either the activity statement from Changing My Actions (see example in Box 13) or the problem statement from Managing My Problems (see example in Box 14). Box 13. Example of an action plan for the Changing My Actions “Plan” step Activity statem
WHO_EASE_TRAINING_2025,WHO_EASE_TRAINING_2025_94db652c_00402_153334baa8b7,Early Adolescent Skills for Emotions (EASE): training manual,helping_skills,helping_skills_only,normal,P1,pending,,Box 14. Example of an action plan for the Managing My Problems “Go” step Problem statement: I broke up a friendship but would like to be friends again Go: Chosen idea: • What: Talk to my friend and apologize for breaking up the friendship and tell her I would 
WHO_EASE_TRAINING_2025,WHO_EASE_TRAINING_2025_94db652c_00404_2f27bbffd96f,Early Adolescent Skills for Emotions (EASE): training manual,helping_skills,helping_skills_only,normal,P1,pending,,1. Introduce Brighter futures. “Adolescents will experience practical problems and unpleasant feelings and body sensations in the future. Practising the EASE skills after the intervention is finished can support adolescents to manage these problems so they do 
WHO_EASE_TRAINING_2025,WHO_EASE_TRAINING_2025_94db652c_00405_7f6c44a5ffcc,Early Adolescent Skills for Emotions (EASE): training manual,helping_skills,helping_skills_only,normal,P1,pending,,"Link key discussion points to the expectations of an adolescent managing their emotional well-being following EASE – there will be setbacks, and adolescents are not failing by having setbacks, but adolescents need to continue practising the skills to minimize "
WHO_EASE_TRAINING_2025,WHO_EASE_TRAINING_2025_94db652c_00407_3be82502b6cb,Early Adolescent Skills for Emotions (EASE): training manual,helping_skills,helping_skills_only,normal,P1,pending,,"Explain that: • The term “caregiver” means any primary person caring for the adolescent. A caregiver could be a parent, grandparent, other adult family member, or a non-biological caregiver such as a foster parent. • The caregiver sessions aim to teach the car"
WHO_EASE_TRAINING_2025,WHO_EASE_TRAINING_2025_94db652c_00408_8f7b11d00de8,Early Adolescent Skills for Emotions (EASE): training manual,helping_skills,helping_skills_only,normal,P1,pending,,◦ Caregiver session 1 is delivered before the third adolescent session (and ideally before the first adolescent session to better engage participants and their caregivers in the intervention). ◦ Caregiver session 2 is delivered before the fifth adolescent sess
WHO_EASE_TRAINING_2025,WHO_EASE_TRAINING_2025_94db652c_00409_5df5ead6a856,Early Adolescent Skills for Emotions (EASE): training manual,helping_skills,helping_skills_only,normal,P1,pending,,"• The helper who leads adolescent sessions should preferably not be the same as the helper leading caregiver sessions. This is to help minimize the likelihood that helpers accidentally breach adolescents’ or caregivers’ confidentiality. • For instance, if ther"
WHO_EASE_TRAINING_2025,WHO_EASE_TRAINING_2025_94db652c_00410_78a55763aa87,Early Adolescent Skills for Emotions (EASE): training manual,helping_skills,helping_skills_only,normal,P1,pending,,Example responses are: • developing a favourable relationship between the adolescent and caregiver; • communicating care and support by listening; • showing interest and having quality time together; • having open conversations about mental health; • helping t
WHO_EASE_TRAINING_2025,WHO_EASE_TRAINING_2025_94db652c_00411_e6b7a743537d,Early Adolescent Skills for Emotions (EASE): training manual,helping_skills,helping_skills_only,normal,P1,pending,,Ask the group to name some things that caregivers under stress might or might not do that can be risk factors for a child’s mental health (see Box 15).
WHO_EASE_TRAINING_2025,WHO_EASE_TRAINING_2025_94db652c_00413_4b877f5f3e83,Early Adolescent Skills for Emotions (EASE): training manual,helping_skills,helping_skills_only,normal,P1,pending,,"Box 15. Examples of caregiver actions that may lead to risk factors for children’s mental health • Poor mental health of caregivers. • Family history of poor mental health. • Lack of supervision. • Overburdened caregivers (e.g. with long working hours, other c"
WHO_EASE_TRAINING_2025,WHO_EASE_TRAINING_2025_94db652c_00414_fd08657ec7ac,Early Adolescent Skills for Emotions (EASE): training manual,helping_skills,helping_skills_only,normal,P1,pending,,"“As you may now have considered, caregivers most often will influence their child’s emotional health both positively and negatively. In most cases, caregivers are doing the best they can to parent and support their children. During EASE, it is important that w"
WHO_EASE_TRAINING_2025,WHO_EASE_TRAINING_2025_94db652c_00415_efdcf1bcd7e0,Early Adolescent Skills for Emotions (EASE): training manual,helping_skills,helping_skills_only,normal,P1,pending,,Table 5. Content of the caregiver sessions Caregiver session Content Caregiver skill taught Session 1: Understanding big feelings Caregivers are provided with information and skills to better equip them to respond and provide comfort to their child when they a
WHO_EASE_TRAINING_2025,WHO_EASE_TRAINING_2025_94db652c_00416_eb48223bc213,Early Adolescent Skills for Emotions (EASE): training manual,helping_skills,helping_skills_only,normal,P1,pending,,"This session aims to enhance a caregiver’s capacity to cope with challenges related to the environment and to parenting an adolescent who is experiencing significant distress. 4. Self-care 11. Note that, as in the adolescent sessions, practice and application "
WHO_EASE_TRAINING_2025,WHO_EASE_TRAINING_2025_94db652c_00417_cfa32b5bec52,Early Adolescent Skills for Emotions (EASE): training manual,helping_skills,helping_skills_only,normal,P1,pending,,Part B: Training days 175 Training activity 6.5: Communication with caregivers (if ToT: teaching practice 4) To learn how to adjust communication with 1. Explain that caregivers may feel stressed or worried about their child when coming to the caregiver sessio
WHO_EASE_TRAINING_2025,WHO_EASE_TRAINING_2025_94db652c_00418_05571dfe481a,Early Adolescent Skills for Emotions (EASE): training manual,helping_skills,helping_skills_only,normal,P1,pending,,"Examples are: • worried about how to care for their child with mental health problems; • worried about what it might mean for their future; • feeling ashamed, embarrassed or guilty about their caregiving; • feeling annoyed or misunderstood about efforts they m"
WHO_EASE_TRAINING_2025,WHO_EASE_TRAINING_2025_94db652c_00419_2fe97fc79468,Early Adolescent Skills for Emotions (EASE): training manual,helping_skills,helping_skills_only,normal,P1,pending,,Responses to be elicited: • showing respect that they are also knowledgeable and are experts in their own right; • offering empathy and kindness; • acknowledging difficulties they may face with their child as well as the potential causes and consequences of th
WHO_EASE_TRAINING_2025,WHO_EASE_TRAINING_2025_94db652c_00420_958b00fb51fc,Early Adolescent Skills for Emotions (EASE): training manual,helping_skills,helping_skills_only,normal,P1,pending,,"they can, with what they know, in the circumstances they are in. It is important that helpers acknowledge this and offer the caregivers a chance to discuss and consider some alternative approaches (e.g. alternatives to physical punishment): “How might you ackn"
WHO_EASE_TRAINING_2025,WHO_EASE_TRAINING_2025_94db652c_00422_7c66e9db24b3,Early Adolescent Skills for Emotions (EASE): training manual,helping_skills,helping_skills_only,normal,P1,pending,,"I welcome your expertise so that together we can think about the best way to help your children.” A helper has strong views against the use of shouting, and a caregiver shares that they think this is helpful to get their adolescent to listen to It is important"
WHO_EASE_TRAINING_2025,WHO_EASE_TRAINING_2025_94db652c_00423_047e1d02070d,Early Adolescent Skills for Emotions (EASE): training manual,helping_skills,helping_skills_only,normal,P1,pending,,Part B: Training days 177 Training activity 6.6: Group management skills for caregiver sessions To learn group management skills for the caregiver sessions Annex 11. Helpful hints for running a large 1. Explain that participants will now discuss caregiver grou
WHO_EASE_TRAINING_2025,WHO_EASE_TRAINING_2025_94db652c_00424_a7c822c28223,Early Adolescent Skills for Emotions (EASE): training manual,helping_skills,helping_skills_only,normal,P1,pending,,Group management skills for caregiver sessions Scenario 1. Managing confidentiality between adolescent and caregiver sessions • Adolescents will always be encouraged to share information about what they have learned in their group with their caregivers if they
WHO_EASE_TRAINING_2025,WHO_EASE_TRAINING_2025_94db652c_00425_3b40077ee4f5,Early Adolescent Skills for Emotions (EASE): training manual,helping_skills,helping_skills_only,normal,P1,pending,,"◦ A caregiver will be informed privately if their child is at significant risk of harming themselves, others or if someone else is harming them. ◦ If the caregiver wants more specific information about their child, the helper must first obtain permission from "
WHO_EASE_TRAINING_2025,WHO_EASE_TRAINING_2025_94db652c_00426_b47688f5a9de,Early Adolescent Skills for Emotions (EASE): training manual,helping_skills,helping_skills_only,normal,P1,pending,,"Scenario 2. What to do when a caregiver expresses doubt or criticism about a skill • Communicating your concern and validating their view is the best first response (see EASE intervention manual, Chapter 3, on how to do this). “The reactions you have described"
WHO_EASE_TRAINING_2025,WHO_EASE_TRAINING_2025_94db652c_00427_1830ee5a4282,Early Adolescent Skills for Emotions (EASE): training manual,helping_skills,helping_skills_only,normal,P1,pending,,"“That sounds as if it must be very challenging/upsetting/frightening (use appropriate description) for you and for your child.” • In front of the group, you can thank the person for their contribution and then invite others to share. “Thank you (name). What yo"
WHO_EASE_TRAINING_2025,WHO_EASE_TRAINING_2025_94db652c_00428_de43c9efc50b,Early Adolescent Skills for Emotions (EASE): training manual,helping_skills,helping_skills_only,normal,P1,pending,,"Part B: Training days 179 Training activity 6.7: Introduce activities in caregiver session 1 (facilitation practice 16 and 17) To learn how to start caregiver session 1 and talk about confidentiality, and learn how to review the adolescent skills with caregive"
WHO_EASE_TRAINING_2025,WHO_EASE_TRAINING_2025_94db652c_00430_ceb4d1dddb4e,Early Adolescent Skills for Emotions (EASE): training manual,helping_skills,helping_skills_only,normal,P1,pending,,"The helper will also provide guidance on suicidal behaviours in adolescents and will address common myths about suicide. Note: this facilitation practice will likely take more than 15 minutes to deliver, encourage trainees to complete as much as they can withi"
WHO_EASE_TRAINING_2025,WHO_EASE_TRAINING_2025_94db652c_00431_38dc426815fc,Early Adolescent Skills for Emotions (EASE): training manual,helping_skills,helping_skills_only,normal,P1,pending,,"Part B: Training days 181 10. Feedback and reflection (10 minutes). 11. During reflection, additionally: • Emphasize that during this caregiver activity, helpers should use open-ended questions and encourage group discussion. • If there is any confusion during"
WHO_EASE_TRAINING_2025,WHO_EASE_TRAINING_2025_94db652c_00432_b086507475f8,Early Adolescent Skills for Emotions (EASE): training manual,helping_skills,helping_skills_only,normal,P1,pending,,"• Reassure caregivers that talking to adolescents about suicide, when trained to do so, does not increase the likelihood of it occurring. Rather, it helps to identify if an adolescent is suffering and provides the support needed. Training activity 6.8: Respond"
WHO_EASE_TRAINING_2025,WHO_EASE_TRAINING_2025_94db652c_00433_ba3b47228324,Early Adolescent Skills for Emotions (EASE): training manual,helping_skills,helping_skills_only,normal,P1,pending,,"1. Introduce the active listening. “We are going to learn about an important skill called active listening. This is a type of communication that can be used to show attention, care and compassion and is helpful when responding initially to an adolescent who is"
WHO_EASE_TRAINING_2025,WHO_EASE_TRAINING_2025_94db652c_00438_1fb4c0acc1c1,Early Adolescent Skills for Emotions (EASE): training manual,helping_skills,helping_skills_only,normal,P1,pending,, Quality time may provide more opportunities for the adolescent to disclose their problems without being asked directly.  Quality time provides an opportunity for shared positive experiences between the adolescent and caregiver. Facilitation practice 20: Qua
WHO_EASE_TRAINING_2025,WHO_EASE_TRAINING_2025_94db652c_00439_8e2cbfbc1557,Early Adolescent Skills for Emotions (EASE): training manual,helping_skills,helping_skills_only,normal,P1,pending,,"Part B: Training days 185 Training activity 6.10: Slow Breathing for caregivers (facilitation practice 21) To practise doing Slow Breathing with • Annex 5. Calming my Body • Annex 6. Two 1. Explain that: • At the end of each caregiver session, you will lead ca"
WHO_EASE_TRAINING_2025,WHO_EASE_TRAINING_2025_94db652c_00440_a81d58527033,Early Adolescent Skills for Emotions (EASE): training manual,helping_skills,helping_skills_only,normal,P1,pending,,"Slow Breathing can help to alleviate stress and can be a helpful skill to use, especially during stressful interactions with your child. It is also something your child is learning and can be practised together.” 3. Explain that the ending of the caregiver ses"
WHO_EASE_TRAINING_2025,WHO_EASE_TRAINING_2025_94db652c_00441_3cdf0cdec3c3,Early Adolescent Skills for Emotions (EASE): training manual,helping_skills,helping_skills_only,normal,P1,pending,,Facilitation practice 21: Ending the session (5 minutes) Link to intervention manual: Caregiver activity 1.8. Ending the session: 3. Slow Breathing activity to end the session only Training activity 6.11: Ending • Review learning objectives and make sure that 
WHO_EASE_TRAINING_2025,WHO_EASE_TRAINING_2025_94db652c_00443_4e7544309912,Early Adolescent Skills for Emotions (EASE): training manual,helping_skills,helping_skills_only,normal,P1,pending,,Day 7: Caregiver sessions 2 and 3 Day 7. Learning objectives: 1. Understand how to implement key activities in caregiver sessions 2 and 3. 2. Understand how to discuss barriers to quality time. 3. Understand how caregivers can show a genuine interest in their 
WHO_EASE_TRAINING_2025,WHO_EASE_TRAINING_2025_94db652c_00444_56f23f0c678d,Early Adolescent Skills for Emotions (EASE): training manual,helping_skills,helping_skills_only,normal,P1,pending,,"Part B: Training days 189 85 7.3: The power of praise (facilitation practice 23, 24 & 25) 7.4: Managing caregivers’ resistance to praise (if ToT: teaching practice 5)"
WHO_EASE_TRAINING_2025,WHO_EASE_TRAINING_2025_94db652c_00448_e86aca316a57,Early Adolescent Skills for Emotions (EASE): training manual,helping_skills,helping_skills_only,normal,P1,pending,,Part B: Training days 191 Training activity 7.1: Recap the content of Day 6 and introduce Day 7
WHO_EASE_TRAINING_2025,WHO_EASE_TRAINING_2025_94db652c_00449_69c7f93348f7,Early Adolescent Skills for Emotions (EASE): training manual,helping_skills,helping_skills_only,normal,P1,pending,,Training activity 7.2: Children’s strengths (facilitation practice 22) To practise supporting caregivers to think about their child’s strengths 1. Introduce caregiver session 2. “Caregiver session 2 begins with reviews of the caregiver’s home practice and EASE
WHO_EASE_TRAINING_2025,WHO_EASE_TRAINING_2025_94db652c_00450_283635ed274f,Early Adolescent Skills for Emotions (EASE): training manual,helping_skills,helping_skills_only,normal,P1,pending,,"Explain that in EASE, children demonstrate strength both in learning and practising the coping strategies and in their own independent personal strengths. The helper’s role is to identify and encourage these strengths in the adolescents. In the same way, helpe"
WHO_EASE_TRAINING_2025,WHO_EASE_TRAINING_2025_94db652c_00452_ab98ffeaca52,Early Adolescent Skills for Emotions (EASE): training manual,helping_skills,helping_skills_only,normal,P1,pending,,7.3.1 Introduce the power of praise (15 minutes) 1. Explain what praise is. “Praise is describing behaviour or efforts in a positive way. Praise encourages a favourable behaviour and can help with improving mood. Children and adolescents love their caregivers 
WHO_EASE_TRAINING_2025,WHO_EASE_TRAINING_2025_94db652c_00454_2b35d43123a0,Early Adolescent Skills for Emotions (EASE): training manual,helping_skills,helping_skills_only,normal,P1,pending,,"Ask what impact effective praise may have on the adolescent and why it is important to be specific and to express approval. • For example, effective praise: ◦ helps to support an adolescent’s confidence and sense of self; ◦ models how to talk positively and ki"
WHO_EASE_TRAINING_2025,WHO_EASE_TRAINING_2025_94db652c_00455_ce6fbaf101c8,Early Adolescent Skills for Emotions (EASE): training manual,helping_skills,helping_skills_only,normal,P1,pending,,"Part B: Training days 195 ◦ helps an adolescent to recognize feelings of being proud or satisfied in themselves; ◦ communicates that the caregiver is attentive and responsive to the adolescent, helping to strengthen feelings of trust; and ◦ helps adolescents u"
WHO_EASE_TRAINING_2025,WHO_EASE_TRAINING_2025_94db652c_00457_cb3231883964,Early Adolescent Skills for Emotions (EASE): training manual,helping_skills,helping_skills_only,normal,P1,pending,,This will help caregivers to understand how they feel about praise and to be curious about how it can potentially benefit self-esteem.”
WHO_EASE_TRAINING_2025,WHO_EASE_TRAINING_2025_94db652c_00459_fa9a5e2e5e04,Early Adolescent Skills for Emotions (EASE): training manual,helping_skills,helping_skills_only,normal,P1,pending,,Part B: Training days 197 Training activity 7.4: Managing caregivers’ resistance to praise (if ToT: teaching practice 5) To reflect on and practise how to respond to caregivers who display resistance to giving their children praise 1. Introduce caregivers’ res
WHO_EASE_TRAINING_2025,WHO_EASE_TRAINING_2025_94db652c_00460_f49d756d6fcb,Early Adolescent Skills for Emotions (EASE): training manual,helping_skills,helping_skills_only,normal,P1,pending,,"Reflect on this situation: • Discuss the potential reasons for this caregiver’s resistance. • Using your basic helping skills, how could the helper initially respond to this caregiver? Brainstorm ideas for how to manage the caregiver’s resistance to help them "
WHO_EASE_TRAINING_2025,WHO_EASE_TRAINING_2025_94db652c_00461_3c6e84fc0a07,Early Adolescent Skills for Emotions (EASE): training manual,helping_skills,helping_skills_only,normal,P1,pending,,"They are more likely to keep trying, they are more likely to repeat the behaviour you want them to repeat. So it is an idea that I am sharing with you, and it is up to you how you would like to use this idea.”"
WHO_EASE_TRAINING_2025,WHO_EASE_TRAINING_2025_94db652c_00463_9b270a2fd6e9,Early Adolescent Skills for Emotions (EASE): training manual,helping_skills,helping_skills_only,normal,P1,pending,,"Helpful hints for alternatives to harsh punishment 7.5.1 Alternative to harsh punishment (25 minutes) 1. Introduce alternatives to harsh punishment. “In the second caregiver session, helpers will discuss alternatives to the use of discipline that involves refr"
WHO_EASE_TRAINING_2025,WHO_EASE_TRAINING_2025_94db652c_00466_e3b7703be906,Early Adolescent Skills for Emotions (EASE): training manual,helping_skills,helping_skills_only,normal,P1,pending,,"• Caregivers believe that it will not lead to negative consequences or harm. • Caregivers view these kinds of discipline as acceptable within their own community, educational, social and family networks."
WHO_EASE_TRAINING_2025,WHO_EASE_TRAINING_2025_94db652c_00469_5e8dbaa7d12f,Early Adolescent Skills for Emotions (EASE): training manual,helping_skills,helping_skills_only,normal,P1,pending,,"trying out and practising active listening, quality time, praise and alternatives to misbehaviour); and • the helper reassures caregivers that they will need to allow time and repeated practice before they may notice any changes."
WHO_EASE_TRAINING_2025,WHO_EASE_TRAINING_2025_94db652c_00471_3973ccc9ad4e,Early Adolescent Skills for Emotions (EASE): training manual,helping_skills,helping_skills_only,normal,P1,pending,,"If the following examples are not included, then please add: • Physical: bruising, lacerations, fractures, brain damage, disability. • Emotional: greater emotional difficulties including depression, anxiety, anger, feelings of shame and guilt (in both child an"
WHO_EASE_TRAINING_2025,WHO_EASE_TRAINING_2025_94db652c_00473_c5073369d8d2,Early Adolescent Skills for Emotions (EASE): training manual,helping_skills,helping_skills_only,normal,P1,pending,,"• Find a strategy to feel better able to speak with the child calmly. It is common for caregivers to feel big and strong feelings in response to their child’s behaviour, and it is important that they allow themselves space for noticing their feelings and then "
WHO_EASE_TRAINING_2025,WHO_EASE_TRAINING_2025_94db652c_00474_f673e5494e27,Early Adolescent Skills for Emotions (EASE): training manual,helping_skills,helping_skills_only,normal,P1,pending,,"• If the behaviour continues even when the above ideas have been used, then ignore repetitions of silly or harmless behaviours by the child (e.g. this could be the child talking too loudly or speaking without using manners). • Caregivers can model appropriate "
WHO_EASE_TRAINING_2025,WHO_EASE_TRAINING_2025_94db652c_00475_ac195f83c324,Early Adolescent Skills for Emotions (EASE): training manual,helping_skills,helping_skills_only,normal,P1,pending,,"She is becoming increasingly aggressive, yelling with her friends, and playing games involving rough play. You have asked her to stop, but she seems to be continuing. What can the caregiver do? Try to start with a conversation. The caregiver may calmly ask to "
WHO_EASE_TRAINING_2025,WHO_EASE_TRAINING_2025_94db652c_00477_4a0a6bbb099c,Early Adolescent Skills for Emotions (EASE): training manual,helping_skills,helping_skills_only,normal,P1,pending,,"The caregiver may calmly phone their child to ask if they are OK, or if they are experiencing any difficulties with getting home. Once the child is home, the caregiver could have a more in-depth conversation to try to understand what their child is feeling now"
WHO_EASE_TRAINING_2025,WHO_EASE_TRAINING_2025_94db652c_00478_72f696d3c2c8,Early Adolescent Skills for Emotions (EASE): training manual,helping_skills,helping_skills_only,normal,P1,pending,,"Different countries and cultures have different rules about acceptable caregiver practices. In some countries, it may still be socially acceptable and legal for corporal punishment or harsh punishment to continue in the home. Corporal punishment refers to hitt"
WHO_EASE_TRAINING_2025,WHO_EASE_TRAINING_2025_94db652c_00481_427c6a6163f9,Early Adolescent Skills for Emotions (EASE): training manual,helping_skills,helping_skills_only,normal,P1,pending,,Part B: Training days 205 Training activity 7.6: Introduce caregiver session 3 (facilitation practice 26) To practice delivering the home practice review with caregivers 25 minutes • Annex 2. Annex 14. Helpful hints for caregiver home 1. Introduce caregiver se
WHO_EASE_TRAINING_2025,WHO_EASE_TRAINING_2025_94db652c_00484_3bb146058435,Early Adolescent Skills for Emotions (EASE): training manual,helping_skills,helping_skills_only,normal,P1,pending,,Caregiver session 3 acknowledges this and lays the foundations for supporting caregivers to look after themselves. 4. Discuss caregiver distress.
WHO_EASE_TRAINING_2025,WHO_EASE_TRAINING_2025_94db652c_00486_65feee218954,Early Adolescent Skills for Emotions (EASE): training manual,helping_skills,helping_skills_only,normal,P1,pending,,Highlight the fact that looking after one’s emotional and physical health is an important part of caregiver self-care. Explain that they will now brainstorm ideas to support Fatima’s and Aban’s health. 9. Tell group 1 to brainstorm ideas that could be helpful 
WHO_EASE_TRAINING_2025,WHO_EASE_TRAINING_2025_94db652c_00487_778e996382df,Early Adolescent Skills for Emotions (EASE): training manual,helping_skills,helping_skills_only,normal,P1,pending,,talking and listening to friends or family); • enjoyable/rewarding activity (e.g. sitting to slowly drink a cup of tea); • calming/soothing activity (e.g. Slow Breathing or other relaxation exercises); • saying something to themselves to encourage coping and s
WHO_EASE_TRAINING_2025,WHO_EASE_TRAINING_2025_94db652c_00489_46861705771b,Early Adolescent Skills for Emotions (EASE): training manual,helping_skills,helping_skills_only,normal,P1,pending,,Highlight how helpers can support caregivers with practicing self-care: • Ask caregivers how they plan to include self-care in their daily routine. • Motivate caregivers by explaining that caregivers are role models to their children. When caregivers look afte
WHO_EASE_TRAINING_2025,WHO_EASE_TRAINING_2025_94db652c_00490_5eb43465edc1,Early Adolescent Skills for Emotions (EASE): training manual,helping_skills,helping_skills_only,normal,P1,pending,,Training activity 7.9: Helping caregivers overcoming obstacles to practise the caregiver skills (if ToT: teaching practice 7) support caregivers in overcoming obstacles in home practice Flipchart paper and • Annex 8. Support participants without telling them t
WHO_EASE_TRAINING_2025,WHO_EASE_TRAINING_2025_94db652c_00491_568d37ec31ad,Early Adolescent Skills for Emotions (EASE): training manual,helping_skills,helping_skills_only,normal,P1,pending,,"After teaching each skill, helpers should ask caregivers to consider some difficulties associated with regularly practicing these skills. 5. Explain that helpers should lead discussions that help caregivers to brainstorm some potential solutions to these obsta"
WHO_EASE_TRAINING_2025,WHO_EASE_TRAINING_2025_94db652c_00492_121db19fcfa9,Early Adolescent Skills for Emotions (EASE): training manual,helping_skills,helping_skills_only,normal,P1,pending,,"Part B: Training days 211 “The most common mistake helpers make is giving caregivers direct advice on how to overcome an obstacle. Caregivers are more likely to change their behaviour if they believe they have come up with an ideal solution. So, it is very imp"
WHO_EASE_TRAINING_2025,WHO_EASE_TRAINING_2025_94db652c_00493_344244d45c6f,Early Adolescent Skills for Emotions (EASE): training manual,helping_skills,helping_skills_only,normal,P1,pending,,” Write their responses on a new flipchart. For example: • time (caregivers are too busy); • forgetfulness; • they might feel too tired; • the caregiver’s mental health problems (e.g. depression); • they might feel uncomfortable because they have never practis
WHO_EASE_TRAINING_2025,WHO_EASE_TRAINING_2025_94db652c_00499_69035b8590a7,Early Adolescent Skills for Emotions (EASE): training manual,helping_skills,helping_skills_only,normal,P1,pending,,leading a certain adolescent skill or communicating with caregivers). 2. Assign a co-helper to support the helper. The co-helper can provide support by: • drawing on the flipchart as needed and supporting with EASE material; • keeping track of the time; • moni
WHO_EASE_TRAINING_2025,WHO_EASE_TRAINING_2025_94db652c_00501_6348aeefbc73,Early Adolescent Skills for Emotions (EASE): training manual,helping_skills,helping_skills_only,normal,P1,pending,,"Part B: Training days 215 4. As with the facilitation practices on days 1 to 7, trainers (and pairs of trainees if this is a ToT) should use the EASE competency assessment (Training form 4. EASE competency assessment) during the full facilitation practice. • F"
WHO_EASE_TRAINING_2025,WHO_EASE_TRAINING_2025_94db652c_00504_00694e43beee,Early Adolescent Skills for Emotions (EASE): training manual,helping_skills,helping_skills_only,normal,P1,pending,,"30 8.1: Recap Flipchart paper and pen for the 65 8.2: EASE assessment and assessing and monitoring thoughts of self-harm and suicide (Safe identification of child abuse, exploitation, neglect, Chapter 4, Table 3. Assessment of imminent risk of self- harm or su"
WHO_EASE_TRAINING_2025,WHO_EASE_TRAINING_2025_94db652c_00505_6c30d978bfc6,Early Adolescent Skills for Emotions (EASE): training manual,helping_skills,helping_skills_only,normal,P1,pending,,"Part B: Training days 217 85 8.3: Managing disclosure of abuse (EASE adolescent competency: Safe identification of child abuse, exploitation, neglect, Trainee handout 5. Case studies for safe identification of abuse, exploitation, neglect, violence & self-harm"
WHO_EASE_TRAINING_2025,WHO_EASE_TRAINING_2025_94db652c_00507_0f87176c532d,Early Adolescent Skills for Emotions (EASE): training manual,helping_skills,helping_skills_only,normal,P1,pending,,"Part B: Training days 219 Training activity 8.2: EASE assessment and assessing and monitoring thoughts, plans, and acts of self-harm and suicide To identify how to assess and monitor thoughts, plans, and acts of self-harm and suicide 65 minutes Training form 4"
WHO_EASE_TRAINING_2025,WHO_EASE_TRAINING_2025_94db652c_00508_c530d3d59636,Early Adolescent Skills for Emotions (EASE): training manual,helping_skills,helping_skills_only,normal,P1,pending,,"Pre- During As needed: self-harm and suicide risk Post- 2. Explain that Chapter 4 of the EASE intervention manual covers EASE assessments. 3. To decide whether EASE is a suitable intervention for an adolescent, the adolescent and their caregiver should complet"
WHO_EASE_TRAINING_2025,WHO_EASE_TRAINING_2025_94db652c_00509_6dfb46af1d6c,Early Adolescent Skills for Emotions (EASE): training manual,helping_skills,helping_skills_only,normal,P1,pending,,"4. While delivering EASE sessions, assessments are not conducted. However, if a situation arises where a participant shows signs of self-harm or suicidal risk, the helper may need to conduct a risk assessment. Later in the training, you will review when and ho"
WHO_EASE_TRAINING_2025,WHO_EASE_TRAINING_2025_94db652c_00510_59729477fd83,Early Adolescent Skills for Emotions (EASE): training manual,helping_skills,helping_skills_only,normal,P1,pending,,"As part of the pre-intervention assessment, adolescents will complete an assessment of imminent risk of self-harm or suicide.4 2. Before discussing the EASE pre-intervention assessment in full, we will first cover the assessment and monitoring of thoughts of s"
WHO_EASE_TRAINING_2025,WHO_EASE_TRAINING_2025_94db652c_00511_e8ba85049beb,Early Adolescent Skills for Emotions (EASE): training manual,helping_skills,helping_skills_only,normal,P1,pending,,"Depending on the measure you will use to assess distress in the caregiver, some questionnaires (e.g. the Patient Health Questionnaire (PHQ-9)) include an item on suicidal ideation. 5. Refer trainees to the assessment of imminent risk of self-harm or suicide in"
WHO_EASE_TRAINING_2025,WHO_EASE_TRAINING_2025_94db652c_00512_2ff62e619d4a,Early Adolescent Skills for Emotions (EASE): training manual,helping_skills,helping_skills_only,normal,P1,pending,,"based on their answers on the Assessment of imminent risk of self-harm or suicide) and can therefore participate in EASE, it is important to check in with them privately before or after EASE sessions and monitor their thoughts, plans or acts of self-harm or su"
WHO_EASE_TRAINING_2025,WHO_EASE_TRAINING_2025_94db652c_00513_7d89c993d867,Early Adolescent Skills for Emotions (EASE): training manual,helping_skills,helping_skills_only,normal,P1,pending,,Part B: Training days 221 7. We will discuss guidance for asking about self-harm or suicide today. 8. Chapter 4 of the intervention manual includes an assessment for the imminent risk of self-harm and suicide. • Organizations may have their own procedures to a
WHO_EASE_TRAINING_2025,WHO_EASE_TRAINING_2025_94db652c_00514_193c7787878d,Early Adolescent Skills for Emotions (EASE): training manual,helping_skills,helping_skills_only,normal,P1,pending,,It is also possible that adolescents or caregivers may express suicidal thoughts or intentions during EASE sessions that were not disclosed during the pre-intervention assessment. This could be due to feelings of stigma or shame. • Explain that many people who
WHO_EASE_TRAINING_2025,WHO_EASE_TRAINING_2025_94db652c_00515_c139674f5330,Early Adolescent Skills for Emotions (EASE): training manual,helping_skills,helping_skills_only,normal,P1,pending,,What are people’s views on self-harm or suicide in your community? ” 12. Discuss trainees’ experience of working with people with thoughts of suicide or who made a suicide attempt. “Can anyone share their experiences of working with people who have had thought
WHO_EASE_TRAINING_2025,WHO_EASE_TRAINING_2025_94db652c_00516_8f3b608cf184,Early Adolescent Skills for Emotions (EASE): training manual,helping_skills,helping_skills_only,normal,P1,pending,,13. Discuss the importance of being trained on how to respond to thoughts of suicide. “There may be times when a participant experiences thoughts of suicide. They might wish they could fall asleep and never wake up or that their life would be taken from them. 
WHO_EASE_TRAINING_2025,WHO_EASE_TRAINING_2025_94db652c_00518_c24b0a0d5ee2,Early Adolescent Skills for Emotions (EASE): training manual,helping_skills,helping_skills_only,normal,P1,pending,,"How can you notice if there may be a risk of suicide that warrants assessment? • For instance, compared to how the person has usually presented, the person may now present as more withdrawn, with less eye contact, more quiet, more tearful, or saying things tha"
WHO_EASE_TRAINING_2025,WHO_EASE_TRAINING_2025_94db652c_00519_c7975a32e142,Early Adolescent Skills for Emotions (EASE): training manual,helping_skills,helping_skills_only,normal,P1,pending,,Part B: Training days 223 8.2.4 Raising the topic of suicide with training participants (5 minutes) 1. Explain that a key action is to raise the topic of suicide and make training participants feel as comfortable as possible and not stigmatized. 2. Ask trainee
WHO_EASE_TRAINING_2025,WHO_EASE_TRAINING_2025_94db652c_00520_6af1a9b01aee,Early Adolescent Skills for Emotions (EASE): training manual,helping_skills,helping_skills_only,normal,P1,pending,,Explain that it is important to tell caregivers that helpers are trained to discuss and manage situations where adolescents (and caregivers) have suicidal thoughts or intentions. Some caregivers may feel uncomfortable about their children talking about suicide
WHO_EASE_TRAINING_2025,WHO_EASE_TRAINING_2025_94db652c_00521_aaf307563221,Early Adolescent Skills for Emotions (EASE): training manual,helping_skills,helping_skills_only,normal,P1,pending,,"Examples of vague questions that may lead to confusion include, “Are there times when you feel so sad that you just want to go away forever ? ”, “Have you wished that you could go to sleep and not feel these feelings anymore? ”"
WHO_EASE_TRAINING_2025,WHO_EASE_TRAINING_2025_94db652c_00522_3cd784f7deb5,Early Adolescent Skills for Emotions (EASE): training manual,helping_skills,helping_skills_only,normal,P1,pending,,"8.2.5 Determining risk (20 minutes) 1. If you are concerned that a participant (adolescent and/or caregiver) is at risk of suicide, you may initiate a one-to-one conversation in private with the participant. 2. Refer trainees to Annex 1, table A1.1. in the int"
WHO_EASE_TRAINING_2025,WHO_EASE_TRAINING_2025_94db652c_00523_4da8e69f95ca,Early Adolescent Skills for Emotions (EASE): training manual,helping_skills,helping_skills_only,normal,P1,pending,,"• Monitor the person during EASE sessions and ask about their thoughts on a one-to-one basis (e.g. by asking them how they are feeling, if they are continuing to have these thoughts, and if they plan to act on the thoughts). • Use your basic helping skills whe"
WHO_EASE_TRAINING_2025,WHO_EASE_TRAINING_2025_94db652c_00524_458807ffad4e,Early Adolescent Skills for Emotions (EASE): training manual,helping_skills,helping_skills_only,normal,P1,pending,,"If, during the EASE sessions, the helper determines that the participant is at imminent risk of suicide (in case of current thoughts or plan of suicide/self-harm, or in case of a history of thoughts or plan of self-harm in the past month or an act of self-harm"
WHO_EASE_TRAINING_2025,WHO_EASE_TRAINING_2025_94db652c_00526_5d44d5eed043,Early Adolescent Skills for Emotions (EASE): training manual,helping_skills,helping_skills_only,normal,P1,pending,,"Part B: Training days 225 Table 7. How to respond to participants who disclose thoughts of suicide Risk Helper’s response What to say to the person A person who may be at risk of suicide: with a history of thoughts or plans of self-harm in the past month, or a"
WHO_EASE_TRAINING_2025,WHO_EASE_TRAINING_2025_94db652c_00529_b2b7572015b7,Early Adolescent Skills for Emotions (EASE): training manual,helping_skills,helping_skills_only,normal,P1,pending,,Trainer demonstration: Assessing self-harm and suicide 1. Conduct a 10-minute demonstration with one trainer acting as an adolescent at imminent risk and one acting as the helper. 2. Demonstrate how to conduct the self-harm and suicide assessment when they sus
WHO_EASE_TRAINING_2025,WHO_EASE_TRAINING_2025_94db652c_00530_87c774d29b4e,Early Adolescent Skills for Emotions (EASE): training manual,helping_skills,helping_skills_only,normal,P1,pending,,"Explain that later today, in training activity 8.4, trainees will practice administering the questions about imminent risk for self-harm and suicide. 8.2.6 Grief and substance use (10 minutes) 1. Say there are other common issues that adolescents may present w"
WHO_EASE_TRAINING_2025,WHO_EASE_TRAINING_2025_94db652c_00532_72dc9a5406f1,Early Adolescent Skills for Emotions (EASE): training manual,helping_skills,helping_skills_only,normal,P1,pending,,"Box 18. Grief Grief is a normal reaction to a loss. Grief might occur in response to physical losses (e.g. the death of a loved one), a social loss (e.g. a parent moving out of the family home due to divorce), or in a role (e.g. loss of ability to do tasks due"
WHO_EASE_TRAINING_2025,WHO_EASE_TRAINING_2025_94db652c_00533_677a8ad5c8b7,Early Adolescent Skills for Emotions (EASE): training manual,helping_skills,helping_skills_only,normal,P1,pending,,"The intensity of their reactions to a loss and its duration varies with each child and is influenced by their age, ability to anticipate loss, understanding the concepts of permanence and death, reaction of the surviving caregivers, and the quality of their re"
WHO_EASE_TRAINING_2025,WHO_EASE_TRAINING_2025_94db652c_00534_a5a54e46778e,Early Adolescent Skills for Emotions (EASE): training manual,helping_skills,helping_skills_only,normal,P1,pending,,"Signs of grief can be: • Physical: Sleep difficulty such as sleeping too much, waking in the middle of the night, difficulty falling asleep, nightmares or night terrors, trouble getting back to sleep, difficulty getting up in the morning, bedwetting, headaches"
WHO_EASE_TRAINING_2025,WHO_EASE_TRAINING_2025_94db652c_00536_1744d91be7e8,Early Adolescent Skills for Emotions (EASE): training manual,helping_skills,helping_skills_only,normal,P1,pending,,"Ways to support a grieving young adolescent: • Using basic helping skills to listen to the adolescent, take their concerns and feelings seriously. • Validate by saying that it is normal to feel grief and react to the loss of a loved one, and reassure them that"
WHO_EASE_TRAINING_2025,WHO_EASE_TRAINING_2025_94db652c_00538_c90e0665f724,Early Adolescent Skills for Emotions (EASE): training manual,helping_skills,helping_skills_only,normal,P1,pending,,"Box 19. Substance use During or after experiencing adversity, some adolescents may engage in unhelpful coping strategies that involve dangerous, risk-taking behaviour such as alcohol or drug use. This is due to a variety of reasons, including lack of things to"
WHO_EASE_TRAINING_2025,WHO_EASE_TRAINING_2025_94db652c_00539_64792b6c15e9,Early Adolescent Skills for Emotions (EASE): training manual,helping_skills,helping_skills_only,normal,P1,pending,,laughing for possibly no reason); • has bloodshot eyes; • has slurred speech or speaks in a way that is unusual and difficult to understand; • shows no interest in activities or seems unable to focus and concentrate; • avoids eye contact; • smells of smoke or 
WHO_EASE_TRAINING_2025,WHO_EASE_TRAINING_2025_94db652c_00540_cae5c033ee5d,Early Adolescent Skills for Emotions (EASE): training manual,helping_skills,helping_skills_only,normal,P1,pending,,"The co-helper should use basic helping skills to listen to the adolescent and gently explain that they are worried that the adolescent is using alcohol or drugs, and that it may be difficult for them to benefit from the session if they are under the influence "
WHO_EASE_TRAINING_2025,WHO_EASE_TRAINING_2025_94db652c_00541_c878b95b3f43,Early Adolescent Skills for Emotions (EASE): training manual,helping_skills,helping_skills_only,normal,P1,pending,,"Part B: Training days 229 Training activity 8.3: Managing disclosure of abuse, exploitation, neglect, violence and self-harm To identify how to manage disclosure of abuse, exploitation, neglect, violence and self-harm 85 minutes • Training form 4. (Safe identi"
WHO_EASE_TRAINING_2025,WHO_EASE_TRAINING_2025_94db652c_00543_05dd9539dc68,Early Adolescent Skills for Emotions (EASE): training manual,helping_skills,helping_skills_only,normal,P1,pending,,"allow them to leave the room with a co-helper, do Slow Breathing as a group, or another participant might show their support by putting an arm around them, if appropriate, etc.). • For the rest of the session, be sure to monitor the participant’s distress and "
WHO_EASE_TRAINING_2025,WHO_EASE_TRAINING_2025_94db652c_00544_fc0c4529dcb2,Early Adolescent Skills for Emotions (EASE): training manual,helping_skills,helping_skills_only,normal,P1,pending,,"4. Carefully review the section on managing disclosures of abuse in EASE intervention manual Annex 1 on Managing disclosures of abuse and managing suicide risk. 5. At the end of the session, it is essential that you5 speak to the participant to determine more "
WHO_EASE_TRAINING_2025,WHO_EASE_TRAINING_2025_94db652c_00545_b8f1b47d5688,Early Adolescent Skills for Emotions (EASE): training manual,helping_skills,helping_skills_only,normal,P1,pending,,"• If “no”, use your basic helping skills to support the participant at that moment and encourage them to continue attending the group so they can learn exercises that might help them cope with life after having been through such difficult circumstances. • Depe"
WHO_EASE_TRAINING_2025,WHO_EASE_TRAINING_2025_94db652c_00546_83fc1b0206df,Early Adolescent Skills for Emotions (EASE): training manual,helping_skills,helping_skills_only,normal,P1,pending,,"This is because this is the role of the protection focal points who are trained to do this. • If an adolescent reports that their caregiver is causing abuse or neglect, it is important that the helper does not attempt to initiate a conversation with the caregi"
WHO_EASE_TRAINING_2025,WHO_EASE_TRAINING_2025_94db652c_00548_634b87934981,Early Adolescent Skills for Emotions (EASE): training manual,helping_skills,helping_skills_only,normal,P1,pending,,"Part B: Training days 231 • As a helper, what may be difficult or uncomfortable about talking to an adolescent who discloses this type of adversity and how could you manage those difficulties (e.g. feeling unsure of how to respond, worried that you may become "
WHO_EASE_TRAINING_2025,WHO_EASE_TRAINING_2025_94db652c_00553_0430db950cdb,Early Adolescent Skills for Emotions (EASE): training manual,helping_skills,helping_skills_only,normal,P1,pending,,Part B: Training days 233 1. Tell trainees that you have now covered some of the most challenging aspects of assessment with new and existing participants. Now you will lead them through the formal assessments that will be conducted with all participants befor
WHO_EASE_TRAINING_2025,WHO_EASE_TRAINING_2025_94db652c_00554_c7dfb96add55,Early Adolescent Skills for Emotions (EASE): training manual,helping_skills,helping_skills_only,normal,P1,pending,,It helps in deciding whether or not EASE is a suitable intervention for the adolescent. 3. Discuss the exclusion criteria for EASE. “When may EASE not be suitable? ” 4. Make sure to elicit the following answers: ◦ in adolescents who are at imminent risk of sui
WHO_EASE_TRAINING_2025,WHO_EASE_TRAINING_2025_94db652c_00555_41648e17f357,Early Adolescent Skills for Emotions (EASE): training manual,helping_skills,helping_skills_only,normal,P1,pending,,Doing an assessment before the start of the EASE intervention is very important because it gives you an opportunity to: • decide if EASE is a suitable intervention for the adolescent; • meet the adolescent and their caregiver(s) individually; • learn more abou
WHO_EASE_TRAINING_2025,WHO_EASE_TRAINING_2025_94db652c_00556_62bd414f5ac9,Early Adolescent Skills for Emotions (EASE): training manual,helping_skills,helping_skills_only,normal,P1,pending,,• The post-intervention assessment includes the same measures as the pre-intervention Note: the assessment of imminent risk of self-harm or suicide will not be administered during the post-intervention assessment unless the adolescent: a) indicated a risk of s
WHO_EASE_TRAINING_2025,WHO_EASE_TRAINING_2025_94db652c_00557_8d7a40f7da69,Early Adolescent Skills for Emotions (EASE): training manual,helping_skills,helping_skills_only,normal,P1,pending,,Discuss the importance of using the same measures before and after the intervention. “Why would we use the same measures again during the post-intervention assessment? ” [[Answer: So we can evaluate whether a participant reports any changes in internalizing pr
WHO_EASE_TRAINING_2025,WHO_EASE_TRAINING_2025_94db652c_00558_a8a1f90abc2a,Early Adolescent Skills for Emotions (EASE): training manual,helping_skills,helping_skills_only,normal,P1,pending,,"Response to be elicited: • The pre-intervention assessment can set the tone of the intervention, so it is important to use basic helping skills such as confidentiality, communicating concern, and being aware of non-verbal communication to show respect and conc"
WHO_EASE_TRAINING_2025,WHO_EASE_TRAINING_2025_94db652c_00559_251871be45a3,Early Adolescent Skills for Emotions (EASE): training manual,helping_skills,helping_skills_only,normal,P1,pending,,Part B: Training days 235 8.4.2 How to introduce EASE assessments to families (35 minutes) 1. Explain the setting of the assessments (5 minutes): • Assessments with adolescents and caregivers should ideally be completed in one visit (i.e. visits can be conduct
WHO_EASE_TRAINING_2025,WHO_EASE_TRAINING_2025_94db652c_00560_5cd8a87fa24f,Early Adolescent Skills for Emotions (EASE): training manual,helping_skills,helping_skills_only,normal,P1,pending,,"Ask trainees to open the pre-intervention assessment protocol of the intervention manual (Chapter 4, section 4.2) and review (in about 5 minutes) the steps of the pre-intervention All-trainee role-play: Step 1 (pre) – Introduction and consent Link to intervent"
WHO_EASE_TRAINING_2025,WHO_EASE_TRAINING_2025_94db652c_00562_e693d941e6de,Early Adolescent Skills for Emotions (EASE): training manual,helping_skills,helping_skills_only,normal,P1,pending,,"“After the adolescent has given you permission and the caregiver has given you consent to continue with the assessment, you can start with Step 2 of the pre-intervention assessment which covers questions for the adolescent. It is up to the adolescent whether t"
WHO_EASE_TRAINING_2025,WHO_EASE_TRAINING_2025_94db652c_00564_12b8d6c8f372,Early Adolescent Skills for Emotions (EASE): training manual,helping_skills,helping_skills_only,normal,P1,pending,,7 This can be the Pediatric Symptom Checklist (PSC-17) that was used in the first research trials on EASE or another questionnaire that the organization you are training for has selected.
WHO_EASE_TRAINING_2025,WHO_EASE_TRAINING_2025_94db652c_00565_134e4e3410a1,Early Adolescent Skills for Emotions (EASE): training manual,helping_skills,helping_skills_only,normal,P1,pending,,Part B: Training days 237 ◦ What could they do to feel more confident in using the assessments? • And ask the following questions about the group’s experience in role-playing the adolescent: ◦ How did it feel to be asked the assessment questions? ◦ Learning fr
WHO_EASE_TRAINING_2025,WHO_EASE_TRAINING_2025_94db652c_00567_fa618680069a,Early Adolescent Skills for Emotions (EASE): training manual,helping_skills,helping_skills_only,normal,P1,pending,,"Ask the group why it is important to invite caregivers to complete the assessments: • Even if adolescents do not report internalizing problems or report internalizing problems below cut-off on the questionnaire, this might be due to social desirability. • The "
WHO_EASE_TRAINING_2025,WHO_EASE_TRAINING_2025_94db652c_00568_21d0d87d50a9,Early Adolescent Skills for Emotions (EASE): training manual,helping_skills,helping_skills_only,normal,P1,pending,,12. Review Table 5 in Chapter 4 on how to summarize the assessment results in the intervention manual. Read out the following case study and ask the group to complete the summary table accordingly: “Sami and his mother were visited by a helper from [name of or
WHO_EASE_TRAINING_2025,WHO_EASE_TRAINING_2025_94db652c_00569_5687300bc95a,Early Adolescent Skills for Emotions (EASE): training manual,helping_skills,helping_skills_only,normal,P1,pending,,"Sami does not show any signs of a severe mental, neurological or substance use disorder, or any behaviours that may be disruptive during EASE groups. The helper observes there are no indications of acute protection needs. In the assessment with Sami’s mother, "
WHO_EASE_TRAINING_2025,WHO_EASE_TRAINING_2025_94db652c_00570_b86cd54ecfc3,Early Adolescent Skills for Emotions (EASE): training manual,helping_skills,helping_skills_only,normal,P1,pending,,Part B: Training days 239 Table 8. Example of completed summary table case study Sami Measure Result Response if the result is “yes” Reasons that EASE may not be suitable for the adolescent 1. Is the child younger than 10 years or older than 15 years? Yes / No
WHO_EASE_TRAINING_2025,WHO_EASE_TRAINING_2025_94db652c_00571_fca9b23308a2,Early Adolescent Skills for Emotions (EASE): training manual,helping_skills,helping_skills_only,normal,P1,pending,,Does the adolescent display behaviours that would be disruptive in the group (such as violent or aggressive behaviours) or show that it would be difficult for them to follow instructions? Yes / No Link with appropriate care. 5. Are there indications of acute a
WHO_EASE_TRAINING_2025,WHO_EASE_TRAINING_2025_94db652c_00572_a535caa2a1ab,Early Adolescent Skills for Emotions (EASE): training manual,helping_skills,helping_skills_only,normal,P1,pending,,Measure Result Response if the result is “yes” Adolescent internalizing problems 6. What is the total score on the measure of internalizing problems reported by the adolescent? Score = above cut-off NA 7. What is the total score on the measure of caregiver rep
WHO_EASE_TRAINING_2025,WHO_EASE_TRAINING_2025_94db652c_00573_2801ead934f6,Early Adolescent Skills for Emotions (EASE): training manual,helping_skills,helping_skills_only,normal,P1,pending,,• Ask the third group to review Step 4c (“What to say if EASE is not suitable”). • Ask the fourth group to review Step 5 (“Obtain consent to participate in EASE”). 3. Give the groups 20 minutes to review their step and to prepare a presentation in which they e
WHO_EASE_TRAINING_2025,WHO_EASE_TRAINING_2025_94db652c_00574_295e1a0b2b78,Early Adolescent Skills for Emotions (EASE): training manual,helping_skills,helping_skills_only,normal,P1,pending,,Part B: Training days 241 8.4.5 The post-intervention assessment (30 minutes) 1. Explain that the post-intervention assessment will be very similar to the pre-intervention assessment in that: • Step 1 (post): You have to obtain permission from the adolescent a
WHO_EASE_TRAINING_2025,WHO_EASE_TRAINING_2025_94db652c_00579_3e8386403447,Early Adolescent Skills for Emotions (EASE): training manual,helping_skills,helping_skills_only,normal,P1,pending,,"If a group answers two questions correctly, move to the next group to ensure that each group has the opportunity to answer questions. ◦ Each group will have 45 seconds to answer a question. If a group fails to answer the question correctly, it will be passed t"
WHO_EASE_TRAINING_2025,WHO_EASE_TRAINING_2025_94db652c_00580_909526a82b2e,Early Adolescent Skills for Emotions (EASE): training manual,helping_skills,helping_skills_only,normal,P1,pending,,"Part B: Training days 243 If a projector is not available, you can play Jeopardy without displaying the screen. You simply read the questions out loud based on the groups chosen. See Annex 4. Jeopardy game for questions and answers. Training activity 8.6: Endi"
WHO_EASE_TRAINING_2025,WHO_EASE_TRAINING_2025_94db652c_00584_e6fedd692bea,Early Adolescent Skills for Emotions (EASE): training manual,helping_skills,helping_skills_only,normal,P1,pending,,"• Adolescent session 6: During the Managing My Problems home practice review, you let the helper know you were unable to talk to your mother to follow your Managing My Problems idea, because you did not know what to say. • Adolescent session 7: You do not want"
WHO_EASE_TRAINING_2025,WHO_EASE_TRAINING_2025_94db652c_00586_e17490c51a49,Early Adolescent Skills for Emotions (EASE): training manual,helping_skills,helping_skills_only,normal,P1,pending,,"What is their role? For all mock participants, you should tell them their role and guide them on how best to perform this role. Their role is to behave like an adolescent or caregiver of an adolescent who is experiencing strong feelings of stress, anxiety or s"
WHO_EASE_TRAINING_2025,WHO_EASE_TRAINING_2025_94db652c_00588_6f57dfecfbd2,Early Adolescent Skills for Emotions (EASE): training manual,helping_skills,helping_skills_only,normal,P1,pending,,Part B: Training days 247 Prepare mock participants (20 minutes) (continued) Additional information to share • Review the schedule for the day. Ensure that mock participants can be involved in all of the sessions required. You may have to arrange substitutes i
WHO_EASE_TRAINING_2025,WHO_EASE_TRAINING_2025_94db652c_00594_d6ba5f4aa76e,Early Adolescent Skills for Emotions (EASE): training manual,helping_skills,helping_skills_only,normal,P1,pending,,Part B: Training days 249 Training activity 9.1: Overall feedback To summarize overall • Summarize overall feedback of the full facilitation practices of the adolescent sessions into 3–5 key points. Training activity 9.2: Ending 20 minutes Annex 3. Instruction
WHO_EASE_TRAINING_2025,WHO_EASE_TRAINING_2025_94db652c_00595_e317f7e46597,Early Adolescent Skills for Emotions (EASE): training manual,helping_skills,helping_skills_only,normal,P1,pending,,Day 10: Full facilitation practices caregiver sessions and self-care and supervision Day 10. Learning objectives: 1. Understand how to implement caregiver sessions 1 to 3. 2. Understand the importance of self-care and supervision. 3. Understand the next steps 
WHO_EASE_TRAINING_2025,WHO_EASE_TRAINING_2025_94db652c_00600_fc70a239b682,Early Adolescent Skills for Emotions (EASE): training manual,helping_skills,helping_skills_only,normal,P1,pending,,"Part B: Training days 253 “Burnout can result from stress related to work that is not managed successfully. People with burnout can experience problems such as feeling fatigued, difficulties sleeping, feeling detached from their job, having negative feelings t"
WHO_EASE_TRAINING_2025,WHO_EASE_TRAINING_2025_94db652c_00601_2aa1a1ea62e3,Early Adolescent Skills for Emotions (EASE): training manual,helping_skills,helping_skills_only,normal,P1,pending,,"The raindrops represent stressors at work – such as having several difficult participants in one EASE group, leading several EASE groups on the same day, having a disagreement with a colleague – or stressors in your personal life – such as physical illness in "
WHO_EASE_TRAINING_2025,WHO_EASE_TRAINING_2025_94db652c_00604_4f37846dbab6,Early Adolescent Skills for Emotions (EASE): training manual,helping_skills,helping_skills_only,normal,P1,pending,,"Calming My Body, Changing My Actions) (work and personal life); • encourage helpers to talk with colleagues and supervisors about difficult or unusual experiences with EASE and/or participants, including the emotional impact this might have had on them (work);"
WHO_EASE_TRAINING_2025,WHO_EASE_TRAINING_2025_94db652c_00608_41da9115e1be,Early Adolescent Skills for Emotions (EASE): training manual,helping_skills,helping_skills_only,normal,P1,pending,,• to monitor and ensure the welfare and rights of EASE participants (adolescents and caregivers); • to support helpers who are providing the intervention; • to support helpers to feel confident in their abilities to deliver EASE; • to ensure quality delivery o
WHO_EASE_TRAINING_2025,WHO_EASE_TRAINING_2025_94db652c_00609_54565c03061e,Early Adolescent Skills for Emotions (EASE): training manual,helping_skills,helping_skills_only,normal,P1,pending,,"• EASE supervisors will meet two to six helpers for ongoing supervision. • If resources allow, individual supervision through one-to-one meetings between supervisors and helpers is preferable for the first month (as well as or instead of group supervision). • "
WHO_EASE_TRAINING_2025,WHO_EASE_TRAINING_2025_94db652c_00612_e8491957eb4c,Early Adolescent Skills for Emotions (EASE): training manual,helping_skills,helping_skills_only,normal,P1,pending,,"Answer any questions that arise and be sure to include the following points on helpers’ responsibilities: • preparing for supervision by reflecting on sessions and any successes or challenges to be discussed, and formulating questions for discussion; • complet"
WHO_EASE_TRAINING_2025,WHO_EASE_TRAINING_2025_94db652c_00613_a2a47e54aafa,Early Adolescent Skills for Emotions (EASE): training manual,helping_skills,helping_skills_only,normal,P1,pending,,"Part B: Training days 257 • actively participating in supervision, including listening and contributing to discussions about the experience of peers; • setting goals for the upcoming week, and taking an active role in personal learning and professional develop"
WHO_EASE_TRAINING_2025,WHO_EASE_TRAINING_2025_94db652c_00614_8cca8ca026a1,Early Adolescent Skills for Emotions (EASE): training manual,helping_skills,helping_skills_only,normal,P1,pending,,EASE competency assessment) will also be used by the trainer/supervisor to observe their practice sessions to check that helpers are ready for delivering EASE. 3. Allow time for questions. 4. Complete the EASE training evaluation (Trainee handout 9. EASE train
WHO_EASE_TRAINING_2025,WHO_EASE_TRAINING_2025_94db652c_00621_c11c6a9d6b19,Early Adolescent Skills for Emotions (EASE): training manual,helping_skills,helping_skills_only,normal,P1,pending,,"Training activity 11.6.2: Ethical dilemmas Before the session, write out the ethical dilemmas on separate sheets of A3 paper, leaving space for supervisors to write notes. • An EASE helper repeatedly fails to attend supervision sessions but it is well known th"
WHO_EASE_TRAINING_2025,WHO_EASE_TRAINING_2025_94db652c_00624_a37fffd1861e,Early Adolescent Skills for Emotions (EASE): training manual,helping_skills,helping_skills_only,normal,P1,pending,,Training activity 11.1: Introduction To introduce EASE 30 minutes Flipchart paper Annex 2. Activities and games 1. Begin the day by welcoming the group and outlining learning the objectives of the training on EASE supervision. 2. Highlight that routine supervi
WHO_EASE_TRAINING_2025,WHO_EASE_TRAINING_2025_94db652c_00625_78637d62edc5,Early Adolescent Skills for Emotions (EASE): training manual,helping_skills,helping_skills_only,normal,P1,pending,,"However, if they are not familiar with one another or if there are new people joining the training, be sure to include a basic introductory game. 4. Ask supervisors to think about the supervision they have received in their own professional careers and to refl"
WHO_EASE_TRAINING_2025,WHO_EASE_TRAINING_2025_94db652c_00628_02fd068388fd,Early Adolescent Skills for Emotions (EASE): training manual,helping_skills,helping_skills_only,normal,P1,pending,,"Use the lists below to guide the discussion and add any items that have not been covered, including shared responsibilities (see Box 20, Box 21 and Box 22). • Discuss any responsibilities that are not relevant or appropriate for EASE supervisors or supervisees"
WHO_EASE_TRAINING_2025,WHO_EASE_TRAINING_2025_94db652c_00630_cddb54dddba5,Early Adolescent Skills for Emotions (EASE): training manual,helping_skills,helping_skills_only,normal,P1,pending,,"Supervisee (helper) responsibilities • Preparing for supervision by reflecting on recent sessions, identifying any successes or challenges to discuss, and formulating questions to bring to the supervision meeting. • Completing summary sheets and supervision re"
WHO_EASE_TRAINING_2025,WHO_EASE_TRAINING_2025_94db652c_00632_20d70e1582a6,Early Adolescent Skills for Emotions (EASE): training manual,helping_skills,helping_skills_only,normal,P1,pending,,"While every organization has its own supervision structures, we will discuss the recommended structure for EASE supervision.” 2. Ask the group to recap the recommended structure of EASE supervision (as discussed on day 10). Make sure the following points are a"
WHO_EASE_TRAINING_2025,WHO_EASE_TRAINING_2025_94db652c_00633_7a9f9f9f933b,Early Adolescent Skills for Emotions (EASE): training manual,helping_skills,helping_skills_only,normal,P1,pending,,"Review the fidelity checklist with supervisors, explaining that it serves as a tool to ensure the intervention is being delivered as intended. While supervisors can continue using the EASE intervention manual to assess fidelity, the EASE fidelity checklist off"
WHO_EASE_TRAINING_2025,WHO_EASE_TRAINING_2025_94db652c_00634_2b03b6600e55,Early Adolescent Skills for Emotions (EASE): training manual,helping_skills,helping_skills_only,normal,P1,pending,,"• Availability: supervisors should be available to helpers outside of scheduled supervision sessions, particularly while helpers are delivering EASE sessions, to provide individualized support as needed, including in response to safeguarding concerns or advers"
WHO_EASE_TRAINING_2025,WHO_EASE_TRAINING_2025_94db652c_00642_4208ae637763,Early Adolescent Skills for Emotions (EASE): training manual,helping_skills,helping_skills_only,normal,P1,pending,,"Group discussions. • Encourage group discussion of difficulties raised by helpers. • As supervision progresses, avoid giving direct answers to helpers’ questions when possible (e.g. link this discussion to the use of bounce-back questions to encourage helpers "
WHO_EASE_TRAINING_2025,WHO_EASE_TRAINING_2025_94db652c_00643_68c65e71bb12,Early Adolescent Skills for Emotions (EASE): training manual,helping_skills,helping_skills_only,normal,P1,pending,,"Part B: Training days 269 ◦ They encourage discussion among helpers. ◦ They promote problem-solving and independent learning. • Supervisors can use guided questioning to encourage group or independent problem- solving and self-reflection. For example, if a hel"
WHO_EASE_TRAINING_2025,WHO_EASE_TRAINING_2025_94db652c_00648_69ea24681ee5,Early Adolescent Skills for Emotions (EASE): training manual,helping_skills,helping_skills_only,normal,P1,pending,,Part B: Training days 271 Training activity 11.6: Potential challenges in supervising helpers To review potential challenges that may arise during 120 minutes • Flipchart paper • Ethical dilemmas written out on A3 paper 11.6.1 Potential challenges in supervisi
WHO_EASE_TRAINING_2025,WHO_EASE_TRAINING_2025_94db652c_00649_c1373dae555e,Early Adolescent Skills for Emotions (EASE): training manual,helping_skills,helping_skills_only,normal,P1,pending,,• Examples might include: ◦ helpers not being familiar with supervision (see example in Table 9); ◦ helpers presenting only what is going well in their EASE groups; ◦ helpers becoming defensive about feedback; ◦ helpers spending too much time talking about bas
WHO_EASE_TRAINING_2025,WHO_EASE_TRAINING_2025_94db652c_00651_23d63d42e25b,Early Adolescent Skills for Emotions (EASE): training manual,helping_skills,helping_skills_only,normal,P1,pending,,"Table 9. Potential challenges in supervision and prevention and management techniques Potential challenge Prevention and management Helpers not being familiar with supervision. For example, in all the EASE trials, supervisors have met the challenge of altering"
WHO_EASE_TRAINING_2025,WHO_EASE_TRAINING_2025_94db652c_00652_179220b9e5ef,Early Adolescent Skills for Emotions (EASE): training manual,helping_skills,helping_skills_only,normal,P1,pending,,"It is not uncommon for supervision to feel uncomfortable at first because there is no culture of supportive supervision that has been built within their organization. As supervisors, you can say, for instance, “we want all of you to feel empowered and supporte"
WHO_EASE_TRAINING_2025,WHO_EASE_TRAINING_2025_94db652c_00654_8c7e08e4a045,Early Adolescent Skills for Emotions (EASE): training manual,helping_skills,helping_skills_only,normal,P1,pending,,"• As they progress to the middle stage, helpers’ confidence and abilities may increase, they may become more familiar with the EASE sessions and materials, but they will still require support when managing adolescents and caregivers who may present with comorb"
WHO_EASE_TRAINING_2025,WHO_EASE_TRAINING_2025_94db652c_00655_f274fda42a57,Early Adolescent Skills for Emotions (EASE): training manual,helping_skills,helping_skills_only,normal,P1,pending,,"Part B: Training days 273 information relevant to adolescents and caregivers. They might also feel confident in managing many different and more complex problems that adolescents and caregivers present with. In this stage, supervisors may not need to monitor h"
WHO_EASE_TRAINING_2025,WHO_EASE_TRAINING_2025_94db652c_00656_83cae00f33ce,Early Adolescent Skills for Emotions (EASE): training manual,helping_skills,helping_skills_only,normal,P1,pending,,11.6.2 Ethical dilemmas (90 minutes) 1. An ethical dilemma requires a person to choose an action (or option) even though the possible choices might not be considered ideal. 2. Ethical dilemmas are often described as “grey areas” (as there is usually no “black 
WHO_EASE_TRAINING_2025,WHO_EASE_TRAINING_2025_94db652c_00659_63d5420d7a8a,Early Adolescent Skills for Emotions (EASE): training manual,helping_skills,helping_skills_only,normal,P1,pending,,Ask each group to present by first stating the ethical dilemma and the steps they discussed to mitigate and/or address the dilemma. Allow other groups to provide additional ideas or feedback. Allow an open discussion to take place while being cautious of time 
WHO_EASE_TRAINING_2025,WHO_EASE_TRAINING_2025_94db652c_00660_6362d25230b5,Early Adolescent Skills for Emotions (EASE): training manual,helping_skills,helping_skills_only,normal,P1,pending,,"However, sometimes it might be necessary to seek support from other supervisors. • Actions to address ethical dilemmas should always comply with the laws of the country and the policies of the organization."
WHO_EASE_TRAINING_2025,WHO_EASE_TRAINING_2025_94db652c_00663_357871972f2d,Early Adolescent Skills for Emotions (EASE): training manual,helping_skills,helping_skills_only,normal,P1,pending,,Training activity 11.8: Conclusion and next steps To discuss next steps in the supervision process 1. Discuss with supervisors how they are feeling about becoming EASE supervisors and address any concerns that are raised and answer any remaining questions. 2. 
WHO_EASE_TRAINING_2025,WHO_EASE_TRAINING_2025_94db652c_00664_5262b053439f,Early Adolescent Skills for Emotions (EASE): training manual,helping_skills,helping_skills_only,normal,P1,pending,,Part B: Training days 277 References 1. Early Adolescent Skills for Emotions (EASE): Group psychological help for young adolescents affected by distress in communities exposed to adversity. Geneva: World Health Organization and the United Nations Children’s Fu
WHO_EASE_TRAINING_2025,WHO_EASE_TRAINING_2025_94db652c_00665_16a064a35e4a,Early Adolescent Skills for Emotions (EASE): training manual,helping_skills,helping_skills_only,normal,P1,pending,,Improving psychosocial distress for young adolescents in rural schools of Pakistan: study protocol of a cluster randomised controlled trial. BMJ Open. 2022;12:e063607. doi.org/10.1136/ bmjopen-2022-063607. 4. Ensuring quality in psychosocial and mental health 
WHO_EASE_TRAINING_2025,WHO_EASE_TRAINING_2025_94db652c_00666_39c3e1ed4c9d,Early Adolescent Skills for Emotions (EASE): training manual,helping_skills,helping_skills_only,normal,P1,pending,,"doi:10.1186/s12960-019-0443-8. 7. Working with children – Assessment of Competencies Tool (WeACT) (English, in-person) (version 2.0). Geneva: World Health Organization and United Nations Children’s Fund; 2021 (ht tps:// whoequipremote.org/sites/default/files/d"
WHO_EASE_TRAINING_2025,WHO_EASE_TRAINING_2025_94db652c_00667_b28952834a84,Early Adolescent Skills for Emotions (EASE): training manual,helping_skills,helping_skills_only,normal,P1,pending,,"Geneva: World Health Organization; 2021 (https://equipcompetency.org/sites/default/files/downloads/2023-06/GroupACT_ published_230612.pdf, accessed 25 August 2024). Licence: CC BY-NC-SA."
WHO_EASE_TRAINING_2025,WHO_EASE_TRAINING_2025_94db652c_00671_8fece17b74f2,Early Adolescent Skills for Emotions (EASE): training manual,helping_skills,helping_skills_only,normal,P1,pending,,"In the plenary, use an honesty system to review which group has come up with the “most unique” (i.e. not covered by other groups) learning(s) and offer a prize to that group (e.g. to lead the next energizer activity or to be first in line for morning tea)."
WHO_EASE_TRAINING_2025,WHO_EASE_TRAINING_2025_94db652c_00677_e89f0e646a5e,Early Adolescent Skills for Emotions (EASE): training manual,helping_skills,helping_skills_only,normal,P1,pending,,• How was it following the protocol but still trying to be attentive to the group? • Are there any parts of the strategy or session that are unclear? • When did you notice you needed to use your basic helping skills the most? • What would you do differently ne
WHO_EASE_TRAINING_2025,WHO_EASE_TRAINING_2025_94db652c_00684_bdaa2d5f75e9,Early Adolescent Skills for Emotions (EASE): training manual,helping_skills,helping_skills_only,normal,P1,pending,,"If the group answers two questions correctly, go to the next group to ensure that all groups have the opportunity to answer questions. • Each group will have 45 seconds to answer a question before it is passed to the next group. • Keep track of the points that"
WHO_EASE_TRAINING_2025,WHO_EASE_TRAINING_2025_94db652c_00685_85434e6a07b4,Early Adolescent Skills for Emotions (EASE): training manual,helping_skills,helping_skills_only,normal,P1,pending,,600 points What is the frequency at which EASE adolescent sessions should be given and how flexible can you be with it? Adolescent sessions are typically given once a week. We recommend no more than six days and no less than four days between sessions to allow
WHO_EASE_TRAINING_2025,WHO_EASE_TRAINING_2025_94db652c_00686_df5a6dfb3f1b,Early Adolescent Skills for Emotions (EASE): training manual,helping_skills,helping_skills_only,normal,P1,pending,,"Part C: Annexes 285 1000 points Your role as a helper delivering EASE has three main parts, what are they? 1. To teach adolescents and their caregivers EASE skills. 2. To support and encourage adolescents to practise EASE skills. 3. To support caregivers in th"
WHO_EASE_TRAINING_2025,WHO_EASE_TRAINING_2025_94db652c_00687_79f5bcb0f6be,Early Adolescent Skills for Emotions (EASE): training manual,helping_skills,helping_skills_only,normal,P1,pending,,Praising openness 5. Validating (normalizing) 6. Putting aside your personal values (non-judgmental) 7. Not giving direct advice 800 points Name the three limits to confidentiality? 1. If an adolescent or caregiver is at risk of hurting themselves or ending th
WHO_EASE_TRAINING_2025,WHO_EASE_TRAINING_2025_94db652c_00688_aed0ca88f60d,Early Adolescent Skills for Emotions (EASE): training manual,helping_skills,helping_skills_only,normal,P1,pending,,"1000 points Name two risks to the adolescent or caregiver if the helper gives them direct advice. 1. What has worked for us or others may not work for this participant. 2. If the advice given does not work, this could affect the participant–helper relationship"
WHO_EASE_TRAINING_2025,WHO_EASE_TRAINING_2025_94db652c_00689_299a064f9c32,Early Adolescent Skills for Emotions (EASE): training manual,helping_skills,helping_skills_only,normal,P1,pending,,400 points What are two ways to support an adolescent if they feel dizzy while doing the slow breathing exercise? 1. Remind them that these sensations are safe and they are not losing control. 2. Encourage them to focus just on blowing all the air out (just th
WHO_EASE_TRAINING_2025,WHO_EASE_TRAINING_2025_94db652c_00690_52755bd4de51,Early Adolescent Skills for Emotions (EASE): training manual,helping_skills,helping_skills_only,normal,P1,pending,,Part C: Annexes 287 600 points Name the four skills taught to adolescents? 1. Understanding My Feelings 2. Calming My Body 3. Changing My Actions 4. Managing My Problems 800 points How do we encourage adolescents to complete their home practice? Provide two an
WHO_EASE_TRAINING_2025,WHO_EASE_TRAINING_2025_94db652c_00691_ce99f7a6174d,Early Adolescent Skills for Emotions (EASE): training manual,helping_skills,helping_skills_only,normal,P1,pending,,"Managing My Problems addresses: thoughts, particularly thinking about how to solve common problems. Category 4: Caregiver sessions 100 points When should the first caregiver session be held? Ideally before first adolescent session, and always before the third "
WHO_EASE_TRAINING_2025,WHO_EASE_TRAINING_2025_94db652c_00692_cfe21ad9cf95,Early Adolescent Skills for Emotions (EASE): training manual,helping_skills,helping_skills_only,normal,P1,pending,,1000 points Name the three points taught to caregivers in caregiver session 2 regarding giving praise to their children? 1. Clearly describe which behaviour is being praised. 2. Praise the child’s efforts and not just accomplishments. 3. Give praise as soon as
WHO_EASE_TRAINING_2025,WHO_EASE_TRAINING_2025_94db652c_00693_a2681c3234c3,Early Adolescent Skills for Emotions (EASE): training manual,helping_skills,helping_skills_only,normal,P1,pending,,"The other helper, the co-helper, can watch the time, monitor the group relationships, identify participants who might be having difficulties in understanding the information, support an individual one-to-one if they have an adverse reaction, and ensure that th"
WHO_EASE_TRAINING_2025,WHO_EASE_TRAINING_2025_94db652c_00694_77054ed19935,Early Adolescent Skills for Emotions (EASE): training manual,helping_skills,helping_skills_only,normal,P1,pending,,1000 points What are the two main aims of the caregiver sessions? 1. To improve the caregiver-child relationship. 2. To enable caregivers to better support their child who is experiencing emotional distress.
WHO_EASE_TRAINING_2025,WHO_EASE_TRAINING_2025_94db652c_00695_a8f8ebd89ee1,Early Adolescent Skills for Emotions (EASE): training manual,helping_skills,helping_skills_only,normal,P1,pending,,Part D: Training forms 289 Part D: Training forms Instruction for printing: One copy for whole training or multiple copies as indicated in the box on the top right. 1.1 Asma and Asim • Day 1. Training activity 1.5: Case study exercise • Day 2. Training activit
WHO_EASE_TRAINING_2025,WHO_EASE_TRAINING_2025_94db652c_00696_2cb205f7ca98,Early Adolescent Skills for Emotions (EASE): training manual,helping_skills,helping_skills_only,normal,P1,pending,,Asma is a 14-year-old girl who lives with her mother and two younger siblings. Her father died 18 months ago. Asma misses her father very much. His death has also put a strain on the family as her mother now has to find casual work and Asma must look after her
WHO_EASE_TRAINING_2025,WHO_EASE_TRAINING_2025_94db652c_00697_1a0f8e985ed5,Early Adolescent Skills for Emotions (EASE): training manual,helping_skills,helping_skills_only,normal,P1,pending,,She does not know what she can do to help herself feel better. Her mother has noticed that she has not been finishing her housework because Asma is finding it too hard to do. This has caused her and her mother to argue a lot more. She ends up reacting strongly
WHO_EASE_TRAINING_2025,WHO_EASE_TRAINING_2025_94db652c_00698_0fef63a89bff,Early Adolescent Skills for Emotions (EASE): training manual,helping_skills,helping_skills_only,normal,P1,pending,,Asim had to start a new school when they moved. Initially he was happy about this but then he started feeling anxious that the kids would start bullying him again. These worries were stopping him from making friends at his new school. He tries to avoid areas i
WHO_EASE_TRAINING_2025,WHO_EASE_TRAINING_2025_94db652c_00700_0d60e1e1744e,Early Adolescent Skills for Emotions (EASE): training manual,helping_skills,helping_skills_only,normal,P1,pending,,"Denys is a 13-year-old refugee. He lives with his mother, grandparents and three younger siblings in a small apartment. When his father was killed in the war 2 years ago, his family fled. He has noticed recently that he is feeling very tired and without energy"
WHO_EASE_TRAINING_2025,WHO_EASE_TRAINING_2025_94db652c_00701_64ed8bc34a4b,Early Adolescent Skills for Emotions (EASE): training manual,helping_skills,helping_skills_only,normal,P1,pending,,Fatima used to help her mother to sell goods at the market every Saturday morning. Then one day she was walking alone to meet her mother at the market and she heard a loud bang. Somebody had dropped a lot of bricks from a truck. She was immediately scared and 
WHO_EASE_TRAINING_2025,WHO_EASE_TRAINING_2025_94db652c_00702_4de133741aef,Early Adolescent Skills for Emotions (EASE): training manual,helping_skills,helping_skills_only,normal,P1,pending,,"------------------------------------------------------------------------------------------- ------------- Lola is an 11-year-old girl living in an area that has recently become occupied by gangs of young men. After school, she used to play at the park with her"
WHO_EASE_TRAINING_2025,WHO_EASE_TRAINING_2025_94db652c_00704_ec0ba15d16c4,Early Adolescent Skills for Emotions (EASE): training manual,helping_skills,helping_skills_only,normal,P1,pending,,"Aarush was living with his father after his mother and younger siblings were killed during an air- strike. Before the air-strike, Aarush used to play football with his friends, and he enjoyed joking around with his siblings and his mother. Soon after his loss,"
WHO_EASE_TRAINING_2025,WHO_EASE_TRAINING_2025_94db652c_00705_6c43e2096133,Early Adolescent Skills for Emotions (EASE): training manual,helping_skills,helping_skills_only,normal,P1,pending,,"Recently, they called out to him saying “What’s the matter Aarush, are you too scared you’ll lose? You’re not good enough”, which made him feel more angry, but also upset that his friends seemed to be his friends no longer. So he called back: “I wouldn’t want "
WHO_EASE_TRAINING_2025,WHO_EASE_TRAINING_2025_94db652c_00707_57606bb4ace3,Early Adolescent Skills for Emotions (EASE): training manual,helping_skills,helping_skills_only,normal,P1,pending,,Externalizing feelings: 1. Group activity only Externalizing feelings: 2. Pair or individual activity Adolescent activity 1.7. Identifying personal feelings: 2. Big feelings: discussion only Day 3 Adolescent activity 1.8. Ending the session: 3. Activity to end
WHO_EASE_TRAINING_2025,WHO_EASE_TRAINING_2025_94db652c_00708_532dd771065f,Early Adolescent Skills for Emotions (EASE): training manual,helping_skills,helping_skills_only,normal,P1,pending,,Adolescent activity 4.3. (whole activity except 4. Do the group activity and 5. Do a pairs or small groups activity) Adolescent activity 4.3. Changing My Actions: 5. Do a pairs or small groups activity only Day 5 Adolescent activity 5.2. Review session 4 and r
WHO_EASE_TRAINING_2025,WHO_EASE_TRAINING_2025_94db652c_00709_292b8cd003bc,Early Adolescent Skills for Emotions (EASE): training manual,helping_skills,helping_skills_only,normal,P1,pending,,Adolescent activity 5.2. Review session 4 and review home practice: 3. Invite participants to discuss Changing My Actions home practice only Adolescent activity 5.3. Understanding common
WHO_EASE_TRAINING_2025,WHO_EASE_TRAINING_2025_94db652c_00710_6a4af50958bb,Early Adolescent Skills for Emotions (EASE): training manual,helping_skills,helping_skills_only,normal,P1,pending,,"Adolescent activity 5.4. Facilitation practice split up in three parts: Part 1: 1. Read story and 2. Do the Managing My Problems group activity, Step 1 (Stop) only (7 minutes) Part 2: Step 2 (Think) only (6 minutes) Part 3: Step 3 (Go) only (7 minutes) Note: T"
WHO_EASE_TRAINING_2025,WHO_EASE_TRAINING_2025_94db652c_00713_e37373c77d00,Early Adolescent Skills for Emotions (EASE): training manual,helping_skills,helping_skills_only,normal,P1,pending,,Caregiver activity 2.4. The power of praise: 1. Discuss caregivers’ experience of receiving praise only Caregiver activity 2.4. The power of praise: 2. Explain the three key points when giving praise only Caregiver activity 2.4. The power of praise: 3. Do a ro
WHO_EASE_TRAINING_2025,WHO_EASE_TRAINING_2025_94db652c_00714_4d280127a6f6,Early Adolescent Skills for Emotions (EASE): training manual,helping_skills,helping_skills_only,normal,P1,pending,,27 Caregiver activity 3.3. Caregiver strengths 10 28 Caregiver activity 3.5. Brighter futures 15
WHO_EASE_TRAINING_2025,WHO_EASE_TRAINING_2025_94db652c_00715_8a1993800a21,Early Adolescent Skills for Emotions (EASE): training manual,helping_skills,helping_skills_only,normal,P1,pending,,"2.2 Full facilitation practices during training days 9 and 10 • Form to be completed on Day 7. • For the full facilitation practices, co-helpers are assigned to support the session. Advanced preparation is not required for the co-helper but it is suggested to "
WHO_EASE_TRAINING_2025,WHO_EASE_TRAINING_2025_94db652c_00719_d665adf23810,Early Adolescent Skills for Emotions (EASE): training manual,helping_skills,helping_skills_only,normal,P1,pending,,4.7: Responding to home practice difficulties for Day 6 3 6.4: Introduce the caregiver sessions 20 4 6.5: Communication with caregivers 20 Day 7 5 7.4: Managing caregivers’ resistance to praise 20 7.5: Importance of alternatives to harsh punishment in caregive
WHO_EASE_TRAINING_2025,WHO_EASE_TRAINING_2025_94db652c_00721_910509260486,Early Adolescent Skills for Emotions (EASE): training manual,helping_skills,helping_skills_only,normal,P1,pending,,"Part D: Training forms 301 4.1 Competencies related to the adolescent sessions 1. NON-VERBAL COMMUNICATION [WeACT #1] ☐ Aggressive or inappropriate stance, gestures, or intense staring ☐ Sarcastic, cold, or overly friendly tone of voice ☐ Inappropriate physica"
WHO_EASE_TRAINING_2025,WHO_EASE_TRAINING_2025_94db652c_00722_ff0328fed3a8,Early Adolescent Skills for Emotions (EASE): training manual,helping_skills,helping_skills_only,normal,P1,pending,,"sympathetic facial expressions, mirroring or reassuring body language) ☐ Matches rhythm of communication to child, allowing for silences and longer or shorter pauses ☐ Gets physically on the level of the child to show attention to the child."
WHO_EASE_TRAINING_2025,WHO_EASE_TRAINING_2025_94db652c_00724_e1d78606bebe,Early Adolescent Skills for Emotions (EASE): training manual,helping_skills,helping_skills_only,normal,P1,pending,,"2. VERBAL COMMUNICATION [WeACT#2] ☐ Uses harsh, aggressive, or stigmatizing words when talking to the child ☐ Uses explicit words or language inappropriate to the age of the child ☐ Repeatedly interrupts the child ☐ Uses language appropriate to the age and abi"
WHO_EASE_TRAINING_2025,WHO_EASE_TRAINING_2025_94db652c_00725_24580027b614,Early Adolescent Skills for Emotions (EASE): training manual,helping_skills,helping_skills_only,normal,P1,pending,,"Part D: Training forms 303 3. RAPPORT & RELATIONSHIP BUILDING [WeACT #3] ☐ Is overly cold, authoritative or distant with the child ☐ Is too affectionate or close with the child ☐ Dominates the conversation or focuses only on their own experiences ☐ Uses relati"
WHO_EASE_TRAINING_2025,WHO_EASE_TRAINING_2025_94db652c_00726_63b95b544c0b,Early Adolescent Skills for Emotions (EASE): training manual,helping_skills,helping_skills_only,normal,P1,pending,,"4. EMPATHY, WARMTH & GENUINENESS [WeACT #4] ☐ Is critical, hostile, or dismissive ☐ Ignores the child’s emotional responses ☐ Mocks or laughs at the child ☐ Makes belittling or condescending statements towards the child ☐ Gives emotionally supportive responses"
WHO_EASE_TRAINING_2025,WHO_EASE_TRAINING_2025_94db652c_00727_dd4b779c928d,Early Adolescent Skills for Emotions (EASE): training manual,helping_skills,helping_skills_only,normal,P1,pending,,"Part D: Training forms 305 5. ORGANISES GROUP WORK EFFECTIVELY (GROUP) [WeACT #12] ☐ The session lacks clear structure and becomes chaotic ☐ Does not help children if they are confused by the activity or purpose of ☐ Has a clear structure for the session, incl"
WHO_EASE_TRAINING_2025,WHO_EASE_TRAINING_2025_94db652c_00728_921b54839323,Early Adolescent Skills for Emotions (EASE): training manual,helping_skills,helping_skills_only,normal,P1,pending,,"6. ABILITY TO BE INCLUSIVE (GROUP) [WeACT #13] ☐ Marginalizes a child based on characteristics like ethnicity, religion or gender ☐ Ignores certain children in the group ☐ Allows a child to exclude, marginalize or discriminate against their peers ☐ Chooses act"
WHO_EASE_TRAINING_2025,WHO_EASE_TRAINING_2025_94db652c_00729_68efd1b8ea3f,Early Adolescent Skills for Emotions (EASE): training manual,helping_skills,helping_skills_only,normal,P1,pending,,"Part D: Training forms 307 7. EXPLAIN & PROMOTE CONFIDENTIALITY [ENACT #3] ☐ Forces client to disclose to helper or others ☐ Describes confidentiality inaccurately (e.g., ‘I will only tell your family’) ☐ Promises all things will be kept confidential without ☐"
WHO_EASE_TRAINING_2025,WHO_EASE_TRAINING_2025_94db652c_00730_3af1b78af04f,Early Adolescent Skills for Emotions (EASE): training manual,helping_skills,helping_skills_only,normal,P1,pending,,"8. SAFE IDENTIFICATION OF CHILD ABUSE, EXPLOITATION, NEGLECT, VIOLENCE, & SELF-HARM [WeACT #8] ☐ Threatens to report child’s disclosure of abuse to perpetrating party ☐ Makes dismissive statements about, or blames or punishes child for abuse, exploitation, sel"
WHO_EASE_TRAINING_2025,WHO_EASE_TRAINING_2025_94db652c_00731_8f124f406be0,Early Adolescent Skills for Emotions (EASE): training manual,helping_skills,helping_skills_only,normal,P1,pending,,"discussing it in front of a group or in a non-private space) ☐ Does not address clear signs of potential risk of harm ☐ Safely points out or verbalizes signs of harm or high risk of harm ☐ Explores in a safe, child- friendly, and appropriate manner if harm or "
WHO_EASE_TRAINING_2025,WHO_EASE_TRAINING_2025_94db652c_00732_46708b264ffb,Early Adolescent Skills for Emotions (EASE): training manual,helping_skills,helping_skills_only,normal,P1,pending,,"Part D: Training forms 309 4.2 Competencies related to the caregiver sessions 9. NON-VERBAL COMMUNICATION [ENACT #1) ☐ Engages in other activities (e.g., answers mobile, completes paperwork) ☐ Laughs at client ☐ Uses inappropriate facial expressions ☐ Inapprop"
WHO_EASE_TRAINING_2025,WHO_EASE_TRAINING_2025_94db652c_00733_2adb89b60bfe,Early Adolescent Skills for Emotions (EASE): training manual,helping_skills,helping_skills_only,normal,P1,pending,,"10. VERBAL COMMUNICATION SKILLS [ENACT #2) ☐ Interrupts client ☐ Asks many suggestive or leading closed-ended questions (e.g., ‘You didn’t really want to do that, right?’) ☐ Corrects client (‘What you really mean...’) or uses accusatory statements (‘You should"
WHO_EASE_TRAINING_2025,WHO_EASE_TRAINING_2025_94db652c_00734_1cfa891620c0,Early Adolescent Skills for Emotions (EASE): training manual,helping_skills,helping_skills_only,normal,P1,pending,,Part D: Training forms 311 11. RAPPORT BUILDING & SELF-DISCLOSURE (ENACT #4) ☐ Dominates session describing a personal experience ☐ Minimizes client’s problems by describing how the helper has dealt with this ☐ Asking unnecessary embarrassing personal question
WHO_EASE_TRAINING_2025,WHO_EASE_TRAINING_2025_94db652c_00735_9eacf1fd3ec5,Early Adolescent Skills for Emotions (EASE): training manual,helping_skills,helping_skills_only,normal,P1,pending,,12. EXPLORATION & NORMALISATION OF FEELINGS (ENACT #5) ☐ Makes statements that client’s response is unusual or atypical for others in similar situations (e.g. ‘People don’t usually react this way’) ☐ Minimizes or dismisses client’s feelings or emotions ☐ Force
WHO_EASE_TRAINING_2025,WHO_EASE_TRAINING_2025_94db652c_00736_01004208935d,Early Adolescent Skills for Emotions (EASE): training manual,helping_skills,helping_skills_only,normal,P1,pending,,"Part D: Training forms 313 13. DEMONSTRATE EMPATHY, WARMTH & GENUINENESS (ENACT #6) ☐ Critical of client’s concerns ☐ Dismissive of client’s concerns ☐ Helper’s emotional response appears inappropriate, fake or acting ☐ Is warm, friendly, and genuine throughou"
WHO_EASE_TRAINING_2025,WHO_EASE_TRAINING_2025_94db652c_00737_fa00bcce1afe,Early Adolescent Skills for Emotions (EASE): training manual,helping_skills,helping_skills_only,normal,P1,pending,,"14. EXPLAIN & PROMOTE CONFIDENTIALITY (ENACT #3) ☐ Forces client to disclose to helper or others ☐ Describes confidentiality inaccurately (e.g., ‘I will only tell your family’) ☐ Promises full confidentiality without exceptions ☐ Minimizes client’s concerns ab"
WHO_EASE_TRAINING_2025,WHO_EASE_TRAINING_2025_94db652c_00738_3b2fc932eff9,Early Adolescent Skills for Emotions (EASE): training manual,helping_skills,helping_skills_only,normal,P1,pending,,"Part D: Training forms 315 GROUP PARTICIPATION (GroupACT #2) ☐ Displays favouritism to specific members ☐ Excludes other members (e.g., ignores input) ☐ Forces unwilling participant to join discussion ☐ Scolds participant(s) for under-or-over sharing ☐ Uses ti"
WHO_EASE_TRAINING_2025,WHO_EASE_TRAINING_2025_94db652c_00740_4e0ee22ce193,Early Adolescent Skills for Emotions (EASE): training manual,helping_skills,helping_skills_only,normal,P1,pending,,Has a son Likes to sing Wears glasses Likes hot weather Plays sports Has brown eyes Likes waking up early Speaks three languages Is an artist Has a sibling Knows how to swim Is afraid of flying Has four letters in their name Plays an instrument Wears contact l
WHO_EASE_TRAINING_2025,WHO_EASE_TRAINING_2025_94db652c_00742_cc0b2ac8cb0f,Early Adolescent Skills for Emotions (EASE): training manual,helping_skills,helping_skills_only,normal,P1,pending,,“You used the basic helping skills appropriately; you had good eye contact and you were able to reflect back what the participant was saying in a way that normalized their feelings.” • Give an example of when you noticed that behaviour. “When the participant w
WHO_EASE_TRAINING_2025,WHO_EASE_TRAINING_2025_94db652c_00743_95fb64436f9c,Early Adolescent Skills for Emotions (EASE): training manual,helping_skills,helping_skills_only,normal,P1,pending,,“By demonstrating basic helping skills and discussing the reasons for doing the Feelings Pot the participant felt their concerns were valid and listened to. It also helped them to understand and engage in the skill.”
WHO_EASE_TRAINING_2025,WHO_EASE_TRAINING_2025_94db652c_00746_578f8e035dca,Early Adolescent Skills for Emotions (EASE): training manual,helping_skills,helping_skills_only,normal,P1,pending,,• Ask questions only to clarify: Feedback is not a passive exercise; asking clarification questions can be very helpful. • Do not justify or find excuses: Sometimes trying to justify or find excuses may be a sign that we are not listening to the feedback and n
WHO_EASE_TRAINING_2025,WHO_EASE_TRAINING_2025_94db652c_00748_f764a6b3bef5,Early Adolescent Skills for Emotions (EASE): training manual,helping_skills,helping_skills_only,normal,P1,pending,,Why facilitation practice • During training you will be asked to demonstrate a small section from the EASE intervention manual. • It helps to start practising with small parts of the EASE intervention as if you were delivering EASE for real adolescents and car
WHO_EASE_TRAINING_2025,WHO_EASE_TRAINING_2025_94db652c_00752_6744d6e9a36b,Early Adolescent Skills for Emotions (EASE): training manual,helping_skills,helping_skills_only,normal,P1,pending,,"Trainee handout 5. Case studies for safe identification of abuse, exploitation, neglect, violence & self-harm 5.1 Abbas Background: “Abbas is a 12-year-old EASE participant. During adolescent session 5, while going through Managing My Problems, Abbas discloses"
WHO_EASE_TRAINING_2025,WHO_EASE_TRAINING_2025_94db652c_00756_7895c50d2845,Early Adolescent Skills for Emotions (EASE): training manual,helping_skills,helping_skills_only,normal,P1,pending,,"Your role is to assess for imminent risk of self-harm, serious harm to someone else and harm, abuse or neglect inflicted on Sam by another adolescent or adult. Remember to be clear and direct and use the basic helping skills, especially communicating concern."
WHO_EASE_TRAINING_2025,WHO_EASE_TRAINING_2025_94db652c_00757_df4e9cfa9f83,Early Adolescent Skills for Emotions (EASE): training manual,helping_skills,helping_skills_only,normal,P1,pending,,"5.3 Lara Background: “Lara is a 10-year-old EASE participant. During adolescent session 2, while going through Calming My Body, Lara says that she will use the strategy when she is feeling hungry when she is alone at home. Lara does not seem to be distressed a"
WHO_EASE_TRAINING_2025,WHO_EASE_TRAINING_2025_94db652c_00761_af285779c653,Early Adolescent Skills for Emotions (EASE): training manual,helping_skills,helping_skills_only,normal,P1,pending,,Adolescent activity 1.1. Welcome and introductions - Get to know each other - Help participants relax Yes No Adolescent activity 1.2. Review of EASE - Give an overview of the aims of EASE Yes No Adolescent activity 1.3. Group rules - Set rules and expectations
WHO_EASE_TRAINING_2025,WHO_EASE_TRAINING_2025_94db652c_00763_612a8f15e7bb,Early Adolescent Skills for Emotions (EASE): training manual,helping_skills,helping_skills_only,normal,P1,pending,,"Adolescent Activity 2.1. to know each other - Consolidate learning from - Learn to express, identify and understand feelings Adolescent Activity 2.2. Review session 1 and the previous session that participants did not Adolescent Activity 2.3. Feelings and my b"
WHO_EASE_TRAINING_2025,WHO_EASE_TRAINING_2025_94db652c_00765_0e15ff417329,Early Adolescent Skills for Emotions (EASE): training manual,helping_skills,helping_skills_only,normal,P1,pending,,Adolescent activity 3.1. Adolescent activity 3.2. Review session 2 and - Consolidate learning from session 1 and 2 Adolescent activity 3.3. Feelings and actions - Learn how problems and feelings can change actions or Adolescent activity 3.4. - Learn how to gra
WHO_EASE_TRAINING_2025,WHO_EASE_TRAINING_2025_94db652c_00767_49eff3ae57f4,Early Adolescent Skills for Emotions (EASE): training manual,helping_skills,helping_skills_only,normal,P1,pending,,Adolescent activity 4.1. Adolescent activity 4.2. Adolescent activity 4.3. Changing My - Continue learning how to gradually engage in activities to help improve mood - Learn about doing important tasks as a way to improve mood Adolescent activity 4.4. Part E: 
WHO_EASE_TRAINING_2025,WHO_EASE_TRAINING_2025_94db652c_00769_05c6c79a50d9,Early Adolescent Skills for Emotions (EASE): training manual,helping_skills,helping_skills_only,normal,P1,pending,,Adolescent activity 5.1. Adolescent activity 5.2. Adolescent activity 5.3. Understanding common problems - Share ideas of common problems adolescents experience Adolescent activity 5.4. - Learn a skill to help solve problems Yes No Adolescent activity 5.5. App
WHO_EASE_TRAINING_2025,WHO_EASE_TRAINING_2025_94db652c_00771_bf5f5477b3a7,Early Adolescent Skills for Emotions (EASE): training manual,helping_skills,helping_skills_only,normal,P1,pending,,"Adolescent activity 6.1. Adolescent activity 6.2. Adolescent activity 6.3. Managing My Problems review - Strengthen participants’ skills in problem management Yes No Adolescent activity 6.4. Managing My Problems with a new - Continue applying Stop, Think, Go t"
WHO_EASE_TRAINING_2025,WHO_EASE_TRAINING_2025_94db652c_00773_58b304ff7a9e,Early Adolescent Skills for Emotions (EASE): training manual,helping_skills,helping_skills_only,normal,P1,pending,,Adolescent activity 7.1. Adolescent activity 7.2. Adolescent activity 7.3. - Educate participants on what to expect in the future - Improve participants’ confidence in responding to future problems and big Adolescent activity 7.4. Ending the - Closing activity
WHO_EASE_TRAINING_2025,WHO_EASE_TRAINING_2025_94db652c_00775_d7c421887d5c,Early Adolescent Skills for Emotions (EASE): training manual,helping_skills,helping_skills_only,normal,P1,pending,,Caregiver activity 1.1. Welcome and introductions - Get to know each other - Help participants relax Yes No Caregiver activity 1.2. Review of EASE - Give an overview of the aims of EASE Yes No Caregiver activity 1.3. Group rules - Set rules and expectations fo
WHO_EASE_TRAINING_2025,WHO_EASE_TRAINING_2025_94db652c_00776_d4b34a1f7a18,Early Adolescent Skills for Emotions (EASE): training manual,helping_skills,helping_skills_only,normal,P1,pending,,Quality time - Better understand the importance of spending quality time with their child - Overcome barriers to spending quality time together Caregiver activity 1.8. - Set home practice - Slow Breathing activity
WHO_EASE_TRAINING_2025,WHO_EASE_TRAINING_2025_94db652c_00778_2e41cf7e80a1,Early Adolescent Skills for Emotions (EASE): training manual,helping_skills,helping_skills_only,normal,P1,pending,,Caregiver activity 2.1. Welcome and review - For caregivers to feel empowered to support each other with this activity Caregiver activity 2.2. - Learn about the skills being taught to their child in the EASE adolescent group - Improve ability to support their 
WHO_EASE_TRAINING_2025,WHO_EASE_TRAINING_2025_94db652c_00780_c6c60c8fc734,Early Adolescent Skills for Emotions (EASE): training manual,helping_skills,helping_skills_only,normal,P1,pending,,Caregiver activity 3.1. Welcome and review - For caregivers to feel empowered to support each other with this activity Caregiver activity 3.2. - Learn about the skills being taught to their child in the EASE adolescent group - Improve caregivers’ ability to su
WHO_EASE_TRAINING_2025,WHO_EASE_TRAINING_2025_94db652c_00783_4104df648dd7,Early Adolescent Skills for Emotions (EASE): training manual,helping_skills,helping_skills_only,normal,P1,pending,,"The competency assessment is used to identify competent delivery of EASE and particularly to identify any unhelpful or harmful behaviours through monitoring of trainees’ progress, identifying areas where they need more practice, and providing feedback for impr"
WHO_EASE_TRAINING_2025,WHO_EASE_TRAINING_2025_94db652c_00785_5940f005d820,Early Adolescent Skills for Emotions (EASE): training manual,helping_skills,helping_skills_only,normal,P1,pending,,"7.1 EASE fidelity checklist: Adolescent sessions 1 to 7 1. Did the helper implement the opening activity of that session? Session 1 Welcome and introduction activity, review of EASE, group rules, confidentiality. Session 2–7: Opening activity and display the g"
WHO_EASE_TRAINING_2025,WHO_EASE_TRAINING_2025_94db652c_00786_69b1edabc5d8,Early Adolescent Skills for Emotions (EASE): training manual,helping_skills,helping_skills_only,normal,P1,pending,,"2. Did the helper review the previous session and home practice (not applicable for session 1; applicable for sessions 2–7)? Review aspects of the previous session that participants did not understand, participants discuss home practice, manage any problems pa"
WHO_EASE_TRAINING_2025,WHO_EASE_TRAINING_2025_94db652c_00787_2b135e5f8e02,Early Adolescent Skills for Emotions (EASE): training manual,helping_skills,helping_skills_only,normal,P1,pending,,4. Were the activities that were introduced related to the specific skill of the session? Session 1: Understanding My Feelings: the Feelings Pot; Session 2: Calming My Body: Slow Breathing; Sessions 3–4: Changing My Actions: the vicious cycle; Sessions 5–6: Ma
WHO_EASE_TRAINING_2025,WHO_EASE_TRAINING_2025_94db652c_00789_f7b858c07701,Early Adolescent Skills for Emotions (EASE): training manual,helping_skills,helping_skills_only,normal,P1,pending,,"6. Did the helper implement the closing activity of the session? Session 1-7: Provide a brief summary of the session, introduce home practice and conduct activity to identify strengths; Session 7: Same as above, plus saying goodbye. 7. Were any elements or act"
WHO_EASE_TRAINING_2025,WHO_EASE_TRAINING_2025_94db652c_00790_eb5f5e76f615,Early Adolescent Skills for Emotions (EASE): training manual,helping_skills,helping_skills_only,normal,P1,pending,,"7.2 EASE fidelity checklist: Caregiver sessions 1 to 3 1. Did the helper implement the opening activity of that session? Session 1: Welcome and introductions, review of EASE, group rules, confidentiality. Session 2–3: Welcome, reminder on group rules and revie"
WHO_EASE_TRAINING_2025,WHO_EASE_TRAINING_2025_94db652c_00791_a409e6dd2c05,Early Adolescent Skills for Emotions (EASE): training manual,helping_skills,helping_skills_only,normal,P1,pending,,"2. Did the helper review the previous session and home practice [not applicable for session 1, applicable for session 2–3]? Review aspects of the previous session that participants did not understand. Participants can discuss home practice. Manage any problems"
WHO_EASE_TRAINING_2025,WHO_EASE_TRAINING_2025_94db652c_00792_e1dfbb2b95dd,Early Adolescent Skills for Emotions (EASE): training manual,helping_skills,helping_skills_only,normal,P1,pending,,4. Were the activities introduced related to the specific skill of the session and were they practised? Session 1: Understanding big feelings in adolescents and Quality time. Session 2: The power of praise. Session 3: Caregiver self-care and brighter futures.
WHO_EASE_TRAINING_2025,WHO_EASE_TRAINING_2025_94db652c_00794_d4f3529acf27,Early Adolescent Skills for Emotions (EASE): training manual,helping_skills,helping_skills_only,normal,P1,pending,,"6. Did the helper implement the closing activity of the session? Sessions 1 and 2: Summarize the sessions, set home practice, Slow Breathing activity. Session 3: Share lessons learned and opportunity to ask questions, Slow Breathing activity."
WHO_EASE_TRAINING_2025,WHO_EASE_TRAINING_2025_94db652c_00797_55864f6cd8cb,Early Adolescent Skills for Emotions (EASE): training manual,helping_skills,helping_skills_only,normal,P1,pending,,"Supervision reflection form adolescent session 1 The participants were shy at first, which is normal when you join any group. They warmed up throughout the session and the introduction activity helped. N/A I thought I taught this session well and was very clea"
WHO_EASE_TRAINING_2025,WHO_EASE_TRAINING_2025_94db652c_00800_960f8857ee43,Early Adolescent Skills for Emotions (EASE): training manual,helping_skills,helping_skills_only,normal,P1,pending,,Very much Adequately Neutral Not really I did not enjoy it 2. How confident do you feel in your ability to deliver EASE adolescent sessions? Very much Adequately Neutral Not really I did not enjoy it 3. How confident do you feel in your ability to deliver EASE
WHO_EASE_TRAINING_2025,WHO_EASE_TRAINING_2025_94db652c_00801_04ac23701d15,Early Adolescent Skills for Emotions (EASE): training manual,helping_skills,helping_skills_only,normal,P1,pending,,5. Were you given the opportunity to ask questions during the training? 6. Were your questions adequately answered? 7. Did the training methodology allow you to develop new skills and/or knowledge? 8. Was the size of the group appropriate? It was too big It wa
WHO_EASE_TRAINING_2025,WHO_EASE_TRAINING_2025_94db652c_00802_3576f23f7a2e,Early Adolescent Skills for Emotions (EASE): training manual,helping_skills,helping_skills_only,normal,P1,pending,,"Early Adolescent Skills for Emotions (EASE): Training manual for a group psychological intervention for young adolescents affected by distress 10. Rank the different teaching/learning styles in your order of preference (1 = favourite, 5 = least favourite): • P"
WHO_EASE_TRAINING_2025,WHO_EASE_TRAINING_2025_94db652c_00803_0e51ed9f98e1,Early Adolescent Skills for Emotions (EASE): training manual,helping_skills,helping_skills_only,normal,P1,pending,,Yes No Somewhat 13. Did you find the information interesting? Yes No Somewhat 14. Was the information taught in a way that meant you could easily apply it to your role as a helper?
WHO_EASE_TRAINING_2025,WHO_EASE_TRAINING_2025_94db652c_00807_8f2abfcdd0f3,Early Adolescent Skills for Emotions (EASE): training manual,helping_skills,helping_skills_only,normal,P1,pending,,World Health Organization Mental Health Unit Department of Noncommunicable Diseases and Mental Health Avenue Appia 20 CH-1211 Geneva 27 Switzerland Email: psych_interventions@who.int Website: https://www.who.int/health-topics/mental-health For more information
WHO_EASE_TRAINING_2025,WHO_EASE_TRAINING_2025_56e7cbf4_00000_a315243546c2,Early Adolescent Skills for Emotions (EASE): training manual,helping_skills,helping_skills_only,normal,P1,pending,,Early Adolescent Skills for Emotions (‎EASE)‎: training manual for a group psychological intervention for young adolescents affected by distress
WHO_EASE_TRAINING_2025,WHO_EASE_TRAINING_2025_56e7cbf4_00001_c5c7c3ea5828,Early Adolescent Skills for Emotions (EASE): training manual,helping_skills,helping_skills_only,normal,P1,pending,,"Early Adolescent Skills for Emotions (EASE) is an evidence-based group psychological intervention to help 10–15-year-olds affected by internalizing problems (e.g. stress and symptoms of anxiety, depression) in communities exposed to adversity. Published by the"
WHO_EASE_TRAINING_2025,WHO_EASE_TRAINING_2025_56e7cbf4_00002_c71b20ffbb07,Early Adolescent Skills for Emotions (EASE): training manual,helping_skills,helping_skills_only,normal,P1,pending,,"Part A covers essential information to prepare for the training, including an overview of training and supervision requirements. Part B includes all the content needed to deliver the full training. The EASE intervention manual and supplementary files can be fo"
WHO_GROUP_PM_PLUS_TRAINING_2026,WHO_GROUP_PM_PLUS_TRAINING_2026_e2942639_00032_a3af567f5adf,Group Problem Management Plus (PM+) psychological intervention: training manual,helping_skills,helping_skills_only,normal,P1,pending,,imminent risk of suicide) according to the procedures established by the organization you work for; • speak the same language as your trainees or be competent at working with interpreters (see section: Using interpreters); • be motivated to be a trainer; and •
WHO_GROUP_PM_PLUS_TRAINING_2026,WHO_GROUP_PM_PLUS_TRAINING_2026_e2942639_00035_d0b53cbca297,Group Problem Management Plus (PM+) psychological intervention: training manual,helping_skills,helping_skills_only,normal,P1,pending,,"One-to-one supervision may be helpful in different circumstances (e.g. to manage especially difficult help-seekers, initially for newly trained facilitators etc.). • Supervisors should also be available outside of fixed supervision times to respond to suicide "
WHO_GROUP_PM_PLUS_TRAINING_2026,WHO_GROUP_PM_PLUS_TRAINING_2026_e2942639_00049_0538c0256b3d,Group Problem Management Plus (PM+) psychological intervention: training manual,helping_skills,helping_skills_only,normal,P1,pending,,This follows the approach of EQUIP (Ensuring Quality in Psychosocial and Mental Health Care).2 The PM+ competency assessment tool (see Annex 1) lists unhelpful or potentially harmful behaviours and helpful behaviours which you can observe in brief structured r
WHO_GROUP_PM_PLUS_TRAINING_2026,WHO_GROUP_PM_PLUS_TRAINING_2026_e2942639_00051_a9ef1223cd93,Group Problem Management Plus (PM+) psychological intervention: training manual,helping_skills,helping_skills_only,normal,P1,pending,,"The PM+ competency assessment tool The PM+ competency assessment tool is used to observe and rate your trainees’ competencies in delivering PM+. The PM+ competency assessment tool, used together with the structured role-plays, forms the PM+ competency assessme"
WHO_GROUP_PM_PLUS_TRAINING_2026,WHO_GROUP_PM_PLUS_TRAINING_2026_e2942639_00052_eb4af9bd0cbc,Group Problem Management Plus (PM+) psychological intervention: training manual,helping_skills,helping_skills_only,normal,P1,pending,,"There are some differences between the terms used in the PM+ competency assessment tool and the Group PM+ intervention manual , particularly with regard to basic helping skills. For instance, PM+ uses the term “basic helping skills”, while the PM+ competency a"
WHO_GROUP_PM_PLUS_TRAINING_2026,WHO_GROUP_PM_PLUS_TRAINING_2026_e2942639_00056_b619538f5988,Group Problem Management Plus (PM+) psychological intervention: training manual,helping_skills,helping_skills_only,normal,P1,pending,,"items 17 and 18 on the PM+ competency assessment tool) can also be assessed during these role-plays. While some role-plays include step-by-step instructions for competency assessment, any trainee role-play can be used to assess competencies. Most of the time, "
WHO_GROUP_PM_PLUS_TRAINING_2026,WHO_GROUP_PM_PLUS_TRAINING_2026_e2942639_00059_ea6938d26320,Group Problem Management Plus (PM+) psychological intervention: training manual,helping_skills,helping_skills_only,normal,P1,pending,,During ongoing supervision Supervisors can also use PM+ role-plays and the PM+ competency assessment tool to reinforce trainees’ competencies during supervision. This can help in monitoring trainees’ progress and tailoring their supervision and practice plans.
WHO_GROUP_PM_PLUS_TRAINING_2026,WHO_GROUP_PM_PLUS_TRAINING_2026_e2942639_00084_e1b1ea151748,Group Problem Management Plus (PM+) psychological intervention: training manual,helping_skills,helping_skills_only,normal,P1,pending,,Use the PM+ competency assessment tool during the skills-building day to support the feedback process. It may not be possible to assess trainees against all of the competencies on the assessment tool during the skills-building day. The idea is that the role-pl
WHO_GROUP_PM_PLUS_TRAINING_2026,WHO_GROUP_PM_PLUS_TRAINING_2026_e2942639_00091_2ee8916c29e8,Group Problem Management Plus (PM+) psychological intervention: training manual,helping_skills,helping_skills_only,normal,P1,pending,,Prepared flipchart with training schedule Print blank copies of the PM+ competency assessment tool (Annex 1) 3.2 Training expectations Trainees have examined their training expectations Prepared dartboard flipchart activity Group Problem Management Plus (PM+) 
WHO_GROUP_PM_PLUS_TRAINING_2026,WHO_GROUP_PM_PLUS_TRAINING_2026_e2942639_00098_e38d55ca1243,Group Problem Management Plus (PM+) psychological intervention: training manual,helping_skills,helping_skills_only,normal,P1,pending,,• Explain that this PM+ training is competency-based and uses the EQUIP PM+ competency assessment resources of WHO and UNICEF. • Share printed copies of the PM+ competency assessment tool (Annex 1) with trainees. Make sure you provide a copy in a language in w
WHO_GROUP_PM_PLUS_TRAINING_2026,WHO_GROUP_PM_PLUS_TRAINING_2026_e2942639_00115_5a479acc40b9,Group Problem Management Plus (PM+) psychological intervention: training manual,helping_skills,helping_skills_only,normal,P1,pending,,"feels like a failure) • Poor concentration, unable to make decisions easily • Very slow movements or slow to do things • Loss of appetite or eating more than usual • Suicidal thoughts or attempts • Worrying a lot (without reason) • Feeling panicked • Physical "
WHO_GROUP_PM_PLUS_TRAINING_2026,WHO_GROUP_PM_PLUS_TRAINING_2026_e2942639_00169_a1866f49a8b2,Group Problem Management Plus (PM+) psychological intervention: training manual,helping_skills,helping_skills_only,normal,P1,pending,,"⸰ How should consent be obtained? ⸰ How should family members be involved? ⸰ How should the facilitator discuss taboo topics, such as sexual violence, with participants? ⸰ Are there any other adaptations that might be needed? • Make a note of the reflections a"
WHO_GROUP_PM_PLUS_TRAINING_2026,WHO_GROUP_PM_PLUS_TRAINING_2026_e2942639_00171_857642d63fd2,Group Problem Management Plus (PM+) psychological intervention: training manual,helping_skills,helping_skills_only,normal,P1,pending,,"Introduction to basic helping skills 135min Basic helping skills cover listening and responding well. There are some differences between the terms used in the PM+ competency assessment tool and the Group PM+ manual. Despite this difference in terms, all of the"
WHO_GROUP_PM_PLUS_TRAINING_2026,WHO_GROUP_PM_PLUS_TRAINING_2026_e2942639_00174_c2a40b33ae0e,Group Problem Management Plus (PM+) psychological intervention: training manual,helping_skills,helping_skills_only,normal,P1,pending,,"Run the demonstration role-play (5min) • Introduce yourself as a PM+ facilitator and begin to talk to the participant about why they were referred, the purpose of the assessment session today and a little information about PM+. • Use poor verbal and non-verbal"
WHO_GROUP_PM_PLUS_TRAINING_2026,WHO_GROUP_PM_PLUS_TRAINING_2026_e2942639_00192_2312f43ca54e,Group Problem Management Plus (PM+) psychological intervention: training manual,helping_skills,helping_skills_only,normal,P1,pending,,3.2 Trainees role-play how to use basic helping skills to work with a reluctant participant (45min) Learning outcome: trainees demonstrate how to engage a reluctant participant. Have trainees’ PM+ competency assessment tools to hand for the trainee role-play. 
WHO_GROUP_PM_PLUS_TRAINING_2026,WHO_GROUP_PM_PLUS_TRAINING_2026_e2942639_00201_dcabd3def5ac,Group Problem Management Plus (PM+) psychological intervention: training manual,helping_skills,helping_skills_only,normal,P1,pending,,• Ask the group some of these questions to promote discussion: ⸰ Has anyone experienced working with individuals who have been affected by sexual violence? ⸰ Have people you have worked with talked openly about these experiences? ⸰ What does your community thi
WHO_GROUP_PM_PLUS_TRAINING_2026,WHO_GROUP_PM_PLUS_TRAINING_2026_e2942639_00220_c11a1fd8660b,Group Problem Management Plus (PM+) psychological intervention: training manual,helping_skills,helping_skills_only,normal,P1,pending,,"Refer to the Group PM+ manual Chapter 4 – Steps to follow to complete an assessment, point 3 on confidentiality if needed. Praising openness Use the Group PM+ manual to find key phrases that praise openness. Validating (exploring and normalizing feelings) Ask "
WHO_GROUP_PM_PLUS_TRAINING_2026,WHO_GROUP_PM_PLUS_TRAINING_2026_e2942639_00229_96e11f96e88a,Group Problem Management Plus (PM+) psychological intervention: training manual,helping_skills,helping_skills_only,normal,P1,pending,,"Using PM+ assessments (85min) 2.1 The three types of PM+ assessments assessments that are used to ensure suitability and track a PM+ participant’s progress Print multiple copies of assessment questionnaires from the Group PM+ manual, Appendix A, B and C 2.2 Un"
WHO_GROUP_PM_PLUS_TRAINING_2026,WHO_GROUP_PM_PLUS_TRAINING_2026_e2942639_00230_f25669581c4e,Group Problem Management Plus (PM+) psychological intervention: training manual,helping_skills,helping_skills_only,normal,P1,pending,,"Trainees need their Group PM+ manual 3.2 Trainees role-play using the during-treatment and post- treatment assessments Trainees practise using the PSYCHLOPS assessment tool Distribute copies of PSYCHLOPS from the Group PM+ manual, Appendix B Part B. PM+ traini"
WHO_GROUP_PM_PLUS_TRAINING_2026,WHO_GROUP_PM_PLUS_TRAINING_2026_e2942639_00231_90b09e2d1faa,Group Problem Management Plus (PM+) psychological intervention: training manual,helping_skills,helping_skills_only,normal,P1,pending,,"Lesson 4. Coping with challenges during an assessment (40min) 4.1 Challenges during assessments (40min) Trainees can identify why people may feel uncomfortable during assessments, know how to support them, and see two challenging assessments Lesson 5."
WHO_GROUP_PM_PLUS_TRAINING_2026,WHO_GROUP_PM_PLUS_TRAINING_2026_e2942639_00232_804a1771fe2c,Group Problem Management Plus (PM+) psychological intervention: training manual,helping_skills,helping_skills_only,normal,P1,pending,,Assessing and monitoring thoughts of suicide (130min) 5.1 Group discussion on assessing thoughts of suicide (30min) Trainees know when and how to talk to participants about thoughts of suicide especially Appendices A and B Annex 9 of this manual 5.2 Demonstrat
WHO_GROUP_PM_PLUS_TRAINING_2026,WHO_GROUP_PM_PLUS_TRAINING_2026_e2942639_00233_12b0492bbec3,Group Problem Management Plus (PM+) psychological intervention: training manual,helping_skills,helping_skills_only,normal,P1,pending,,"The relevant item is: PM+ 7. Lesson 6. Summary, home practice and setting up the review (25min) 6.1 Summary Trainees consolidate their learning on assessing thoughts of suicide 6.2 Set home practice (15min) 6.3 Set up the review for next time (5min) Group Prob"
WHO_GROUP_PM_PLUS_TRAINING_2026,WHO_GROUP_PM_PLUS_TRAINING_2026_e2942639_00237_f0e18ca62f7a,Group Problem Management Plus (PM+) psychological intervention: training manual,helping_skills,helping_skills_only,normal,P1,pending,,"• Explain in detail the differences between the three PM+ assessments, particularly noting the differences between the different versions of the PSYCHLOPS. • Highlight that the pre-assessment is where one first meets the potential PM+ participant and can set t"
WHO_GROUP_PM_PLUS_TRAINING_2026,WHO_GROUP_PM_PLUS_TRAINING_2026_e2942639_00238_bad63923b7a5,Group Problem Management Plus (PM+) psychological intervention: training manual,helping_skills,helping_skills_only,normal,P1,pending,,"PM+ assesses participants in three ways: Pre-assessment We use this to meet the participant, assess the severity of their emotional distress and difficulties in daily functioning and determine if PM+ is suitable. PM+ during-treatment assessment In Group PM+ us"
WHO_GROUP_PM_PLUS_TRAINING_2026,WHO_GROUP_PM_PLUS_TRAINING_2026_e2942639_00239_6247e23dd581,Group Problem Management Plus (PM+) psychological intervention: training manual,helping_skills,helping_skills_only,normal,P1,pending,,"If participants are not improving, these assessments will allow you to gather information about why and give you and your supervisor information to decide how to adjust the support offered. Post-treatment assessment At the end of PM+, re-administer a PSYCHLOPS"
WHO_GROUP_PM_PLUS_TRAINING_2026,WHO_GROUP_PM_PLUS_TRAINING_2026_e2942639_00241_037b0406522b,Group Problem Management Plus (PM+) psychological intervention: training manual,helping_skills,helping_skills_only,normal,P1,pending,,"2.2 Understanding PM+ exclusion criteria (20min) Learning outcome: trainees know when and why PM+ might not suit a participant, and what action to take. • Explain that after conducting a PM+ pre-assessment the facilitator will be able to understand whether a p"
WHO_GROUP_PM_PLUS_TRAINING_2026,WHO_GROUP_PM_PLUS_TRAINING_2026_e2942639_00243_5db2073a1b41,Group Problem Management Plus (PM+) psychological intervention: training manual,helping_skills,helping_skills_only,normal,P1,pending,,"If participants report thoughts of suicide, facilitators should follow the guidelines for responding to suicidal thoughts outlined in Appendix D of the Group PM+ manual. • Exclusion criteria 2 The potential participant has a severe impairment possibly due to a"
WHO_GROUP_PM_PLUS_TRAINING_2026,WHO_GROUP_PM_PLUS_TRAINING_2026_e2942639_00246_54c8e258fa64,Group Problem Management Plus (PM+) psychological intervention: training manual,helping_skills,helping_skills_only,normal,P1,pending,,"• You play the role of the PM+ facilitator and the co-trainer/volunteer plays the role of the participant using the scenario from Annex 8. • The other trainees will observe the role-play, using blank copies of the pre-intervention assessment form from Appendix"
WHO_GROUP_PM_PLUS_TRAINING_2026,WHO_GROUP_PM_PLUS_TRAINING_2026_e2942639_00247_a34a62a58a49,Group Problem Management Plus (PM+) psychological intervention: training manual,helping_skills,helping_skills_only,normal,P1,pending,,Run the demonstration role-play (20min) • Role-play the whole assessment ensuring that you demonstrate: ⸰ strong basic helping skills; ⸰ management of the participant’s distress (e.g. their crying); ⸰ management of the participant’s concern about the personal 
WHO_GROUP_PM_PLUS_TRAINING_2026,WHO_GROUP_PM_PLUS_TRAINING_2026_e2942639_00248_80b52d43e3d0,Group Problem Management Plus (PM+) psychological intervention: training manual,helping_skills,helping_skills_only,normal,P1,pending,,"Practising how to do PM+ assessments 60min Be ready to use the PSYCHLOPS assessment tool in Appendix B of the Group PM+ manual. If during PM+ assessment will not be used, adapt this to use end of PM+ assessments only 3.1 How to do an assessment (10min) Learnin"
WHO_GROUP_PM_PLUS_TRAINING_2026,WHO_GROUP_PM_PLUS_TRAINING_2026_e2942639_00249_7bb48cfe3637,Group Problem Management Plus (PM+) psychological intervention: training manual,helping_skills,helping_skills_only,normal,P1,pending,,• Present a summary of the steps in the Key concepts box and ensure that trainees all understand it. Remind trainees that they saw these key concepts in the previous role-play. Steps for conducting an assessment 1. Introduce yourself. 2. Tell the participant w
WHO_GROUP_PM_PLUS_TRAINING_2026,WHO_GROUP_PM_PLUS_TRAINING_2026_e2942639_00250_f57398de6b7a,Group Problem Management Plus (PM+) psychological intervention: training manual,helping_skills,helping_skills_only,normal,P1,pending,,Begin the assessment with an open question such as e.g. “Would you like to begin by telling me some of the main difficulties you are seeking help for? ” 7. Ask the specific assessment questions. 3.2 Trainees role-play using the during-treatment PSYCHLOPS and p
WHO_GROUP_PM_PLUS_TRAINING_2026,WHO_GROUP_PM_PLUS_TRAINING_2026_e2942639_00252_80d283f3d3e0,Group Problem Management Plus (PM+) psychological intervention: training manual,helping_skills,helping_skills_only,normal,P1,pending,,"• Ask the trainees playing the PM+ facilitator to start the assessment and to ask the questions from the PSYCHLOPS assessment (Appendix B in the Group PM+ manual). • Tell them that, although they will be reading questions out, they should still pay attention t"
WHO_GROUP_PM_PLUS_TRAINING_2026,WHO_GROUP_PM_PLUS_TRAINING_2026_e2942639_00253_70c312a6db00,Group Problem Management Plus (PM+) psychological intervention: training manual,helping_skills,helping_skills_only,normal,P1,pending,,• Give trainees a few minutes to familiarize themselves with the PM+ post-intervention assessment questionnaire (Appendix C of the Group PM+ manual) • They will have 10 minutes to role-play • People playing the role of the PM+ facilitator should ask questions 
WHO_GROUP_PM_PLUS_TRAINING_2026,WHO_GROUP_PM_PLUS_TRAINING_2026_e2942639_00255_91559babcea9,Group Problem Management Plus (PM+) psychological intervention: training manual,helping_skills,helping_skills_only,normal,P1,pending,,"Coping with challenges during an assessment 40min Trainees will need Chapter 4 of their Group PM+ manual for Exercise 4.1. 4.1 Challenges during assessments (40min) Learning outcomes: trainees can identify why people may feel uncomfortable during assessments, "
WHO_GROUP_PM_PLUS_TRAINING_2026,WHO_GROUP_PM_PLUS_TRAINING_2026_e2942639_00256_70da4506be09,Group Problem Management Plus (PM+) psychological intervention: training manual,helping_skills,helping_skills_only,normal,P1,pending,,"Run the demonstration role-play (25min) • Tell the volunteers that it is important that they have all the assessment questions answered, but they may decide to leave some until the very end of the session when the participant feels more comfortable or has more"
WHO_GROUP_PM_PLUS_TRAINING_2026,WHO_GROUP_PM_PLUS_TRAINING_2026_e2942639_00258_00d92a5db5d6,Group Problem Management Plus (PM+) psychological intervention: training manual,helping_skills,helping_skills_only,normal,P1,pending,,"Assessing and monitoring thoughts of suicide 130min Discussion 5.1 and 5.2 needs the trainees to have Appendix A, B and D from the Group PM+ manual and the Annex 9 handout from this manual. 5.1 Group discussion on assessing thoughts of suicide (30min) Learning"
WHO_GROUP_PM_PLUS_TRAINING_2026,WHO_GROUP_PM_PLUS_TRAINING_2026_e2942639_00259_96cc103cf084,Group Problem Management Plus (PM+) psychological intervention: training manual,helping_skills,helping_skills_only,normal,P1,pending,,• Remind the trainees that the pre-assessment questionnaire and weekly PSYCHLOPS require PM+ facilitators to ask the participant if they have any thoughts of ending their life. Tell them that this discussion will go further into the topic. • Refer the trainees
WHO_GROUP_PM_PLUS_TRAINING_2026,WHO_GROUP_PM_PLUS_TRAINING_2026_e2942639_00260_d3dbae04dc62,Group Problem Management Plus (PM+) psychological intervention: training manual,helping_skills,helping_skills_only,normal,P1,pending,,"• Review the instructions that, if a participant indicated 4 or 5 on question 4a, or if they have a history of suicidal thoughts or plans while in PM+, the facilitator should complete an assessment of thoughts of suicide. Group Problem Management Plus (PM+) ps"
WHO_GROUP_PM_PLUS_TRAINING_2026,WHO_GROUP_PM_PLUS_TRAINING_2026_e2942639_00261_de1ae594df92,Group Problem Management Plus (PM+) psychological intervention: training manual,helping_skills,helping_skills_only,normal,P1,pending,,"• For all other participants, the facilitator can go to question 5. • Hand out Annex 9 and review this along with the questions on Assessment of thoughts of suicide from the Group PM+ manual. Note for trainers: Trainees may have a range of experiences with, an"
WHO_GROUP_PM_PLUS_TRAINING_2026,WHO_GROUP_PM_PLUS_TRAINING_2026_e2942639_00262_78ea32437daf,Group Problem Management Plus (PM+) psychological intervention: training manual,helping_skills,helping_skills_only,normal,P1,pending,,• Ask about trainee’s experience of working with people who have thoughts of suicide. You can use these prompts: ⸰ Have any trainees had experience of working with people with thoughts of suicide? ⸰ How did they cope? ⸰ What did they do? ⸰ What is the local pe
WHO_GROUP_PM_PLUS_TRAINING_2026,WHO_GROUP_PM_PLUS_TRAINING_2026_e2942639_00263_4b68e963a565,Group Problem Management Plus (PM+) psychological intervention: training manual,helping_skills,helping_skills_only,normal,P1,pending,,"You could also share the feelings you had when you first encountered a participant with thoughts of suicide. • If you think (or know) your trainees are religious, you may also respectfully acknowledge that each trainee might have strong beliefs about suicide, "
WHO_GROUP_PM_PLUS_TRAINING_2026,WHO_GROUP_PM_PLUS_TRAINING_2026_e2942639_00265_299b2d1456a0,Group Problem Management Plus (PM+) psychological intervention: training manual,helping_skills,helping_skills_only,normal,P1,pending,,5.2 Trainees explore actions to take if a participant has thoughts of suicide (25min) Learning outcome: trainees become familiar with actions to take following an assessment of suicidal thoughts. • Ask for four trainees to volunteer. • Assign each volunteer a 
WHO_GROUP_PM_PLUS_TRAINING_2026,WHO_GROUP_PM_PLUS_TRAINING_2026_e2942639_00267_fa5e2b428387,Group Problem Management Plus (PM+) psychological intervention: training manual,helping_skills,helping_skills_only,normal,P1,pending,,5.3 Demonstration role-play exploring reasons to stay alive (35min) Learning outcome: trainees learn how to manage participants’ thoughts of suicide by exploring reasons to live. Role-play 5.3 could be adapted to trainee role-plays instead of a demonstration r
WHO_GROUP_PM_PLUS_TRAINING_2026,WHO_GROUP_PM_PLUS_TRAINING_2026_e2942639_00268_0153878333cc,Group Problem Management Plus (PM+) psychological intervention: training manual,helping_skills,helping_skills_only,normal,P1,pending,,"• Tell trainees that, as PM+ facilitators, they must get comfortable with talking openly about suicidal thoughts and feelings. Facilitators need to show their participant that they are not shocked by anything the participant may say and that the situation is n"
WHO_GROUP_PM_PLUS_TRAINING_2026,WHO_GROUP_PM_PLUS_TRAINING_2026_e2942639_00271_fcc53d457b29,Group Problem Management Plus (PM+) psychological intervention: training manual,helping_skills,helping_skills_only,normal,P1,pending,,"” • Review the role-play, the assessment of thoughts of suicide questions and Appendix D of the Group PM+ manual with the trainees. Make sure that the trainees are clear on the responses to the different scenarios. • Emphasize that if in doubt, trainees should"
WHO_GROUP_PM_PLUS_TRAINING_2026,WHO_GROUP_PM_PLUS_TRAINING_2026_e2942639_00272_e6244c4f4216,Group Problem Management Plus (PM+) psychological intervention: training manual,helping_skills,helping_skills_only,normal,P1,pending,,• Read the remaining parts of Appendix D. Emphasize that the same questions and response actions should be followed at all assessment sessions and throughout the PM+ intervention. • Respond to and clarify any concerns that trainees may have. • End the discussi
WHO_GROUP_PM_PLUS_TRAINING_2026,WHO_GROUP_PM_PLUS_TRAINING_2026_e2942639_00274_ddc02213c850,Group Problem Management Plus (PM+) psychological intervention: training manual,helping_skills,helping_skills_only,normal,P1,pending,,Run the trainee role-plays (15min) • Bring the pairs together and run the role-plays. • Tell them they have 15 minutes to complete the role-play. • Have trainees’ PM+ competency assessment tools (digital or paper) available so that each trainer can informally 
WHO_GROUP_PM_PLUS_TRAINING_2026,WHO_GROUP_PM_PLUS_TRAINING_2026_e2942639_00275_96c7ea7ec056,Group Problem Management Plus (PM+) psychological intervention: training manual,helping_skills,helping_skills_only,normal,P1,pending,,• Bring the class back together and allow for approximately 10 minutes of feedback and reflection on how it felt to ask about and monitor thoughts of suicide. Provide group feedback based on your observations of the role-plays. • Allow time to ask trainees how
WHO_GROUP_PM_PLUS_TRAINING_2026,WHO_GROUP_PM_PLUS_TRAINING_2026_e2942639_00277_fc46f3e9dfb7,Group Problem Management Plus (PM+) psychological intervention: training manual,helping_skills,helping_skills_only,normal,P1,pending,,"• Tell them to think of a question to ask about assessing and monitoring suicide in the review section of the next module. • Tell them that, if they notice uncomfortable thoughts or feelings while doing this home practice, they can write down their thoughts an"
WHO_GROUP_PM_PLUS_TRAINING_2026,WHO_GROUP_PM_PLUS_TRAINING_2026_e2942639_00278_77071329e01e,Group Problem Management Plus (PM+) psychological intervention: training manual,helping_skills,helping_skills_only,normal,P1,pending,,Instructions to the person role-playing the PM+ facilitator Your role is to use the during assessment PSYCHLOPS (Appendix B of the Group PM+ manual) to assess progress and any possible reports of self-harm/suicide. Remember to be clear and direct and ask quest
WHO_GROUP_PM_PLUS_TRAINING_2026,WHO_GROUP_PM_PLUS_TRAINING_2026_e2942639_00281_516a55e22e3d,Group Problem Management Plus (PM+) psychological intervention: training manual,helping_skills,helping_skills_only,normal,P1,pending,,"PARTICIPANT PROMPTS If the PM+ facilitator asks you to describe your feelings or thoughts, or if they ask you if you have any thoughts of self-harm/suicide say, “I’m so sad all of the time, it seems that maybe it isn’t worth being alive most days”. If the PM+ "
WHO_GROUP_PM_PLUS_TRAINING_2026,WHO_GROUP_PM_PLUS_TRAINING_2026_e2942639_00326_2f10b17d56b6,Group Problem Management Plus (PM+) psychological intervention: training manual,helping_skills,helping_skills_only,normal,P1,pending,,4.3 Trainees role-play Managing Stress (40min) Learning outcomes: trainees practise delivering the stress management strategy. Print and share copies of Module 5 role-plays for Lesson 4.3. Provide copies of trainees PM+ competency assessment tools. • In this r
WHO_GROUP_PM_PLUS_TRAINING_2026,WHO_GROUP_PM_PLUS_TRAINING_2026_e2942639_00371_02fb53650edf,Group Problem Management Plus (PM+) psychological intervention: training manual,helping_skills,helping_skills_only,normal,P1,pending,,"Run the trainee role-play (15min) • If possible, have a trainer sit next to the ‘facilitator’ to provide them with support if they need it. • Be ready to rate trainees informally using their PM+ competency assessment tools (digital or paper). Each trainer aims"
WHO_GROUP_PM_PLUS_TRAINING_2026,WHO_GROUP_PM_PLUS_TRAINING_2026_e2942639_00382_b6e9209562ef,Group Problem Management Plus (PM+) psychological intervention: training manual,helping_skills,helping_skills_only,normal,P1,pending,,Run the trainee role-play (15min) • Have trainees’ PM+ competency assessment tools (digital or paper) ready and informally rate their role-play demonstrations (assess one or two role-plays per trainer). • The relevant items are PM+ 13 (choosing helpful strateg
WHO_GROUP_PM_PLUS_TRAINING_2026,WHO_GROUP_PM_PLUS_TRAINING_2026_e2942639_00385_52bc38702c15,Group Problem Management Plus (PM+) psychological intervention: training manual,helping_skills,helping_skills_only,normal,P1,pending,,• This will give the trainees the experience of how long this activity is expected to take in a real-life group PM+ session. • Be ready to informally rate trainees using their PM+ competency assessment tools (digital or paper). The most directly relevant items
WHO_GROUP_PM_PLUS_TRAINING_2026,WHO_GROUP_PM_PLUS_TRAINING_2026_e2942639_00389_aa3b6e85f68e,Group Problem Management Plus (PM+) psychological intervention: training manual,helping_skills,helping_skills_only,normal,P1,pending,,"• Be ready to rate the trainees informally using their PM+ competency assessment tools (digital or paper). The most directly relevant items to this role play are PM+ 9 (listing and distinguishing solvable and unsolvable problems), PM+ 10 (choosing a problem), "
WHO_GROUP_PM_PLUS_TRAINING_2026,WHO_GROUP_PM_PLUS_TRAINING_2026_e2942639_00423_90269900f4c3,Group Problem Management Plus (PM+) psychological intervention: training manual,helping_skills,helping_skills_only,normal,P1,pending,,"Run the role-play (25min) • Allow the role-play to last for 25 minutes • Be ready to rate the facilitators informally using their PM+ competency assessment tools. The relevant items for this role-play are PM+ 15 (get going, keep doing). You may also want to ra"
WHO_GROUP_PM_PLUS_TRAINING_2026,WHO_GROUP_PM_PLUS_TRAINING_2026_e2942639_00426_8ab113794e84,Group Problem Management Plus (PM+) psychological intervention: training manual,helping_skills,helping_skills_only,normal,P1,pending,,• Give the trainees playing the role of participants instructions in Module 7 role-plays for Lesson 3.2 Run trainee role-play (35min) • Be ready to rate the facilitators informally using their PM+ competency assessment tools. The relevant items for this role-p
WHO_GROUP_PM_PLUS_TRAINING_2026,WHO_GROUP_PM_PLUS_TRAINING_2026_e2942639_00483_6f5d526e99a4,Group Problem Management Plus (PM+) psychological intervention: training manual,helping_skills,helping_skills_only,normal,P1,pending,,These are a way to ensure that PM+ is delivered to a high standard and according to the PM+ protocols. • Remind them that the assessment tool helps both the trainee and trainer/supervisor to understand which elements of the PM+ intervention the trainee is comf
WHO_GROUP_PM_PLUS_TRAINING_2026,WHO_GROUP_PM_PLUS_TRAINING_2026_e2942639_00518_8805ffb1f994,Group Problem Management Plus (PM+) psychological intervention: training manual,helping_skills,helping_skills_only,normal,P1,pending,,13 Clinical management of rape and intimate partner violence survivors: developing protocols for use in humanitarian settings. Geneva: World Health Organization; 2020 (https://iris.who. int/handle/10665/331535). Licence: CC BY-NC-SA 3.0 IGO. 14 How to support 
WHO_GROUP_PM_PLUS_TRAINING_2026,WHO_GROUP_PM_PLUS_TRAINING_2026_e2942639_00519_bbc11f832e26,Group Problem Management Plus (PM+) psychological intervention: training manual,helping_skills,helping_skills_only,normal,P1,pending,,"Annex 1 The PM+ competency assessment tool Citation: The World Health Organization, The Problem Management Plus (PM+) Competency Assessment Tool, WHO, Geneva, 2025. https://equipcompetency.org/en-gb. Note that the term “client” is used throughout this tool in "
WHO_GROUP_PM_PLUS_TRAINING_2026,WHO_GROUP_PM_PLUS_TRAINING_2026_e2942639_00526_7bb35c839943,Group Problem Management Plus (PM+) psychological intervention: training manual,helping_skills,helping_skills_only,normal,P1,pending,,7. Assessment of harm and developing a response plan (ENACT #7) ❒ Does not ask about self-harm ❒ Lectures client with religious or legal arguments against self-harm (e.g. “This is sin” or “This is against the law”) ❒ Expresses disbelief (e.g. accuses client of
WHO_GROUP_PM_PLUS_TRAINING_2026,WHO_GROUP_PM_PLUS_TRAINING_2026_e2942639_00562_538f385bfb6d,Group Problem Management Plus (PM+) psychological intervention: training manual,helping_skills,helping_skills_only,normal,P1,pending,,"Annex 9 Actions following assessment for suicidal thoughts Table 12 will help trainees understand how they should respond when assessing a participant’s thoughts on suicide (for use in Module 4, Lesson 5.2). It is a slightly more detailed version than the corr"
WHO_HELPING_SKILLS_2025,WHO_HELPING_SKILLS_2025_0a403b62_00041_ce9851ab5850,Foundational helping skills training manual: a competency-based approach for training helpers to support adults,helping_skills,helping_skills_only,normal,P1,pending,,The findings from the trials indicated that the training led to increased competency scores and reduced unhelpful or potentially harmful behaviours pre-to-post training as assessed on the ENACT competency assessment tool for a range of trainees across sites. A
WHO_HELPING_SKILLS_2025,WHO_HELPING_SKILLS_2025_0a403b62_00046_ffad2167704b,Foundational helping skills training manual: a competency-based approach for training helpers to support adults,helping_skills,helping_skills_only,normal,P1,pending,,The EQUIP platform (https://equipcompetency.org/en-gb) provides access to training resources and competency assessment tools for a range of foundational and treatment-specific skills. These resources and tools can also be used to establish a measure of someone
WHO_HELPING_SKILLS_2025,WHO_HELPING_SKILLS_2025_0a403b62_00056_2e21657205b3,Foundational helping skills training manual: a competency-based approach for training helpers to support adults,helping_skills,helping_skills_only,normal,P1,pending,,"Giving personalized individual and group feedback EQUIP competency assessment tools do not set a pass or fail level of competency. Rather, they provide training focused on individualized feedback that helps people reflect on, and then improve, their competenci"
WHO_HELPING_SKILLS_2025,WHO_HELPING_SKILLS_2025_0a403b62_00064_f618ee037390,Foundational helping skills training manual: a competency-based approach for training helpers to support adults,helping_skills,helping_skills_only,normal,P1,pending,,"It is important to address unhelpful or potentially harmful behaviours (Level 1 competencies), but this should be balanced with feedback on areas of strength to ensure that trainees understand that the aim of competency assessment is to support their ongoing d"
WHO_HELPING_SKILLS_2025,WHO_HELPING_SKILLS_2025_0a403b62_00073_bc3599fde349,Foundational helping skills training manual: a competency-based approach for training helpers to support adults,helping_skills,helping_skills_only,normal,P1,pending,,"The non-verbal communication item of the ENACT assessment tool mentions “inappropriate physical contact”. What is considered inappropriate will vary by setting and, in some cultures, limited physical contact (e.g. holding someone’s hand or touching their shoul"
WHO_HELPING_SKILLS_2025,WHO_HELPING_SKILLS_2025_0a403b62_00074_741ed8023b2c,Foundational helping skills training manual: a competency-based approach for training helpers to support adults,helping_skills,helping_skills_only,normal,P1,pending,,Helpers and helping organizations must be aware of applicable law and must explain to help-seekers any limitations to confidentiality so that the person can make an informed choice about what they disclose. • Self-harm and safety. You should adjust the self-ha
WHO_HELPING_SKILLS_2025,WHO_HELPING_SKILLS_2025_0a403b62_00083_2e1813daa3d3,Foundational helping skills training manual: a competency-based approach for training helpers to support adults,helping_skills,helping_skills_only,normal,P1,pending,,"• We arrive and finish on time. • We put phones on silent mode or turn them off, except for urgent calls. • We learn and have fun! Spoken introduction to foundational helping skills and competency assessment (10 mins) Read out this description explaining what "
WHO_HELPING_SKILLS_2025,WHO_HELPING_SKILLS_2025_0a403b62_00147_d1be90d3deb2,Foundational helping skills training manual: a competency-based approach for training helpers to support adults,helping_skills,helping_skills_only,normal,P1,pending,,• Asking for the person’s thoughts on the information you have provided. • Checking with the person that they are comfortable. Confidentiality: • Explaining confidentiality. • Listing exceptions to confidentiality (e.g. risk of self-harm/suicide). • Explaining
WHO_HELPING_SKILLS_2025,WHO_HELPING_SKILLS_2025_0a403b62_00148_acdde5a3dd46,Foundational helping skills training manual: a competency-based approach for training helpers to support adults,helping_skills,helping_skills_only,normal,P1,pending,,"Informally-assessed role-play demonstrating rapport and confidentiality skills Module 2. Role-play, rapport-building and confidentiality ENACT Scoring template #3. Confidentiality ENACT Scoring template #4. Rapport-building This assessment is expected to take "
WHO_HELPING_SKILLS_2025,WHO_HELPING_SKILLS_2025_0a403b62_00189_cdb7dc1aebce,Foundational helping skills training manual: a competency-based approach for training helpers to support adults,helping_skills,helping_skills_only,normal,P1,pending,,Module 4. Assess risk for self-harm/ suicide and promoting safety (ENACT #7) FIG. 9 Module 4 covers assessment of risk for self-harm/suicide and promoting safety from the Engage tier of foundational helping skills
WHO_HELPING_SKILLS_2025,WHO_HELPING_SKILLS_2025_0a403b62_00190_02b421a422b8,Foundational helping skills training manual: a competency-based approach for training helpers to support adults,helping_skills,helping_skills_only,normal,P1,pending,,Structure of the module 110 mins • Self-harm/suicide: what it is and what it is not (20 mins). • Self-harm/suicide warning signs (5 mins). • Asking about self-harm/suicide (5 mins). • Exercise 1. Role-play on asking about self-harm/suicide (10 mins). • Assessi
WHO_HELPING_SKILLS_2025,WHO_HELPING_SKILLS_2025_0a403b62_00193_ea316c71034f,Foundational helping skills training manual: a competency-based approach for training helpers to support adults,helping_skills,helping_skills_only,normal,P1,pending,,"However it is important that helpers are able to ask this if someone presents with a mental health condition, acute emotional distress, chronic pain, history of suicide attempts or any of the warning signs detailed in the training. For more information see the"
WHO_HELPING_SKILLS_2025,WHO_HELPING_SKILLS_2025_0a403b62_00194_8e2bac3a0f1a,Foundational helping skills training manual: a competency-based approach for training helpers to support adults,helping_skills,helping_skills_only,normal,P1,pending,,"For more details on this topic, organizations should consult appropriate guidance (14, 15, 16). Before starting the training, you should be clear with the group that you plan to talk about self- harm/suicide. Tell the trainees to speak with the trainers privat"
WHO_HELPING_SKILLS_2025,WHO_HELPING_SKILLS_2025_0a403b62_00195_9fa35521f3ee,Foundational helping skills training manual: a competency-based approach for training helpers to support adults,helping_skills,helping_skills_only,normal,P1,pending,,"Self-harm is a broader term defined as “… intentionally self-inflicted poisoning or injury, which may or may not have a fatal intent or outcome” (12). The ENACT tool (Competency item 7) uses the term “self-harm” to ensure that it can have the broadest applicat"
WHO_HELPING_SKILLS_2025,WHO_HELPING_SKILLS_2025_0a403b62_00196_aafe1692ffd5,Foundational helping skills training manual: a competency-based approach for training helpers to support adults,helping_skills,helping_skills_only,normal,P1,pending,,"Terms that imply a level of criminality (such as “commit suicide”), inaccurately imply a history of self-harm/suicide (such as “completed attempt”, or other potentially stigmatizing terms (such as “successful/unsuccessful attempt”) should not be used. Instead,"
WHO_HELPING_SKILLS_2025,WHO_HELPING_SKILLS_2025_0a403b62_00197_46e3246a8ac7,Foundational helping skills training manual: a competency-based approach for training helpers to support adults,helping_skills,helping_skills_only,normal,P1,pending,,Self-harm/suicide: what it is and what it is not (20 mins) Use the text below to discuss self-harm/suicide and common misunderstandings with the trainees (10 mins). You might want to display key points (in bold below) as visual reminders on your flipchart or c
WHO_HELPING_SKILLS_2025,WHO_HELPING_SKILLS_2025_0a403b62_00198_2598bfc047a0,Foundational helping skills training manual: a competency-based approach for training helpers to support adults,helping_skills,helping_skills_only,normal,P1,pending,,"Suicidal ideation may include thoughts such as someone thinking “I wish I would go to sleep and not wake up” or these thoughts may be more current thoughts of suicide such as “I want to die today” or “I can’t live any longer, I am going to kill myself.” Planni"
WHO_HELPING_SKILLS_2025,WHO_HELPING_SKILLS_2025_0a403b62_00199_6aa9996e827a,Foundational helping skills training manual: a competency-based approach for training helpers to support adults,helping_skills,helping_skills_only,normal,P1,pending,,"Self-harm/suicide risk fluctuates over time according to a number of risk and protective factors. As a helper who is able to assess self-harm/suicide, asking about self-harm/suicide and understanding if a person is at imminent risk of self-harm/suicide can hel"
WHO_HELPING_SKILLS_2025,WHO_HELPING_SKILLS_2025_0a403b62_00200_8e78b13bcc13,Foundational helping skills training manual: a competency-based approach for training helpers to support adults,helping_skills,helping_skills_only,normal,P1,pending,,In this module we shall cover the different steps that might be involved. FACTS ABOUT SELF-HARM/SUICIDE This section is adapted from the WHO’s suicide Q&A webpage (https://www.who.int/news-room/ questions-and-answers/item/suicide) and should be used as a quest
WHO_HELPING_SKILLS_2025,WHO_HELPING_SKILLS_2025_0a403b62_00201_02a47e0863d8,Foundational helping skills training manual: a competency-based approach for training helpers to support adults,helping_skills,helping_skills_only,normal,P1,pending,,"Question: How many people die by suicide every year? Suicide is a global public health problem. Every year more than 700 000 people die as a result of suicide. The majority of these deaths (77%) occur in low- and middle-income countries. Beyond this, suicide h"
WHO_HELPING_SKILLS_2025,WHO_HELPING_SKILLS_2025_0a403b62_00202_18d73b42701c,Foundational helping skills training manual: a competency-based approach for training helpers to support adults,helping_skills,helping_skills_only,normal,P1,pending,,Effective interventions exist (see WHO’s LIVE LIFE initiative for suicide prevention (19) for more information). Question: Does talking about suicide lead to someone taking their own life? Talking openly about suicide can give a person more options or more tim
WHO_HELPING_SKILLS_2025,WHO_HELPING_SKILLS_2025_0a403b62_00203_2f3e1cadf295,Foundational helping skills training manual: a competency-based approach for training helpers to support adults,helping_skills,helping_skills_only,normal,P1,pending,,"Question: Is it true that only people with mental health conditions are suicidal? Many people who are suicidal do not have a mental health condition, and many people with mental health conditions do not have a wish to die. In suicidal crisis situations, many u"
WHO_HELPING_SKILLS_2025,WHO_HELPING_SKILLS_2025_0a403b62_00204_4a37498fc50a,Foundational helping skills training manual: a competency-based approach for training helpers to support adults,helping_skills,helping_skills_only,normal,P1,pending,,"health, stressful life events, and social and cultural factors need to be considered when trying to understand suicidal behaviour. Self-harm/suicide warning signs (5 mins) Use the text below to provide some examples of warning signs of self-harm/suicide. Some "
WHO_HELPING_SKILLS_2025,WHO_HELPING_SKILLS_2025_0a403b62_00205_efa6a41fb716,Foundational helping skills training manual: a competency-based approach for training helpers to support adults,helping_skills,helping_skills_only,normal,P1,pending,,"Helpers will need to assess self-harm/suicide individually for each person who presents with a mental health condition, acute emotional distress, chronic pain, history of suicide attempts or any of the warning signs described above. Asking about self-harm/suic"
WHO_HELPING_SKILLS_2025,WHO_HELPING_SKILLS_2025_0a403b62_00206_2c998662271d,Foundational helping skills training manual: a competency-based approach for training helpers to support adults,helping_skills,helping_skills_only,normal,P1,pending,,"Role-play on asking about self-harm/suicide (10 mins) In this exercise you will demonstrate helpful behaviours for asking about self-harm/suicide. After the role-play, you will lead a group discussion. You may need to adapt the demonstration to your context an"
WHO_HELPING_SKILLS_2025,WHO_HELPING_SKILLS_2025_0a403b62_00209_07e4839d0b5f,Foundational helping skills training manual: a competency-based approach for training helpers to support adults,helping_skills,helping_skills_only,normal,P1,pending,,"Assessing risk when a person speaks of having thoughts of self-harm/ suicide (10 mins) Tell trainees that if a person says that they have experienced suicidal thoughts, the next step is to get more information to see if there is an imminent risk of self-harm/s"
WHO_HELPING_SKILLS_2025,WHO_HELPING_SKILLS_2025_0a403b62_00210_1e999b348d0b,Foundational helping skills training manual: a competency-based approach for training helpers to support adults,helping_skills,helping_skills_only,normal,P1,pending,,"• They report current thoughts of self-harm/suicide. Current thoughts of self-harm/suicide refer to thoughts such as “I want to kill myself today” or “I can’t live like this any longer, I need to die soon.” OR • They have a current plan of self-harm/suicide. O"
WHO_HELPING_SKILLS_2025,WHO_HELPING_SKILLS_2025_0a403b62_00211_447aba2be91f,Foundational helping skills training manual: a competency-based approach for training helpers to support adults,helping_skills,helping_skills_only,normal,P1,pending,,"To make identification of imminent risk of self-harm/suicide easier for non-specialists who deliver psychological interventions, WHO has developed a brief set of questions which can be used to assess the above. This can be found on in Annex 6, page 94 of WHO’s"
WHO_HELPING_SKILLS_2025,WHO_HELPING_SKILLS_2025_0a403b62_00216_7a571fad74cf,Foundational helping skills training manual: a competency-based approach for training helpers to support adults,helping_skills,helping_skills_only,normal,P1,pending,,Tell the trainees: You need to be prepared to respond to people who are at imminent risk of self-harm/suicide and be able to refer them to appropriate services. Here are three simple strategies: • Familiarize yourself with your organization’s policies and proc
WHO_HELPING_SKILLS_2025,WHO_HELPING_SKILLS_2025_0a403b62_00220_0f4a3fef79b9,Foundational helping skills training manual: a competency-based approach for training helpers to support adults,helping_skills,helping_skills_only,normal,P1,pending,,"Then go through the learning points and address the comments (and reasons for them), focusing on how to apply each learning point. Group activity 3. Pairs practise assessing self-harm/suicide (10 mins) Divide the group into pairs. Ask the pairs to role-play th"
WHO_HELPING_SKILLS_2025,WHO_HELPING_SKILLS_2025_0a403b62_00221_a384701c7cba,Foundational helping skills training manual: a competency-based approach for training helpers to support adults,helping_skills,helping_skills_only,normal,P1,pending,,You can use the lists of unhelpful and helpful behaviours in Table 5 and the discussion points raised by the group of trainees. Ask the group to help you recap their learning. You could use these questions as prompts: • Why should we routinely assess self-harm
WHO_HELPING_SKILLS_2025,WHO_HELPING_SKILLS_2025_0a403b62_00222_66328927c026,Foundational helping skills training manual: a competency-based approach for training helpers to support adults,helping_skills,helping_skills_only,normal,P1,pending,,Review helpful and unhelpful ways of assessing self-harm/suicide in Table 5. Add any suggestions the trainees made during discussions. Foundational helping skills training manual 70
WHO_HELPING_SKILLS_2025,WHO_HELPING_SKILLS_2025_0a403b62_00223_671e6162f361,Foundational helping skills training manual: a competency-based approach for training helpers to support adults,helping_skills,helping_skills_only,normal,P1,pending,,TABLE 5 Unhelpful and helpful ways of assessing self-harm/suicide • Not asking about self-harm/suicide. • Lecturing a person and citing religious or legal arguments against self-harm (e.g. saying “You know this is a sin” or “This is against the law”). • Expres
WHO_HELPING_SKILLS_2025,WHO_HELPING_SKILLS_2025_0a403b62_00224_aef151091e00,Foundational helping skills training manual: a competency-based approach for training helpers to support adults,helping_skills,helping_skills_only,normal,P1,pending,,"Informally-assessed role-play for assessing self-harm/suicide and promoting safety Module 4. Role-play, assessing self-harm/suicide and promoting safety ENACT Scoring template #7. Assessment of harm and developing response plan Trainees will work again in pair"
WHO_HELPING_SKILLS_2025,WHO_HELPING_SKILLS_2025_0a403b62_00226_99900cba3208,Foundational helping skills training manual: a competency-based approach for training helpers to support adults,helping_skills,helping_skills_only,normal,P1,pending,,"While you all are practising, we shall be walking around to see your skills in action. We shall be taking some notes to give you all feedback and tips on how to improve your assessment of the risk of self-harm/suicide in order to promote safety as far as we ca"
WHO_HELPING_SKILLS_2025,WHO_HELPING_SKILLS_2025_0a403b62_00231_ae5db6ec9219,Foundational helping skills training manual: a competency-based approach for training helpers to support adults,helping_skills,helping_skills_only,normal,P1,pending,,FIG. 10 ENACT Scoring template #7 ENACT #7: Assessment of harm and developing response plan ❒ Does not ask about self-harm ❒ Lectures client with religious or legal reasons against self- harm (e.g. “This is sin” or “This is against the law”). ❒ Expresses disbe
WHO_HELPING_SKILLS_2025,WHO_HELPING_SKILLS_2025_0a403b62_00232_db3d519816ae,Foundational helping skills training manual: a competency-based approach for training helpers to support adults,helping_skills,helping_skills_only,normal,P1,pending,,"Mid-training reflection. Could help, should help and ready to help The midpoint of the training is a good time to reflect on skills learned and to discuss willingness and readiness to help others. This reflection does not have a competency assessment. However,"
WHO_HELPING_SKILLS_2025,WHO_HELPING_SKILLS_2025_0a403b62_00236_02ad2b94e08b,Foundational helping skills training manual: a competency-based approach for training helpers to support adults,helping_skills,helping_skills_only,normal,P1,pending,,"This includes anyone who may be vulnerable or marginalized for a number of reasons, such as: ethnicity or nationality, gender, mental health conditions, substance use, exposure to sexual violence or intimate partner violence, child abuse, poverty, disability, "
WHO_HELPING_SKILLS_2025,WHO_HELPING_SKILLS_2025_0a403b62_00243_c2d2bae7a9be,Foundational helping skills training manual: a competency-based approach for training helpers to support adults,helping_skills,helping_skills_only,normal,P1,pending,,"For example, if you are concerned about self-harm/suicide you might be reluctant to ask questions if you feel you are not able to help. But if you know the people and resources that you could connect the person with, then you will feel more confident about hel"
WHO_HELPING_SKILLS_2025,WHO_HELPING_SKILLS_2025_0a403b62_00321_451d9f7f1226,Foundational helping skills training manual: a competency-based approach for training helpers to support adults,helping_skills,helping_skills_only,normal,P1,pending,,"Informally-assessed role-play on how to involve family members or other trusted persons Module 6. Role-play, involving family or other trusted persons ENACT Scoring template #10. Involvement of family or other close relationships This assessment is expected to"
WHO_HELPING_SKILLS_2025,WHO_HELPING_SKILLS_2025_0a403b62_00327_de21b8c709e5,Foundational helping skills training manual: a competency-based approach for training helpers to support adults,helping_skills,helping_skills_only,normal,P1,pending,,"helper plays role of family member) Source: ENhancing Assessment of Common Therapeutic factors (ENACT) competency assessment tool (English, in-person) (v1.0). Geneva: World Health Organization; 2021. https://equipcompetency.org/en-gb. Licence: CC BY-NC-SA. Sec"
WHO_HELPING_SKILLS_2025,WHO_HELPING_SKILLS_2025_0a403b62_00344_896bd54459de,Foundational helping skills training manual: a competency-based approach for training helpers to support adults,helping_skills,helping_skills_only,normal,P1,pending,,"Informally-assessed role-play demonstrating Module 7. Role-play, psychoeducation ENACT Scoring template #14. Psychoeducation This assessment is expected to take 15 minutes. Trainees will work in pairs to show you their helpful skills for delivering psychoeduca"
WHO_HELPING_SKILLS_2025,WHO_HELPING_SKILLS_2025_0a403b62_00406_e0b902f58a98,Foundational helping skills training manual: a competency-based approach for training helpers to support adults,helping_skills,helping_skills_only,normal,P1,pending,,"If asked if you want to die or kill yourself, say, “No, I would not do that, I want to stay alive and care for my family.” This assessment does not need to practise a high-risk situation. If asked about past suicide attempts, say, “No, I have never tried to ki"
WHO_HELPING_SKILLS_2025,WHO_HELPING_SKILLS_2025_0a403b62_00419_eb479c6b9a3a,Foundational helping skills training manual: a competency-based approach for training helpers to support adults,helping_skills,helping_skills_only,normal,P1,pending,,"El Masri R, Steen F, Coetzee AR, Aoun M, Kohrt BA, Schafer A et al. Competency assessment of non-specialists delivering a psychological intervention in Lebanon: a process evaluation. Intervention. 2023;21(1):47–57. doi: 10.4103/intv.intv_15_22. 11. Elnasseh A,"
WHO_HELPING_SKILLS_2025,WHO_HELPING_SKILLS_2025_0a403b62_00423_1cb0e045e6c0,Foundational helping skills training manual: a competency-based approach for training helpers to support adults,helping_skills,helping_skills_only,normal,P1,pending,,Annexes Annex 1: Enhancing Assessment of Common Therapeutic factors (ENACT) scoring templates (ENACT #1) Non-verbal communication Actor instructions: At appropriate times during the interview use culturally-appropriate body language for feelings of sadness or 
WHO_HELPING_SKILLS_2025,WHO_HELPING_SKILLS_2025_0a403b62_00427_60cad2f96ac6,Foundational helping skills training manual: a competency-based approach for training helpers to support adults,helping_skills,helping_skills_only,normal,P1,pending,,“It doesn’t matter if anyone else hears us”) ❒ Explains concept of confidentiality ❒ Lists exceptions for breaking confidentiality for self-harm ❒ Explains why it can be important to break confidentiality ❒ Details the referral process related to confidentiali
WHO_HELPING_SKILLS_2025,WHO_HELPING_SKILLS_2025_0a403b62_00432_dd081de1fdf4,Foundational helping skills training manual: a competency-based approach for training helpers to support adults,helping_skills,helping_skills_only,normal,P1,pending,,"ENACT #7: Assessment of harm and developing response plan Actor instructions: During the role-play, express that “Sometimes when I go to sleep, I wish I wouldn’t wake up in the morning.” If asked if you would ever hurt or kill yourself, explain “Sometimes I th"
WHO_HELPING_SKILLS_2025,WHO_HELPING_SKILLS_2025_0a403b62_00433_50473b8bd318,Foundational helping skills training manual: a competency-based approach for training helpers to support adults,helping_skills,helping_skills_only,normal,P1,pending,,"accuses client of discussing self- harm to get attention; states that others would not actually harm the client or the client’s children) ❒ Encourages client not to tell anyone else about self-harm ❒ Asks about self-harm or harm to others, or explores harm if "
WHO_PM_PLUS_TRAINING_2025,WHO_PM_PLUS_TRAINING_2025_85b0ac5b_00034_bf5f25943671,Problem Management Plus (PM+) psychological intervention for individuals: training manual,helping_skills,helping_skills_only,normal,P1,pending,,"Workforce Prepare and sustain a competent workforce to deliver the psychological interventions by selecting, training, assessing and supervising providers. Identification, assessment and delivery Identify potential beneficiaries of the psychological interventi"
WHO_PM_PLUS_TRAINING_2025,WHO_PM_PLUS_TRAINING_2025_85b0ac5b_00040_93c27ada698d,Problem Management Plus (PM+) psychological intervention for individuals: training manual,helping_skills,helping_skills_only,normal,P1,pending,,"to manage especially difficult help-seekers, initially for newly trained helpers etc.). • Supervisors should also be available outside of fixed supervision times to respond to suicide or harm risk situations with help-seekers. Part A. Introduction, overview an"
WHO_PM_PLUS_TRAINING_2025,WHO_PM_PLUS_TRAINING_2025_85b0ac5b_00047_4462881296de,Problem Management Plus (PM+) psychological intervention for individuals: training manual,helping_skills,helping_skills_only,normal,P1,pending,,"You can adapt the scenarios, role-play situations and training activities to reflect the local language, culture and context. In particular, the approach you recommend for supporting clients who report thoughts of suicide may need to be adapted, depending on l"
WHO_PM_PLUS_TRAINING_2025,WHO_PM_PLUS_TRAINING_2025_85b0ac5b_00052_31cfd0680af6,Problem Management Plus (PM+) psychological intervention for individuals: training manual,helping_skills,helping_skills_only,normal,P1,pending,,"Planning for competency-based training and assessment in PM+ The use of competency-based training and assessments in PM+ is designed to help trainees develop the attitudes, knowledge and skills they need to deliver the intervention effectively. This follows th"
WHO_PM_PLUS_TRAINING_2025,WHO_PM_PLUS_TRAINING_2025_85b0ac5b_00053_258a942d446b,Problem Management Plus (PM+) psychological intervention for individuals: training manual,helping_skills,helping_skills_only,normal,P1,pending,,"Rather than viewing competency as something that can be achieved and assessed once at the end of training, we recognize that a person’s competency continually evolves. It is something to be maintained and continuously developed through assessment and support, "
WHO_PM_PLUS_TRAINING_2025,WHO_PM_PLUS_TRAINING_2025_85b0ac5b_00054_d6de1c5f3602,Problem Management Plus (PM+) psychological intervention for individuals: training manual,helping_skills,helping_skills_only,normal,P1,pending,,"The PM+ competency assessment tool, used together with the structured role-plays, forms the PM+ competency assessment. The PM+ competency assessment tool covers seven basic helping skills (referred to as foundational helping skills in EQUIP) that are common ac"
WHO_PM_PLUS_TRAINING_2025,WHO_PM_PLUS_TRAINING_2025_85b0ac5b_00055_063eb1f8bde2,Problem Management Plus (PM+) psychological intervention for individuals: training manual,helping_skills,helping_skills_only,normal,P1,pending,,"For instance, PM+ uses the term “basic helping skills”, while the PM+ competency assessment tool which is based on the resources from EQUIP uses “foundational helping skills”. This is because EQUIP 1 EQUIP is a WHO and UNICEF project supporting trainers to imp"
WHO_PM_PLUS_TRAINING_2025,WHO_PM_PLUS_TRAINING_2025_85b0ac5b_00056_79dbe54f79b8,Problem Management Plus (PM+) psychological intervention for individuals: training manual,helping_skills,helping_skills_only,normal,P1,pending,,"takes a more specific approach than was available when PM+ was developed. Despite this difference, all items on the PM+ competency assessment tool are relevant to delivering PM+. For ease of use, each role-play in the training outlines which competencies from "
WHO_PM_PLUS_TRAINING_2025,WHO_PM_PLUS_TRAINING_2025_85b0ac5b_00058_29356f7d36e7,Problem Management Plus (PM+) psychological intervention for individuals: training manual,helping_skills,helping_skills_only,normal,P1,pending,,"During training At the start of training, prepare a PM+ competency assessment tool for each trainee. Make a paper copy from Annex 1, or use the digital version on the EQUIP platform. The summary sheets at the beginning of each module indicate the relevant comp"
WHO_PM_PLUS_TRAINING_2025,WHO_PM_PLUS_TRAINING_2025_85b0ac5b_00060_1d05040b06e0,Problem Management Plus (PM+) psychological intervention for individuals: training manual,helping_skills,helping_skills_only,normal,P1,pending,,"During each role-play, you will move around the room, listening to some trainee pairs and using the PM+ competency assessment tool to assess trainees’ competencies. It may not be feasible to observe every trainee but you should aim to observe enough of them to"
WHO_PM_PLUS_TRAINING_2025,WHO_PM_PLUS_TRAINING_2025_85b0ac5b_00062_85f580bc66ff,Problem Management Plus (PM+) psychological intervention for individuals: training manual,helping_skills,helping_skills_only,normal,P1,pending,,You may also use the PM+ competency assessment tool as a supervision tool during live or recorded sessions in which a helper meets real PM+ clients. This can be particularly useful in demonstrating competencies in real-world settings. Scoring the PM+ competenc
WHO_PM_PLUS_TRAINING_2025,WHO_PM_PLUS_TRAINING_2025_85b0ac5b_00067_081ab1a653f6,Problem Management Plus (PM+) psychological intervention for individuals: training manual,helping_skills,helping_skills_only,normal,P1,pending,,"” In both individual and group feedback, remember to ask trainees for their reflections on the feedback and encourage them to ask questions. At the end of the training, you can give trainees any completed competency assessment tools. They can then use these as"
WHO_PM_PLUS_TRAINING_2025,WHO_PM_PLUS_TRAINING_2025_85b0ac5b_00089_ca366504ea06,Problem Management Plus (PM+) psychological intervention for individuals: training manual,helping_skills,helping_skills_only,normal,P1,pending,,Prepared flipchart with training schedule Print blank copies of the PM+ competency assessment tool (Annex 1) 3.2 Training expectations (20 Trainees have examined their training expectations Prepared dartboard flipchart activity Problem Management Plus (PM+) ps
WHO_PM_PLUS_TRAINING_2025,WHO_PM_PLUS_TRAINING_2025_85b0ac5b_00114_2293ee2894f2,Problem Management Plus (PM+) psychological intervention for individuals: training manual,helping_skills,helping_skills_only,normal,P1,pending,,"feels like a failure) • Poor concentration, unable to make decisions easily • Very slow movements or slow to do things • Loss of appetite or eating more than usual • Suicidal thoughts or attempts • Worrying a lot (without reason) • Feeling panicked • Physical "
WHO_PM_PLUS_TRAINING_2025,WHO_PM_PLUS_TRAINING_2025_85b0ac5b_00122_9ae459460f84,Problem Management Plus (PM+) psychological intervention for individuals: training manual,helping_skills,helping_skills_only,normal,P1,pending,,• PM+ is not suitable for the following: • anyone who has a plan and/or intention to end his/her life in the near future (someone at imminent risk of suicide) – such persons are likely to require other treatment that helps them stay safe; • anyone who has a se
WHO_PM_PLUS_TRAINING_2025,WHO_PM_PLUS_TRAINING_2025_85b0ac5b_00124_87c3a25587c7,Problem Management Plus (PM+) psychological intervention for individuals: training manual,helping_skills,helping_skills_only,normal,P1,pending,,"Other resources provide more information on dealing with intimate partner or sexual violence (12, 13, 14). Problem Management Plus (PM+) psychological intervention for individuals: training manual 36"
WHO_PM_PLUS_TRAINING_2025,WHO_PM_PLUS_TRAINING_2025_85b0ac5b_00141_aa8cf78f2f11,Problem Management Plus (PM+) psychological intervention for individuals: training manual,helping_skills,helping_skills_only,normal,P1,pending,,"• Should the helper be the same gender as their clients? • How should consent be obtained? • How should family members be involved? • How should the helper discuss taboo topics, such as sexual violence, with clients? • Are there any other adaptations that migh"
WHO_PM_PLUS_TRAINING_2025,WHO_PM_PLUS_TRAINING_2025_85b0ac5b_00143_4bebb5891f7e,Problem Management Plus (PM+) psychological intervention for individuals: training manual,helping_skills,helping_skills_only,normal,P1,pending,,"There are some differences between the terms used in the PM+ competency assessment tool and the PM+ intervention manual. Despite this difference in terms, all of the skills on the PM+ competency assessment tool are relevant to delivering PM+. Each role-play in"
WHO_PM_PLUS_TRAINING_2025,WHO_PM_PLUS_TRAINING_2025_85b0ac5b_00146_de63f95a7dd4,Problem Management Plus (PM+) psychological intervention for individuals: training manual,helping_skills,helping_skills_only,normal,P1,pending,,"Run the demonstration role-play (5 minutes) • Introduce yourself as a PM+ helper and begin to talk to the client about why they were referred, the purpose of the assessment session today and a little information about PM+. Problem Management Plus (PM+) psychol"
WHO_PM_PLUS_TRAINING_2025,WHO_PM_PLUS_TRAINING_2025_85b0ac5b_00173_51a9df65ee46,Problem Management Plus (PM+) psychological intervention for individuals: training manual,helping_skills,helping_skills_only,normal,P1,pending,,• Ask the group some of these questions to promote discussion: • Has anyone experienced working with individuals who have been affected by sexual violence? • Have people you have worked with talked openly about these experiences? • What does your community thi
WHO_PM_PLUS_TRAINING_2025,WHO_PM_PLUS_TRAINING_2025_85b0ac5b_00200_da88e0f28433,Problem Management Plus (PM+) psychological intervention for individuals: training manual,helping_skills,helping_skills_only,normal,P1,pending,,Using PM+ assessments (85 minutes) 2.1 The three types of PM+ assessments (25 minutes) Trainees know the assessments that are used to ensure suitability and track a PM+ client’s progress Print multiple copies of assessment questionnaires from the PM+ intervent
WHO_PM_PLUS_TRAINING_2025,WHO_PM_PLUS_TRAINING_2025_85b0ac5b_00201_c7c959c7b807,Problem Management Plus (PM+) psychological intervention for individuals: training manual,helping_skills,helping_skills_only,normal,P1,pending,,Lesson 3. Practising how to do PM+ assessments (60 minutes) 3.1 How to do an assessment (10 minutes) Trainees understand how to conduct an assessment Trainees need their PM+ 3.2 Trainees role-play using the during-intervention and post-intervention assessments
WHO_PM_PLUS_TRAINING_2025,WHO_PM_PLUS_TRAINING_2025_85b0ac5b_00202_a6dd38b9744f,Problem Management Plus (PM+) psychological intervention for individuals: training manual,helping_skills,helping_skills_only,normal,P1,pending,,"Annex 9 of this manual 5.2 Demonstration role- play: trainees explore actions to take if a client has thoughts of suicide (25 minutes) Trainees become familiar with actions to take following an assessment of suicidal thoughts manual, Appendix A Part 6 5.3 Demo"
WHO_PM_PLUS_TRAINING_2025,WHO_PM_PLUS_TRAINING_2025_85b0ac5b_00203_ff7dc2b5c41f,Problem Management Plus (PM+) psychological intervention for individuals: training manual,helping_skills,helping_skills_only,normal,P1,pending,,"Lesson 6. Summary, home practice and setting up the review (25 minutes) 6.1 Summary (5 minutes) Trainees consolidate their learning on assessing thoughts of suicide 6.2 Set home practice (15 minutes) 6.3 Set up the review for Problem Management Plus (PM+) psyc"
WHO_PM_PLUS_TRAINING_2025,WHO_PM_PLUS_TRAINING_2025_85b0ac5b_00207_1fde08e0380f,Problem Management Plus (PM+) psychological intervention for individuals: training manual,helping_skills,helping_skills_only,normal,P1,pending,,"• Explain in detail the differences between the three PM+ assessments, particularly noting the differences between the different versions of the PSYCHLOPS. • Highlight that the pre-assessment is where one first meets the potential PM+ client and can set the to"
WHO_PM_PLUS_TRAINING_2025,WHO_PM_PLUS_TRAINING_2025_85b0ac5b_00208_3d38dd9d61e5,Problem Management Plus (PM+) psychological intervention for individuals: training manual,helping_skills,helping_skills_only,normal,P1,pending,,"PM+ assesses clients in three ways: Pre-intervention assessment. We use this to meet the client, assess the severity of their emotional distress and difficulties in daily functioning and determine if PM+ is suitable. PM+ during-intervention assessment. A Psych"
WHO_PM_PLUS_TRAINING_2025,WHO_PM_PLUS_TRAINING_2025_85b0ac5b_00209_9402d0934934,Problem Management Plus (PM+) psychological intervention for individuals: training manual,helping_skills,helping_skills_only,normal,P1,pending,,"• Give each group copies of the pre-assessment, during -treatment assessment and post- treatment assessments (Appendix A, B and C in the PM+ intervention manual). • Give each group a few minutes to read the questions posed in the assessments. Facilitate a smal"
WHO_PM_PLUS_TRAINING_2025,WHO_PM_PLUS_TRAINING_2025_85b0ac5b_00211_9d31c5a93150,Problem Management Plus (PM+) psychological intervention for individuals: training manual,helping_skills,helping_skills_only,normal,P1,pending,,"2.2: Understanding PM+ exclusion criteria (20 minutes) Learning outcome: trainees know when and why PM+ might not suit a client, and what action to take. • Explain that after conducting a PM+ pre-assessment the helper will be able to understand whether a perso"
WHO_PM_PLUS_TRAINING_2025,WHO_PM_PLUS_TRAINING_2025_85b0ac5b_00213_24e7d8adad2e,Problem Management Plus (PM+) psychological intervention for individuals: training manual,helping_skills,helping_skills_only,normal,P1,pending,,"If clients report thoughts of suicide, helpers should follow the guidelines for responding to suicidal thoughts outlined in Appendix D of the PM+ intervention manual. • Exclusion criteria 2. The potential client has a severe impairment possibly due to a mental"
WHO_PM_PLUS_TRAINING_2025,WHO_PM_PLUS_TRAINING_2025_85b0ac5b_00216_1298adf782b2,Problem Management Plus (PM+) psychological intervention for individuals: training manual,helping_skills,helping_skills_only,normal,P1,pending,,"• You play the role of the PM+ helper and the co-trainer/volunteer plays the role of the client using the scenario from Annex 8. • The other trainees will observe the role-play, using blank copies of the pre-intervention assessment form from Appendix A of the "
WHO_PM_PLUS_TRAINING_2025,WHO_PM_PLUS_TRAINING_2025_85b0ac5b_00217_609ec9f62764,Problem Management Plus (PM+) psychological intervention for individuals: training manual,helping_skills,helping_skills_only,normal,P1,pending,,• management of the client when they become overly talkative or go off-topic; • how to move through the assessment questions as the client discloses relevant information (i.e. not needing to complete the assessment questions in order); • responding to a client
WHO_PM_PLUS_TRAINING_2025,WHO_PM_PLUS_TRAINING_2025_85b0ac5b_00218_529601520021,Problem Management Plus (PM+) psychological intervention for individuals: training manual,helping_skills,helping_skills_only,normal,P1,pending,,Organize the trainees • Ask trainees to look at Chapter 4: How to do an assessment in the PM+ • Give them a few minutes to review the steps described in the PM+ intervention manual. • Answer any questions they may have. • Present a summary of the steps in the 
WHO_PM_PLUS_TRAINING_2025,WHO_PM_PLUS_TRAINING_2025_85b0ac5b_00219_9f96dd81a4c1,Problem Management Plus (PM+) psychological intervention for individuals: training manual,helping_skills,helping_skills_only,normal,P1,pending,,"Steps for conducting an assessment 1. Introduce yourself. 2. Tell the client why they are having an assessment and let them know what to expect. Explain that you will ask questions about their current experiences and psychological difficulties, but they do not"
WHO_PM_PLUS_TRAINING_2025,WHO_PM_PLUS_TRAINING_2025_85b0ac5b_00220_244ef6b085f8,Problem Management Plus (PM+) psychological intervention for individuals: training manual,helping_skills,helping_skills_only,normal,P1,pending,,3.2 Trainees role-play using the during-intervention PSYCHLOPS and post-intervention assessments (50 minutes) Learning outcome: trainees practise using the PSYCHLOPS and post-intervention assessment questionnaires. • Explain that the trainees will now practise
WHO_PM_PLUS_TRAINING_2025,WHO_PM_PLUS_TRAINING_2025_85b0ac5b_00221_418aac8aea2b,Problem Management Plus (PM+) psychological intervention for individuals: training manual,helping_skills,helping_skills_only,normal,P1,pending,,• Ask the trainees playing the PM+ helper to start the assessment and to ask the questions from the PSYCHLOPS assessment (Appendix B in the PM+ intervention manual). Part B. PM+ training modules 75
WHO_PM_PLUS_TRAINING_2025,WHO_PM_PLUS_TRAINING_2025_85b0ac5b_00223_92668a086747,Problem Management Plus (PM+) psychological intervention for individuals: training manual,helping_skills,helping_skills_only,normal,P1,pending,,Facilitate a discussion (25 minutes) • Bring the group back together and discuss the role-plays. • You can use the following question prompts: Questions for the helper administering an assessment • What was your experience asking the series of assessment quest
WHO_PM_PLUS_TRAINING_2025,WHO_PM_PLUS_TRAINING_2025_85b0ac5b_00224_7c55d245e327,Problem Management Plus (PM+) psychological intervention for individuals: training manual,helping_skills,helping_skills_only,normal,P1,pending,,Coping with challenges during an assessment 40min Trainees will need Chapter 4 of their PM+ intervention manual for Exercise 4.1. 4.1 Challenges during assessments (40 minutes) Learning outcomes: trainees can identify why people may feel uncomfortable during a
WHO_PM_PLUS_TRAINING_2025,WHO_PM_PLUS_TRAINING_2025_85b0ac5b_00225_05532e3da015,Problem Management Plus (PM+) psychological intervention for individuals: training manual,helping_skills,helping_skills_only,normal,P1,pending,,"Run the demonstration role-play (25 minutes) • Tell the volunteers that it is important that they have all the assessment questions answered, but they may decide to leave some until the very end of the session when the client feels more comfortable or has more"
WHO_PM_PLUS_TRAINING_2025,WHO_PM_PLUS_TRAINING_2025_85b0ac5b_00227_45f7c490cd0e,Problem Management Plus (PM+) psychological intervention for individuals: training manual,helping_skills,helping_skills_only,normal,P1,pending,,"Lesson 5 Assessing and monitoring thoughts of suicide 130min Discussion 5.1 and 5.2 needs the trainees to have Appendix A, B and D from the PM+ intervention manual and the Annex 9 handout from this manual. 5.1 Group discussion on assessing thoughts of suicide "
WHO_PM_PLUS_TRAINING_2025,WHO_PM_PLUS_TRAINING_2025_85b0ac5b_00228_e66be63699bb,Problem Management Plus (PM+) psychological intervention for individuals: training manual,helping_skills,helping_skills_only,normal,P1,pending,,• Remind the trainees that the pre-intervention assessment questionnaire and weekly PSYCHLOPS require PM+ helpers to ask the client if they have any thoughts of ending their life. Tell them that this discussion will go further into the topic. • Refer the train
WHO_PM_PLUS_TRAINING_2025,WHO_PM_PLUS_TRAINING_2025_85b0ac5b_00229_aca3c730c575,Problem Management Plus (PM+) psychological intervention for individuals: training manual,helping_skills,helping_skills_only,normal,P1,pending,,"See Appendix B, questions 4a and b of the PSYCHLOPS in the PM+ • Review the instructions that, if a client indicated 4 or 5 on question 4a, or if they have a history of suicidal thoughts or plans while in PM+, the helper should complete an assessment of though"
WHO_PM_PLUS_TRAINING_2025,WHO_PM_PLUS_TRAINING_2025_85b0ac5b_00230_664f96c454ac,Problem Management Plus (PM+) psychological intervention for individuals: training manual,helping_skills,helping_skills_only,normal,P1,pending,,"Note for trainers: Trainees may have a range of experiences with, and opinions about, suicide. Trainers should remain thoughtful and try to understand trainees’ perspectives while encouraging them to be open to and show empathy to people who are suffering from"
WHO_PM_PLUS_TRAINING_2025,WHO_PM_PLUS_TRAINING_2025_85b0ac5b_00231_b49251245bc9,Problem Management Plus (PM+) psychological intervention for individuals: training manual,helping_skills,helping_skills_only,normal,P1,pending,,"• What is the local perception of suicide? • Respond to any concerns trainees may have about asking direct, clear questions and responding to a client who has a plan to end their life in the near future. • Ask trainees to share how they might feel if their cli"
WHO_PM_PLUS_TRAINING_2025,WHO_PM_PLUS_TRAINING_2025_85b0ac5b_00232_a81d4646e53d,Problem Management Plus (PM+) psychological intervention for individuals: training manual,helping_skills,helping_skills_only,normal,P1,pending,,"You could also share the feelings you had when you first encountered a client with • If you think (or know) your trainees are religious, you may also respectfully acknowledge that each trainee might have strong beliefs about suicide, including suicide being wr"
WHO_PM_PLUS_TRAINING_2025,WHO_PM_PLUS_TRAINING_2025_85b0ac5b_00233_cf3237ec7f48,Problem Management Plus (PM+) psychological intervention for individuals: training manual,helping_skills,helping_skills_only,normal,P1,pending,,5.2 Trainees explore actions to take if a client has thoughts of suicide (25 minutes) Learning outcome: trainees become familiar with actions to take following an assessment of suicidal thoughts. • Ask for four trainees to volunteer. • Assign each volunteer a 
WHO_PM_PLUS_TRAINING_2025,WHO_PM_PLUS_TRAINING_2025_85b0ac5b_00235_82aca1f59f5a,Problem Management Plus (PM+) psychological intervention for individuals: training manual,helping_skills,helping_skills_only,normal,P1,pending,,5.3 Demonstration role-play exploring reasons to stay alive (35 minutes) Learning outcome: trainees learn how to manage clients’ thoughts of suicide by exploring reasons to live. Role-play 5.3 could be adapted to trainee role-plays instead of a demonstration r
WHO_PM_PLUS_TRAINING_2025,WHO_PM_PLUS_TRAINING_2025_85b0ac5b_00236_ac0bc97f5dce,Problem Management Plus (PM+) psychological intervention for individuals: training manual,helping_skills,helping_skills_only,normal,P1,pending,,"• Tell trainees that, as PM+ helpers, they must get comfortable with talking openly about suicidal thoughts and feelings. Helpers need to show their client that they are not shocked by anything the client may say and that the situation is not hopeless. Explain"
WHO_PM_PLUS_TRAINING_2025,WHO_PM_PLUS_TRAINING_2025_85b0ac5b_00239_d864dc5931c0,Problem Management Plus (PM+) psychological intervention for individuals: training manual,helping_skills,helping_skills_only,normal,P1,pending,,"• Emphasize that if in doubt, trainees should speak to their supervisors. • Read the remaining parts of Appendix D. Emphasize that the same questions and response actions should be followed at all assessment sessions and throughout the PM+ intervention. • Resp"
WHO_PM_PLUS_TRAINING_2025,WHO_PM_PLUS_TRAINING_2025_85b0ac5b_00240_caa7fd7172f0,Problem Management Plus (PM+) psychological intervention for individuals: training manual,helping_skills,helping_skills_only,normal,P1,pending,,5.4: Trainees role-play monitoring thoughts of suicide using PM+ manuals (40 minutes) Learning outcome: trainees become familiar with a script to monitor clients with thoughts of suicide. Print and share Module 4 role-play instructions. Have copies of trainees
WHO_PM_PLUS_TRAINING_2025,WHO_PM_PLUS_TRAINING_2025_85b0ac5b_00241_13c6782bedef,Problem Management Plus (PM+) psychological intervention for individuals: training manual,helping_skills,helping_skills_only,normal,P1,pending,,"• Persons playing PM+ helpers should be given instructions from Module 4 role-play (at the end of this module). • Direct the trainees playing helpers to use the during-intervention PSYCHLOPS assessment (Appendix B of the PM+ intervention manual), including que"
WHO_PM_PLUS_TRAINING_2025,WHO_PM_PLUS_TRAINING_2025_85b0ac5b_00242_fb00f7e55d69,Problem Management Plus (PM+) psychological intervention for individuals: training manual,helping_skills,helping_skills_only,normal,P1,pending,,• Bring the class back together and allow for approximately 10 minutes of feedback and reflection on how it felt to ask about and monitor thoughts of suicide. Provide group feedback based on your observations of the role-plays. • Allow time to ask trainees how
WHO_PM_PLUS_TRAINING_2025,WHO_PM_PLUS_TRAINING_2025_85b0ac5b_00243_608d853cbe21,Problem Management Plus (PM+) psychological intervention for individuals: training manual,helping_skills,helping_skills_only,normal,P1,pending,,"• Emphasize to trainees that, if they notice ongoing distress or discomfort after having talked about suicide, they can talk to a trainer in private about this. Note the trainees’ mood at this point. You might ask trainees to reflect on how they are feeling. I"
WHO_PM_PLUS_TRAINING_2025,WHO_PM_PLUS_TRAINING_2025_85b0ac5b_00244_710dcf75c841,Problem Management Plus (PM+) psychological intervention for individuals: training manual,helping_skills,helping_skills_only,normal,P1,pending,,"• Ask trainees to take some time to reflect on what they have learned in this module. • Ask them to read Chapter 4 (section - Guidance when assessing thoughts of suicide in clients) in the PM+ intervention manual, and to review Appendix A and Appendix D of the"
WHO_PM_PLUS_TRAINING_2025,WHO_PM_PLUS_TRAINING_2025_85b0ac5b_00248_31fe25c32b10,Problem Management Plus (PM+) psychological intervention for individuals: training manual,helping_skills,helping_skills_only,normal,P1,pending,,"If the PM+ helper asks you to describe your feelings or thoughts, or if they ask you if you have any thoughts of self-harm/suicide, say “I’m so sad all of the time, it seems that maybe it isn’t worth being alive most days”. If the PM+ helper asks you to list r"
WHO_PM_PLUS_TRAINING_2025,WHO_PM_PLUS_TRAINING_2025_85b0ac5b_00254_1de726f8949b,Problem Management Plus (PM+) psychological intervention for individuals: training manual,helping_skills,helping_skills_only,normal,P1,pending,,"Facilitate a discussion • If the trainee facilitators have missed something, spend a few minutes reviewing it yourself. • Take a few moments to ask about the trainees’ mood following discussions on suicide. If the mood is low choose an ice-breaker or energizer"
WHO_PM_PLUS_TRAINING_2025,WHO_PM_PLUS_TRAINING_2025_85b0ac5b_00269_19002db5e190,Problem Management Plus (PM+) psychological intervention for individuals: training manual,helping_skills,helping_skills_only,normal,P1,pending,,"• How can it be used with someone who has suicidal thoughts, but not a strong desire to end their life (it can explore their challenges and reasons to live)? • Ask the trainees how basic helping skills could be used to engage a client. Give them a few moments "
WHO_PM_PLUS_TRAINING_2025,WHO_PM_PLUS_TRAINING_2025_85b0ac5b_00296_8a7fdb9eebff,Problem Management Plus (PM+) psychological intervention for individuals: training manual,helping_skills,helping_skills_only,normal,P1,pending,,Prepare in advance: Print and share copies of Module 6 role-play Provide copies of the PM+ competency assessment tool to trainees. • Divide trainees into pairs and give them the instructions and prompts in the Module 6 role- play (found at the end of this modu
WHO_PM_PLUS_TRAINING_2025,WHO_PM_PLUS_TRAINING_2025_85b0ac5b_00297_b8f31a9a438a,Problem Management Plus (PM+) psychological intervention for individuals: training manual,helping_skills,helping_skills_only,normal,P1,pending,,• Observe some of the role-plays and informally rate trainees on their PM+ competency assessment tool (digital or paper). The relevant item for this role-play is PM+ 8 (introducing and explaining slow breathing). Part B. PM+ training modules 107
WHO_PM_PLUS_TRAINING_2025,WHO_PM_PLUS_TRAINING_2025_85b0ac5b_00308_6efbf23aeb7b,Problem Management Plus (PM+) psychological intervention for individuals: training manual,helping_skills,helping_skills_only,normal,P1,pending,,Run a trainee role-play (20 minutes) • Allow trainees to role-play for about 20 minutes. • Informally rate one or two trainee helpers using their PM+ competency assessment tool (digital or paper). PM+ 8 (introducing and explaining slow breathing) is the most d
WHO_PM_PLUS_TRAINING_2025,WHO_PM_PLUS_TRAINING_2025_85b0ac5b_00352_a1365e865b13,Problem Management Plus (PM+) psychological intervention for individuals: training manual,helping_skills,helping_skills_only,normal,P1,pending,,Run the trainee role-play (15 minutes) • Have trainees’ PM+ competency assessment tools (digital or paper) ready and informally rate their role-play demonstrations (assess one or two role-plays per trainer). • The relevant items are PM+12 (brainstorming soluti
WHO_PM_PLUS_TRAINING_2025,WHO_PM_PLUS_TRAINING_2025_85b0ac5b_00353_d7dcb8652ace,Problem Management Plus (PM+) psychological intervention for individuals: training manual,helping_skills,helping_skills_only,normal,P1,pending,,• Provide group feedback based on your informal observations and the PM+ competency assessment tools. • Ask for reflections from the trainees and answer any concerns they may have. • Explain to trainees that Step 7 (reviewing the action plans) is a continual p
WHO_PM_PLUS_TRAINING_2025,WHO_PM_PLUS_TRAINING_2025_85b0ac5b_00356_21e79b9babe5,Problem Management Plus (PM+) psychological intervention for individuals: training manual,helping_skills,helping_skills_only,normal,P1,pending,,"Run the rotating role-plays (20 minutes) • Start the role-play as the PM+ helper. • Once you are no longer in the role-play, use the trainees’ competency assessment tools to help you make some informal observations. The most directly relevant items to this rol"
WHO_PM_PLUS_TRAINING_2025,WHO_PM_PLUS_TRAINING_2025_85b0ac5b_00391_6cd4d28364d1,Problem Management Plus (PM+) psychological intervention for individuals: training manual,helping_skills,helping_skills_only,normal,P1,pending,,"Run trainee role-play (35 minutes) • Have trainees’ PM+ competency assessment tools (digital or paper) ready and informally rate one or two role-plays per trainer. The relevant item for this role play is PM+ 15 (Get going, Keep doing). • At the end of the role"
WHO_PM_PLUS_TRAINING_2025,WHO_PM_PLUS_TRAINING_2025_85b0ac5b_00442_7894a9fc603a,Problem Management Plus (PM+) psychological intervention for individuals: training manual,helping_skills,helping_skills_only,normal,P1,pending,,"• However, if the client is demonstrating severe distress or talking about thoughts of suicide then they must be referred to a mental health specialist. • Similarly, if the client has engaged well in PM+ but there has not been much change to their distress, th"
WHO_PM_PLUS_TRAINING_2025,WHO_PM_PLUS_TRAINING_2025_85b0ac5b_00451_8230ae12c3b6,Problem Management Plus (PM+) psychological intervention for individuals: training manual,helping_skills,helping_skills_only,normal,P1,pending,,"Decide who will be responsible for observing each trainee, and also who will give each trainee their personalized feedback. You can tick off the names as you go, so that no-one is missed. Remember that, when using the PM+ competency assessment tool, it may not"
WHO_PM_PLUS_TRAINING_2025,WHO_PM_PLUS_TRAINING_2025_85b0ac5b_00456_578c92fdc722,Problem Management Plus (PM+) psychological intervention for individuals: training manual,helping_skills,helping_skills_only,normal,P1,pending,,"• Over the course of the day, give every trainee at least 10 minutes of personalized feedback based both on the Module 11 role-plays and on their competency PM+ competency assessment tools from earlier in the training. You may need to take people aside during "
WHO_PM_PLUS_TRAINING_2025,WHO_PM_PLUS_TRAINING_2025_85b0ac5b_00484_0d3bb1eed6b0,Problem Management Plus (PM+) psychological intervention for individuals: training manual,helping_skills,helping_skills_only,normal,P1,pending,,Clinical management of rape and intimate partner violence survivors: developing protocols for use in humanitarian settings. Geneva: World Health Organization; 2020 ( https://apps.who.int/iris/ handle/10665/331535) Licence: CC BY-NC-SA 3.0 IGO. 14. How to suppo
WHO_PM_PLUS_TRAINING_2025,WHO_PM_PLUS_TRAINING_2025_85b0ac5b_00486_621a68b038be,Problem Management Plus (PM+) psychological intervention for individuals: training manual,helping_skills,helping_skills_only,normal,P1,pending,,"Annex 1 The PM+ competency assessment tool Citation: The World Health Organization, The Problem Management Plus (PM+) Competency Assessment Tool, WHO, Geneva, 2025. https://equipcompetency.org/en-gb. (note this version does not include the two competencies rel"
WHO_PM_PLUS_TRAINING_2025,WHO_PM_PLUS_TRAINING_2025_85b0ac5b_00493_e3e625ebc11d,Problem Management Plus (PM+) psychological intervention for individuals: training manual,helping_skills,helping_skills_only,normal,P1,pending,,7. Assessment of harm and developing a response plan (ENACT #7) ❒ Does not ask about self-harm ❒ Lectures client with religious or legal arguments against self- harm (e.g. “This is sin” or “This is against the law”) ❒ Expresses disbelief (e.g. accuses client o
WHO_PM_PLUS_TRAINING_2025,WHO_PM_PLUS_TRAINING_2025_85b0ac5b_00528_1164f57df372,Problem Management Plus (PM+) psychological intervention for individuals: training manual,helping_skills,helping_skills_only,normal,P1,pending,,"You still hope that one day you might be reunited with your partner and three children, but right now that seems hopeless. INFORMATION FOR THE HELPER The main problems identified at pre-assessment were fighting with people, feeling angry and trapped, not worki"
WHO_PM_PLUS_TRAINING_2025,WHO_PM_PLUS_TRAINING_2025_85b0ac5b_00529_42f8536fdeac,Problem Management Plus (PM+) psychological intervention for individuals: training manual,helping_skills,helping_skills_only,normal,P1,pending,,"Annex 9 Actions following assessment for suicidal thoughts Table 12 will help trainees understand how they should respond when assessing a client’s thoughts on suicide (for use in Module 4, Lesson 5.2). It is a slightly more detailed version than the correspon"
WHO_PM_PLUS_TRAINING_2025,WHO_PM_PLUS_TRAINING_2025_85b0ac5b_00530_9431bf728299,Problem Management Plus (PM+) psychological intervention for individuals: training manual,helping_skills,helping_skills_only,normal,P1,pending,,"TABLE 12 Actions following assessment for suicidal thoughts Answer to question PM+ helper response 1. Client answers NO to question 1. • You do not have to do anything. 2. Client answers YES to question 1, but NONE to question 2 and NO to question 3. • Tell yo"
WHO_PM_PLUS_TRAINING_2025,WHO_PM_PLUS_TRAINING_2025_85b0ac5b_00531_c773afb3259d,Problem Management Plus (PM+) psychological intervention for individuals: training manual,helping_skills,helping_skills_only,normal,P1,pending,,"Client answers YES to question 1 and YES to question 3 or the person is extremely agitated, violent, distressed or not communicating. Your client has, or may have, a plan to end their life and is considered at imminent risk of suicide. Respond immediately: • a"
WHO_PM_PLUS_TRAINING_2025,WHO_PM_PLUS_TRAINING_2025_85b0ac5b_00538_6e4764d30665,Problem Management Plus (PM+) psychological intervention for individuals: training manual,helping_skills,helping_skills_only,normal,P1,pending,,"Information from the assessment Behaviour in the assessment: • mood is flat; • very slow to give responses; • problems concentrating; • teary when talking about her problems; • poor eye contact, looks down at her hands frequently. Annexes 217"
