chunk_id,source_id,title,collection,use_mode,risk_scope,population_tags,topic_tags,language,review_status,char_count,content_preview,review_decision,review_comment
CCI_DISORDERED_EATING_d6d7d1c1_00000_853bbf74d873,CCI_DISORDERED_EATING,Disordered Eating self-help resources,professional_knowledge,psychoeducation_only,normal,"[""adolescents"", ""young_adults"", ""adults""]","[""eating_disorders"", ""body_image"", ""self_compassion"", ""severe_eating_disorder_risk""]",en,pending,74,Break Free from ED An Active Guide to Recovering from Your Eating Disorder,,
CCI_DISORDERED_EATING_d6d7d1c1_00001_482eb5c76aeb,CCI_DISORDERED_EATING,Disordered Eating self-help resources,professional_knowledge,psychoeducation_only,normal,"[""adolescents"", ""young_adults"", ""adults""]","[""eating_disorders"", ""body_image"", ""self_compassion"", ""severe_eating_disorder_risk""]",en,pending,280,"What Are Eating Disorders?  Introduction 2 Eating Disorders: Myths and Facts 2 Do I Have an Eating Disorder? 3 Taking Your Physical Health Seriously 5 How Did I Get Here? 5 Recovery is Possible Ready, Set, Action A Word on Distress What to ",,
CCI_DISORDERED_EATING_d6d7d1c1_00002_0a91548c5c4e,CCI_DISORDERED_EATING,Disordered Eating self-help resources,professional_knowledge,psychoeducation_only,normal,"[""adolescents"", ""young_adults"", ""adults""]","[""eating_disorders"", ""body_image"", ""self_compassion"", ""severe_eating_disorder_risk""]",en,pending,578,This information provided in this document is for information purposes only. Please refer to the full disclaimer and copyright statements available at www.cci.health.wa.gov.au regarding the information on this website before making use of s,,
CCI_DISORDERED_EATING_d6d7d1c1_00003_d3277a401f23,CCI_DISORDERED_EATING,Disordered Eating self-help resources,professional_knowledge,psychoeducation_only,normal,"[""adolescents"", ""young_adults"", ""adults""]","[""eating_disorders"", ""body_image"", ""self_compassion"", ""severe_eating_disorder_risk""]",en,pending,36,Module 1: What Are Eating Disorders?,,
CCI_DISORDERED_EATING_d6d7d1c1_00004_4cf3fe598166,CCI_DISORDERED_EATING,Disordered Eating self-help resources,professional_knowledge,psychoeducation_only,normal,"[""adolescents"", ""young_adults"", ""adults""]","[""eating_disorders"", ""body_image"", ""self_compassion"", ""severe_eating_disorder_risk""]",en,pending,400,Welcome! This workbook has been developed by clinical psychologists who specialise in the treatment of eating disorders. You can use this workbook as a self-help guide to recovery from an eating disorder or you may wish to work through the ,,
CCI_DISORDERED_EATING_d6d7d1c1_00005_60e7d0a49833,CCI_DISORDERED_EATING,Disordered Eating self-help resources,professional_knowledge,psychoeducation_only,normal,"[""adolescents"", ""young_adults"", ""adults""]","[""eating_disorders"", ""body_image"", ""self_compassion"", ""severe_eating_disorder_risk""]",en,pending,446,"This set of modules is designed to help you… • understand eating disorders and what keeps them going • normalise your eating behaviours • reduce other eating disorder behaviours, e.g. binge-eating, vomiting, laxative misuse, driven exercise",,
CCI_DISORDERED_EATING_d6d7d1c1_00006_b157c48e78b2,CCI_DISORDERED_EATING,Disordered Eating self-help resources,professional_knowledge,psychoeducation_only,normal,"[""adolescents"", ""young_adults"", ""adults""]","[""eating_disorders"", ""body_image"", ""self_compassion"", ""severe_eating_disorder_risk""]",en,pending,345,It is important that you download or print off the Appendix – ‘Getting Educated about Eating Disorders’. This Appendix contains important information for you to read alongside the content of the modules. Throughout the modules you will see ,,
CCI_DISORDERED_EATING_d6d7d1c1_00007_9533d6ad3813,CCI_DISORDERED_EATING,Disordered Eating self-help resources,professional_knowledge,psychoeducation_only,normal,"[""adolescents"", ""young_adults"", ""adults""]","[""eating_disorders"", ""body_image"", ""self_compassion"", ""severe_eating_disorder_risk""]",en,pending,487,"Let’s start by getting on the same page about eating disorders and debunk some of the myths surrounding these illnesses. Eating disorders affect people of all genders, ages, races, ethnicities, sexual orientations, and socio-economic backgr",,
CCI_DISORDERED_EATING_d6d7d1c1_00008_4187c24d4cb2,CCI_DISORDERED_EATING,Disordered Eating self-help resources,professional_knowledge,psychoeducation_only,normal,"[""adolescents"", ""young_adults"", ""adults""]","[""eating_disorders"", ""body_image"", ""self_compassion"", ""severe_eating_disorder_risk""]",en,pending,486,"Eating disorders are not lifestyle choices, ‘phases’ that young people grow out of or ‘diets gone too far’. They are serious mental illnesses that can have a severe impact on physical health, relationships, work, mood, and quality of life. ",,
CCI_DISORDERED_EATING_d6d7d1c1_00009_68cbe239444b,CCI_DISORDERED_EATING,Disordered Eating self-help resources,professional_knowledge,psychoeducation_only,normal,"[""adolescents"", ""young_adults"", ""adults""]","[""eating_disorders"", ""body_image"", ""self_compassion"", ""severe_eating_disorder_risk""]",en,pending,287,"It is not all doom and gloom when it comes to eating disorders. Full recovery from an eating di sorder is absolutely possible. Early detection and treatment are important, but full recovery is possible at any age and no matter how long you ",,
CCI_DISORDERED_EATING_d6d7d1c1_00010_a1d4aecde1f4,CCI_DISORDERED_EATING,Disordered Eating self-help resources,professional_knowledge,psychoeducation_only,normal,"[""adolescents"", ""young_adults"", ""adults""]","[""eating_disorders"", ""body_image"", ""self_compassion"", ""severe_eating_disorder_risk""]",en,pending,890,"Break Free From ED Module 1: What Are Eating Disorders? D o I Have an Eating Disorder? I t is nearly impossible to get through a whole day without hearing some sort of dietary or exercise advice from a friend, colleague, or the media. We ar",,
CCI_DISORDERED_EATING_d6d7d1c1_00011_98a170e20dd9,CCI_DISORDERED_EATING,Disordered Eating self-help resources,professional_knowledge,psychoeducation_only,normal,"[""adolescents"", ""young_adults"", ""adults""]","[""eating_disorders"", ""body_image"", ""self_compassion"", ""severe_eating_disorder_risk""]",en,pending,877,"A fter you have read about the eating disorder diagnoses, you can get a better idea of whether you might have symptoms of an eating disorder by filling out the following table. Never Sometimes Often Very Often I try to eat as little as poss",,
CCI_DISORDERED_EATING_d6d7d1c1_00012_d3277a401f23,CCI_DISORDERED_EATING,Disordered Eating self-help resources,professional_knowledge,psychoeducation_only,normal,"[""adolescents"", ""young_adults"", ""adults""]","[""eating_disorders"", ""body_image"", ""self_compassion"", ""severe_eating_disorder_risk""]",en,pending,36,Module 1: What Are Eating Disorders?,,
CCI_DISORDERED_EATING_d6d7d1c1_00013_8b6af2437ace,CCI_DISORDERED_EATING,Disordered Eating self-help resources,professional_knowledge,psychoeducation_only,normal,"[""adolescents"", ""young_adults"", ""adults""]","[""eating_disorders"", ""body_image"", ""self_compassion"", ""severe_eating_disorder_risk""]",en,pending,469,"If you answered Often or Very Often to many of the above items, you are in the right place. If these thoughts and behaviours are impacting your physical health, mental health, and/or quality of life, you may have an eating disorder. Some of",,
CCI_DISORDERED_EATING_d6d7d1c1_00014_107158e8d770,CCI_DISORDERED_EATING,Disordered Eating self-help resources,professional_knowledge,psychoeducation_only,normal,"[""adolescents"", ""young_adults"", ""adults""]","[""eating_disorders"", ""body_image"", ""self_compassion"", ""severe_eating_disorder_risk""]",en,pending,863,"Take a moment to think about the ways in which eating disorder symptoms are affecting your life. Consider the following areas… Physical health: (e.g. Are you always tired? Do you feel cold all the time? Do you get bloated often, or feel diz",,
CCI_DISORDERED_EATING_d6d7d1c1_00015_2787080cca12,CCI_DISORDERED_EATING,Disordered Eating self-help resources,professional_knowledge,psychoeducation_only,normal,"[""adolescents"", ""young_adults"", ""adults""]","[""eating_disorders"", ""body_image"", ""self_compassion"", ""severe_eating_disorder_risk""]",en,pending,75,Module 1: What Are Eating Disorders?  Taking your Physical Health Seriously,,
CCI_DISORDERED_EATING_d6d7d1c1_00016_f1628d95b617,CCI_DISORDERED_EATING,Disordered Eating self-help resources,professional_knowledge,psychoeducation_only,normal,"[""adolescents"", ""young_adults"", ""adults""]","[""eating_disorders"", ""body_image"", ""self_compassion"", ""severe_eating_disorder_risk""]",en,pending,585,"Eating disorders are associated with serious, even life -threatening health complications. It is very important that all individuals engaging in any kind of disordered eating regularly consult with a medical practitioner to monitor and mana",,
CCI_DISORDERED_EATING_d6d7d1c1_00017_0d0d4c9e6b31,CCI_DISORDERED_EATING,Disordered Eating self-help resources,professional_knowledge,psychoeducation_only,normal,"[""adolescents"", ""young_adults"", ""adults""]","[""eating_disorders"", ""body_image"", ""self_compassion"", ""severe_eating_disorder_risk""]",en,pending,299,"Turn to to learn more about the risks associated with eating disorders. Even if you are not sure whether you’re ready to make changes yet, arranging an appointment to talk to a medical practitioner is an important first step. Why not give t",,
CCI_DISORDERED_EATING_d6d7d1c1_00018_a85b5d6d6284,CCI_DISORDERED_EATING,Disordered Eating self-help resources,professional_knowledge,psychoeducation_only,normal,"[""adolescents"", ""young_adults"", ""adults""]","[""eating_disorders"", ""body_image"", ""self_compassion"", ""severe_eating_disorder_risk""]",en,pending,458,People with eating disorders and their loved ones often wonder how and why the disorder developed and can often blame themselves. While it is common for eating disorders to develop after a period of inadequate nutritional intake (both inten,,
CCI_DISORDERED_EATING_d6d7d1c1_00019_8185c951c720,CCI_DISORDERED_EATING,Disordered Eating self-help resources,professional_knowledge,psychoeducation_only,normal,"[""adolescents"", ""young_adults"", ""adults""]","[""eating_disorders"", ""body_image"", ""self_compassion"", ""severe_eating_disorder_risk""]",en,pending,326,"On average, about half the risk of developing an eating disorder comes from genetic influence, but this risk differs from person to person. People with higher heritability need only a slightly stressful environment for an eating disorder to",,
CCI_DISORDERED_EATING_d6d7d1c1_00020_45cfe80fd3d0,CCI_DISORDERED_EATING,Disordered Eating self-help resources,professional_knowledge,psychoeducation_only,normal,"[""adolescents"", ""young_adults"", ""adults""]","[""eating_disorders"", ""body_image"", ""self_compassion"", ""severe_eating_disorder_risk""]",en,pending,363,"Unfortunately, our society is a potentially triggering environment, with images of unachievable bodies and inaccurate and conflicting messages about diets and exercise ever present, especially on our social media. Once activated, the brain ",,
CCI_DISORDERED_EATING_d6d7d1c1_00021_157d5e8b1381,CCI_DISORDERED_EATING,Disordered Eating self-help resources,professional_knowledge,psychoeducation_only,normal,"[""adolescents"", ""young_adults"", ""adults""]","[""eating_disorders"", ""body_image"", ""self_compassion"", ""severe_eating_disorder_risk""]",en,pending,308,My regular medical practitioner is: _____________________________________ My review with my medical practitioner is booked for: _____________________  provides more information on the neurobiology of eating disorders. FACT: Research shows t,,
CCI_DISORDERED_EATING_d6d7d1c1_00022_94e2258c1a25,CCI_DISORDERED_EATING,Disordered Eating self-help resources,professional_knowledge,psychoeducation_only,normal,"[""adolescents"", ""young_adults"", ""adults""]","[""eating_disorders"", ""body_image"", ""self_compassion"", ""severe_eating_disorder_risk""]",en,pending,378,"Module 1: What Are Eating Disorders?  Recovery is Possible! Research tells us that full recovery from an eating disorder is possible. With adequate re -nourishment and learning, the brain and body can return to healthy functioning and unhel",,
CCI_DISORDERED_EATING_d6d7d1c1_00023_06c944a18b60,CCI_DISORDERED_EATING,Disordered Eating self-help resources,professional_knowledge,psychoeducation_only,normal,"[""adolescents"", ""young_adults"", ""adults""]","[""eating_disorders"", ""body_image"", ""self_compassion"", ""severe_eating_disorder_risk""]",en,pending,692,"In this workbook we are going to focus on strategies that come from one of the leading evidence -based treatments, cognitive-behavioural therapy for eating disorders (CBT-ED). Evidence-based means that CBT-ED has been shown to be effective ",,
CCI_DISORDERED_EATING_d6d7d1c1_00024_5421057e1d63,CCI_DISORDERED_EATING,Disordered Eating self-help resources,professional_knowledge,psychoeducation_only,normal,"[""adolescents"", ""young_adults"", ""adults""]","[""eating_disorders"", ""body_image"", ""self_compassion"", ""severe_eating_disorder_risk""]",en,pending,212,"For some people, self-help might offer just the right amount of support to recover. For others, it might not be enough, and it may be necessary to work alongside a mental health professional.  Ready, Set, Action!",,
CCI_DISORDERED_EATING_d6d7d1c1_00025_a03a8643e6da,CCI_DISORDERED_EATING,Disordered Eating self-help resources,professional_knowledge,psychoeducation_only,normal,"[""adolescents"", ""young_adults"", ""adults""]","[""eating_disorders"", ""body_image"", ""self_compassion"", ""severe_eating_disorder_risk""]",en,pending,309,"There has been a lot of research exploring the factors that influence whether or not someone is likely to recover from an eating disorder. Interestingly, most of the factors we predict to be important, like age, gender, diagnosis, duration ",,
CCI_DISORDERED_EATING_d6d7d1c1_00026_050af6af6be2,CCI_DISORDERED_EATING,Disordered Eating self-help resources,professional_knowledge,psychoeducation_only,normal,"[""adolescents"", ""young_adults"", ""adults""]","[""eating_disorders"", ""body_image"", ""self_compassion"", ""severe_eating_disorder_risk""]",en,pending,354,"The single most consistent predictor of overcoming an eating disorder is actually how quickly you can get started on making early behavioural change s. This means giving the modules a go, testing out the strategies, and making changes to yo",,
CCI_DISORDERED_EATING_d6d7d1c1_00027_bc529bed3eca,CCI_DISORDERED_EATING,Disordered Eating self-help resources,professional_knowledge,psychoeducation_only,normal,"[""adolescents"", ""young_adults"", ""adults""]","[""eating_disorders"", ""body_image"", ""self_compassion"", ""severe_eating_disorder_risk""]",en,pending,166,"Before you get started, we encourage you to consider whether this is the right time and whether there are people you can ask for support as you work towards recovery.",,
CCI_DISORDERED_EATING_d6d7d1c1_00028_d9f6b47cfe9e,CCI_DISORDERED_EATING,Disordered Eating self-help resources,professional_knowledge,psychoeducation_only,normal,"[""adolescents"", ""young_adults"", ""adults""]","[""eating_disorders"", ""body_image"", ""self_compassion"", ""severe_eating_disorder_risk""]",en,pending,659,Many people with eating disorders tend to focus on what they have not done well rather than focussing on progress and this can lead to setbacks. We also know that just tracking your progress leads to improved o utcomes. From Module 4 onward,,
CCI_DISORDERED_EATING_d6d7d1c1_00029_d3277a401f23,CCI_DISORDERED_EATING,Disordered Eating self-help resources,professional_knowledge,psychoeducation_only,normal,"[""adolescents"", ""young_adults"", ""adults""]","[""eating_disorders"", ""body_image"", ""self_compassion"", ""severe_eating_disorder_risk""]",en,pending,36,Module 1: What Are Eating Disorders?,,
CCI_DISORDERED_EATING_d6d7d1c1_00030_667b2d016124,CCI_DISORDERED_EATING,Disordered Eating self-help resources,professional_knowledge,psychoeducation_only,normal,"[""adolescents"", ""young_adults"", ""adults""]","[""eating_disorders"", ""body_image"", ""self_compassion"", ""severe_eating_disorder_risk""]",en,pending,807,"It is completely normal to feel apprehensive or anxious about the idea of making changes to your eating disorder behaviours. While distress can be very uncomfortable, we know that it is safe to experience these feelings and they are likely ",,
CCI_DISORDERED_EATING_d6d7d1c1_00031_771b870644e4,CCI_DISORDERED_EATING,Disordered Eating self-help resources,professional_knowledge,psychoeducation_only,normal,"[""adolescents"", ""young_adults"", ""adults""]","[""eating_disorders"", ""body_image"", ""self_compassion"", ""severe_eating_disorder_risk""]",en,pending,141,"We also encourage you to read our ‘Facing Your Feelings’ modules, a short, 4-session guide to sitting with, accepting and improving distress.",,
CCI_DISORDERED_EATING_d6d7d1c1_00032_1ff1b84326f4,CCI_DISORDERED_EATING,Disordered Eating self-help resources,professional_knowledge,psychoeducation_only,normal,"[""adolescents"", ""young_adults"", ""adults""]","[""eating_disorders"", ""body_image"", ""self_compassion"", ""severe_eating_disorder_risk""]",en,pending,447,"What to Expect from this Workbook  When using self-help materials, some people might skip sections or complete things in a different order. The modules in this workbook have been designed to be completed in the order they appear. Research t",,
CCI_DISORDERED_EATING_d6d7d1c1_00033_32b67417ce31,CCI_DISORDERED_EATING,Disordered Eating self-help resources,professional_knowledge,psychoeducation_only,normal,"[""adolescents"", ""young_adults"", ""adults""]","[""eating_disorders"", ""body_image"", ""self_compassion"", ""severe_eating_disorder_risk""]",en,pending,543,Module 1: What Are Eating Disorders? Module 2: What Keeps Eating Disorders Going? Module 3: Understanding the Number on the Scale Module 4: Understanding Your Eating Module 5: Food and Energy Module 6: Eating for Recovery: Part 1 Module 7: ,,
CCI_DISORDERED_EATING_d6d7d1c1_00034_97cb40ad59f4,CCI_DISORDERED_EATING,Disordered Eating self-help resources,professional_knowledge,psychoeducation_only,normal,"[""adolescents"", ""young_adults"", ""adults""]","[""eating_disorders"", ""body_image"", ""self_compassion"", ""severe_eating_disorder_risk""]",en,pending,253,"Some of the content of these modules may be challenging at times, and we encourage you to keep going until you reach the end so you can get the most benefit. Whether you have some, many, or all the symptoms of an eating disorder, this workb",,
CCI_DISORDERED_EATING_d6d7d1c1_00035_d3277a401f23,CCI_DISORDERED_EATING,Disordered Eating self-help resources,professional_knowledge,psychoeducation_only,normal,"[""adolescents"", ""young_adults"", ""adults""]","[""eating_disorders"", ""body_image"", ""self_compassion"", ""severe_eating_disorder_risk""]",en,pending,36,Module 1: What Are Eating Disorders?,,
CCI_DISORDERED_EATING_d6d7d1c1_00036_a4c94b5e1e4c,CCI_DISORDERED_EATING,Disordered Eating self-help resources,professional_knowledge,psychoeducation_only,normal,"[""adolescents"", ""young_adults"", ""adults""]","[""eating_disorders"", ""body_image"", ""self_compassion"", ""severe_eating_disorder_risk""]",en,pending,443,"• It is normal to experience some concern about your eating, weight and shape.  • When these concerns become extreme, eating disorder symptoms can develop.  • Eating disorders impact your physical health, your psychological wellbeing, your ",,
CCI_DISORDERED_EATING_d6d7d1c1_00037_af5d7c08da87,CCI_DISORDERED_EATING,Disordered Eating self-help resources,professional_knowledge,psychoeducation_only,normal,"[""adolescents"", ""young_adults"", ""adults""]","[""eating_disorders"", ""body_image"", ""self_compassion"", ""severe_eating_disorder_risk""]",en,pending,181,• Don’t forget to print off the ‘Getting Educated about Eating Disorders’ package as we will be referring to it throughout the modules.  Coming up…What Keeps Eating Disorders Going?,,
CCI_DISORDERED_EATING_d6d7d1c1_00038_03ec8201a6fd,CCI_DISORDERED_EATING,Disordered Eating self-help resources,professional_knowledge,psychoeducation_only,normal,"[""adolescents"", ""young_adults"", ""adults""]","[""eating_disorders"", ""body_image"", ""self_compassion"", ""severe_eating_disorder_risk""]",en,pending,346,"Module 1: What Are Eating Disorders?  About the Modules CONTRIBUTORS Katharina Targowski (MPsych) Samantha Bank (MPsych) Clinical Psychologist Clinical Psychologist  Dr. Olivia Carter (DPsych) Dr. Bruce Campbell (DPsych, MPsych) Clinical Ps",,
CCI_DISORDERED_EATING_d6d7d1c1_00039_065264b5550e,CCI_DISORDERED_EATING,Disordered Eating self-help resources,professional_knowledge,psychoeducation_only,normal,"[""adolescents"", ""young_adults"", ""adults""]","[""eating_disorders"", ""body_image"", ""self_compassion"", ""severe_eating_disorder_risk""]",en,pending,418,"REFERENCES These are some of the professional references used to create the modules in this information package. Fairburn, C. G., Cooper, Z., Shafran, R., Murphy, R., & Hawker, D. M. (2008). Cognitive Behaviour Therapy and Eating Disorders.",,
CCI_DISORDERED_EATING_d6d7d1c1_00040_3b2ce963edb2,CCI_DISORDERED_EATING,Disordered Eating self-help resources,professional_knowledge,psychoeducation_only,normal,"[""adolescents"", ""young_adults"", ""adults""]","[""eating_disorders"", ""body_image"", ""self_compassion"", ""severe_eating_disorder_risk""]",en,pending,815,"Waller, G., Turner, H.M., Tatham, M., Mountford, V.A., & Wade, T.A. (2019). Brief Cognitive Behavioural Therapy for Non- Underweight Patients: CBT-T for Eating Disorders. Routledge. ACKNOWLEDGEMENTS We would like to thank Professor Glenn Wa",,
CCI_DISORDERED_EATING_d6d7d1c1_00041_b130265eb519,CCI_DISORDERED_EATING,Disordered Eating self-help resources,professional_knowledge,psychoeducation_only,normal,"[""adolescents"", ""young_adults"", ""adults""]","[""eating_disorders"", ""body_image"", ""self_compassion"", ""severe_eating_disorder_risk""]",en,pending,198,"“BREAK FREE FROM ED” This module forms part of: Targowski, K., Bank, S., Carter, O., Campbell, B. & Raykos, B. (2022). Break Free from ED. Perth, Western Australia: Centre for Clinical Interventions",,
CCI_DISORDERED_EATING_d6d7d1c1_00042_ad614e9ad5e7,CCI_DISORDERED_EATING,Disordered Eating self-help resources,professional_knowledge,psychoeducation_only,normal,"[""adolescents"", ""young_adults"", ""adults""]","[""eating_disorders"", ""body_image"", ""self_compassion"", ""severe_eating_disorder_risk""]",en,pending,43,"ISBN: 978-0-9757995-2-9 Created: July, 2022",,
CCI_DISORDERED_EATING_f2025faa_00000_b48d6ec4c687,CCI_DISORDERED_EATING,Disordered Eating self-help resources,professional_knowledge,psychoeducation_only,normal,"[""adolescents"", ""young_adults"", ""adults""]","[""eating_disorders"", ""body_image"", ""self_compassion"", ""severe_eating_disorder_risk""]",en,pending,74,Break Free from ED An Active Guide to Recovering From Your Eating Disorder,,
CCI_DISORDERED_EATING_f2025faa_00001_bf42f4143588,CCI_DISORDERED_EATING,Disordered Eating self-help resources,professional_knowledge,psychoeducation_only,normal,"[""adolescents"", ""young_adults"", ""adults""]","[""eating_disorders"", ""body_image"", ""self_compassion"", ""severe_eating_disorder_risk""]",en,pending,241,What Keeps Eating Disorders Going?  Introduction 2 What Keeps Eating Disorders Going? 2 How it All Fits Together: The Vicious Cycle of Eating Disorders  Where to From Here? 7 Why You Can’t Recover While Trying to Lose Weight 7 Module Summar,,
CCI_DISORDERED_EATING_f2025faa_00002_55b63738d8c5,CCI_DISORDERED_EATING,Disordered Eating self-help resources,professional_knowledge,psychoeducation_only,normal,"[""adolescents"", ""young_adults"", ""adults""]","[""eating_disorders"", ""body_image"", ""self_compassion"", ""severe_eating_disorder_risk""]",en,pending,579,This information provided in this document is for information purposes only. Please refer to the full disclaimer and copyright statements available at www.cci.health.wa.gov.au regarding the information on this website before making use of s,,
CCI_DISORDERED_EATING_f2025faa_00003_4c006ed536ad,CCI_DISORDERED_EATING,Disordered Eating self-help resources,professional_knowledge,psychoeducation_only,normal,"[""adolescents"", ""young_adults"", ""adults""]","[""eating_disorders"", ""body_image"", ""self_compassion"", ""severe_eating_disorder_risk""]",en,pending,44,Module 2: What Keeps Eating Disorders Going?,,
CCI_DISORDERED_EATING_f2025faa_00004_0171848fb717,CCI_DISORDERED_EATING,Disordered Eating self-help resources,professional_knowledge,psychoeducation_only,normal,"[""adolescents"", ""young_adults"", ""adults""]","[""eating_disorders"", ""body_image"", ""self_compassion"", ""severe_eating_disorder_risk""]",en,pending,490,"In Module 1, we discussed symptoms of eating disorders and highlighted why it is important to see a medical practitioner. You consider ed how concerns about eating disorder behaviours impact your physical and mental health, relationships, a",,
CCI_DISORDERED_EATING_f2025faa_00005_6d3e103c6720,CCI_DISORDERED_EATING,Disordered Eating self-help resources,professional_knowledge,psychoeducation_only,normal,"[""adolescents"", ""young_adults"", ""adults""]","[""eating_disorders"", ""body_image"", ""self_compassion"", ""severe_eating_disorder_risk""]",en,pending,466,"People often come to treatment and blame themselves for not being able to get out of the eating disorder on their own. They might be self -critical and think of themselves as undisciplined or weak, or believe that they’re just not working h",,
CCI_DISORDERED_EATING_f2025faa_00006_19be88b94638,CCI_DISORDERED_EATING,Disordered Eating self-help resources,professional_knowledge,psychoeducation_only,normal,"[""adolescents"", ""young_adults"", ""adults""]","[""eating_disorders"", ""body_image"", ""self_compassion"", ""severe_eating_disorder_risk""]",en,pending,470,"1. Unhelpful beliefs about eating, weight and shape (and their control)  It is common for people to hold very strong beliefs about the relationship between their eating disorder behaviours and their weight or shape. Some beliefs might inclu",,
CCI_DISORDERED_EATING_f2025faa_00007_91cb72205021,CCI_DISORDERED_EATING,Disordered Eating self-help resources,professional_knowledge,psychoeducation_only,normal,"[""adolescents"", ""young_adults"", ""adults""]","[""eating_disorders"", ""body_image"", ""self_compassion"", ""severe_eating_disorder_risk""]",en,pending,668,"Eating disorders also provide a rich breeding ground to align our beliefs and values to that lead people to believe that behaviours like restriction, exercise, or dieting reflect achievement, health, hard work, or even moral or ethical supe",,
CCI_DISORDERED_EATING_f2025faa_00008_74d8a3d0e939,CCI_DISORDERED_EATING,Disordered Eating self-help resources,professional_knowledge,psychoeducation_only,normal,"[""adolescents"", ""young_adults"", ""adults""]","[""eating_disorders"", ""body_image"", ""self_compassion"", ""severe_eating_disorder_risk""]",en,pending,498,"2. Unhelpful behaviours related to eating, weight and shape  Eating disorders always involve disordered eating behaviours.  You might be eating too little, following rigid and inflexible rules about what and when to eat, exercising too much",,
CCI_DISORDERED_EATING_f2025faa_00009_4c006ed536ad,CCI_DISORDERED_EATING,Disordered Eating self-help resources,professional_knowledge,psychoeducation_only,normal,"[""adolescents"", ""young_adults"", ""adults""]","[""eating_disorders"", ""body_image"", ""self_compassion"", ""severe_eating_disorder_risk""]",en,pending,44,Module 2: What Keeps Eating Disorders Going?,,
CCI_DISORDERED_EATING_f2025faa_00010_aab7a812afb6,CCI_DISORDERED_EATING,Disordered Eating self-help resources,professional_knowledge,psychoeducation_only,normal,"[""adolescents"", ""young_adults"", ""adults""]","[""eating_disorders"", ""body_image"", ""self_compassion"", ""severe_eating_disorder_risk""]",en,pending,255,"Regardless of how you are attempting to control your weight and shape, if your nutritional intake is poor, irregular, or unbalanced, or if you engage in behaviours that reduce energy absorption, you are likely experiencing symptoms of Starv",,
CCI_DISORDERED_EATING_f2025faa_00011_521bf68eb9a2,CCI_DISORDERED_EATING,Disordered Eating self-help resources,professional_knowledge,psychoeducation_only,normal,"[""adolescents"", ""young_adults"", ""adults""]","[""eating_disorders"", ""body_image"", ""self_compassion"", ""severe_eating_disorder_risk""]",en,pending,304,"Starvation Syndrome refers to a collection of changes that occur when someone is malnourished. We know what you’re picturing – someone who is extremely underweight. However, starvation can occur at any weight. You don’t need to lose weight ",,
CCI_DISORDERED_EATING_f2025faa_00012_1f3c331388e7,CCI_DISORDERED_EATING,Disordered Eating self-help resources,professional_knowledge,psychoeducation_only,normal,"[""adolescents"", ""young_adults"", ""adults""]","[""eating_disorders"", ""body_image"", ""self_compassion"", ""severe_eating_disorder_risk""]",en,pending,370,A key study that helped us understand the effects of starvation syndrome is the Minnesota Starvation Experiment. Many of the symptoms once thought to be primary symptoms of eating disorders are actually direct symptoms of starvation. A star,,
CCI_DISORDERED_EATING_f2025faa_00013_3e19542a8aa6,CCI_DISORDERED_EATING,Disordered Eating self-help resources,professional_knowledge,psychoeducation_only,normal,"[""adolescents"", ""young_adults"", ""adults""]","[""eating_disorders"", ""body_image"", ""self_compassion"", ""severe_eating_disorder_risk""]",en,pending,768,"4. Binge Eating Binge eating refers to an episode of eating during which a person feels a loss of control over their eating. Eating too little, following strict rules about how you eat, and emotions can all trigger episodes of binge eating.",,
CCI_DISORDERED_EATING_f2025faa_00014_9390f25d640d,CCI_DISORDERED_EATING,Disordered Eating self-help resources,professional_knowledge,psychoeducation_only,normal,"[""adolescents"", ""young_adults"", ""adults""]","[""eating_disorders"", ""body_image"", ""self_compassion"", ""severe_eating_disorder_risk""]",en,pending,180,"Distress Many people report that they engage in eating disorder behaviours in response to feeling anxious, sad, or distressed because, in the short-term, it makes them feel better.",,
CCI_DISORDERED_EATING_f2025faa_00015_2c9996b1a09d,CCI_DISORDERED_EATING,Disordered Eating self-help resources,professional_knowledge,psychoeducation_only,normal,"[""adolescents"", ""young_adults"", ""adults""]","[""eating_disorders"", ""body_image"", ""self_compassion"", ""severe_eating_disorder_risk""]",en,pending,457,"Physical changes: Feeling cold all the time Dry skin and hair loss Pain, bloating, constipation Extreme hunger and binge eating Extreme fullness Dizziness  Emotional changes: Low mood Anxiety Irritability Losing interest in things you used ",,
CCI_DISORDERED_EATING_f2025faa_00016_cd0f95389b00,CCI_DISORDERED_EATING,Disordered Eating self-help resources,professional_knowledge,psychoeducation_only,normal,"[""adolescents"", ""young_adults"", ""adults""]","[""eating_disorders"", ""body_image"", ""self_compassion"", ""severe_eating_disorder_risk""]",en,pending,402,"Module 2: What Keeps Eating Disorders Going?  How It All Fits Together: The Vicious Cycle of Eating Disorders  When people hold very strong beliefs about eating, weight, and shape, they may make attempts to try to control them through disor",,
CCI_DISORDERED_EATING_f2025faa_00017_ca5a82d13a91,CCI_DISORDERED_EATING,Disordered Eating self-help resources,professional_knowledge,psychoeducation_only,normal,"[""adolescents"", ""young_adults"", ""adults""]","[""eating_disorders"", ""body_image"", ""self_compassion"", ""severe_eating_disorder_risk""]",en,pending,757,"Let’s take a look at each of these ‘loops’ in more detail: One ‘loop’ that keeps eating disorders going is starvation syndrome. For example, feeling overly full, easily bloated, not feeling hungry, and toileting issues increase concerns abo",,
CCI_DISORDERED_EATING_f2025faa_00018_4c006ed536ad,CCI_DISORDERED_EATING,Disordered Eating self-help resources,professional_knowledge,psychoeducation_only,normal,"[""adolescents"", ""young_adults"", ""adults""]","[""eating_disorders"", ""body_image"", ""self_compassion"", ""severe_eating_disorder_risk""]",en,pending,44,Module 2: What Keeps Eating Disorders Going?,,
CCI_DISORDERED_EATING_f2025faa_00019_9f564803c0e1,CCI_DISORDERED_EATING,Disordered Eating self-help resources,professional_knowledge,psychoeducation_only,normal,"[""adolescents"", ""young_adults"", ""adults""]","[""eating_disorders"", ""body_image"", ""self_compassion"", ""severe_eating_disorder_risk""]",en,pending,826,"Attempts to control eating, weight and shape lead to binge eating and broken rules. Not eating enough makes you physically hungry and leads to craving foods you are depriving yourself of! When you are really hungry, your clever brain drive ",,
CCI_DISORDERED_EATING_f2025faa_00020_6fce1ffa81e8,CCI_DISORDERED_EATING,Disordered Eating self-help resources,professional_knowledge,psychoeducation_only,normal,"[""adolescents"", ""young_adults"", ""adults""]","[""eating_disorders"", ""body_image"", ""self_compassion"", ""severe_eating_disorder_risk""]",en,pending,462,"Body checking and body avoidance increase body image concern. When you hold negative beliefs about your body you might focus intensely on your body (e.g. in mirrors), and in turn notice ‘flaws’ that you wouldn’t normally notice, leading to ",,
CCI_DISORDERED_EATING_f2025faa_00021_4c006ed536ad,CCI_DISORDERED_EATING,Disordered Eating self-help resources,professional_knowledge,psychoeducation_only,normal,"[""adolescents"", ""young_adults"", ""adults""]","[""eating_disorders"", ""body_image"", ""self_compassion"", ""severe_eating_disorder_risk""]",en,pending,44,Module 2: What Keeps Eating Disorders Going?,,
CCI_DISORDERED_EATING_f2025faa_00022_3d84c2975bb4,CCI_DISORDERED_EATING,Disordered Eating self-help resources,professional_knowledge,psychoeducation_only,normal,"[""adolescents"", ""young_adults"", ""adults""]","[""eating_disorders"", ""body_image"", ""self_compassion"", ""severe_eating_disorder_risk""]",en,pending,455,"Relying on eating disorder behaviours to regulate your mood and manage distress is another ‘loop’ because you will not learn other ways to cope with distress. While the behaviours may seem helpful in the short-term, in the long-term, they w",,
CCI_DISORDERED_EATING_f2025faa_00023_a03363ccab3b,CCI_DISORDERED_EATING,Disordered Eating self-help resources,professional_knowledge,psychoeducation_only,normal,"[""adolescents"", ""young_adults"", ""adults""]","[""eating_disorders"", ""body_image"", ""self_compassion"", ""severe_eating_disorder_risk""]",en,pending,89,"TASK: On the diagram below, highlight the boxes and loops that seem most relevant to you.",,
CCI_DISORDERED_EATING_f2025faa_00024_0113d4b125f9,CCI_DISORDERED_EATING,Disordered Eating self-help resources,professional_knowledge,psychoeducation_only,normal,"[""adolescents"", ""young_adults"", ""adults""]","[""eating_disorders"", ""body_image"", ""self_compassion"", ""severe_eating_disorder_risk""]",en,pending,472,"Module 2: What Keeps Eating Disorders Going?  Where to From Here?  It may feel overwhelming to realise that the methods you have been using to try to control your eating, weight and shape are actually the very thing keeping your eating diso",,
CCI_DISORDERED_EATING_f2025faa_00025_11c6df590f40,CCI_DISORDERED_EATING,Disordered Eating self-help resources,professional_knowledge,psychoeducation_only,normal,"[""adolescents"", ""young_adults"", ""adults""]","[""eating_disorders"", ""body_image"", ""self_compassion"", ""severe_eating_disorder_risk""]",en,pending,760,"We know that this is easier said than done, and you’re probably feeling very anxious about making these changes, possibly even terrified. We will guide you through the steps of recovery and always explain to you why these changes are import",,
CCI_DISORDERED_EATING_f2025faa_00026_93aaae842cd4,CCI_DISORDERED_EATING,Disordered Eating self-help resources,professional_knowledge,psychoeducation_only,normal,"[""adolescents"", ""young_adults"", ""adults""]","[""eating_disorders"", ""body_image"", ""self_compassion"", ""severe_eating_disorder_risk""]",en,pending,850,"• We will then discuss eating and guide you through the steps of normalising your nutritional intake, addressing starvation syndrome and reducing behaviours intended to control eating, weight, and shape (Modules 4 - 7). • Then we will turn ",,
CCI_DISORDERED_EATING_f2025faa_00027_287a494b885d,CCI_DISORDERED_EATING,Disordered Eating self-help resources,professional_knowledge,psychoeducation_only,normal,"[""adolescents"", ""young_adults"", ""adults""]","[""eating_disorders"", ""body_image"", ""self_compassion"", ""severe_eating_disorder_risk""]",en,pending,49,Why You Can’t Recover While Trying to Lose Weight,,
CCI_DISORDERED_EATING_f2025faa_00028_c6458822eabc,CCI_DISORDERED_EATING,Disordered Eating self-help resources,professional_knowledge,psychoeducation_only,normal,"[""adolescents"", ""young_adults"", ""adults""]","[""eating_disorders"", ""body_image"", ""self_compassion"", ""severe_eating_disorder_risk""]",en,pending,471,"As you may be starting to realise, having a goal of weight loss is incompatible with recovering from an eating disorder. This is because if you are trying to lose weight, you are likely engaging in all of the behaviours that keep you stuck ",,
CCI_DISORDERED_EATING_f2025faa_00029_4c006ed536ad,CCI_DISORDERED_EATING,Disordered Eating self-help resources,professional_knowledge,psychoeducation_only,normal,"[""adolescents"", ""young_adults"", ""adults""]","[""eating_disorders"", ""body_image"", ""self_compassion"", ""severe_eating_disorder_risk""]",en,pending,44,Module 2: What Keeps Eating Disorders Going?,,
CCI_DISORDERED_EATING_f2025faa_00030_0c42a0a245c4,CCI_DISORDERED_EATING,Disordered Eating self-help resources,professional_knowledge,psychoeducation_only,normal,"[""adolescents"", ""young_adults"", ""adults""]","[""eating_disorders"", ""body_image"", ""self_compassion"", ""severe_eating_disorder_risk""]",en,pending,454,"• People with eating disorders tend to hold strong beliefs about eating, weight and shape, and attempt to control these through eating disorder behaviours.  • Eating disorder behaviours form several ‘loops’ that keep you stuck in your eatin",,
CCI_DISORDERED_EATING_f2025faa_00031_bd8d3294b147,CCI_DISORDERED_EATING,Disordered Eating self-help resources,professional_knowledge,psychoeducation_only,normal,"[""adolescents"", ""young_adults"", ""adults""]","[""eating_disorders"", ""body_image"", ""self_compassion"", ""severe_eating_disorder_risk""]",en,pending,286,• The most consistent factor that predicts whether someone will fully recover from an eating disorder is early behavioural change. This means that jumping in and making changes early on will give you the best possible chance of recovery!  C,,
CCI_DISORDERED_EATING_f2025faa_00032_dc3fa2a52ac9,CCI_DISORDERED_EATING,Disordered Eating self-help resources,professional_knowledge,psychoeducation_only,normal,"[""adolescents"", ""young_adults"", ""adults""]","[""eating_disorders"", ""body_image"", ""self_compassion"", ""severe_eating_disorder_risk""]",en,pending,354,"Module 2: What Keeps Eating Disorders Going?  About the Modules CONTRIBUTORS Katharina Targowski (MPsych) Samantha Bank (MPsych) Clinical Psychologist Clinical Psychologist  Dr. Olivia Carter (DPsych) Dr. Bruce Campbell (DPsych, MPsych) Cli",,
CCI_DISORDERED_EATING_f2025faa_00033_8e3955fa17b2,CCI_DISORDERED_EATING,Disordered Eating self-help resources,professional_knowledge,psychoeducation_only,normal,"[""adolescents"", ""young_adults"", ""adults""]","[""eating_disorders"", ""body_image"", ""self_compassion"", ""severe_eating_disorder_risk""]",en,pending,419,"REFERENCES These are some of the professional references used to create the modules in this information package. Fairburn, C. G., Cooper, Z., Shafran, R., Murphy, R., & Hawker, D. M. (2008). Cognitive Behaviour Therapy and Eating Disorders.",,
CCI_DISORDERED_EATING_f2025faa_00034_bb089645141b,CCI_DISORDERED_EATING,Disordered Eating self-help resources,professional_knowledge,psychoeducation_only,normal,"[""adolescents"", ""young_adults"", ""adults""]","[""eating_disorders"", ""body_image"", ""self_compassion"", ""severe_eating_disorder_risk""]",en,pending,815,"Waller, G., Turner, H.M., Tatham, M., Mountford, V.A., & Wade, T.A. (2019). Brief Cognitive Behavioural Therapy for Non- Underweight Patients: CBT-T for Eating Disorders. Routledge. ACKNOWLEDGEMENTS We would like to thank Professor Glenn Wa",,
CCI_DISORDERED_EATING_f2025faa_00035_b130265eb519,CCI_DISORDERED_EATING,Disordered Eating self-help resources,professional_knowledge,psychoeducation_only,normal,"[""adolescents"", ""young_adults"", ""adults""]","[""eating_disorders"", ""body_image"", ""self_compassion"", ""severe_eating_disorder_risk""]",en,pending,198,"“BREAK FREE FROM ED” This module forms part of: Targowski, K., Bank, S., Carter, O., Campbell, B. & Raykos, B. (2022). Break Free from ED. Perth, Western Australia: Centre for Clinical Interventions",,
CCI_DISORDERED_EATING_f2025faa_00036_ad614e9ad5e7,CCI_DISORDERED_EATING,Disordered Eating self-help resources,professional_knowledge,psychoeducation_only,normal,"[""adolescents"", ""young_adults"", ""adults""]","[""eating_disorders"", ""body_image"", ""self_compassion"", ""severe_eating_disorder_risk""]",en,pending,43,"ISBN: 978-0-9757995-2-9 Created: July, 2022",,
CCI_DISORDERED_EATING_2fac7025_00000_b7bc1c215e9e,CCI_DISORDERED_EATING,Disordered Eating self-help resources,professional_knowledge,psychoeducation_only,normal,"[""adolescents"", ""young_adults"", ""adults""]","[""eating_disorders"", ""body_image"", ""self_compassion"", ""severe_eating_disorder_risk""]",en,pending,433,Break Free From ED Break Free from ED An Active Guide to Recovering from Your Eating Disorder Module 3 Understanding the Number on the Scale Introduction 2 The Number on the Scale and Natural Fluctuations in Weight  How Much Control Do We H,,
CCI_DISORDERED_EATING_2fac7025_00001_10d5fea6aae7,CCI_DISORDERED_EATING,Disordered Eating self-help resources,professional_knowledge,psychoeducation_only,normal,"[""adolescents"", ""young_adults"", ""adults""]","[""eating_disorders"", ""body_image"", ""self_compassion"", ""severe_eating_disorder_risk""]",en,pending,580,This information provided in this document is for information purposes only. Please refer to the full disclaimer and copyright statements available at www.cci.health.wa.gov.au r egarding the information on this website before making use of ,,
CCI_DISORDERED_EATING_2fac7025_00002_da47c6fef438,CCI_DISORDERED_EATING,Disordered Eating self-help resources,professional_knowledge,psychoeducation_only,normal,"[""adolescents"", ""young_adults"", ""adults""]","[""eating_disorders"", ""body_image"", ""self_compassion"", ""severe_eating_disorder_risk""]",en,pending,47,Module 3: Understanding the Number on the Scale,,
CCI_DISORDERED_EATING_2fac7025_00003_0d79068a8c7a,CCI_DISORDERED_EATING,Disordered Eating self-help resources,professional_knowledge,psychoeducation_only,normal,"[""adolescents"", ""young_adults"", ""adults""]","[""eating_disorders"", ""body_image"", ""self_compassion"", ""severe_eating_disorder_risk""]",en,pending,518,"In the previous module we discussed the vicious cycle of eating disorders and why it is so difficult to get unstuck. In this module we will be talking about changing weighing behaviours, we will learn more about the factors that affect the ",,
CCI_DISORDERED_EATING_2fac7025_00004_2f543253bff6,CCI_DISORDERED_EATING,Disordered Eating self-help resources,professional_knowledge,psychoeducation_only,normal,"[""adolescents"", ""young_adults"", ""adults""]","[""eating_disorders"", ""body_image"", ""self_compassion"", ""severe_eating_disorder_risk""]",en,pending,423,"The Number on the Scale and Fluctuations in Weight  When you step on the scales you might think that the number you see accurately represents your weight. However, if you have ever weighed yourself several times in a day or over the course ",,
CCI_DISORDERED_EATING_2fac7025_00005_6de6cf248bed,CCI_DISORDERED_EATING,Disordered Eating self-help resources,professional_knowledge,psychoeducation_only,normal,"[""adolescents"", ""young_adults"", ""adults""]","[""eating_disorders"", ""body_image"", ""self_compassion"", ""severe_eating_disorder_risk""]",en,pending,398,"• your fluid intake • the weight of your clothing • the time of day that you are weighed • how much you have eaten that day • your bladder and bowel movements • hormonal changes (including menstruation, which can cause the number to increas",,
CCI_DISORDERED_EATING_2fac7025_00006_2fa7a6528cf0,CCI_DISORDERED_EATING,Disordered Eating self-help resources,professional_knowledge,psychoeducation_only,normal,"[""adolescents"", ""young_adults"", ""adults""]","[""eating_disorders"", ""body_image"", ""self_compassion"", ""severe_eating_disorder_risk""]",en,pending,110,These and the many other factors that impact the number on the scale result in natural fluctuations in weight.,,
CCI_DISORDERED_EATING_2fac7025_00007_63a817947f03,CCI_DISORDERED_EATING,Disordered Eating self-help resources,professional_knowledge,psychoeducation_only,normal,"[""adolescents"", ""young_adults"", ""adults""]","[""eating_disorders"", ""body_image"", ""self_compassion"", ""severe_eating_disorder_risk""]",en,pending,489,"Since weight goes up and down naturally, when you step on the scale you are only getting an estimate of your weight at a particular moment. To reduce the impact of the error that natural fluctuations bring, clinicians suggest that we think ",,
CCI_DISORDERED_EATING_2fac7025_00008_c7f4e9ef6bea,CCI_DISORDERED_EATING,Disordered Eating self-help resources,professional_knowledge,psychoeducation_only,normal,"[""adolescents"", ""young_adults"", ""adults""]","[""eating_disorders"", ""body_image"", ""self_compassion"", ""severe_eating_disorder_risk""]",en,pending,459,"Module 3: Understanding the Number on the Scale  How Much Control Do We Really Have Over Our Weight?  With all the diet and exercise regimes out there, it would be easy to believe that with a bit of discipline and hard work you can choose t",,
CCI_DISORDERED_EATING_2fac7025_00009_eaf55e6fbceb,CCI_DISORDERED_EATING,Disordered Eating self-help resources,professional_knowledge,psychoeducation_only,normal,"[""adolescents"", ""young_adults"", ""adults""]","[""eating_disorders"", ""body_image"", ""self_compassion"", ""severe_eating_disorder_risk""]",en,pending,621,"Each human body has a weight range that it is supposed to maintain for optimal health. When you eat regularly, sufficiently, and flexibly, and participate in regular moderate exercise your body will tend towards its set point weight range. ",,
CCI_DISORDERED_EATING_2fac7025_00010_68737fe06219,CCI_DISORDERED_EATING,Disordered Eating self-help resources,professional_knowledge,psychoeducation_only,normal,"[""adolescents"", ""young_adults"", ""adults""]","[""eating_disorders"", ""body_image"", ""self_compassion"", ""severe_eating_disorder_risk""]",en,pending,488,Fighting against your genetic set point weight range by restricting what you eat or engaging in other eating disorder behaviours is only going to be sustainable for a short period of time and you may become very unwell. When trying to recov,,
CCI_DISORDERED_EATING_2fac7025_00011_87a4b50bdbe2,CCI_DISORDERED_EATING,Disordered Eating self-help resources,professional_knowledge,psychoeducation_only,normal,"[""adolescents"", ""young_adults"", ""adults""]","[""eating_disorders"", ""body_image"", ""self_compassion"", ""severe_eating_disorder_risk""]",en,pending,25,The Body Mass Index (BMI),,
CCI_DISORDERED_EATING_2fac7025_00012_c4fd199edfb6,CCI_DISORDERED_EATING,Disordered Eating self-help resources,professional_knowledge,psychoeducation_only,normal,"[""adolescents"", ""young_adults"", ""adults""]","[""eating_disorders"", ""body_image"", ""self_compassion"", ""severe_eating_disorder_risk""]",en,pending,814,"BMI is a quick, practical measure of a person’s overall size which can provide helpful information when considered in combination with their physical and mental health, lifestyle and their personal and family history. BMI was conceived in t",,
CCI_DISORDERED_EATING_2fac7025_00013_a4c17528c7d1,CCI_DISORDERED_EATING,Disordered Eating self-help resources,professional_knowledge,psychoeducation_only,normal,"[""adolescents"", ""young_adults"", ""adults""]","[""eating_disorders"", ""body_image"", ""self_compassion"", ""severe_eating_disorder_risk""]",en,pending,89,Module 3: Understanding the Number on the Scale  How Accurate Are Our Weight Predictions?,,
CCI_DISORDERED_EATING_2fac7025_00014_bf1e31960abd,CCI_DISORDERED_EATING,Disordered Eating self-help resources,professional_knowledge,psychoeducation_only,normal,"[""adolescents"", ""young_adults"", ""adults""]","[""eating_disorders"", ""body_image"", ""self_compassion"", ""severe_eating_disorder_risk""]",en,pending,507,People with eating disorders often describe ‘ feeling bigger’ or ‘feeling heavier’ or ‘just knowing’ that they’ve put on weight. But did you know that heavier or bigger are not actual feelings? What people are usually saying is that they th,,
CCI_DISORDERED_EATING_2fac7025_00015_c5e7df0ad4f3,CCI_DISORDERED_EATING,Disordered Eating self-help resources,professional_knowledge,psychoeducation_only,normal,"[""adolescents"", ""young_adults"", ""adults""]","[""eating_disorders"", ""body_image"", ""self_compassion"", ""severe_eating_disorder_risk""]",en,pending,413,Relying on what you think is happening with your weight rather than what is actually observable on the scale can be risky for people with eating disorders. Research shows that even people who don’t have eating disorders are not good at pred,,
CCI_DISORDERED_EATING_2fac7025_00016_0b0d5e04507a,CCI_DISORDERED_EATING,Disordered Eating self-help resources,professional_knowledge,psychoeducation_only,normal,"[""adolescents"", ""young_adults"", ""adults""]","[""eating_disorders"", ""body_image"", ""self_compassion"", ""severe_eating_disorder_risk""]",en,pending,867,"People with eating disorders are often fearful of gaining weight and place high value on the number on the scale, which can lead to two types of behaviours – weighing too often or avoiding being weighed at all costs. Weighing too often If p",,
CCI_DISORDERED_EATING_2fac7025_00017_80a8dd20f362,CCI_DISORDERED_EATING,Disordered Eating self-help resources,professional_knowledge,psychoeducation_only,normal,"[""adolescents"", ""young_adults"", ""adults""]","[""eating_disorders"", ""body_image"", ""self_compassion"", ""severe_eating_disorder_risk""]",en,pending,834,"What’s more, frequently checking your weight keeps the focus of your attention on your weight at the cost of other things in our life, like family, friends, work, or enjoyable activities. This makes weight seem more important than it needs ",,
CCI_DISORDERED_EATING_2fac7025_00018_4d0829c5ad13,CCI_DISORDERED_EATING,Disordered Eating self-help resources,professional_knowledge,psychoeducation_only,normal,"[""adolescents"", ""young_adults"", ""adults""]","[""eating_disorders"", ""body_image"", ""self_compassion"", ""severe_eating_disorder_risk""]",en,pending,591,"More importantly, avoidance leads to fears getting stronger in the long- term. This is true for all sorts of things that we feel afraid of - for example, you are not going to overcome a fear of spiders without going near a spider. Avoidance",,
CCI_DISORDERED_EATING_2fac7025_00019_da47c6fef438,CCI_DISORDERED_EATING,Disordered Eating self-help resources,professional_knowledge,psychoeducation_only,normal,"[""adolescents"", ""young_adults"", ""adults""]","[""eating_disorders"", ""body_image"", ""self_compassion"", ""severe_eating_disorder_risk""]",en,pending,47,Module 3: Understanding the Number on the Scale,,
CCI_DISORDERED_EATING_2fac7025_00020_e7071551b957,CCI_DISORDERED_EATING,Disordered Eating self-help resources,professional_knowledge,psychoeducation_only,normal,"[""adolescents"", ""young_adults"", ""adults""]","[""eating_disorders"", ""body_image"", ""self_compassion"", ""severe_eating_disorder_risk""]",en,pending,865,"If we know that weighing too often is problematic, and avoiding weighing at all costs is equally problematic, how often should we weigh ourselves? Clinicians who work with people with eating disorders recommend weighing yourself about once ",,
CCI_DISORDERED_EATING_2fac7025_00021_f6a382be8c76,CCI_DISORDERED_EATING,Disordered Eating self-help resources,professional_knowledge,psychoeducation_only,normal,"[""adolescents"", ""young_adults"", ""adults""]","[""eating_disorders"", ""body_image"", ""self_compassion"", ""severe_eating_disorder_risk""]",en,pending,899,"• Predicted number: Before you step on the scale, make a prediction about what the number will be. Plot that on the chart. • Actual number: Step on the scale. Record the number on the chart in a different colour so you can easily compare yo",,
CCI_DISORDERED_EATING_2fac7025_00022_4fe920e57ea6,CCI_DISORDERED_EATING,Disordered Eating self-help resources,professional_knowledge,psychoeducation_only,normal,"[""adolescents"", ""young_adults"", ""adults""]","[""eating_disorders"", ""body_image"", ""self_compassion"", ""severe_eating_disorder_risk""]",en,pending,96,Take a look at the example on the next page. Then it will be your turn to start weekly weighing.,,
CCI_DISORDERED_EATING_2fac7025_00023_da47c6fef438,CCI_DISORDERED_EATING,Disordered Eating self-help resources,professional_knowledge,psychoeducation_only,normal,"[""adolescents"", ""young_adults"", ""adults""]","[""eating_disorders"", ""body_image"", ""self_compassion"", ""severe_eating_disorder_risk""]",en,pending,47,Module 3: Understanding the Number on the Scale,,
CCI_DISORDERED_EATING_2fac7025_00024_19f6fe64267e,CCI_DISORDERED_EATING,Disordered Eating self-help resources,professional_knowledge,psychoeducation_only,normal,"[""adolescents"", ""young_adults"", ""adults""]","[""eating_disorders"", ""body_image"", ""self_compassion"", ""severe_eating_disorder_risk""]",en,pending,458,"Weekly Weighing Worksheet - Example Day I will weigh myself: Thursday Predicted versus actual weight: Before you step on the scales, think about your eating over the past week and make a prediction as to what you think the number will be. R",,
CCI_DISORDERED_EATING_2fac7025_00025_580b0d2ac37a,CCI_DISORDERED_EATING,Disordered Eating self-help resources,professional_knowledge,psychoeducation_only,normal,"[""adolescents"", ""young_adults"", ""adults""]","[""eating_disorders"", ""body_image"", ""self_compassion"", ""severe_eating_disorder_risk""]",en,pending,818,Week 1 reflection: The number is higher than I would like but not as high as I predicted. I can’t really draw any conclusion about patterns based on just one number so will need to see what happens over the next few weeks. Week 2 reflection,,
CCI_DISORDERED_EATING_2fac7025_00026_332cc0018211,CCI_DISORDERED_EATING,Disordered Eating self-help resources,professional_knowledge,psychoeducation_only,normal,"[""adolescents"", ""young_adults"", ""adults""]","[""eating_disorders"", ""body_image"", ""self_compassion"", ""severe_eating_disorder_risk""]",en,pending,280,"My predictions are not very accurate - in fact, eating regularly is not leading to sudden weight gain as I was predicting. I need to keep testing out what happens to my weight as I tackle other eating disorder behaviours. Week 1 Week 2 Week",,
CCI_DISORDERED_EATING_2fac7025_00027_4db7ed3c1e02,CCI_DISORDERED_EATING,Disordered Eating self-help resources,professional_knowledge,psychoeducation_only,normal,"[""adolescents"", ""young_adults"", ""adults""]","[""eating_disorders"", ""body_image"", ""self_compassion"", ""severe_eating_disorder_risk""]",en,pending,803,"Break Free From ED Module 3: Understanding the Number on the Scale Weekly Weighing Worksheet Day I will weigh myself: __________________________________ Predicted versus actual weight: Before you step on the scales, think about your eating ",,
CCI_DISORDERED_EATING_2fac7025_00028_2cca0d38d862,CCI_DISORDERED_EATING,Disordered Eating self-help resources,professional_knowledge,psychoeducation_only,normal,"[""adolescents"", ""young_adults"", ""adults""]","[""eating_disorders"", ""body_image"", ""self_compassion"", ""severe_eating_disorder_risk""]",en,pending,388,Week 1 reflection: ______________________________________________________________ Week 2 reflection: _______________________________________________________________ Week 3 reflection: ________________________________________________________,,
CCI_DISORDERED_EATING_2fac7025_00029_da47c6fef438,CCI_DISORDERED_EATING,Disordered Eating self-help resources,professional_knowledge,psychoeducation_only,normal,"[""adolescents"", ""young_adults"", ""adults""]","[""eating_disorders"", ""body_image"", ""self_compassion"", ""severe_eating_disorder_risk""]",en,pending,47,Module 3: Understanding the Number on the Scale,,
CCI_DISORDERED_EATING_2fac7025_00030_1ec8c2f3882c,CCI_DISORDERED_EATING,Disordered Eating self-help resources,professional_knowledge,psychoeducation_only,normal,"[""adolescents"", ""young_adults"", ""adults""]","[""eating_disorders"", ""body_image"", ""self_compassion"", ""severe_eating_disorder_risk""]",en,pending,893,A Final Note on Weekly Weighing Weekly weighing is designed to help you understand the relationship between your eating and the number on the scale. Weekly weighing also helps you get less stuck on a particular number on the scale and to fo,,
CCI_DISORDERED_EATING_2fac7025_00031_da47c6fef438,CCI_DISORDERED_EATING,Disordered Eating self-help resources,professional_knowledge,psychoeducation_only,normal,"[""adolescents"", ""young_adults"", ""adults""]","[""eating_disorders"", ""body_image"", ""self_compassion"", ""severe_eating_disorder_risk""]",en,pending,47,Module 3: Understanding the Number on the Scale,,
CCI_DISORDERED_EATING_2fac7025_00032_02d6b2f1ded6,CCI_DISORDERED_EATING,Disordered Eating self-help resources,professional_knowledge,psychoeducation_only,normal,"[""adolescents"", ""young_adults"", ""adults""]","[""eating_disorders"", ""body_image"", ""self_compassion"", ""severe_eating_disorder_risk""]",en,pending,322,"• There are many factors that influence the number on the scale other than your body’s true weight, and we refer to these factors as natural fluctuations.  • Weight fluctuates naturally so it is more accurate to draw conclusions about the n",,
CCI_DISORDERED_EATING_2fac7025_00033_602ff5783ec4,CCI_DISORDERED_EATING,Disordered Eating self-help resources,professional_knowledge,psychoeducation_only,normal,"[""adolescents"", ""young_adults"", ""adults""]","[""eating_disorders"", ""body_image"", ""self_compassion"", ""severe_eating_disorder_risk""]",en,pending,325,"• When you normalise your eating and other weight control behaviours, your body will naturally tend towards its genetic set point range and will not keep going up and up uncontrollably.  • Weighing too often or avoiding weighing altogether ",,
CCI_DISORDERED_EATING_2fac7025_00034_b9d21a7ed5a4,CCI_DISORDERED_EATING,Disordered Eating self-help resources,professional_knowledge,psychoeducation_only,normal,"[""adolescents"", ""young_adults"", ""adults""]","[""eating_disorders"", ""body_image"", ""self_compassion"", ""severe_eating_disorder_risk""]",en,pending,293,"• The Weekly Weighing Sheet will help you find out how accurate your weight predictions are, learn to draw conclusions based on patterns over 4 weeks, and gather more accurate data to understand the impact of reducing your disordered eating",,
CCI_DISORDERED_EATING_2fac7025_00035_a8159ddd181e,CCI_DISORDERED_EATING,Disordered Eating self-help resources,professional_knowledge,psychoeducation_only,normal,"[""adolescents"", ""young_adults"", ""adults""]","[""eating_disorders"", ""body_image"", ""self_compassion"", ""severe_eating_disorder_risk""]",en,pending,411,"Module 3: Understanding the Number on the Scale  About the Modules CONTRIBUTORS Dr. Bronwyn Raykos (PhD, MPsych) Dr. Marilyn Fitzgerald (MPsych) Senior Clinical Psychologist Clinical Psychologist  Katharina Targowski (MPsych) Samantha Bank ",,
CCI_DISORDERED_EATING_2fac7025_00036_065264b5550e,CCI_DISORDERED_EATING,Disordered Eating self-help resources,professional_knowledge,psychoeducation_only,normal,"[""adolescents"", ""young_adults"", ""adults""]","[""eating_disorders"", ""body_image"", ""self_compassion"", ""severe_eating_disorder_risk""]",en,pending,418,"REFERENCES These are some of the professional references used to create the modules in this information package. Fairburn, C. G., Cooper, Z., Shafran, R., Murphy, R., & Hawker, D. M. (2008). Cognitive Behaviour Therapy and Eating Disorders.",,
CCI_DISORDERED_EATING_2fac7025_00037_91a1af685f5e,CCI_DISORDERED_EATING,Disordered Eating self-help resources,professional_knowledge,psychoeducation_only,normal,"[""adolescents"", ""young_adults"", ""adults""]","[""eating_disorders"", ""body_image"", ""self_compassion"", ""severe_eating_disorder_risk""]",en,pending,816,"Waller, G., Turner, H.M., Tatham, M., Mountford, V.A., & Wade, T.A. (2019). Brief Cognitive Behavioural Therapy for Non- Underweight Patients: CBT-T for Eating Disorders. Routledge. ACKNOWLEDGEMENTS We would like to thank Professor Glenn Wa",,
CCI_DISORDERED_EATING_2fac7025_00038_b130265eb519,CCI_DISORDERED_EATING,Disordered Eating self-help resources,professional_knowledge,psychoeducation_only,normal,"[""adolescents"", ""young_adults"", ""adults""]","[""eating_disorders"", ""body_image"", ""self_compassion"", ""severe_eating_disorder_risk""]",en,pending,198,"“BREAK FREE FROM ED” This module forms part of: Targowski, K., Bank, S., Carter, O., Campbell, B. & Raykos, B. (2022). Break Free from ED. Perth, Western Australia: Centre for Clinical Interventions",,
CCI_DISORDERED_EATING_2fac7025_00039_ad614e9ad5e7,CCI_DISORDERED_EATING,Disordered Eating self-help resources,professional_knowledge,psychoeducation_only,normal,"[""adolescents"", ""young_adults"", ""adults""]","[""eating_disorders"", ""body_image"", ""self_compassion"", ""severe_eating_disorder_risk""]",en,pending,43,"ISBN: 978-0-9757995-2-9 Created: July, 2022",,
CCI_DISORDERED_EATING_dc351819_00000_853bbf74d873,CCI_DISORDERED_EATING,Disordered Eating self-help resources,professional_knowledge,psychoeducation_only,normal,"[""adolescents"", ""young_adults"", ""adults""]","[""eating_disorders"", ""body_image"", ""self_compassion"", ""severe_eating_disorder_risk""]",en,pending,74,Break Free from ED An Active Guide to Recovering from Your Eating Disorder,,
CCI_DISORDERED_EATING_dc351819_00001_5ecf4644f2fa,CCI_DISORDERED_EATING,Disordered Eating self-help resources,professional_knowledge,psychoeducation_only,normal,"[""adolescents"", ""young_adults"", ""adults""]","[""eating_disorders"", ""body_image"", ""self_compassion"", ""severe_eating_disorder_risk""]",en,pending,286,Self-Monitoring  Introduction 2 Self-Monitoring 2 How to Complete Your Self-Monitoring 3 Example Self-Monitoring Form 4 Common Barriers to Self-Monitoring 5 Helpful Tips for Self-Monitoring Reviewing Your Self-Monitoring Blank Self-Monitori,,
CCI_DISORDERED_EATING_dc351819_00002_acf9f930735d,CCI_DISORDERED_EATING,Disordered Eating self-help resources,professional_knowledge,psychoeducation_only,normal,"[""adolescents"", ""young_adults"", ""adults""]","[""eating_disorders"", ""body_image"", ""self_compassion"", ""severe_eating_disorder_risk""]",en,pending,579,This information provided in this document is for information purposes only. Please refer to the full disclaimer and copyright statements available at www.cci.health.wa.gov.au regarding the information on this website before making use of s,,
CCI_DISORDERED_EATING_dc351819_00003_3417c9ebb84f,CCI_DISORDERED_EATING,Disordered Eating self-help resources,professional_knowledge,psychoeducation_only,normal,"[""adolescents"", ""young_adults"", ""adults""]","[""eating_disorders"", ""body_image"", ""self_compassion"", ""severe_eating_disorder_risk""]",en,pending,35,Module 4: Understanding Your Eating,,
CCI_DISORDERED_EATING_dc351819_00004_b8233ff2bd75,CCI_DISORDERED_EATING,Disordered Eating self-help resources,professional_knowledge,psychoeducation_only,normal,"[""adolescents"", ""young_adults"", ""adults""]","[""eating_disorders"", ""body_image"", ""self_compassion"", ""severe_eating_disorder_risk""]",en,pending,444,"In Module 3 we discussed the factors that impact the number on the scale and corrected some myths about weight. We also introduced weekly weighing, which encourages you to consider patterns of weight over four weeks, rather than interpretin",,
CCI_DISORDERED_EATING_dc351819_00005_ae53253317d0,CCI_DISORDERED_EATING,Disordered Eating self-help resources,professional_knowledge,psychoeducation_only,normal,"[""adolescents"", ""young_adults"", ""adults""]","[""eating_disorders"", ""body_image"", ""self_compassion"", ""severe_eating_disorder_risk""]",en,pending,378,"Self-monitoring is a way of recording your patterns of food and fluid intake throughout the day. It includes recording what you ate, where you ate and any eating disorder behaviours you may have engaged in (e.g., vomiting, misusing laxative",,
CCI_DISORDERED_EATING_dc351819_00006_0d8005ecea10,CCI_DISORDERED_EATING,Disordered Eating self-help resources,professional_knowledge,psychoeducation_only,normal,"[""adolescents"", ""young_adults"", ""adults""]","[""eating_disorders"", ""body_image"", ""self_compassion"", ""severe_eating_disorder_risk""]",en,pending,304,"The aim of self -monitoring is to increase your awareness of the situations, thoughts, feelings, physical sensations and behaviours that keep your eating disorder going. Stepping back to develop this awareness will help you work on doing th",,
CCI_DISORDERED_EATING_dc351819_00007_0f5a225ff29d,CCI_DISORDERED_EATING,Disordered Eating self-help resources,professional_knowledge,psychoeducation_only,normal,"[""adolescents"", ""young_adults"", ""adults""]","[""eating_disorders"", ""body_image"", ""self_compassion"", ""severe_eating_disorder_risk""]",en,pending,459,"We can liken self-monitoring to a sportsperson reviewing gameplay with their coach to see what went well, where the plan didn’t work out and identify areas for improvement. In doing so, the sportsperson is in a better position to try new st",,
CCI_DISORDERED_EATING_dc351819_00008_9f77ed76ab55,CCI_DISORDERED_EATING,Disordered Eating self-help resources,professional_knowledge,psychoeducation_only,normal,"[""adolescents"", ""young_adults"", ""adults""]","[""eating_disorders"", ""body_image"", ""self_compassion"", ""severe_eating_disorder_risk""]",en,pending,389,"Module 4: Understanding Your Eating  How to Complete Your Self-Monitoring  Self-monitoring is designed to be completed in real-time (i.e., during, or immediately after eating), every day, while you are working through these modules. We are ",,
CCI_DISORDERED_EATING_dc351819_00009_324ec7515872,CCI_DISORDERED_EATING,Disordered Eating self-help resources,professional_knowledge,psychoeducation_only,normal,"[""adolescents"", ""young_adults"", ""adults""]","[""eating_disorders"", ""body_image"", ""self_compassion"", ""severe_eating_disorder_risk""]",en,pending,397,An example self-monitoring sheet is provided on the next page. Below are descriptions of each heading on the self-monitoring sheet to help you fill in your own records.  • Day and Date: record the day and date in the space provided so that ,,
CCI_DISORDERED_EATING_dc351819_00010_0b6a0f9feda4,CCI_DISORDERED_EATING,Disordered Eating self-help resources,professional_knowledge,psychoeducation_only,normal,"[""adolescents"", ""young_adults"", ""adults""]","[""eating_disorders"", ""body_image"", ""self_compassion"", ""severe_eating_disorder_risk""]",en,pending,497,"• Food and liquid intake: record your food and liquid intake, including water, coffee or tea, or alcohol. Do not record calories. Do not measure your food . Record approximate quantities only (e.g. “handful of nuts”, “small bowl of pasta”).",,
CCI_DISORDERED_EATING_dc351819_00011_d8dd63e411a3,CCI_DISORDERED_EATING,Disordered Eating self-help resources,professional_knowledge,psychoeducation_only,normal,"[""adolescents"", ""young_adults"", ""adults""]","[""eating_disorders"", ""body_image"", ""self_compassion"", ""severe_eating_disorder_risk""]",en,pending,453,"• Binge: place an asterisk (*) in the binge column if you consider the event to be a binge episode (i.e., you think you ate more than what someone would in a typical sitting AND you felt out of control).  • V/L: if you vomit, record a ‘V’ i",,
CCI_DISORDERED_EATING_dc351819_00012_f46e3d17fe6f,CCI_DISORDERED_EATING,Disordered Eating self-help resources,professional_knowledge,psychoeducation_only,normal,"[""adolescents"", ""young_adults"", ""adults""]","[""eating_disorders"", ""body_image"", ""self_compassion"", ""severe_eating_disorder_risk""]",en,pending,386,"• Situation/thoughts/feelings: record any other relevant information about what was happening, the way you were feeling, and the thoughts that popped up through the day that are relevant to your eating disorder. You may also include behavio",,
CCI_DISORDERED_EATING_dc351819_00013_9f8524be296f,CCI_DISORDERED_EATING,Disordered Eating self-help resources,professional_knowledge,psychoeducation_only,normal,"[""adolescents"", ""young_adults"", ""adults""]","[""eating_disorders"", ""body_image"", ""self_compassion"", ""severe_eating_disorder_risk""]",en,pending,413,"Module 4: Understanding Your Eating  Example Self-Monitoring Form  A blank self -monitoring sheet is provided for you to print and complete each day. Click here fo r an online fillable version.  Dur ing your first week of self-monitoring, t",,
CCI_DISORDERED_EATING_dc351819_00014_31e64ea2e980,CCI_DISORDERED_EATING,Disordered Eating self-help resources,professional_knowledge,psychoeducation_only,normal,"[""adolescents"", ""young_adults"", ""adults""]","[""eating_disorders"", ""body_image"", ""self_compassion"", ""severe_eating_disorder_risk""]",en,pending,71,Module 4: Understanding Your Eating  Common Barriers to Self-Monitoring,,
CCI_DISORDERED_EATING_dc351819_00015_f5978493ce8d,CCI_DISORDERED_EATING,Disordered Eating self-help resources,professional_knowledge,psychoeducation_only,normal,"[""adolescents"", ""young_adults"", ""adults""]","[""eating_disorders"", ""body_image"", ""self_compassion"", ""severe_eating_disorder_risk""]",en,pending,463,"The idea of self -monitoring every day in real- time might feel daunting and like we are asking a lot of you. Research shows that individuals who consistently complete accurate, real-time self-monitoring from the time they start treatment a",,
CCI_DISORDERED_EATING_dc351819_00016_c9b9949c7238,CCI_DISORDERED_EATING,Disordered Eating self-help resources,professional_knowledge,psychoeducation_only,normal,"[""adolescents"", ""young_adults"", ""adults""]","[""eating_disorders"", ""body_image"", ""self_compassion"", ""severe_eating_disorder_risk""]",en,pending,37,It will make my eating disorder worse,,
CCI_DISORDERED_EATING_dc351819_00017_acc51876b1db,CCI_DISORDERED_EATING,Disordered Eating self-help resources,professional_knowledge,psychoeducation_only,normal,"[""adolescents"", ""young_adults"", ""adults""]","[""eating_disorders"", ""body_image"", ""self_compassion"", ""severe_eating_disorder_risk""]",en,pending,645,"Sometimes, people worry that writing everything about their eating down on paper will backfire and actually increase how much they will be thinking about food, eating, shape or weight. It is not uncommon for people to experience a short -te",,
CCI_DISORDERED_EATING_dc351819_00018_cd2b4ea3d49b,CCI_DISORDERED_EATING,Disordered Eating self-help resources,professional_knowledge,psychoeducation_only,normal,"[""adolescents"", ""young_adults"", ""adults""]","[""eating_disorders"", ""body_image"", ""self_compassion"", ""severe_eating_disorder_risk""]",en,pending,54,I feel too ashamed or guilty to write it down on paper,,
CCI_DISORDERED_EATING_dc351819_00019_208702a5e6dd,CCI_DISORDERED_EATING,Disordered Eating self-help resources,professional_knowledge,psychoeducation_only,normal,"[""adolescents"", ""young_adults"", ""adults""]","[""eating_disorders"", ""body_image"", ""self_compassion"", ""severe_eating_disorder_risk""]",en,pending,625,People can also feel tempted to avoid recording certain foods or behaviours (such as binge eating) as this can bring up feelings of guilt or shame. Remember these feelings are normal in the early stages of recovery. Whilst it might feel eas,,
CCI_DISORDERED_EATING_dc351819_00020_fd3d8b81b39b,CCI_DISORDERED_EATING,Disordered Eating self-help resources,professional_knowledge,psychoeducation_only,normal,"[""adolescents"", ""young_adults"", ""adults""]","[""eating_disorders"", ""body_image"", ""self_compassion"", ""severe_eating_disorder_risk""]",en,pending,422,"From the outset, self-monitoring may seem like a lot of effort. The most effortful part will be remembering to complete the forms. Each entry should take no longer than 2 -3 minutes, which is about 15-minutes each day. As you practice compl",,
CCI_DISORDERED_EATING_dc351819_00021_dd4b71734141,CCI_DISORDERED_EATING,Disordered Eating self-help resources,professional_knowledge,psychoeducation_only,normal,"[""adolescents"", ""young_adults"", ""adults""]","[""eating_disorders"", ""body_image"", ""self_compassion"", ""severe_eating_disorder_risk""]",en,pending,507,"Self-monitoring can look different when completed with a dieti tian. Rather than just focusing o n what you eat, this particular self-monitoring is also designed to help you to identify triggers, key thought patterns and emotions, and consi",,
CCI_DISORDERED_EATING_dc351819_00022_cbe1551f187d,CCI_DISORDERED_EATING,Disordered Eating self-help resources,professional_knowledge,psychoeducation_only,normal,"[""adolescents"", ""young_adults"", ""adults""]","[""eating_disorders"", ""body_image"", ""self_compassion"", ""severe_eating_disorder_risk""]",en,pending,69,Module 4: Understanding Your Eating  Helpful Tips for Self-Monitoring,,
CCI_DISORDERED_EATING_dc351819_00023_31532ff16dd1,CCI_DISORDERED_EATING,Disordered Eating self-help resources,professional_knowledge,psychoeducation_only,normal,"[""adolescents"", ""young_adults"", ""adults""]","[""eating_disorders"", ""body_image"", ""self_compassion"", ""severe_eating_disorder_risk""]",en,pending,710,It can be difficult to remember to complete your self-monitoring daily and in real-time. If you complete your forms at the end of each day then it will be difficult to remember back to exactly what was going on at the time of eating. Helpfu,,
CCI_DISORDERED_EATING_dc351819_00024_05af0827b40b,CCI_DISORDERED_EATING,Disordered Eating self-help resources,professional_knowledge,psychoeducation_only,normal,"[""adolescents"", ""young_adults"", ""adults""]","[""eating_disorders"", ""body_image"", ""self_compassion"", ""severe_eating_disorder_risk""]",en,pending,402,"There are lots of different self- monitoring apps that are freely available to download, however be mindful that some may contain different information than what is suggested in this module. Two apps we have found helpful are Recovery Recor",,
CCI_DISORDERED_EATING_dc351819_00025_9b90420d7df5,CCI_DISORDERED_EATING,Disordered Eating self-help resources,professional_knowledge,psychoeducation_only,normal,"[""adolescents"", ""young_adults"", ""adults""]","[""eating_disorders"", ""body_image"", ""self_compassion"", ""severe_eating_disorder_risk""]",en,pending,457,"Reviewing Your Self-monitoring  It is important that you review your self-monitoring in detail each week. This review will help you to identify problematic patterns of eating and areas for change, and to notice what happens when you do thin",,
CCI_DISORDERED_EATING_dc351819_00026_a6df72cd39fc,CCI_DISORDERED_EATING,Disordered Eating self-help resources,professional_knowledge,psychoeducation_only,normal,"[""adolescents"", ""young_adults"", ""adults""]","[""eating_disorders"", ""body_image"", ""self_compassion"", ""severe_eating_disorder_risk""]",en,pending,115,I will review my self-monitoring each week on:  Day: ________________________________ Time: _______________________,,
CCI_DISORDERED_EATING_dc351819_00027_2aa5696af09b,CCI_DISORDERED_EATING,Disordered Eating self-help resources,professional_knowledge,psychoeducation_only,normal,"[""adolescents"", ""young_adults"", ""adults""]","[""eating_disorders"", ""body_image"", ""self_compassion"", ""severe_eating_disorder_risk""]",en,pending,507,"Once you have spent a week monitoring your baseline eating behaviours, you are ready for your first review. When reviewing your self-monitoring it can be helpful to look out for common patterns that emerge in your eating. For example, are y",,
CCI_DISORDERED_EATING_dc351819_00028_fcfad97204ec,CCI_DISORDERED_EATING,Disordered Eating self-help resources,professional_knowledge,psychoeducation_only,normal,"[""adolescents"", ""young_adults"", ""adults""]","[""eating_disorders"", ""body_image"", ""self_compassion"", ""severe_eating_disorder_risk""]",en,pending,267,You’ll likely notice even more patterns to your eating as you work through more modules and understand all the factors that keep you stuck. Let’s take another look at the example self-monitoring sheet to highlight examples of common pattern,,
CCI_DISORDERED_EATING_dc351819_00029_dfd325d54ca7,CCI_DISORDERED_EATING,Disordered Eating self-help resources,professional_knowledge,psychoeducation_only,normal,"[""adolescents"", ""young_adults"", ""adults""]","[""eating_disorders"", ""body_image"", ""self_compassion"", ""severe_eating_disorder_risk""]",en,pending,75,Module 4: Understanding Your Eating  Example Review of Self-Monitoring Form,,
CCI_DISORDERED_EATING_dc351819_00030_b1757a8c4501,CCI_DISORDERED_EATING,Disordered Eating self-help resources,professional_knowledge,psychoeducation_only,normal,"[""adolescents"", ""young_adults"", ""adults""]","[""eating_disorders"", ""body_image"", ""self_compassion"", ""severe_eating_disorder_risk""]",en,pending,62,Module 4: Understanding Your Eating  Your Self-Monitoring Form,,
CCI_DISORDERED_EATING_dc351819_00031_b21e97c28cb9,CCI_DISORDERED_EATING,Disordered Eating self-help resources,professional_knowledge,psychoeducation_only,normal,"[""adolescents"", ""young_adults"", ""adults""]","[""eating_disorders"", ""body_image"", ""self_compassion"", ""severe_eating_disorder_risk""]",en,pending,398,"Module 4: Understanding Your Eating  My Weekly Progress Tracker From now on, we will ask you to complete a weekly progress tracker, so you can monitor your progress towards reducing your eating disorder symptoms and making behavioural chang",,
CCI_DISORDERED_EATING_dc351819_00032_98b898ba0849,CCI_DISORDERED_EATING,Disordered Eating self-help resources,professional_knowledge,psychoeducation_only,normal,"[""adolescents"", ""young_adults"", ""adults""]","[""eating_disorders"", ""body_image"", ""self_compassion"", ""severe_eating_disorder_risk""]",en,pending,230,"Eating Disorder Behaviour Frequency (# days per week) Restrict or dieting Exercise (including time spent) Binge eating # days # episodes Vomiting to control my weight/shape Laxative misuse  Second, reflect on your self-monitoring:",,
CCI_DISORDERED_EATING_dc351819_00033_772f6a1ff091,CCI_DISORDERED_EATING,Disordered Eating self-help resources,professional_knowledge,psychoeducation_only,normal,"[""adolescents"", ""young_adults"", ""adults""]","[""eating_disorders"", ""body_image"", ""self_compassion"", ""severe_eating_disorder_risk""]",en,pending,494,"What did I learn from my self-monitoring this week? e.g., “when I don’t eat enough during the day, I tend to binge in the evening”; “cutting out carbs makes me more irritable”; “I’m really struggling to focus with the amount I am eating”; “",,
CCI_DISORDERED_EATING_dc351819_00034_3417c9ebb84f,CCI_DISORDERED_EATING,Disordered Eating self-help resources,professional_knowledge,psychoeducation_only,normal,"[""adolescents"", ""young_adults"", ""adults""]","[""eating_disorders"", ""body_image"", ""self_compassion"", ""severe_eating_disorder_risk""]",en,pending,35,Module 4: Understanding Your Eating,,
CCI_DISORDERED_EATING_dc351819_00035_5f9192b0759c,CCI_DISORDERED_EATING,Disordered Eating self-help resources,professional_knowledge,psychoeducation_only,normal,"[""adolescents"", ""young_adults"", ""adults""]","[""eating_disorders"", ""body_image"", ""self_compassion"", ""severe_eating_disorder_risk""]",en,pending,417,"• Self-monitoring aims to increase your awareness of the situations, thoughts, feelings, physical sensations and behaviours that keep your eating disorder going.  • Self-monitoring is designed to be completed daily, in real-time.  • Complet",,
CCI_DISORDERED_EATING_dc351819_00036_b3df17f41a9a,CCI_DISORDERED_EATING,Disordered Eating self-help resources,professional_knowledge,psychoeducation_only,normal,"[""adolescents"", ""young_adults"", ""adults""]","[""eating_disorders"", ""body_image"", ""self_compassion"", ""severe_eating_disorder_risk""]",en,pending,314,"• Once you identify these patterns, you can begin to use different strategies to address them and start making changes to your eating in real time.  • While self-monitoring may seem like a daunting task, it is one of the most important tool",,
CCI_DISORDERED_EATING_dc351819_00037_d5c781398acb,CCI_DISORDERED_EATING,Disordered Eating self-help resources,professional_knowledge,psychoeducation_only,normal,"[""adolescents"", ""young_adults"", ""adults""]","[""eating_disorders"", ""body_image"", ""self_compassion"", ""severe_eating_disorder_risk""]",en,pending,345,"Module 4: Understanding Your Eating  About the Modules CONTRIBUTORS Samantha Bank (MPsych) Katharina Targowski (MPsych) Clinical Psychologist Clinical Psychologist  Dr. Olivia Carter (DPsych) Dr. Bruce Campbell (DPsych, MPsych) Clinical Psy",,
CCI_DISORDERED_EATING_dc351819_00038_065264b5550e,CCI_DISORDERED_EATING,Disordered Eating self-help resources,professional_knowledge,psychoeducation_only,normal,"[""adolescents"", ""young_adults"", ""adults""]","[""eating_disorders"", ""body_image"", ""self_compassion"", ""severe_eating_disorder_risk""]",en,pending,418,"REFERENCES These are some of the professional references used to create the modules in this information package. Fairburn, C. G., Cooper, Z., Shafran, R., Murphy, R., & Hawker, D. M. (2008). Cognitive Behaviour Therapy and Eating Disorders.",,
CCI_DISORDERED_EATING_dc351819_00039_bb089645141b,CCI_DISORDERED_EATING,Disordered Eating self-help resources,professional_knowledge,psychoeducation_only,normal,"[""adolescents"", ""young_adults"", ""adults""]","[""eating_disorders"", ""body_image"", ""self_compassion"", ""severe_eating_disorder_risk""]",en,pending,815,"Waller, G., Turner, H.M., Tatham, M., Mountford, V.A., & Wade, T.A. (2019). Brief Cognitive Behavioural Therapy for Non- Underweight Patients: CBT-T for Eating Disorders. Routledge. ACKNOWLEDGEMENTS We would like to thank Professor Glenn Wa",,
CCI_DISORDERED_EATING_dc351819_00040_b130265eb519,CCI_DISORDERED_EATING,Disordered Eating self-help resources,professional_knowledge,psychoeducation_only,normal,"[""adolescents"", ""young_adults"", ""adults""]","[""eating_disorders"", ""body_image"", ""self_compassion"", ""severe_eating_disorder_risk""]",en,pending,198,"“BREAK FREE FROM ED” This module forms part of: Targowski, K., Bank, S., Carter, O., Campbell, B. & Raykos, B. (2022). Break Free from ED. Perth, Western Australia: Centre for Clinical Interventions",,
CCI_DISORDERED_EATING_dc351819_00041_ad614e9ad5e7,CCI_DISORDERED_EATING,Disordered Eating self-help resources,professional_knowledge,psychoeducation_only,normal,"[""adolescents"", ""young_adults"", ""adults""]","[""eating_disorders"", ""body_image"", ""self_compassion"", ""severe_eating_disorder_risk""]",en,pending,43,"ISBN: 978-0-9757995-2-9 Created: July, 2022",,
CCI_DISORDERED_EATING_e2ca3bff_00000_da2ef2e9070e,CCI_DISORDERED_EATING,Disordered Eating self-help resources,professional_knowledge,psychoeducation_only,normal,"[""adolescents"", ""young_adults"", ""adults""]","[""eating_disorders"", ""body_image"", ""self_compassion"", ""severe_eating_disorder_risk""]",en,pending,69,Eating Disorders Self-Help Resources - Information Sheets & Workbooks,,
CCI_DISORDERED_EATING_e2ca3bff_00001_77174599ae17,CCI_DISORDERED_EATING,Disordered Eating self-help resources,professional_knowledge,psychoeducation_only,normal,"[""adolescents"", ""young_adults"", ""adults""]","[""eating_disorders"", ""body_image"", ""self_compassion"", ""severe_eating_disorder_risk""]",en,pending,449,About Us {13C84218-8872-401E-9A13-665E425F6639} Overview {7EF6D75B-FB24-4CFB-83F9-FFED6BBFB1C7} History {416A02EE-C352-4E67-B8D9-3FDDF364BFEC} Staff Profiles {772CBF40-D3B1-403A-A380-98719879EF34} Contact Us {20E42572-FBD7-4A54-AFB8-26F7943,,
CCI_DISORDERED_EATING_e2ca3bff_00002_74f062a0d6df,CCI_DISORDERED_EATING,Disordered Eating self-help resources,professional_knowledge,psychoeducation_only,normal,"[""adolescents"", ""young_adults"", ""adults""]","[""eating_disorders"", ""body_image"", ""self_compassion"", ""severe_eating_disorder_risk""]",en,pending,631,Treatment {2C7A58A1-CAB6-4894-A249-385DBE7F0BDD} Overview {3B8CEAEA-75FD-4911-B697-32D8032A64BA} Mood Management Course {E5043A33-376E-48C6-A012-F54669333AF9} Bipolar Course {69206959-9FFB-4746-92B8-5448BA0F4292} Social Anxiety Course {E4BE,,
CCI_DISORDERED_EATING_e2ca3bff_00003_6c25032b4608,CCI_DISORDERED_EATING,Disordered Eating self-help resources,professional_knowledge,psychoeducation_only,normal,"[""adolescents"", ""young_adults"", ""adults""]","[""eating_disorders"", ""body_image"", ""self_compassion"", ""severe_eating_disorder_risk""]",en,pending,483,Overview {3B8CEAEA-75FD-4911-B697-32D8032A64BA}  Mood Management Course {E5043A33-376E-48C6-A012-F54669333AF9}  Bipolar Course {69206959-9FFB-4746-92B8-5448BA0F4292}  Social Anxiety Course {E4BEFFA4-2B4E-40DC-8F66-72575A3B384F}  Worry and R,,
CCI_DISORDERED_EATING_e2ca3bff_00004_acac48e38397,CCI_DISORDERED_EATING,Disordered Eating self-help resources,professional_knowledge,psychoeducation_only,normal,"[""adolescents"", ""young_adults"", ""adults""]","[""eating_disorders"", ""body_image"", ""self_compassion"", ""severe_eating_disorder_risk""]",en,pending,357,Referrals {CEEADE79-E4ED-4F5C-845F-D39ED38BD37F}  Program Brochures {5BD5F4C2-63BD-4B71-93CD-40A09CCD298F}  Research {BD082FA6-3B64-486D-A4EE-1EC408935430} Overview {1B492127-3D4E-499D-8511-DA43342E7D4F} Publications {7CEA13EF-69CE-4038-97C,,
CCI_DISORDERED_EATING_e2ca3bff_00005_f57b68200b32,CCI_DISORDERED_EATING,Disordered Eating self-help resources,professional_knowledge,psychoeducation_only,normal,"[""adolescents"", ""young_adults"", ""adults""]","[""eating_disorders"", ""body_image"", ""self_compassion"", ""severe_eating_disorder_risk""]",en,pending,468,Training {1079BB30-579E-4029-AE76-2FAC2BB19240} Training Calendar {ADCC280B-41DE-4B04-B655-32C6B2B6847C} Workshop Descriptions {E00B9888-8C77-4736-BD7E-2BE496EEC873} Register for Training {CD0EFBAC-8E33-4858-92C5-618AC70612A4} Demonstration,,
CCI_DISORDERED_EATING_e2ca3bff_00006_a95f36e81d17,CCI_DISORDERED_EATING,Disordered Eating self-help resources,professional_knowledge,psychoeducation_only,normal,"[""adolescents"", ""young_adults"", ""adults""]","[""eating_disorders"", ""body_image"", ""self_compassion"", ""severe_eating_disorder_risk""]",en,pending,445,Demonstration Videos {506B5ABA-EDD5-4EB8-A974-F7AC784EF9B8}  Resources {9B249EB4-588A-4F8C-9D4D-21C41E23834B} Overview {74035F8D-632C-4A56-9863-012015F4679D} Looking After Yourself {0403180E-42C9-4A3F-A5A9-2C70C1AD00E8} Looking After Others,,
CCI_DISORDERED_EATING_e2ca3bff_00007_364bc8b1cd4a,CCI_DISORDERED_EATING,Disordered Eating self-help resources,professional_knowledge,psychoeducation_only,normal,"[""adolescents"", ""young_adults"", ""adults""]","[""eating_disorders"", ""body_image"", ""self_compassion"", ""severe_eating_disorder_risk""]",en,pending,159,Looking After Others {CF57F18B-F088-4BB8-B7F3-80E52B7AC29C}  For Clinicians {4359E14E-A412-4B30-97A6-E7D2B3ACDF96}  News {68C85B6A-D6C6-4F59-9CCF-ED8F4C157F56},,
CCI_DISORDERED_EATING_e2ca3bff_00008_97741ab72664,CCI_DISORDERED_EATING,Disordered Eating self-help resources,professional_knowledge,psychoeducation_only,normal,"[""adolescents"", ""young_adults"", ""adults""]","[""eating_disorders"", ""body_image"", ""self_compassion"", ""severe_eating_disorder_risk""]",en,pending,497,"Eating disorders are serious mental illnesses that are associated with potentially life-threatening physical effects. Eating disorders involve unhelpful beliefs about eating, weight and shape and unhelpful behaviours (such as binge-eating, ",,
CCI_DISORDERED_EATING_e2ca3bff_00009_9ab2dfd78851,CCI_DISORDERED_EATING,Disordered Eating self-help resources,professional_knowledge,psychoeducation_only,normal,"[""adolescents"", ""young_adults"", ""adults""]","[""eating_disorders"", ""body_image"", ""self_compassion"", ""severe_eating_disorder_risk""]",en,pending,851,"These modules provide clear, scientific information about eating disorders and guide consumers through key components of cognitive behavioural therapy for eating disorders (CBT-ED). Break Free From ED covers features of eating disorders and",,
CCI_DISORDERED_EATING_e2ca3bff_00010_ac01a5ae5b9a,CCI_DISORDERED_EATING,Disordered Eating self-help resources,professional_knowledge,psychoeducation_only,normal,"[""adolescents"", ""young_adults"", ""adults""]","[""eating_disorders"", ""body_image"", ""self_compassion"", ""severe_eating_disorder_risk""]",en,pending,327,"The Break Free From ED modules are informed by evidence-based treatments, and reference materials by leading eating disorder clinicians including Glenn Waller, Christopher Fairburn and Tracey Wade, and are designed so that consumers can eit",,
CCI_DISORDERED_EATING_e2ca3bff_00011_c0d01e7adf96,CCI_DISORDERED_EATING,Disordered Eating self-help resources,professional_knowledge,psychoeducation_only,normal,"[""adolescents"", ""young_adults"", ""adults""]","[""eating_disorders"", ""body_image"", ""self_compassion"", ""severe_eating_disorder_risk""]",en,pending,410,"This workbook is designed as an active guide to recovering from an eating disorder. It aims to provide you with information about eating disorders and the factors that keep them going, and to teach you strategies to make changes to your beh",,
CCI_DISORDERED_EATING_e2ca3bff_00012_d469cb9f3795,CCI_DISORDERED_EATING,Disordered Eating self-help resources,professional_knowledge,psychoeducation_only,normal,"[""adolescents"", ""young_adults"", ""adults""]","[""eating_disorders"", ""body_image"", ""self_compassion"", ""severe_eating_disorder_risk""]",en,pending,361,"This module introduces you to eating disorders, their impact on physical, psychological and social functioning, and some of the factors that can lead to the development of an eating disorder.  This module takes you through the key factors t",,
CCI_DISORDERED_EATING_e2ca3bff_00013_e47b2c7b0992,CCI_DISORDERED_EATING,Disordered Eating self-help resources,professional_knowledge,psychoeducation_only,normal,"[""adolescents"", ""young_adults"", ""adults""]","[""eating_disorders"", ""body_image"", ""self_compassion"", ""severe_eating_disorder_risk""]",en,pending,371,"This module discusses the many factors that influence the number on the scale, explores how much control people really have over their weight, and introduces Weekly Weighing.  This module introduces self-monitoring, a key strategy that assi",,
CCI_DISORDERED_EATING_e2ca3bff_00014_c3ecf44bd307,CCI_DISORDERED_EATING,Disordered Eating self-help resources,professional_knowledge,psychoeducation_only,normal,"[""adolescents"", ""young_adults"", ""adults""]","[""eating_disorders"", ""body_image"", ""self_compassion"", ""severe_eating_disorder_risk""]",en,pending,389,"This module discusses the relationship between what you eat and your energy levels, highlighting the impacts of low and high energy and guiding you through understanding how your own eating impacts your energy levels.  This module introduce",,
CCI_DISORDERED_EATING_e2ca3bff_00015_e9d8dc275314,CCI_DISORDERED_EATING,Disordered Eating self-help resources,professional_knowledge,psychoeducation_only,normal,"[""adolescents"", ""young_adults"", ""adults""]","[""eating_disorders"", ""body_image"", ""self_compassion"", ""severe_eating_disorder_risk""]",en,pending,433,"This module focuses on another aspect of ‘Eating for Recovery’, the variety of your nutritional intake, highlighting the importance of tackling rigid food rules and experimenting with feared foods.  This module provides information about bi",,
CCI_DISORDERED_EATING_e2ca3bff_00016_f7f91aaafa3d,CCI_DISORDERED_EATING,Disordered Eating self-help resources,professional_knowledge,psychoeducation_only,normal,"[""adolescents"", ""young_adults"", ""adults""]","[""eating_disorders"", ""body_image"", ""self_compassion"", ""severe_eating_disorder_risk""]",en,pending,403,This module provides information about driven exercise and introduces strategies for developing a more healthy and balanced relationship with moving your body.  This module discusses body checking and uses experiments to examine whether bod,,
CCI_DISORDERED_EATING_e2ca3bff_00017_c27369a4237d,CCI_DISORDERED_EATING,Disordered Eating self-help resources,professional_knowledge,psychoeducation_only,normal,"[""adolescents"", ""young_adults"", ""adults""]","[""eating_disorders"", ""body_image"", ""self_compassion"", ""severe_eating_disorder_risk""]",en,pending,419,"This module introduces core beliefs, discussing the role these play in maintaining eating disorder behaviours and introducing strategies to challenge them.  This final module summarises the key strategies from the workbook and guides you th",,
CCI_DISORDERED_EATING_e2ca3bff_00018_9a9b2f9c0dfa,CCI_DISORDERED_EATING,Disordered Eating self-help resources,professional_knowledge,psychoeducation_only,normal,"[""adolescents"", ""young_adults"", ""adults""]","[""eating_disorders"", ""body_image"", ""self_compassion"", ""severe_eating_disorder_risk""]",en,pending,85,"Click the link above to download all modules in this workbook at once, as a zip file.",,
CCI_DISORDERED_EATING_e2ca3bff_00019_36956093ee97,CCI_DISORDERED_EATING,Disordered Eating self-help resources,professional_knowledge,psychoeducation_only,normal,"[""adolescents"", ""young_adults"", ""adults""]","[""eating_disorders"", ""body_image"", ""self_compassion"", ""severe_eating_disorder_risk""]",en,pending,49,What Are Eating Disorders?  What is Binge Eating?,,
CCI_DISORDERED_EATING_e2ca3bff_00020_a2e5e5da8cde,CCI_DISORDERED_EATING,Disordered Eating self-help resources,professional_knowledge,psychoeducation_only,normal,"[""adolescents"", ""young_adults"", ""adults""]","[""eating_disorders"", ""body_image"", ""self_compassion"", ""severe_eating_disorder_risk""]",en,pending,72,Eating Disorders and Neurobiology  Eating Disorders: What Are the Risks?,,
CCI_DISORDERED_EATING_e2ca3bff_00021_6566e6071984,CCI_DISORDERED_EATING,Disordered Eating self-help resources,professional_knowledge,psychoeducation_only,normal,"[""adolescents"", ""young_adults"", ""adults""]","[""eating_disorders"", ""body_image"", ""self_compassion"", ""severe_eating_disorder_risk""]",en,pending,139,Avoidant Restrictive Food Intake Disorder  Unhelpful Weight Messages in Healthcare Settings  Artificial Intelligence and Your Mental Health,,
CCI_DISORDERED_EATING_e2ca3bff_00022_8a206e90035d,CCI_DISORDERED_EATING,Disordered Eating self-help resources,professional_knowledge,psychoeducation_only,normal,"[""adolescents"", ""young_adults"", ""adults""]","[""eating_disorders"", ""body_image"", ""self_compassion"", ""severe_eating_disorder_risk""]",en,pending,26,A Guide to Self-Monitoring,,
CCI_DISORDERED_EATING_e2ca3bff_00023_26a323af8f0f,CCI_DISORDERED_EATING,Disordered Eating self-help resources,professional_knowledge,psychoeducation_only,normal,"[""adolescents"", ""young_adults"", ""adults""]","[""eating_disorders"", ""body_image"", ""self_compassion"", ""severe_eating_disorder_risk""]",en,pending,27,What are Safety Behaviours?,,
CCI_DISORDERED_EATING_e2ca3bff_00024_bc310a7aa43f,CCI_DISORDERED_EATING,Disordered Eating self-help resources,professional_knowledge,psychoeducation_only,normal,"[""adolescents"", ""young_adults"", ""adults""]","[""eating_disorders"", ""body_image"", ""self_compassion"", ""severe_eating_disorder_risk""]",en,pending,35,Normal Eating vs. Disordered Eating,,
CCI_DISORDERED_EATING_e2ca3bff_00025_06c57a4db578,CCI_DISORDERED_EATING,Disordered Eating self-help resources,professional_knowledge,psychoeducation_only,normal,"[""adolescents"", ""young_adults"", ""adults""]","[""eating_disorders"", ""body_image"", ""self_compassion"", ""severe_eating_disorder_risk""]",en,pending,34,Dietary Guidelines During Recovery,,
CCI_DISORDERED_EATING_e2ca3bff_00026_40359196d5a4,CCI_DISORDERED_EATING,Disordered Eating self-help resources,professional_knowledge,psychoeducation_only,normal,"[""adolescents"", ""young_adults"", ""adults""]","[""eating_disorders"", ""body_image"", ""self_compassion"", ""severe_eating_disorder_risk""]",en,pending,34,Metabolism and Energy Requirements,,
CCI_DISORDERED_EATING_e2ca3bff_00027_d7f4e47a6e71,CCI_DISORDERED_EATING,Disordered Eating self-help resources,professional_knowledge,psychoeducation_only,normal,"[""adolescents"", ""young_adults"", ""adults""]","[""eating_disorders"", ""body_image"", ""self_compassion"", ""severe_eating_disorder_risk""]",en,pending,62,Making Sense of Serving Sizes  Carbohydrates - Myths and Facts,,
CCI_DISORDERED_EATING_e2ca3bff_00028_692d16cec865,CCI_DISORDERED_EATING,Disordered Eating self-help resources,professional_knowledge,psychoeducation_only,normal,"[""adolescents"", ""young_adults"", ""adults""]","[""eating_disorders"", ""body_image"", ""self_compassion"", ""severe_eating_disorder_risk""]",en,pending,36,Vegetarian Diet and Eating Disorders,,
CCI_DISORDERED_EATING_e2ca3bff_00029_811b79b7c270,CCI_DISORDERED_EATING,Disordered Eating self-help resources,professional_knowledge,psychoeducation_only,normal,"[""adolescents"", ""young_adults"", ""adults""]","[""eating_disorders"", ""body_image"", ""self_compassion"", ""severe_eating_disorder_risk""]",en,pending,61,Eating Disorders and Hormones  Eating Disorders and Pregnancy,,
CCI_DISORDERED_EATING_e2ca3bff_00030_bc20b3400c6b,CCI_DISORDERED_EATING,Disordered Eating self-help resources,professional_knowledge,psychoeducation_only,normal,"[""adolescents"", ""young_adults"", ""adults""]","[""eating_disorders"", ""body_image"", ""self_compassion"", ""severe_eating_disorder_risk""]",en,pending,35,Body Image and Body Dissatisfaction,,
CCI_DISORDERED_EATING_e2ca3bff_00031_978ae8bfcbd2,CCI_DISORDERED_EATING,Disordered Eating self-help resources,professional_knowledge,psychoeducation_only,normal,"[""adolescents"", ""young_adults"", ""adults""]","[""eating_disorders"", ""body_image"", ""self_compassion"", ""severe_eating_disorder_risk""]",en,pending,42,Download all information sheets (zip file),,
CCI_DISORDERED_EATING_e2ca3bff_00032_caa34ea89819,CCI_DISORDERED_EATING,Disordered Eating self-help resources,professional_knowledge,psychoeducation_only,normal,"[""adolescents"", ""young_adults"", ""adults""]","[""eating_disorders"", ""body_image"", ""self_compassion"", ""severe_eating_disorder_risk""]",en,pending,325,"Self-Monitoring Form  If you worry a lot about features of your appearance that are not related to your body weight or shape, you may find our body dysmorphia resources helpful.  If worries about your appearance are having a negative impact",,
CCI_DISORDERED_EATING_e2ca3bff_00033_c810871bf233,CCI_DISORDERED_EATING,Disordered Eating self-help resources,professional_knowledge,psychoeducation_only,normal,"[""adolescents"", ""young_adults"", ""adults""]","[""eating_disorders"", ""body_image"", ""self_compassion"", ""severe_eating_disorder_risk""]",en,pending,473,"Some people with eating disorders have difficulties with perfectionism. This means they hold themselves to unrealistically high standards in many different areas of their life. If this is a problem for you, you may find our resources on add",,
CCI_DISORDERED_EATING_e2ca3bff_00034_e35cfc1c2bc1,CCI_DISORDERED_EATING,Disordered Eating self-help resources,professional_knowledge,psychoeducation_only,normal,"[""adolescents"", ""young_adults"", ""adults""]","[""eating_disorders"", ""body_image"", ""self_compassion"", ""severe_eating_disorder_risk""]",en,pending,74,Phone: (08) 9227 4399 Fax: (08) 9328 5911 Email: Visit the Contact us page,,
CCI_DISORDERED_EATING_e2ca3bff_00035_0d364666ec3c,CCI_DISORDERED_EATING,Disordered Eating self-help resources,professional_knowledge,psychoeducation_only,normal,"[""adolescents"", ""young_adults"", ""adults""]","[""eating_disorders"", ""body_image"", ""self_compassion"", ""severe_eating_disorder_risk""]",en,pending,105,"Centre for Clinical Interventions 223 James Street Northbridge, WA 6003 Australia  Copyright & Disclaimer",,
CCI_DISORDERED_EATING_e2ca3bff_00036_99fb39e4ecc9,CCI_DISORDERED_EATING,Disordered Eating self-help resources,professional_knowledge,psychoeducation_only,normal,"[""adolescents"", ""young_adults"", ""adults""]","[""eating_disorders"", ""body_image"", ""self_compassion"", ""severe_eating_disorder_risk""]",en,pending,170,"Centre for Clinical Interventions is brought to you by the Department of Health, Western Australia  Copyright 2025; All contents copyright Government of Western Australia",,
CCI_DISORDERED_EATING_a848c3dc_00000_da2ef2e9070e,CCI_DISORDERED_EATING,Disordered Eating self-help resources,professional_knowledge,psychoeducation_only,normal,"[""adolescents"", ""young_adults"", ""adults""]","[""eating_disorders"", ""body_image"", ""self_compassion"", ""severe_eating_disorder_risk""]",en,pending,69,Eating Disorders Self-Help Resources - Information Sheets & Workbooks,,
CCI_DISORDERED_EATING_a848c3dc_00001_77174599ae17,CCI_DISORDERED_EATING,Disordered Eating self-help resources,professional_knowledge,psychoeducation_only,normal,"[""adolescents"", ""young_adults"", ""adults""]","[""eating_disorders"", ""body_image"", ""self_compassion"", ""severe_eating_disorder_risk""]",en,pending,449,About Us {13C84218-8872-401E-9A13-665E425F6639} Overview {7EF6D75B-FB24-4CFB-83F9-FFED6BBFB1C7} History {416A02EE-C352-4E67-B8D9-3FDDF364BFEC} Staff Profiles {772CBF40-D3B1-403A-A380-98719879EF34} Contact Us {20E42572-FBD7-4A54-AFB8-26F7943,,
CCI_DISORDERED_EATING_a848c3dc_00002_74f062a0d6df,CCI_DISORDERED_EATING,Disordered Eating self-help resources,professional_knowledge,psychoeducation_only,normal,"[""adolescents"", ""young_adults"", ""adults""]","[""eating_disorders"", ""body_image"", ""self_compassion"", ""severe_eating_disorder_risk""]",en,pending,631,Treatment {2C7A58A1-CAB6-4894-A249-385DBE7F0BDD} Overview {3B8CEAEA-75FD-4911-B697-32D8032A64BA} Mood Management Course {E5043A33-376E-48C6-A012-F54669333AF9} Bipolar Course {69206959-9FFB-4746-92B8-5448BA0F4292} Social Anxiety Course {E4BE,,
CCI_DISORDERED_EATING_a848c3dc_00003_6c25032b4608,CCI_DISORDERED_EATING,Disordered Eating self-help resources,professional_knowledge,psychoeducation_only,normal,"[""adolescents"", ""young_adults"", ""adults""]","[""eating_disorders"", ""body_image"", ""self_compassion"", ""severe_eating_disorder_risk""]",en,pending,483,Overview {3B8CEAEA-75FD-4911-B697-32D8032A64BA}  Mood Management Course {E5043A33-376E-48C6-A012-F54669333AF9}  Bipolar Course {69206959-9FFB-4746-92B8-5448BA0F4292}  Social Anxiety Course {E4BEFFA4-2B4E-40DC-8F66-72575A3B384F}  Worry and R,,
CCI_DISORDERED_EATING_a848c3dc_00004_acac48e38397,CCI_DISORDERED_EATING,Disordered Eating self-help resources,professional_knowledge,psychoeducation_only,normal,"[""adolescents"", ""young_adults"", ""adults""]","[""eating_disorders"", ""body_image"", ""self_compassion"", ""severe_eating_disorder_risk""]",en,pending,357,Referrals {CEEADE79-E4ED-4F5C-845F-D39ED38BD37F}  Program Brochures {5BD5F4C2-63BD-4B71-93CD-40A09CCD298F}  Research {BD082FA6-3B64-486D-A4EE-1EC408935430} Overview {1B492127-3D4E-499D-8511-DA43342E7D4F} Publications {7CEA13EF-69CE-4038-97C,,
CCI_DISORDERED_EATING_a848c3dc_00005_f57b68200b32,CCI_DISORDERED_EATING,Disordered Eating self-help resources,professional_knowledge,psychoeducation_only,normal,"[""adolescents"", ""young_adults"", ""adults""]","[""eating_disorders"", ""body_image"", ""self_compassion"", ""severe_eating_disorder_risk""]",en,pending,468,Training {1079BB30-579E-4029-AE76-2FAC2BB19240} Training Calendar {ADCC280B-41DE-4B04-B655-32C6B2B6847C} Workshop Descriptions {E00B9888-8C77-4736-BD7E-2BE496EEC873} Register for Training {CD0EFBAC-8E33-4858-92C5-618AC70612A4} Demonstration,,
CCI_DISORDERED_EATING_a848c3dc_00006_a95f36e81d17,CCI_DISORDERED_EATING,Disordered Eating self-help resources,professional_knowledge,psychoeducation_only,normal,"[""adolescents"", ""young_adults"", ""adults""]","[""eating_disorders"", ""body_image"", ""self_compassion"", ""severe_eating_disorder_risk""]",en,pending,445,Demonstration Videos {506B5ABA-EDD5-4EB8-A974-F7AC784EF9B8}  Resources {9B249EB4-588A-4F8C-9D4D-21C41E23834B} Overview {74035F8D-632C-4A56-9863-012015F4679D} Looking After Yourself {0403180E-42C9-4A3F-A5A9-2C70C1AD00E8} Looking After Others,,
CCI_DISORDERED_EATING_a848c3dc_00007_364bc8b1cd4a,CCI_DISORDERED_EATING,Disordered Eating self-help resources,professional_knowledge,psychoeducation_only,normal,"[""adolescents"", ""young_adults"", ""adults""]","[""eating_disorders"", ""body_image"", ""self_compassion"", ""severe_eating_disorder_risk""]",en,pending,159,Looking After Others {CF57F18B-F088-4BB8-B7F3-80E52B7AC29C}  For Clinicians {4359E14E-A412-4B30-97A6-E7D2B3ACDF96}  News {68C85B6A-D6C6-4F59-9CCF-ED8F4C157F56},,
CCI_DISORDERED_EATING_a848c3dc_00008_97741ab72664,CCI_DISORDERED_EATING,Disordered Eating self-help resources,professional_knowledge,psychoeducation_only,normal,"[""adolescents"", ""young_adults"", ""adults""]","[""eating_disorders"", ""body_image"", ""self_compassion"", ""severe_eating_disorder_risk""]",en,pending,497,"Eating disorders are serious mental illnesses that are associated with potentially life-threatening physical effects. Eating disorders involve unhelpful beliefs about eating, weight and shape and unhelpful behaviours (such as binge-eating, ",,
CCI_DISORDERED_EATING_a848c3dc_00009_9ab2dfd78851,CCI_DISORDERED_EATING,Disordered Eating self-help resources,professional_knowledge,psychoeducation_only,normal,"[""adolescents"", ""young_adults"", ""adults""]","[""eating_disorders"", ""body_image"", ""self_compassion"", ""severe_eating_disorder_risk""]",en,pending,851,"These modules provide clear, scientific information about eating disorders and guide consumers through key components of cognitive behavioural therapy for eating disorders (CBT-ED). Break Free From ED covers features of eating disorders and",,
CCI_DISORDERED_EATING_a848c3dc_00010_ac01a5ae5b9a,CCI_DISORDERED_EATING,Disordered Eating self-help resources,professional_knowledge,psychoeducation_only,normal,"[""adolescents"", ""young_adults"", ""adults""]","[""eating_disorders"", ""body_image"", ""self_compassion"", ""severe_eating_disorder_risk""]",en,pending,327,"The Break Free From ED modules are informed by evidence-based treatments, and reference materials by leading eating disorder clinicians including Glenn Waller, Christopher Fairburn and Tracey Wade, and are designed so that consumers can eit",,
CCI_DISORDERED_EATING_a848c3dc_00011_c0d01e7adf96,CCI_DISORDERED_EATING,Disordered Eating self-help resources,professional_knowledge,psychoeducation_only,normal,"[""adolescents"", ""young_adults"", ""adults""]","[""eating_disorders"", ""body_image"", ""self_compassion"", ""severe_eating_disorder_risk""]",en,pending,410,"This workbook is designed as an active guide to recovering from an eating disorder. It aims to provide you with information about eating disorders and the factors that keep them going, and to teach you strategies to make changes to your beh",,
CCI_DISORDERED_EATING_a848c3dc_00012_d469cb9f3795,CCI_DISORDERED_EATING,Disordered Eating self-help resources,professional_knowledge,psychoeducation_only,normal,"[""adolescents"", ""young_adults"", ""adults""]","[""eating_disorders"", ""body_image"", ""self_compassion"", ""severe_eating_disorder_risk""]",en,pending,361,"This module introduces you to eating disorders, their impact on physical, psychological and social functioning, and some of the factors that can lead to the development of an eating disorder.  This module takes you through the key factors t",,
CCI_DISORDERED_EATING_a848c3dc_00013_e47b2c7b0992,CCI_DISORDERED_EATING,Disordered Eating self-help resources,professional_knowledge,psychoeducation_only,normal,"[""adolescents"", ""young_adults"", ""adults""]","[""eating_disorders"", ""body_image"", ""self_compassion"", ""severe_eating_disorder_risk""]",en,pending,371,"This module discusses the many factors that influence the number on the scale, explores how much control people really have over their weight, and introduces Weekly Weighing.  This module introduces self-monitoring, a key strategy that assi",,
CCI_DISORDERED_EATING_a848c3dc_00014_c3ecf44bd307,CCI_DISORDERED_EATING,Disordered Eating self-help resources,professional_knowledge,psychoeducation_only,normal,"[""adolescents"", ""young_adults"", ""adults""]","[""eating_disorders"", ""body_image"", ""self_compassion"", ""severe_eating_disorder_risk""]",en,pending,389,"This module discusses the relationship between what you eat and your energy levels, highlighting the impacts of low and high energy and guiding you through understanding how your own eating impacts your energy levels.  This module introduce",,
CCI_DISORDERED_EATING_a848c3dc_00015_e9d8dc275314,CCI_DISORDERED_EATING,Disordered Eating self-help resources,professional_knowledge,psychoeducation_only,normal,"[""adolescents"", ""young_adults"", ""adults""]","[""eating_disorders"", ""body_image"", ""self_compassion"", ""severe_eating_disorder_risk""]",en,pending,433,"This module focuses on another aspect of ‘Eating for Recovery’, the variety of your nutritional intake, highlighting the importance of tackling rigid food rules and experimenting with feared foods.  This module provides information about bi",,
CCI_DISORDERED_EATING_a848c3dc_00016_f7f91aaafa3d,CCI_DISORDERED_EATING,Disordered Eating self-help resources,professional_knowledge,psychoeducation_only,normal,"[""adolescents"", ""young_adults"", ""adults""]","[""eating_disorders"", ""body_image"", ""self_compassion"", ""severe_eating_disorder_risk""]",en,pending,403,This module provides information about driven exercise and introduces strategies for developing a more healthy and balanced relationship with moving your body.  This module discusses body checking and uses experiments to examine whether bod,,
CCI_DISORDERED_EATING_a848c3dc_00017_c27369a4237d,CCI_DISORDERED_EATING,Disordered Eating self-help resources,professional_knowledge,psychoeducation_only,normal,"[""adolescents"", ""young_adults"", ""adults""]","[""eating_disorders"", ""body_image"", ""self_compassion"", ""severe_eating_disorder_risk""]",en,pending,419,"This module introduces core beliefs, discussing the role these play in maintaining eating disorder behaviours and introducing strategies to challenge them.  This final module summarises the key strategies from the workbook and guides you th",,
CCI_DISORDERED_EATING_a848c3dc_00018_9a9b2f9c0dfa,CCI_DISORDERED_EATING,Disordered Eating self-help resources,professional_knowledge,psychoeducation_only,normal,"[""adolescents"", ""young_adults"", ""adults""]","[""eating_disorders"", ""body_image"", ""self_compassion"", ""severe_eating_disorder_risk""]",en,pending,85,"Click the link above to download all modules in this workbook at once, as a zip file.",,
CCI_DISORDERED_EATING_a848c3dc_00019_36956093ee97,CCI_DISORDERED_EATING,Disordered Eating self-help resources,professional_knowledge,psychoeducation_only,normal,"[""adolescents"", ""young_adults"", ""adults""]","[""eating_disorders"", ""body_image"", ""self_compassion"", ""severe_eating_disorder_risk""]",en,pending,49,What Are Eating Disorders?  What is Binge Eating?,,
CCI_DISORDERED_EATING_a848c3dc_00020_a2e5e5da8cde,CCI_DISORDERED_EATING,Disordered Eating self-help resources,professional_knowledge,psychoeducation_only,normal,"[""adolescents"", ""young_adults"", ""adults""]","[""eating_disorders"", ""body_image"", ""self_compassion"", ""severe_eating_disorder_risk""]",en,pending,72,Eating Disorders and Neurobiology  Eating Disorders: What Are the Risks?,,
CCI_DISORDERED_EATING_a848c3dc_00021_6566e6071984,CCI_DISORDERED_EATING,Disordered Eating self-help resources,professional_knowledge,psychoeducation_only,normal,"[""adolescents"", ""young_adults"", ""adults""]","[""eating_disorders"", ""body_image"", ""self_compassion"", ""severe_eating_disorder_risk""]",en,pending,139,Avoidant Restrictive Food Intake Disorder  Unhelpful Weight Messages in Healthcare Settings  Artificial Intelligence and Your Mental Health,,
CCI_DISORDERED_EATING_a848c3dc_00022_8a206e90035d,CCI_DISORDERED_EATING,Disordered Eating self-help resources,professional_knowledge,psychoeducation_only,normal,"[""adolescents"", ""young_adults"", ""adults""]","[""eating_disorders"", ""body_image"", ""self_compassion"", ""severe_eating_disorder_risk""]",en,pending,26,A Guide to Self-Monitoring,,
CCI_DISORDERED_EATING_a848c3dc_00023_26a323af8f0f,CCI_DISORDERED_EATING,Disordered Eating self-help resources,professional_knowledge,psychoeducation_only,normal,"[""adolescents"", ""young_adults"", ""adults""]","[""eating_disorders"", ""body_image"", ""self_compassion"", ""severe_eating_disorder_risk""]",en,pending,27,What are Safety Behaviours?,,
CCI_DISORDERED_EATING_a848c3dc_00024_bc310a7aa43f,CCI_DISORDERED_EATING,Disordered Eating self-help resources,professional_knowledge,psychoeducation_only,normal,"[""adolescents"", ""young_adults"", ""adults""]","[""eating_disorders"", ""body_image"", ""self_compassion"", ""severe_eating_disorder_risk""]",en,pending,35,Normal Eating vs. Disordered Eating,,
CCI_DISORDERED_EATING_a848c3dc_00025_06c57a4db578,CCI_DISORDERED_EATING,Disordered Eating self-help resources,professional_knowledge,psychoeducation_only,normal,"[""adolescents"", ""young_adults"", ""adults""]","[""eating_disorders"", ""body_image"", ""self_compassion"", ""severe_eating_disorder_risk""]",en,pending,34,Dietary Guidelines During Recovery,,
CCI_DISORDERED_EATING_a848c3dc_00026_40359196d5a4,CCI_DISORDERED_EATING,Disordered Eating self-help resources,professional_knowledge,psychoeducation_only,normal,"[""adolescents"", ""young_adults"", ""adults""]","[""eating_disorders"", ""body_image"", ""self_compassion"", ""severe_eating_disorder_risk""]",en,pending,34,Metabolism and Energy Requirements,,
CCI_DISORDERED_EATING_a848c3dc_00027_d7f4e47a6e71,CCI_DISORDERED_EATING,Disordered Eating self-help resources,professional_knowledge,psychoeducation_only,normal,"[""adolescents"", ""young_adults"", ""adults""]","[""eating_disorders"", ""body_image"", ""self_compassion"", ""severe_eating_disorder_risk""]",en,pending,62,Making Sense of Serving Sizes  Carbohydrates - Myths and Facts,,
CCI_DISORDERED_EATING_a848c3dc_00028_692d16cec865,CCI_DISORDERED_EATING,Disordered Eating self-help resources,professional_knowledge,psychoeducation_only,normal,"[""adolescents"", ""young_adults"", ""adults""]","[""eating_disorders"", ""body_image"", ""self_compassion"", ""severe_eating_disorder_risk""]",en,pending,36,Vegetarian Diet and Eating Disorders,,
CCI_DISORDERED_EATING_a848c3dc_00029_811b79b7c270,CCI_DISORDERED_EATING,Disordered Eating self-help resources,professional_knowledge,psychoeducation_only,normal,"[""adolescents"", ""young_adults"", ""adults""]","[""eating_disorders"", ""body_image"", ""self_compassion"", ""severe_eating_disorder_risk""]",en,pending,61,Eating Disorders and Hormones  Eating Disorders and Pregnancy,,
CCI_DISORDERED_EATING_a848c3dc_00030_bc20b3400c6b,CCI_DISORDERED_EATING,Disordered Eating self-help resources,professional_knowledge,psychoeducation_only,normal,"[""adolescents"", ""young_adults"", ""adults""]","[""eating_disorders"", ""body_image"", ""self_compassion"", ""severe_eating_disorder_risk""]",en,pending,35,Body Image and Body Dissatisfaction,,
CCI_DISORDERED_EATING_a848c3dc_00031_978ae8bfcbd2,CCI_DISORDERED_EATING,Disordered Eating self-help resources,professional_knowledge,psychoeducation_only,normal,"[""adolescents"", ""young_adults"", ""adults""]","[""eating_disorders"", ""body_image"", ""self_compassion"", ""severe_eating_disorder_risk""]",en,pending,42,Download all information sheets (zip file),,
CCI_DISORDERED_EATING_a848c3dc_00032_caa34ea89819,CCI_DISORDERED_EATING,Disordered Eating self-help resources,professional_knowledge,psychoeducation_only,normal,"[""adolescents"", ""young_adults"", ""adults""]","[""eating_disorders"", ""body_image"", ""self_compassion"", ""severe_eating_disorder_risk""]",en,pending,325,"Self-Monitoring Form  If you worry a lot about features of your appearance that are not related to your body weight or shape, you may find our body dysmorphia resources helpful.  If worries about your appearance are having a negative impact",,
CCI_DISORDERED_EATING_a848c3dc_00033_c810871bf233,CCI_DISORDERED_EATING,Disordered Eating self-help resources,professional_knowledge,psychoeducation_only,normal,"[""adolescents"", ""young_adults"", ""adults""]","[""eating_disorders"", ""body_image"", ""self_compassion"", ""severe_eating_disorder_risk""]",en,pending,473,"Some people with eating disorders have difficulties with perfectionism. This means they hold themselves to unrealistically high standards in many different areas of their life. If this is a problem for you, you may find our resources on add",,
CCI_DISORDERED_EATING_a848c3dc_00034_e35cfc1c2bc1,CCI_DISORDERED_EATING,Disordered Eating self-help resources,professional_knowledge,psychoeducation_only,normal,"[""adolescents"", ""young_adults"", ""adults""]","[""eating_disorders"", ""body_image"", ""self_compassion"", ""severe_eating_disorder_risk""]",en,pending,74,Phone: (08) 9227 4399 Fax: (08) 9328 5911 Email: Visit the Contact us page,,
CCI_DISORDERED_EATING_a848c3dc_00035_0d364666ec3c,CCI_DISORDERED_EATING,Disordered Eating self-help resources,professional_knowledge,psychoeducation_only,normal,"[""adolescents"", ""young_adults"", ""adults""]","[""eating_disorders"", ""body_image"", ""self_compassion"", ""severe_eating_disorder_risk""]",en,pending,105,"Centre for Clinical Interventions 223 James Street Northbridge, WA 6003 Australia  Copyright & Disclaimer",,
CCI_DISORDERED_EATING_a848c3dc_00036_99fb39e4ecc9,CCI_DISORDERED_EATING,Disordered Eating self-help resources,professional_knowledge,psychoeducation_only,normal,"[""adolescents"", ""young_adults"", ""adults""]","[""eating_disorders"", ""body_image"", ""self_compassion"", ""severe_eating_disorder_risk""]",en,pending,170,"Centre for Clinical Interventions is brought to you by the Department of Health, Western Australia  Copyright 2025; All contents copyright Government of Western Australia",,
CCI_DISORDERED_EATING_ef558191_00000_da2ef2e9070e,CCI_DISORDERED_EATING,Disordered Eating self-help resources,professional_knowledge,psychoeducation_only,normal,"[""adolescents"", ""young_adults"", ""adults""]","[""eating_disorders"", ""body_image"", ""self_compassion"", ""severe_eating_disorder_risk""]",en,pending,69,Eating Disorders Self-Help Resources - Information Sheets & Workbooks,,
CCI_DISORDERED_EATING_ef558191_00001_77174599ae17,CCI_DISORDERED_EATING,Disordered Eating self-help resources,professional_knowledge,psychoeducation_only,normal,"[""adolescents"", ""young_adults"", ""adults""]","[""eating_disorders"", ""body_image"", ""self_compassion"", ""severe_eating_disorder_risk""]",en,pending,449,About Us {13C84218-8872-401E-9A13-665E425F6639} Overview {7EF6D75B-FB24-4CFB-83F9-FFED6BBFB1C7} History {416A02EE-C352-4E67-B8D9-3FDDF364BFEC} Staff Profiles {772CBF40-D3B1-403A-A380-98719879EF34} Contact Us {20E42572-FBD7-4A54-AFB8-26F7943,,
CCI_DISORDERED_EATING_ef558191_00002_74f062a0d6df,CCI_DISORDERED_EATING,Disordered Eating self-help resources,professional_knowledge,psychoeducation_only,normal,"[""adolescents"", ""young_adults"", ""adults""]","[""eating_disorders"", ""body_image"", ""self_compassion"", ""severe_eating_disorder_risk""]",en,pending,631,Treatment {2C7A58A1-CAB6-4894-A249-385DBE7F0BDD} Overview {3B8CEAEA-75FD-4911-B697-32D8032A64BA} Mood Management Course {E5043A33-376E-48C6-A012-F54669333AF9} Bipolar Course {69206959-9FFB-4746-92B8-5448BA0F4292} Social Anxiety Course {E4BE,,
CCI_DISORDERED_EATING_ef558191_00003_6c25032b4608,CCI_DISORDERED_EATING,Disordered Eating self-help resources,professional_knowledge,psychoeducation_only,normal,"[""adolescents"", ""young_adults"", ""adults""]","[""eating_disorders"", ""body_image"", ""self_compassion"", ""severe_eating_disorder_risk""]",en,pending,483,Overview {3B8CEAEA-75FD-4911-B697-32D8032A64BA}  Mood Management Course {E5043A33-376E-48C6-A012-F54669333AF9}  Bipolar Course {69206959-9FFB-4746-92B8-5448BA0F4292}  Social Anxiety Course {E4BEFFA4-2B4E-40DC-8F66-72575A3B384F}  Worry and R,,
CCI_DISORDERED_EATING_ef558191_00004_acac48e38397,CCI_DISORDERED_EATING,Disordered Eating self-help resources,professional_knowledge,psychoeducation_only,normal,"[""adolescents"", ""young_adults"", ""adults""]","[""eating_disorders"", ""body_image"", ""self_compassion"", ""severe_eating_disorder_risk""]",en,pending,357,Referrals {CEEADE79-E4ED-4F5C-845F-D39ED38BD37F}  Program Brochures {5BD5F4C2-63BD-4B71-93CD-40A09CCD298F}  Research {BD082FA6-3B64-486D-A4EE-1EC408935430} Overview {1B492127-3D4E-499D-8511-DA43342E7D4F} Publications {7CEA13EF-69CE-4038-97C,,
CCI_DISORDERED_EATING_ef558191_00005_f57b68200b32,CCI_DISORDERED_EATING,Disordered Eating self-help resources,professional_knowledge,psychoeducation_only,normal,"[""adolescents"", ""young_adults"", ""adults""]","[""eating_disorders"", ""body_image"", ""self_compassion"", ""severe_eating_disorder_risk""]",en,pending,468,Training {1079BB30-579E-4029-AE76-2FAC2BB19240} Training Calendar {ADCC280B-41DE-4B04-B655-32C6B2B6847C} Workshop Descriptions {E00B9888-8C77-4736-BD7E-2BE496EEC873} Register for Training {CD0EFBAC-8E33-4858-92C5-618AC70612A4} Demonstration,,
CCI_DISORDERED_EATING_ef558191_00006_a95f36e81d17,CCI_DISORDERED_EATING,Disordered Eating self-help resources,professional_knowledge,psychoeducation_only,normal,"[""adolescents"", ""young_adults"", ""adults""]","[""eating_disorders"", ""body_image"", ""self_compassion"", ""severe_eating_disorder_risk""]",en,pending,445,Demonstration Videos {506B5ABA-EDD5-4EB8-A974-F7AC784EF9B8}  Resources {9B249EB4-588A-4F8C-9D4D-21C41E23834B} Overview {74035F8D-632C-4A56-9863-012015F4679D} Looking After Yourself {0403180E-42C9-4A3F-A5A9-2C70C1AD00E8} Looking After Others,,
CCI_DISORDERED_EATING_ef558191_00007_364bc8b1cd4a,CCI_DISORDERED_EATING,Disordered Eating self-help resources,professional_knowledge,psychoeducation_only,normal,"[""adolescents"", ""young_adults"", ""adults""]","[""eating_disorders"", ""body_image"", ""self_compassion"", ""severe_eating_disorder_risk""]",en,pending,159,Looking After Others {CF57F18B-F088-4BB8-B7F3-80E52B7AC29C}  For Clinicians {4359E14E-A412-4B30-97A6-E7D2B3ACDF96}  News {68C85B6A-D6C6-4F59-9CCF-ED8F4C157F56},,
CCI_DISORDERED_EATING_ef558191_00008_97741ab72664,CCI_DISORDERED_EATING,Disordered Eating self-help resources,professional_knowledge,psychoeducation_only,normal,"[""adolescents"", ""young_adults"", ""adults""]","[""eating_disorders"", ""body_image"", ""self_compassion"", ""severe_eating_disorder_risk""]",en,pending,497,"Eating disorders are serious mental illnesses that are associated with potentially life-threatening physical effects. Eating disorders involve unhelpful beliefs about eating, weight and shape and unhelpful behaviours (such as binge-eating, ",,
CCI_DISORDERED_EATING_ef558191_00009_9ab2dfd78851,CCI_DISORDERED_EATING,Disordered Eating self-help resources,professional_knowledge,psychoeducation_only,normal,"[""adolescents"", ""young_adults"", ""adults""]","[""eating_disorders"", ""body_image"", ""self_compassion"", ""severe_eating_disorder_risk""]",en,pending,851,"These modules provide clear, scientific information about eating disorders and guide consumers through key components of cognitive behavioural therapy for eating disorders (CBT-ED). Break Free From ED covers features of eating disorders and",,
CCI_DISORDERED_EATING_ef558191_00010_ac01a5ae5b9a,CCI_DISORDERED_EATING,Disordered Eating self-help resources,professional_knowledge,psychoeducation_only,normal,"[""adolescents"", ""young_adults"", ""adults""]","[""eating_disorders"", ""body_image"", ""self_compassion"", ""severe_eating_disorder_risk""]",en,pending,327,"The Break Free From ED modules are informed by evidence-based treatments, and reference materials by leading eating disorder clinicians including Glenn Waller, Christopher Fairburn and Tracey Wade, and are designed so that consumers can eit",,
CCI_DISORDERED_EATING_ef558191_00011_c0d01e7adf96,CCI_DISORDERED_EATING,Disordered Eating self-help resources,professional_knowledge,psychoeducation_only,normal,"[""adolescents"", ""young_adults"", ""adults""]","[""eating_disorders"", ""body_image"", ""self_compassion"", ""severe_eating_disorder_risk""]",en,pending,410,"This workbook is designed as an active guide to recovering from an eating disorder. It aims to provide you with information about eating disorders and the factors that keep them going, and to teach you strategies to make changes to your beh",,
CCI_DISORDERED_EATING_ef558191_00012_d469cb9f3795,CCI_DISORDERED_EATING,Disordered Eating self-help resources,professional_knowledge,psychoeducation_only,normal,"[""adolescents"", ""young_adults"", ""adults""]","[""eating_disorders"", ""body_image"", ""self_compassion"", ""severe_eating_disorder_risk""]",en,pending,361,"This module introduces you to eating disorders, their impact on physical, psychological and social functioning, and some of the factors that can lead to the development of an eating disorder.  This module takes you through the key factors t",,
CCI_DISORDERED_EATING_ef558191_00013_e47b2c7b0992,CCI_DISORDERED_EATING,Disordered Eating self-help resources,professional_knowledge,psychoeducation_only,normal,"[""adolescents"", ""young_adults"", ""adults""]","[""eating_disorders"", ""body_image"", ""self_compassion"", ""severe_eating_disorder_risk""]",en,pending,371,"This module discusses the many factors that influence the number on the scale, explores how much control people really have over their weight, and introduces Weekly Weighing.  This module introduces self-monitoring, a key strategy that assi",,
CCI_DISORDERED_EATING_ef558191_00014_c3ecf44bd307,CCI_DISORDERED_EATING,Disordered Eating self-help resources,professional_knowledge,psychoeducation_only,normal,"[""adolescents"", ""young_adults"", ""adults""]","[""eating_disorders"", ""body_image"", ""self_compassion"", ""severe_eating_disorder_risk""]",en,pending,389,"This module discusses the relationship between what you eat and your energy levels, highlighting the impacts of low and high energy and guiding you through understanding how your own eating impacts your energy levels.  This module introduce",,
CCI_DISORDERED_EATING_ef558191_00015_e9d8dc275314,CCI_DISORDERED_EATING,Disordered Eating self-help resources,professional_knowledge,psychoeducation_only,normal,"[""adolescents"", ""young_adults"", ""adults""]","[""eating_disorders"", ""body_image"", ""self_compassion"", ""severe_eating_disorder_risk""]",en,pending,433,"This module focuses on another aspect of ‘Eating for Recovery’, the variety of your nutritional intake, highlighting the importance of tackling rigid food rules and experimenting with feared foods.  This module provides information about bi",,
CCI_DISORDERED_EATING_ef558191_00016_f7f91aaafa3d,CCI_DISORDERED_EATING,Disordered Eating self-help resources,professional_knowledge,psychoeducation_only,normal,"[""adolescents"", ""young_adults"", ""adults""]","[""eating_disorders"", ""body_image"", ""self_compassion"", ""severe_eating_disorder_risk""]",en,pending,403,This module provides information about driven exercise and introduces strategies for developing a more healthy and balanced relationship with moving your body.  This module discusses body checking and uses experiments to examine whether bod,,
CCI_DISORDERED_EATING_ef558191_00017_c27369a4237d,CCI_DISORDERED_EATING,Disordered Eating self-help resources,professional_knowledge,psychoeducation_only,normal,"[""adolescents"", ""young_adults"", ""adults""]","[""eating_disorders"", ""body_image"", ""self_compassion"", ""severe_eating_disorder_risk""]",en,pending,419,"This module introduces core beliefs, discussing the role these play in maintaining eating disorder behaviours and introducing strategies to challenge them.  This final module summarises the key strategies from the workbook and guides you th",,
CCI_DISORDERED_EATING_ef558191_00018_9a9b2f9c0dfa,CCI_DISORDERED_EATING,Disordered Eating self-help resources,professional_knowledge,psychoeducation_only,normal,"[""adolescents"", ""young_adults"", ""adults""]","[""eating_disorders"", ""body_image"", ""self_compassion"", ""severe_eating_disorder_risk""]",en,pending,85,"Click the link above to download all modules in this workbook at once, as a zip file.",,
CCI_DISORDERED_EATING_ef558191_00019_36956093ee97,CCI_DISORDERED_EATING,Disordered Eating self-help resources,professional_knowledge,psychoeducation_only,normal,"[""adolescents"", ""young_adults"", ""adults""]","[""eating_disorders"", ""body_image"", ""self_compassion"", ""severe_eating_disorder_risk""]",en,pending,49,What Are Eating Disorders?  What is Binge Eating?,,
CCI_DISORDERED_EATING_ef558191_00020_a2e5e5da8cde,CCI_DISORDERED_EATING,Disordered Eating self-help resources,professional_knowledge,psychoeducation_only,normal,"[""adolescents"", ""young_adults"", ""adults""]","[""eating_disorders"", ""body_image"", ""self_compassion"", ""severe_eating_disorder_risk""]",en,pending,72,Eating Disorders and Neurobiology  Eating Disorders: What Are the Risks?,,
CCI_DISORDERED_EATING_ef558191_00021_6566e6071984,CCI_DISORDERED_EATING,Disordered Eating self-help resources,professional_knowledge,psychoeducation_only,normal,"[""adolescents"", ""young_adults"", ""adults""]","[""eating_disorders"", ""body_image"", ""self_compassion"", ""severe_eating_disorder_risk""]",en,pending,139,Avoidant Restrictive Food Intake Disorder  Unhelpful Weight Messages in Healthcare Settings  Artificial Intelligence and Your Mental Health,,
CCI_DISORDERED_EATING_ef558191_00022_8a206e90035d,CCI_DISORDERED_EATING,Disordered Eating self-help resources,professional_knowledge,psychoeducation_only,normal,"[""adolescents"", ""young_adults"", ""adults""]","[""eating_disorders"", ""body_image"", ""self_compassion"", ""severe_eating_disorder_risk""]",en,pending,26,A Guide to Self-Monitoring,,
CCI_DISORDERED_EATING_ef558191_00023_26a323af8f0f,CCI_DISORDERED_EATING,Disordered Eating self-help resources,professional_knowledge,psychoeducation_only,normal,"[""adolescents"", ""young_adults"", ""adults""]","[""eating_disorders"", ""body_image"", ""self_compassion"", ""severe_eating_disorder_risk""]",en,pending,27,What are Safety Behaviours?,,
CCI_DISORDERED_EATING_ef558191_00024_bc310a7aa43f,CCI_DISORDERED_EATING,Disordered Eating self-help resources,professional_knowledge,psychoeducation_only,normal,"[""adolescents"", ""young_adults"", ""adults""]","[""eating_disorders"", ""body_image"", ""self_compassion"", ""severe_eating_disorder_risk""]",en,pending,35,Normal Eating vs. Disordered Eating,,
CCI_DISORDERED_EATING_ef558191_00025_06c57a4db578,CCI_DISORDERED_EATING,Disordered Eating self-help resources,professional_knowledge,psychoeducation_only,normal,"[""adolescents"", ""young_adults"", ""adults""]","[""eating_disorders"", ""body_image"", ""self_compassion"", ""severe_eating_disorder_risk""]",en,pending,34,Dietary Guidelines During Recovery,,
CCI_DISORDERED_EATING_ef558191_00026_40359196d5a4,CCI_DISORDERED_EATING,Disordered Eating self-help resources,professional_knowledge,psychoeducation_only,normal,"[""adolescents"", ""young_adults"", ""adults""]","[""eating_disorders"", ""body_image"", ""self_compassion"", ""severe_eating_disorder_risk""]",en,pending,34,Metabolism and Energy Requirements,,
CCI_DISORDERED_EATING_ef558191_00027_d7f4e47a6e71,CCI_DISORDERED_EATING,Disordered Eating self-help resources,professional_knowledge,psychoeducation_only,normal,"[""adolescents"", ""young_adults"", ""adults""]","[""eating_disorders"", ""body_image"", ""self_compassion"", ""severe_eating_disorder_risk""]",en,pending,62,Making Sense of Serving Sizes  Carbohydrates - Myths and Facts,,
CCI_DISORDERED_EATING_ef558191_00028_692d16cec865,CCI_DISORDERED_EATING,Disordered Eating self-help resources,professional_knowledge,psychoeducation_only,normal,"[""adolescents"", ""young_adults"", ""adults""]","[""eating_disorders"", ""body_image"", ""self_compassion"", ""severe_eating_disorder_risk""]",en,pending,36,Vegetarian Diet and Eating Disorders,,
CCI_DISORDERED_EATING_ef558191_00029_811b79b7c270,CCI_DISORDERED_EATING,Disordered Eating self-help resources,professional_knowledge,psychoeducation_only,normal,"[""adolescents"", ""young_adults"", ""adults""]","[""eating_disorders"", ""body_image"", ""self_compassion"", ""severe_eating_disorder_risk""]",en,pending,61,Eating Disorders and Hormones  Eating Disorders and Pregnancy,,
CCI_DISORDERED_EATING_ef558191_00030_bc20b3400c6b,CCI_DISORDERED_EATING,Disordered Eating self-help resources,professional_knowledge,psychoeducation_only,normal,"[""adolescents"", ""young_adults"", ""adults""]","[""eating_disorders"", ""body_image"", ""self_compassion"", ""severe_eating_disorder_risk""]",en,pending,35,Body Image and Body Dissatisfaction,,
CCI_DISORDERED_EATING_ef558191_00031_978ae8bfcbd2,CCI_DISORDERED_EATING,Disordered Eating self-help resources,professional_knowledge,psychoeducation_only,normal,"[""adolescents"", ""young_adults"", ""adults""]","[""eating_disorders"", ""body_image"", ""self_compassion"", ""severe_eating_disorder_risk""]",en,pending,42,Download all information sheets (zip file),,
CCI_DISORDERED_EATING_ef558191_00032_caa34ea89819,CCI_DISORDERED_EATING,Disordered Eating self-help resources,professional_knowledge,psychoeducation_only,normal,"[""adolescents"", ""young_adults"", ""adults""]","[""eating_disorders"", ""body_image"", ""self_compassion"", ""severe_eating_disorder_risk""]",en,pending,325,"Self-Monitoring Form  If you worry a lot about features of your appearance that are not related to your body weight or shape, you may find our body dysmorphia resources helpful.  If worries about your appearance are having a negative impact",,
CCI_DISORDERED_EATING_ef558191_00033_c810871bf233,CCI_DISORDERED_EATING,Disordered Eating self-help resources,professional_knowledge,psychoeducation_only,normal,"[""adolescents"", ""young_adults"", ""adults""]","[""eating_disorders"", ""body_image"", ""self_compassion"", ""severe_eating_disorder_risk""]",en,pending,473,"Some people with eating disorders have difficulties with perfectionism. This means they hold themselves to unrealistically high standards in many different areas of their life. If this is a problem for you, you may find our resources on add",,
CCI_DISORDERED_EATING_ef558191_00034_e35cfc1c2bc1,CCI_DISORDERED_EATING,Disordered Eating self-help resources,professional_knowledge,psychoeducation_only,normal,"[""adolescents"", ""young_adults"", ""adults""]","[""eating_disorders"", ""body_image"", ""self_compassion"", ""severe_eating_disorder_risk""]",en,pending,74,Phone: (08) 9227 4399 Fax: (08) 9328 5911 Email: Visit the Contact us page,,
CCI_DISORDERED_EATING_ef558191_00035_0d364666ec3c,CCI_DISORDERED_EATING,Disordered Eating self-help resources,professional_knowledge,psychoeducation_only,normal,"[""adolescents"", ""young_adults"", ""adults""]","[""eating_disorders"", ""body_image"", ""self_compassion"", ""severe_eating_disorder_risk""]",en,pending,105,"Centre for Clinical Interventions 223 James Street Northbridge, WA 6003 Australia  Copyright & Disclaimer",,
CCI_DISORDERED_EATING_ef558191_00036_99fb39e4ecc9,CCI_DISORDERED_EATING,Disordered Eating self-help resources,professional_knowledge,psychoeducation_only,normal,"[""adolescents"", ""young_adults"", ""adults""]","[""eating_disorders"", ""body_image"", ""self_compassion"", ""severe_eating_disorder_risk""]",en,pending,170,"Centre for Clinical Interventions is brought to you by the Department of Health, Western Australia  Copyright 2025; All contents copyright Government of Western Australia",,
NICE_SELF_HARM_d77a0488_00000_df28ca3f8982,NICE_SELF_HARM,"Self-harm: assessment, management and preventing recurrence",safety,safety_only,safety_route_only,"[""adolescents"", ""adults"", ""older_adults""]","[""self_harm"", ""suicidal_thoughts"", ""safety_planning_principles"", ""referral_guidance""]",en,pending,133,"Self-harm: assessment, management and preventing recurrence NICE guideline Published: 7 September 2022 www.nice.org.uk/guidance/ng225",,
NICE_SELF_HARM_d77a0488_00001_8028e3cc1c80,NICE_SELF_HARM,"Self-harm: assessment, management and preventing recurrence",safety,safety_only,safety_route_only,"[""adolescents"", ""adults"", ""older_adults""]","[""self_harm"", ""suicidal_thoughts"", ""safety_planning_principles"", ""referral_guidance""]",en,pending,839,"Your responsibility The recommendations in this guideline represent the view of NICE, arrived at after careful consideration of the evidence available. When exercising their judgement, professionals and practitioners are expected to take th",,
NICE_SELF_HARM_d77a0488_00002_0f7f5aad84e0,NICE_SELF_HARM,"Self-harm: assessment, management and preventing recurrence",safety,safety_only,safety_route_only,"[""adolescents"", ""adults"", ""older_adults""]","[""self_harm"", ""suicidal_thoughts"", ""safety_planning_principles"", ""referral_guidance""]",en,pending,803,Local commissioners and providers of healthcare have a responsibility to enable the guideline to be applied when individual professionals and people using services wish to use it. They should do so in the context of local and national prior,,
NICE_SELF_HARM_d77a0488_00003_79d773b5d1a0,NICE_SELF_HARM,"Self-harm: assessment, management and preventing recurrence",safety,safety_only,safety_route_only,"[""adolescents"", ""adults"", ""older_adults""]","[""self_harm"", ""suicidal_thoughts"", ""safety_planning_principles"", ""referral_guidance""]",en,pending,884,Contents Overview ..................................................................................................................................... 6 Who is it for? .......................................................................,,
NICE_SELF_HARM_d77a0488_00004_be30946d6eda,NICE_SELF_HARM,"Self-harm: assessment, management and preventing recurrence",safety,safety_only,safety_route_only,"[""adolescents"", ""adults"", ""older_adults""]","[""self_harm"", ""suicidal_thoughts"", ""safety_planning_principles"", ""referral_guidance""]",en,pending,879,11 1.4 Involving family members and carers ............................................................................................ 11 1.5 Psychosocial assessment and care by mental health professionals .................................,,
NICE_SELF_HARM_d77a0488_00005_b76c78c6dc48,NICE_SELF_HARM,"Self-harm: assessment, management and preventing recurrence",safety,safety_only,safety_route_only,"[""adolescents"", ""adults"", ""older_adults""]","[""self_harm"", ""suicidal_thoughts"", ""safety_planning_principles"", ""referral_guidance""]",en,pending,860,29 1.11 Interventions for self-harm ............................................................................................................ 30 1.12 Supporting people to be safe after self-harm ..........................................,,
NICE_SELF_HARM_d77a0488_00006_75fa1e8ab7cb,NICE_SELF_HARM,"Self-harm: assessment, management and preventing recurrence",safety,safety_only,safety_route_only,"[""adolescents"", ""adults"", ""older_adults""]","[""self_harm"", ""suicidal_thoughts"", ""safety_planning_principles"", ""referral_guidance""]",en,pending,861,41 Care plan ................................................................................................................................................ 41 Cognitive behavioural therapy-informed psychological intervention .............,,
NICE_SELF_HARM_d77a0488_00007_971fecad4d0e,NICE_SELF_HARM,"Self-harm: assessment, management and preventing recurrence",safety,safety_only,safety_route_only,"[""adolescents"", ""adults"", ""older_adults""]","[""self_harm"", ""suicidal_thoughts"", ""safety_planning_principles"", ""referral_guidance""]",en,pending,306,42 Mechanical restraint ............................................................................................................................. 42 Psychosocial assessment ...............................................................,,
NICE_SELF_HARM_d77a0488_00008_b0b280b8be71,NICE_SELF_HARM,"Self-harm: assessment, management and preventing recurrence",safety,safety_only,safety_route_only,"[""adolescents"", ""adults"", ""older_adults""]","[""self_harm"", ""suicidal_thoughts"", ""safety_planning_principles"", ""referral_guidance""]",en,pending,895,Risk formulation ..................................................................................................................................... 42 Safety plan ..........................................................................,,
NICE_SELF_HARM_d77a0488_00009_9a8a17725916,NICE_SELF_HARM,"Self-harm: assessment, management and preventing recurrence",safety,safety_only,safety_route_only,"[""adolescents"", ""adults"", ""older_adults""]","[""self_harm"", ""suicidal_thoughts"", ""safety_planning_principles"", ""referral_guidance""]",en,pending,857,44 2 Assessment in non-specialist settings ............................................................................................ 44 3 Routine admission to hospital .....................................................................,,
NICE_SELF_HARM_d77a0488_00010_268f2a91cbb6,NICE_SELF_HARM,"Self-harm: assessment, management and preventing recurrence",safety,safety_only,safety_route_only,"[""adolescents"", ""adults"", ""older_adults""]","[""self_harm"", ""suicidal_thoughts"", ""safety_planning_principles"", ""referral_guidance""]",en,pending,799,47 Consent and confidentiality ................................................................................................................. 48 Safeguarding ...............................................................................,,
NICE_SELF_HARM_d77a0488_00011_bbb690e5e254,NICE_SELF_HARM,"Self-harm: assessment, management and preventing recurrence",safety,safety_only,safety_route_only,"[""adolescents"", ""adults"", ""older_adults""]","[""self_harm"", ""suicidal_thoughts"", ""safety_planning_principles"", ""referral_guidance""]",en,pending,812,54 Assessment and care by professionals from other sectors .............................................................. 59 Admission to and discharge from hospital ..........................................................................,,
NICE_SELF_HARM_d77a0488_00012_069cdb36a8d8,NICE_SELF_HARM,"Self-harm: assessment, management and preventing recurrence",safety,safety_only,safety_route_only,"[""adolescents"", ""adults"", ""older_adults""]","[""self_harm"", ""suicidal_thoughts"", ""safety_planning_principles"", ""referral_guidance""]",en,pending,595,70 Training ................................................................................................................................................... 71 Supervision .................................................................,,
NICE_SELF_HARM_d77a0488_00013_08de9a4c7e0f,NICE_SELF_HARM,"Self-harm: assessment, management and preventing recurrence",safety,safety_only,safety_route_only,"[""adolescents"", ""adults"", ""older_adults""]","[""self_harm"", ""suicidal_thoughts"", ""safety_planning_principles"", ""referral_guidance""]",en,pending,148,Update information .................................................................................................................... 77 Page 5 of,,
NICE_SELF_HARM_d77a0488_00014_b94aa8b5aae2,NICE_SELF_HARM,"Self-harm: assessment, management and preventing recurrence",safety,safety_only,safety_route_only,"[""adolescents"", ""adults"", ""older_adults""]","[""self_harm"", ""suicidal_thoughts"", ""safety_planning_principles"", ""referral_guidance""]",en,pending,882,"This guideline replaces CG16 and CG133. This guideline is the basis of QS34 and QS189. Overview This guideline covers assessment, management and preventing recurrence for children, young people and adults who have self-harmed. It includes t",,
NICE_SELF_HARM_d77a0488_00015_339e569ca94e,NICE_SELF_HARM,"Self-harm: assessment, management and preventing recurrence",safety,safety_only,safety_route_only,"[""adolescents"", ""adults"", ""older_adults""]","[""self_harm"", ""suicidal_thoughts"", ""safety_planning_principles"", ""referral_guidance""]",en,pending,491,"Recommendations People have the right to be involved in discussions and make informed decisions about their care, as described in NICE's information on making decisions about your care. Making decisions using NICE guidelines explains how we",,
NICE_SELF_HARM_d77a0488_00016_4f7310d7dca0,NICE_SELF_HARM,"Self-harm: assessment, management and preventing recurrence",safety,safety_only,safety_route_only,"[""adolescents"", ""adults"", ""older_adults""]","[""self_harm"", ""suicidal_thoughts"", ""safety_planning_principles"", ""referral_guidance""]",en,pending,803,"Health and care professionals should follow our general guidelines for people delivering care: • babies, children and young people's experience of healthcare • decision making and mental capacity • medicines adherence • medicines associated",,
NICE_SELF_HARM_d77a0488_00017_f0dcd2f4ea8b,NICE_SELF_HARM,"Self-harm: assessment, management and preventing recurrence",safety,safety_only,safety_route_only,"[""adolescents"", ""adults"", ""older_adults""]","[""self_harm"", ""suicidal_thoughts"", ""safety_planning_principles"", ""referral_guidance""]",en,pending,867,"need to take other relevant national guidance into account, the recommendations in the guideline may need to be tailored for certain criminal justice system settings during implementation. Putting recommendations into practice can take time",,
NICE_SELF_HARM_d77a0488_00018_b5c1a6f56361,NICE_SELF_HARM,"Self-harm: assessment, management and preventing recurrence",safety,safety_only,safety_route_only,"[""adolescents"", ""adults"", ""older_adults""]","[""self_harm"", ""suicidal_thoughts"", ""safety_planning_principles"", ""referral_guidance""]",en,pending,578,"Share information with family members or carers (as appropriate). Topics to discuss include: • what self-harm is • why people self-harm and, where possible, the specific circumstances of the person • support and treatments available • self-",,
NICE_SELF_HARM_d77a0488_00019_1ccc8ab4b3f0,NICE_SELF_HARM,"Self-harm: assessment, management and preventing recurrence",safety,safety_only,safety_route_only,"[""adolescents"", ""adults"", ""older_adults""]","[""self_harm"", ""suicidal_thoughts"", ""safety_planning_principles"", ""referral_guidance""]",en,pending,598,1.1.2 Provide information and support for the family members or carers (as appropriate) of the person who has self-harmed. Topics to discuss include: • the emotional impact on the person and their family members or carers • advice on how to,,
NICE_SELF_HARM_d77a0488_00020_346d457cf126,NICE_SELF_HARM,"Self-harm: assessment, management and preventing recurrence",safety,safety_only,safety_route_only,"[""adolescents"", ""adults"", ""older_adults""]","[""self_harm"", ""suicidal_thoughts"", ""safety_planning_principles"", ""referral_guidance""]",en,pending,748,"1.1.3 Information for people who have self-harmed and their family members or carers should be tailored to their individual needs and circumstances, taking into account, for example: • whether this is a first presentation or repeat self-har",,
NICE_SELF_HARM_d77a0488_00021_e0793cb9b282,NICE_SELF_HARM,"Self-harm: assessment, management and preventing recurrence",safety,safety_only,safety_route_only,"[""adolescents"", ""adults"", ""older_adults""]","[""self_harm"", ""suicidal_thoughts"", ""safety_planning_principles"", ""referral_guidance""]",en,pending,894,"they might affect practice, see the rationale and impact section on information and support. • evidence review A: information and support needs of people who have self- harmed • evidence review B: information and support needs of families a",,
NICE_SELF_HARM_d77a0488_00022_4bff6ecdc9b8,NICE_SELF_HARM,"Self-harm: assessment, management and preventing recurrence",safety,safety_only,safety_route_only,"[""adolescents"", ""adults"", ""older_adults""]","[""self_harm"", ""suicidal_thoughts"", ""safety_planning_principles"", ""referral_guidance""]",en,pending,236,"they might affect practice, see the rationale and impact section on consent and confidentiality. Full details of the evidence and the committee's discussion are in evidence review C: consent, confidentiality and safeguarding. Page 10 of",,
NICE_SELF_HARM_d77a0488_00023_48f3e7657438,NICE_SELF_HARM,"Self-harm: assessment, management and preventing recurrence",safety,safety_only,safety_route_only,"[""adolescents"", ""adults"", ""older_adults""]","[""self_harm"", ""suicidal_thoughts"", ""safety_planning_principles"", ""referral_guidance""]",en,pending,819,"1.3 Safeguarding 1.3.1 All staff who have contact with people who self-harm should: • understand when and how to apply the safeguarding principles of the Care Act 2014, the Children Act 1989, and the Children and Families Act 2014 • ask abo",,
NICE_SELF_HARM_d77a0488_00024_a53500aff77d,NICE_SELF_HARM,"Self-harm: assessment, management and preventing recurrence",safety,safety_only,safety_route_only,"[""adolescents"", ""adults"", ""older_adults""]","[""self_harm"", ""suicidal_thoughts"", ""safety_planning_principles"", ""referral_guidance""]",en,pending,762,"1.3.2 If people who self-harm are referred to local health and social care services under local safeguarding procedures, use a multi-agency approach, including education and/or third sector services, to ensure that different areas of the pe",,
NICE_SELF_HARM_d77a0488_00025_d480b4d76117,NICE_SELF_HARM,"Self-harm: assessment, management and preventing recurrence",safety,safety_only,safety_route_only,"[""adolescents"", ""adults"", ""older_adults""]","[""self_harm"", ""suicidal_thoughts"", ""safety_planning_principles"", ""referral_guidance""]",en,pending,623,"1.4.2 If the person who has self-harmed finds it difficult to vocalise their distress when they are in need of care, support the person and their family members or carers (as appropriate) in trying alternative methods of communication (such",,
NICE_SELF_HARM_d77a0488_00026_6a17dc0320c0,NICE_SELF_HARM,"Self-harm: assessment, management and preventing recurrence",safety,safety_only,safety_route_only,"[""adolescents"", ""adults"", ""older_adults""]","[""self_harm"", ""suicidal_thoughts"", ""safety_planning_principles"", ""referral_guidance""]",en,pending,836,"1.5 Psychosocial assessment and care by mental health professionals 1.5.1 At the earliest opportunity after an episode of self-harm, a mental health professional should carry out a psychosocial assessment to: • develop a collaborative thera",,
NICE_SELF_HARM_d77a0488_00027_61fcb5b5b950,NICE_SELF_HARM,"Self-harm: assessment, management and preventing recurrence",safety,safety_only,safety_route_only,"[""adolescents"", ""adults"", ""older_adults""]","[""self_harm"", ""suicidal_thoughts"", ""safety_planning_principles"", ""referral_guidance""]",en,pending,899,"1.5.5 If the person is not able to participate in the psychosocial assessment, ensure that they have regular reviews, and complete a psychosocial assessment as soon as possible. 1.5.6 If the person who has self-harmed has agreed a care plan",,
NICE_SELF_HARM_d77a0488_00028_b5182e7fbd61,NICE_SELF_HARM,"Self-harm: assessment, management and preventing recurrence",safety,safety_only,safety_route_only,"[""adolescents"", ""adults"", ""older_adults""]","[""self_harm"", ""suicidal_thoughts"", ""safety_planning_principles"", ""referral_guidance""]",en,pending,734,"1.5.9 During the psychosocial assessment, explore the functions of self-harm for the person. Take into account: • the person's values, wishes and what matters to them • the need for psychological interventions, social care and support, or o",,
NICE_SELF_HARM_d77a0488_00029_353b214d7e2d,NICE_SELF_HARM,"Self-harm: assessment, management and preventing recurrence",safety,safety_only,safety_route_only,"[""adolescents"", ""adults"", ""older_adults""]","[""self_harm"", ""suicidal_thoughts"", ""safety_planning_principles"", ""referral_guidance""]",en,pending,810,"1.5.10 During the psychosocial assessment, explore the following to identify the person's strengths, vulnerabilities and needs: • historic factors • changeable and current factors • future factors, including specific upcoming events or circ",,
NICE_SELF_HARM_d77a0488_00030_8dcae21a9997,NICE_SELF_HARM,"Self-harm: assessment, management and preventing recurrence",safety,safety_only,safety_route_only,"[""adolescents"", ""adults"", ""older_adults""]","[""self_harm"", ""suicidal_thoughts"", ""safety_planning_principles"", ""referral_guidance""]",en,pending,684,"1.5.12 For older people who have self-harmed, ensure that a mental health professional experienced in assessing older people who self-harm carries out the psychosocial assessment. They should: • pay particular attention to the potential pre",,
NICE_SELF_HARM_d77a0488_00031_e78f0d6a623f,NICE_SELF_HARM,"Self-harm: assessment, management and preventing recurrence",safety,safety_only,safety_route_only,"[""adolescents"", ""adults"", ""older_adults""]","[""self_harm"", ""suicidal_thoughts"", ""safety_planning_principles"", ""referral_guidance""]",en,pending,792,health professional experienced in assessing people with a learning disability who self-harm carries out the psychosocial assessment. 1.5.14 If a person has self-harmed and presents to services but wants to leave before a full psychosocial ,,
NICE_SELF_HARM_d77a0488_00032_35fe12cc02f4,NICE_SELF_HARM,"Self-harm: assessment, management and preventing recurrence",safety,safety_only,safety_route_only,"[""adolescents"", ""adults"", ""older_adults""]","[""self_harm"", ""suicidal_thoughts"", ""safety_planning_principles"", ""referral_guidance""]",en,pending,697,"1.5.17 If a person presents with frequent episodes of self-harm or if treatment has not been effective, carry out a multidisciplinary review with the person and those involved in their care and support, and others who may need to be involve",,
NICE_SELF_HARM_d77a0488_00033_7122926761f2,NICE_SELF_HARM,"Self-harm: assessment, management and preventing recurrence",safety,safety_only,safety_route_only,"[""adolescents"", ""adults"", ""older_adults""]","[""self_harm"", ""suicidal_thoughts"", ""safety_planning_principles"", ""referral_guidance""]",en,pending,797,"they might affect practice, see the rationale and impact section on psychosocial assessment and care by mental health professionals. • evidence review F: assessment in specialist settings • evidence review G: risk assessment and formulation",,
NICE_SELF_HARM_d77a0488_00034_9164d5183146,NICE_SELF_HARM,"Self-harm: assessment, management and preventing recurrence",safety,safety_only,safety_route_only,"[""adolescents"", ""adults"", ""older_adults""]","[""self_harm"", ""suicidal_thoughts"", ""safety_planning_principles"", ""referral_guidance""]",en,pending,369,1.6.5 Focus the assessment (see the section on principles for assessment and care by healthcare professionals and social care practitioners) on the person's needs and how to support their immediate and long-term psychological and physical s,,
NICE_SELF_HARM_d77a0488_00035_cc53e48d8855,NICE_SELF_HARM,"Self-harm: assessment, management and preventing recurrence",safety,safety_only,safety_route_only,"[""adolescents"", ""adults"", ""older_adults""]","[""self_harm"", ""suicidal_thoughts"", ""safety_planning_principles"", ""referral_guidance""]",en,pending,220,"they might affect practice, see the rationale and impact section on risk assessment tools and scales. Full details of the evidence and the committee's discussion are in evidence review G: risk assessment and formulation.",,
NICE_SELF_HARM_d77a0488_00036_f5d5668f2b12,NICE_SELF_HARM,"Self-harm: assessment, management and preventing recurrence",safety,safety_only,safety_route_only,"[""adolescents"", ""adults"", ""older_adults""]","[""self_harm"", ""suicidal_thoughts"", ""safety_planning_principles"", ""referral_guidance""]",en,pending,1102,1.7 Assessment and care by healthcare professionals and social care practitioners Principles for assessment and care by healthcare professionals and social care practitioners 1.7.1 When a person presents to a healthcare professional or soci,,
NICE_SELF_HARM_d77a0488_00037_19e21b0e1b37,NICE_SELF_HARM,"Self-harm: assessment, management and preventing recurrence",safety,safety_only,safety_route_only,"[""adolescents"", ""adults"", ""older_adults""]","[""self_harm"", ""suicidal_thoughts"", ""safety_planning_principles"", ""referral_guidance""]",en,pending,200,"1.7.2 When a person presents to a healthcare professional or social care practitioner following an episode of self-harm, the professional should establish the following as soon as possible: Page 17 of",,
NICE_SELF_HARM_d77a0488_00038_e9a44264740a,NICE_SELF_HARM,"Self-harm: assessment, management and preventing recurrence",safety,safety_only,safety_route_only,"[""adolescents"", ""adults"", ""older_adults""]","[""self_harm"", ""suicidal_thoughts"", ""safety_planning_principles"", ""referral_guidance""]",en,pending,667,"• the severity of the injury and how urgently medical treatment is needed • the person's emotional and mental state, and level of distress • whether there is immediate concern about the person's safety • whether there are any safeguarding c",,
NICE_SELF_HARM_d77a0488_00039_cfba55c04152,NICE_SELF_HARM,"Self-harm: assessment, management and preventing recurrence",safety,safety_only,safety_route_only,"[""adolescents"", ""adults"", ""older_adults""]","[""self_harm"", ""suicidal_thoughts"", ""safety_planning_principles"", ""referral_guidance""]",en,pending,865,"1.7.5 Do not use aversive treatment, punitive approaches or criminal justice approaches such as community protection notices, criminal behaviour orders or prosecution for high service use as an intervention for frequent self-harm episodes. ",,
NICE_SELF_HARM_d77a0488_00040_14ab2eaccc5f,NICE_SELF_HARM,"Self-harm: assessment, management and preventing recurrence",safety,safety_only,safety_route_only,"[""adolescents"", ""adults"", ""older_adults""]","[""self_harm"", ""suicidal_thoughts"", ""safety_planning_principles"", ""referral_guidance""]",en,pending,640,"• the person asks for further support from mental health services • levels of distress in family members or carers of children, young people and adults are rising, high or sustained, despite attempts to help. 1.7.8 If the person who has sel",,
NICE_SELF_HARM_d77a0488_00041_948585f93192,NICE_SELF_HARM,"Self-harm: assessment, management and preventing recurrence",safety,safety_only,safety_route_only,"[""adolescents"", ""adults"", ""older_adults""]","[""self_harm"", ""suicidal_thoughts"", ""safety_planning_principles"", ""referral_guidance""]",en,pending,715,"Assessment and care by ambulance staff and paramedics 1.7.9 When attending a person who has self-harmed but who does not need urgent physical care, ambulance staff and paramedics should: • discuss with the person the best way that the ambul",,
NICE_SELF_HARM_d77a0488_00042_d8043428667c,NICE_SELF_HARM,"Self-harm: assessment, management and preventing recurrence",safety,safety_only,safety_route_only,"[""adolescents"", ""adults"", ""older_adults""]","[""self_harm"", ""suicidal_thoughts"", ""safety_planning_principles"", ""referral_guidance""]",en,pending,697,"－ initial emotional state and level of distress － any medicines found at their home. 1.7.10 When attending a person who has self-harmed but who does not need urgent physical care, ambulance staff and paramedics should discuss with the perso",,
NICE_SELF_HARM_d77a0488_00043_85d8eeb14ce7,NICE_SELF_HARM,"Self-harm: assessment, management and preventing recurrence",safety,safety_only,safety_route_only,"[""adolescents"", ""adults"", ""older_adults""]","[""self_harm"", ""suicidal_thoughts"", ""safety_planning_principles"", ""referral_guidance""]",en,pending,880,"Assessment and care by non-mental health emergency department professionals 1.7.12 When a person attends the emergency department or minor injury unit following an episode of self-harm, emergency department staff responsible for initial ass",,
NICE_SELF_HARM_d77a0488_00044_e3797f2e0786,NICE_SELF_HARM,"Self-harm: assessment, management and preventing recurrence",safety,safety_only,safety_route_only,"[""adolescents"", ""adults"", ""older_adults""]","[""self_harm"", ""suicidal_thoughts"", ""safety_planning_principles"", ""referral_guidance""]",en,pending,810,"services, or for children and young people, crisis response service (or an equivalent specialist mental health service or a suitably skilled mental health professional) as soon as possible after arrival, for a psychosocial assessment (see t",,
NICE_SELF_HARM_d77a0488_00045_cf9102e30682,NICE_SELF_HARM,"Self-harm: assessment, management and preventing recurrence",safety,safety_only,safety_route_only,"[""adolescents"", ""adults"", ""older_adults""]","[""self_harm"", ""suicidal_thoughts"", ""safety_planning_principles"", ""referral_guidance""]",en,pending,803,"1.7.16 Ensure that the waiting area in the emergency department for people who have self-harmed is close to staff who can provide care, support and observation. 1.7.17 Ensure that appropriate joint governance arrangements are in place so th",,
NICE_SELF_HARM_d77a0488_00046_a55cbce54c3a,NICE_SELF_HARM,"Self-harm: assessment, management and preventing recurrence",safety,safety_only,safety_route_only,"[""adolescents"", ""adults"", ""older_adults""]","[""self_harm"", ""suicidal_thoughts"", ""safety_planning_principles"", ""referral_guidance""]",en,pending,157,1.7.18 Do not use mechanical restraint in emergency departments to prevent self-harm or to prevent a person from leaving the emergency department. Page 21 of,,
NICE_SELF_HARM_d77a0488_00047_3427b56b01c7,NICE_SELF_HARM,"Self-harm: assessment, management and preventing recurrence",safety,safety_only,safety_route_only,"[""adolescents"", ""adults"", ""older_adults""]","[""self_harm"", ""suicidal_thoughts"", ""safety_planning_principles"", ""referral_guidance""]",en,pending,710,"Also see the NICE guideline on violence and aggression for recommendations about mechanical restraint. 1.7.19 Ensure that policies and procedures are in place for people who have self-harmed who wish to leave, or have left, the emergency de",,
NICE_SELF_HARM_d77a0488_00048_d14e4be8f044,NICE_SELF_HARM,"Self-harm: assessment, management and preventing recurrence",safety,safety_only,safety_route_only,"[""adolescents"", ""adults"", ""older_adults""]","[""self_harm"", ""suicidal_thoughts"", ""safety_planning_principles"", ""referral_guidance""]",en,pending,745,"Assessment and care in general hospital settings 1.7.21 When a person is admitted to hospital following an episode of self-harm, offer referral to age-appropriate liaison psychiatry services (or an equivalent specialist mental health servic",,
NICE_SELF_HARM_d77a0488_00049_bcae67cab98a,NICE_SELF_HARM,"Self-harm: assessment, management and preventing recurrence",safety,safety_only,safety_route_only,"[""adolescents"", ""adults"", ""older_adults""]","[""self_harm"", ""suicidal_thoughts"", ""safety_planning_principles"", ""referral_guidance""]",en,pending,331,"1.7.23 Mental health and acute ward staff should jointly decide the need for close observation on a case-by-case basis, taking into account the person's views and ensuring that observation is: • by appropriately skilled and trained healthca",,
NICE_SELF_HARM_d77a0488_00050_0542a1e56ad8,NICE_SELF_HARM,"Self-harm: assessment, management and preventing recurrence",safety,safety_only,safety_route_only,"[""adolescents"", ""adults"", ""older_adults""]","[""self_harm"", ""suicidal_thoughts"", ""safety_planning_principles"", ""referral_guidance""]",en,pending,858,• reviewed regularly. 1.7.24 Children and young people who have been admitted to a paediatric ward following an episode of self-harm should have: • access to a specialist child and adolescent mental health service (CAMHS or children and you,,
NICE_SELF_HARM_d77a0488_00051_81973e42225c,NICE_SELF_HARM,"Self-harm: assessment, management and preventing recurrence",safety,safety_only,safety_route_only,"[""adolescents"", ""adults"", ""older_adults""]","[""self_harm"", ""suicidal_thoughts"", ""safety_planning_principles"", ""referral_guidance""]",en,pending,518,"1.7.26 If self-harm has been identified during a social care assessment or through ongoing work, seek advice from, or refer the person to, the local urgent and emergency mental health service. 1.7.27 Continue to offer social care support an",,
NICE_SELF_HARM_d77a0488_00052_207c44d4dbbd,NICE_SELF_HARM,"Self-harm: assessment, management and preventing recurrence",safety,safety_only,safety_route_only,"[""adolescents"", ""adults"", ""older_adults""]","[""self_harm"", ""suicidal_thoughts"", ""safety_planning_principles"", ""referral_guidance""]",en,pending,728,"they might affect practice, see the rationale and impact section on assessment and care by healthcare professionals and social care practitioners. • evidence review E: assessment in non-specialist settings • evidence review T: models of car",,
NICE_SELF_HARM_d77a0488_00053_b344973d4a3f,NICE_SELF_HARM,"Self-harm: assessment, management and preventing recurrence",safety,safety_only,safety_route_only,"[""adolescents"", ""adults"", ""older_adults""]","[""self_harm"", ""suicidal_thoughts"", ""safety_planning_principles"", ""referral_guidance""]",en,pending,650,"Principles for assessment and care by professionals from other sectors 1.8.1 When a person who has self-harmed presents to a non-health professional, for example, a teacher or a member of staff in the criminal justice system, the non- healt",,
NICE_SELF_HARM_d77a0488_00054_801eb979a903,NICE_SELF_HARM,"Self-harm: assessment, management and preventing recurrence",safety,safety_only,safety_route_only,"[""adolescents"", ""adults"", ""older_adults""]","[""self_harm"", ""suicidal_thoughts"", ""safety_planning_principles"", ""referral_guidance""]",en,pending,484,"• seek advice from a healthcare professional or social care practitioners, which may include referral to a healthcare or mental health service • ensure that the person is aware of sources of support such as local NHS urgent mental health he",,
NICE_SELF_HARM_d77a0488_00055_814299a1f97e,NICE_SELF_HARM,"Self-harm: assessment, management and preventing recurrence",safety,safety_only,safety_route_only,"[""adolescents"", ""adults"", ""older_adults""]","[""self_harm"", ""suicidal_thoughts"", ""safety_planning_principles"", ""referral_guidance""]",en,pending,749,"1.8.2 When a person presents to a non-health professional, for example, a teacher or a member of staff in the criminal justice system, the non-health professional should establish the following as soon as possible: • the severity of the inj",,
NICE_SELF_HARM_d77a0488_00056_a15319421ac4,NICE_SELF_HARM,"Self-harm: assessment, management and preventing recurrence",safety,safety_only,safety_route_only,"[""adolescents"", ""adults"", ""older_adults""]","[""self_harm"", ""suicidal_thoughts"", ""safety_planning_principles"", ""referral_guidance""]",en,pending,214,These should include: • how to identify self-harm behaviours • how to assess the needs of students • what do to if they suspect a student is self-harming • how to support the student's close friends and peer group.,,
NICE_SELF_HARM_d77a0488_00057_f9e9b385cd89,NICE_SELF_HARM,"Self-harm: assessment, management and preventing recurrence",safety,safety_only,safety_route_only,"[""adolescents"", ""adults"", ""older_adults""]","[""self_harm"", ""suicidal_thoughts"", ""safety_planning_principles"", ""referral_guidance""]",en,pending,737,1.8.4 Educational settings should have a designated lead responsible for: • ensuring that self-harm policies and procedures are implemented • ensuring that self-harm policies and procedures are regularly reviewed and kept up-to-date in line,,
NICE_SELF_HARM_d77a0488_00058_fc1531b04a22,NICE_SELF_HARM,"Self-harm: assessment, management and preventing recurrence",safety,safety_only,safety_route_only,"[""adolescents"", ""adults"", ""older_adults""]","[""self_harm"", ""suicidal_thoughts"", ""safety_planning_principles"", ""referral_guidance""]",en,pending,817,"1.8.6 For students who have self-harmed, the designated lead should seek the advice of mental health professionals to develop a support plan with the student and their family members and carers (as appropriate) for when they are in the educ",,
NICE_SELF_HARM_d77a0488_00059_cf3279cf1340,NICE_SELF_HARM,"Self-harm: assessment, management and preventing recurrence",safety,safety_only,safety_route_only,"[""adolescents"", ""adults"", ""older_adults""]","[""self_harm"", ""suicidal_thoughts"", ""safety_planning_principles"", ""referral_guidance""]",en,pending,864,1.8.9 Staff in criminal justice settings and other secure settings such as immigration removal centres should be aware of support services available to them to support their own wellbeing. 1.8.10 Staff in criminal justice settings and other,,
NICE_SELF_HARM_d77a0488_00060_a1fc441c1add,NICE_SELF_HARM,"Self-harm: assessment, management and preventing recurrence",safety,safety_only,safety_route_only,"[""adolescents"", ""adults"", ""older_adults""]","[""self_harm"", ""suicidal_thoughts"", ""safety_planning_principles"", ""referral_guidance""]",en,pending,639,1.8.12 Staff in criminal justice settings and other secure settings such as immigration removal centres should ensure that people who have self-harmed have a safe location to await assessment or treatment following an episode of self-harm. ,,
NICE_SELF_HARM_d77a0488_00061_5f26292cd4e4,NICE_SELF_HARM,"Self-harm: assessment, management and preventing recurrence",safety,safety_only,safety_route_only,"[""adolescents"", ""adults"", ""older_adults""]","[""self_harm"", ""suicidal_thoughts"", ""safety_planning_principles"", ""referral_guidance""]",en,pending,793,"1.9.1 Consider admission to a general hospital after an episode of self-harm if: • there are concerns about the safety of the person (for example, the person is at risk of violence, abuse or exploitation) and psychiatric admission is not in",,
NICE_SELF_HARM_d77a0488_00062_b6a7708d19f7,NICE_SELF_HARM,"Self-harm: assessment, management and preventing recurrence",safety,safety_only,safety_route_only,"[""adolescents"", ""adults"", ""older_adults""]","[""self_harm"", ""suicidal_thoughts"", ""safety_planning_principles"", ""referral_guidance""]",en,pending,855,"1.9.4 Do not delay carrying out a psychosocial assessment or offering mental health treatment if the person is admitted to hospital or needs treatment for physical injuries. 1.9.5 If a person self-harms during a hospital admission, follow t",,
NICE_SELF_HARM_d77a0488_00063_428437e39575,NICE_SELF_HARM,"Self-harm: assessment, management and preventing recurrence",safety,safety_only,safety_route_only,"[""adolescents"", ""adults"", ""older_adults""]","[""self_harm"", ""suicidal_thoughts"", ""safety_planning_principles"", ""referral_guidance""]",en,pending,792,"they might affect practice, see the rationale and impact section on admission to and discharge from hospital. Full details of the evidence and the committee's discussion are in evidence review H: admission to hospital. 1.10 Initial aftercar",,
NICE_SELF_HARM_d77a0488_00064_aab0ffe14908,NICE_SELF_HARM,"Self-harm: assessment, management and preventing recurrence",safety,safety_only,safety_route_only,"[""adolescents"", ""adults"", ""older_adults""]","[""self_harm"", ""suicidal_thoughts"", ""safety_planning_principles"", ""referral_guidance""]",en,pending,511,"1.10.2 If there are ongoing safety concerns for the person after an episode of self-harm, the mental health team, GP, team who carried out the psychosocial assessment or the team responsible for their care should provide initial aftercare w",,
NICE_SELF_HARM_d77a0488_00065_6818a499a42d,NICE_SELF_HARM,"Self-harm: assessment, management and preventing recurrence",safety,safety_only,safety_route_only,"[""adolescents"", ""adults"", ""older_adults""]","[""self_harm"", ""suicidal_thoughts"", ""safety_planning_principles"", ""referral_guidance""]",en,pending,271,"1.11 Interventions for self-harm The recommendations in this section apply to all healthcare professionals unless otherwise stated. 1.11.1 When planning treatment following self-harm, take into account any associated coexisting conditions a",,
NICE_SELF_HARM_d77a0488_00066_e8c97871e4e9,NICE_SELF_HARM,"Self-harm: assessment, management and preventing recurrence",safety,safety_only,safety_route_only,"[""adolescents"", ""adults"", ""older_adults""]","[""self_harm"", ""suicidal_thoughts"", ""safety_planning_principles"", ""referral_guidance""]",en,pending,823,"1.11.2 For guidance on how to treat coexisting conditions that may be related to self- harm, also see the NICE guidelines on: • Alcohol-use disorders • Autism spectrum disorder in adults • Autism spectrum disorder in under 19s • Bipolar dis",,
NICE_SELF_HARM_d77a0488_00067_751c9186ffa4,NICE_SELF_HARM,"Self-harm: assessment, management and preventing recurrence",safety,safety_only,safety_route_only,"[""adolescents"", ""adults"", ""older_adults""]","[""self_harm"", ""suicidal_thoughts"", ""safety_planning_principles"", ""referral_guidance""]",en,pending,806,"• Psychosis and schizophrenia in adults • Post-traumatic stress disorder. 1.11.3 Offer a structured, person-centred, cognitive behavioural therapy (CBT)-informed psychological intervention (for example, CBT or problem-solving therapy) that ",,
NICE_SELF_HARM_d77a0488_00068_fe1627602932,NICE_SELF_HARM,"Self-harm: assessment, management and preventing recurrence",safety,safety_only,safety_route_only,"[""adolescents"", ""adults"", ""older_adults""]","[""self_harm"", ""suicidal_thoughts"", ""safety_planning_principles"", ""referral_guidance""]",en,pending,779,"1.11.5 Healthcare staff should be appropriately trained and supervised in the therapy they are offering to people who self-harm. 1.11.6 Work collaboratively with the person, using a strengths-based approach to identify solutions to reduce t",,
NICE_SELF_HARM_d77a0488_00069_3ef6db7f5625,NICE_SELF_HARM,"Self-harm: assessment, management and preventing recurrence",safety,safety_only,safety_route_only,"[""adolescents"", ""adults"", ""older_adults""]","[""self_harm"", ""suicidal_thoughts"", ""safety_planning_principles"", ""referral_guidance""]",en,pending,818,"• identify family members or friends to provide support and/or help resolve the crisis • include contact details for the mental health service, including out-of-hours services and emergency contact details • keep the environment safe by wor",,
NICE_SELF_HARM_d77a0488_00070_367f25e3b376,NICE_SELF_HARM,"Self-harm: assessment, management and preventing recurrence",safety,safety_only,safety_route_only,"[""adolescents"", ""adults"", ""older_adults""]","[""self_harm"", ""suicidal_thoughts"", ""safety_planning_principles"", ""referral_guidance""]",en,pending,529,"1.11.10 Do not offer drug treatment as a specific intervention to reduce self-harm. Harm minimisation Although ways to self-harm safely are often considered a harm minimisation strategy, this guideline does not make any recommendations abou",,
NICE_SELF_HARM_d77a0488_00071_5b76efaf9304,NICE_SELF_HARM,"Self-harm: assessment, management and preventing recurrence",safety,safety_only,safety_route_only,"[""adolescents"", ""adults"", ""older_adults""]","[""self_harm"", ""suicidal_thoughts"", ""safety_planning_principles"", ""referral_guidance""]",en,pending,859,"• as part of an overall approach to the person's ongoing recovery-focused care and support, and not as a standalone intervention and • after being discussed and agreed in a collaborative way with the person and their family members or carer",,
NICE_SELF_HARM_d77a0488_00072_5c8e6d3c67b2,NICE_SELF_HARM,"Self-harm: assessment, management and preventing recurrence",safety,safety_only,safety_route_only,"[""adolescents"", ""adults"", ""older_adults""]","[""self_harm"", ""suicidal_thoughts"", ""safety_planning_principles"", ""referral_guidance""]",en,pending,467,"Therapeutic risk taking 1.11.14 Therapeutic risk taking should only be used after a psychosocial assessment (see the section on psychosocial assessment and care by mental health professionals), and should: • include other relevant professio",,
NICE_SELF_HARM_d77a0488_00073_baa9bd0dde53,NICE_SELF_HARM,"Self-harm: assessment, management and preventing recurrence",safety,safety_only,safety_route_only,"[""adolescents"", ""adults"", ""older_adults""]","[""self_harm"", ""suicidal_thoughts"", ""safety_planning_principles"", ""referral_guidance""]",en,pending,791,"• be concurrent with psychiatric care if necessary. they might affect practice, see the rationale and impact section on interventions for self-harm. • evidence review J: psychological and psychosocial interventions • evidence review K: phar",,
NICE_SELF_HARM_d77a0488_00074_33dcc407d6a0,NICE_SELF_HARM,"Self-harm: assessment, management and preventing recurrence",safety,safety_only,safety_route_only,"[""adolescents"", ""adults"", ""older_adults""]","[""self_harm"", ""suicidal_thoughts"", ""safety_planning_principles"", ""referral_guidance""]",en,pending,459,"1.12.2 Do not use staff who are untrained in clinical observation (for example, security staff or trainee health and social care staff) to undertake such observations in a person who has self-harmed. 1.12.3 Ensure that the care plans of peo",,
NICE_SELF_HARM_d77a0488_00075_e7608e936530,NICE_SELF_HARM,"Self-harm: assessment, management and preventing recurrence",safety,safety_only,safety_route_only,"[""adolescents"", ""adults"", ""older_adults""]","[""self_harm"", ""suicidal_thoughts"", ""safety_planning_principles"", ""referral_guidance""]",en,pending,820,"accessible to the people they are caring for, to encourage interaction, particularly during handovers and busy periods. 1.12.5 Assess the safety of the environment, balancing respect for the person's autonomy against the need for restrictio",,
NICE_SELF_HARM_d77a0488_00076_5bdd3c882a92,NICE_SELF_HARM,"Self-harm: assessment, management and preventing recurrence",safety,safety_only,safety_route_only,"[""adolescents"", ""adults"", ""older_adults""]","[""self_harm"", ""suicidal_thoughts"", ""safety_planning_principles"", ""referral_guidance""]",en,pending,678,Full details of the evidence and the committee's discussion are in evidence review N: supporting people to be safe after self-harm. 1.13 Safer prescribing and dispensing The recommendations in this section apply to all healthcare profession,,
NICE_SELF_HARM_d77a0488_00077_9aeca74506a7,NICE_SELF_HARM,"Self-harm: assessment, management and preventing recurrence",safety,safety_only,safety_route_only,"[""adolescents"", ""adults"", ""older_adults""]","[""self_harm"", ""suicidal_thoughts"", ""safety_planning_principles"", ""referral_guidance""]",en,pending,863,• the person's wider access to medicines prescribed for themselves or others • the need for effective communication where multiple prescribers are involved. Also see the section on reducing access to methods of suicide in the NICE guideline,,
NICE_SELF_HARM_d77a0488_00078_1f20a0a9c541,NICE_SELF_HARM,"Self-harm: assessment, management and preventing recurrence",safety,safety_only,safety_route_only,"[""adolescents"", ""adults"", ""older_adults""]","[""self_harm"", ""suicidal_thoughts"", ""safety_planning_principles"", ""referral_guidance""]",en,pending,861,"For people with learning disabilities or autism or both, the NHS England STOMP-STAMP principles may be useful. 1.13.4 Community pharmacy staff should be aware of warning signs relating to self- harm, such as identifying people who are in ac",,
NICE_SELF_HARM_d77a0488_00079_0087bd8291ab,NICE_SELF_HARM,"Self-harm: assessment, management and preventing recurrence",safety,safety_only,safety_route_only,"[""adolescents"", ""adults"", ""older_adults""]","[""self_harm"", ""suicidal_thoughts"", ""safety_planning_principles"", ""referral_guidance""]",en,pending,749,"1.14 Training 1.14.1 Training for all staff who work with people of any age who self-harm should: • involve people who self-harm and, where appropriate, their families or carers, and staff in the planning, delivery and evaluation of trainin",,
NICE_SELF_HARM_d77a0488_00080_bd517e9860ef,NICE_SELF_HARM,"Self-harm: assessment, management and preventing recurrence",safety,safety_only,safety_route_only,"[""adolescents"", ""adults"", ""older_adults""]","[""self_harm"", ""suicidal_thoughts"", ""safety_planning_principles"", ""referral_guidance""]",en,pending,784,"Training should cover: • the range of different behaviours that can be considered self-harm • treating and managing episodes of self-harm, including de-escalation using the least restrictive measures • discussing self-harm with the person i",,
NICE_SELF_HARM_d77a0488_00081_108baaab5d88,NICE_SELF_HARM,"Self-harm: assessment, management and preventing recurrence",safety,safety_only,safety_route_only,"[""adolescents"", ""adults"", ""older_adults""]","[""self_harm"", ""suicidal_thoughts"", ""safety_planning_principles"", ""referral_guidance""]",en,pending,877,"• education about the stigma and discrimination usually associated with self- harm and the need to avoid judgemental attitudes • recognising the impact of other diagnoses and comorbidities, and how they interact with self-harm • balancing p",,
NICE_SELF_HARM_d77a0488_00082_aabc029eed27,NICE_SELF_HARM,"Self-harm: assessment, management and preventing recurrence",safety,safety_only,safety_route_only,"[""adolescents"", ""adults"", ""older_adults""]","[""self_harm"", ""suicidal_thoughts"", ""safety_planning_principles"", ""referral_guidance""]",en,pending,156,"1.14.4 All staff observing people who have self-harmed should also be trained in therapeutic observation methods, including engagement and rapport building.",,
NICE_SELF_HARM_d77a0488_00083_232dfd14a8bb,NICE_SELF_HARM,"Self-harm: assessment, management and preventing recurrence",safety,safety_only,safety_route_only,"[""adolescents"", ""adults"", ""older_adults""]","[""self_harm"", ""suicidal_thoughts"", ""safety_planning_principles"", ""referral_guidance""]",en,pending,815,"they might affect practice, see the rationale and impact section on training. • evidence review P: skills required by staff in specialist settings • evidence review R: skills required by staff in non-specialist settings • evidence review N:",,
NICE_SELF_HARM_d77a0488_00084_e7d2fd7cde5f,NICE_SELF_HARM,"Self-harm: assessment, management and preventing recurrence",safety,safety_only,safety_route_only,"[""adolescents"", ""adults"", ""older_adults""]","[""self_harm"", ""suicidal_thoughts"", ""safety_planning_principles"", ""referral_guidance""]",en,pending,460,"1.15.2 Ensure that all staff working with people who self-harm have easily accessible ongoing support from senior staff with relevant skills, training and experience. Support should include: • clear lines of responsibility around decision m",,
NICE_SELF_HARM_d77a0488_00085_74e62c86bfb6,NICE_SELF_HARM,"Self-harm: assessment, management and preventing recurrence",safety,safety_only,safety_route_only,"[""adolescents"", ""adults"", ""older_adults""]","[""self_harm"", ""suicidal_thoughts"", ""safety_planning_principles"", ""referral_guidance""]",en,pending,273,"by the member of staff. they might affect practice, see the rationale and impact section on supervision. • evidence review Q: supervision required for staff in specialist mental health settings • evidence review S: supervision required for ",,
NICE_SELF_HARM_d77a0488_00086_87abea731e41,NICE_SELF_HARM,"Self-harm: assessment, management and preventing recurrence",safety,safety_only,safety_route_only,"[""adolescents"", ""adults"", ""older_adults""]","[""self_harm"", ""suicidal_thoughts"", ""safety_planning_principles"", ""referral_guidance""]",en,pending,702,Terms used in this guideline This section defines terms that have been used in a particular way for this guideline. Care plan The plan of treatment or healthcare to be provided to the service user. It typically documents the needs and safet,,
NICE_SELF_HARM_d77a0488_00087_1fe046f85da5,NICE_SELF_HARM,"Self-harm: assessment, management and preventing recurrence",safety,safety_only,safety_route_only,"[""adolescents"", ""adults"", ""older_adults""]","[""self_harm"", ""suicidal_thoughts"", ""safety_planning_principles"", ""referral_guidance""]",en,pending,899,"The Cochrane review that NICE drew on to evaluate research evidence for this guideline used a broad conceptualisation that included treatments focused on modifying thoughts, behaviours, and problem-solving skills. Clinical observation A the",,
NICE_SELF_HARM_d77a0488_00088_fd3238ec42b6,NICE_SELF_HARM,"Self-harm: assessment, management and preventing recurrence",safety,safety_only,safety_route_only,"[""adolescents"", ""adults"", ""older_adults""]","[""self_harm"", ""suicidal_thoughts"", ""safety_planning_principles"", ""referral_guidance""]",en,pending,865,"strategies and policies within the education setting for the care of students with mental health problems, including self-harm. The designated lead liaises with external agencies and parents to work collaboratively in supporting students' n",,
NICE_SELF_HARM_d77a0488_00089_1604ef68b532,NICE_SELF_HARM,"Self-harm: assessment, management and preventing recurrence",safety,safety_only,safety_route_only,"[""adolescents"", ""adults"", ""older_adults""]","[""self_harm"", ""suicidal_thoughts"", ""safety_planning_principles"", ""referral_guidance""]",en,pending,741,"Harm minimisation Harm minimisation is an approach to self-harm that accepts the person's continued urge to self-harm while aiming to keep long-term damage and frequency of injury to a minimum. It can include suggestions to avoid, delay or ",,
NICE_SELF_HARM_d77a0488_00090_4fd69b90199a,NICE_SELF_HARM,"Self-harm: assessment, management and preventing recurrence",safety,safety_only,safety_route_only,"[""adolescents"", ""adults"", ""older_adults""]","[""self_harm"", ""suicidal_thoughts"", ""safety_planning_principles"", ""referral_guidance""]",en,pending,183,Risk formulation A collaborative process between the person who has self-harmed and a mental health professional that aims to summarise the person's current risks and difficulties and,,
NICE_SELF_HARM_d77a0488_00091_15cfdcd86ebf,NICE_SELF_HARM,"Self-harm: assessment, management and preventing recurrence",safety,safety_only,safety_route_only,"[""adolescents"", ""adults"", ""older_adults""]","[""self_harm"", ""suicidal_thoughts"", ""safety_planning_principles"", ""referral_guidance""]",en,pending,805,"understand why they are happening in order to inform a treatment plan. Formulation typically includes taking into consideration historical factors and experiences, more recent problems, and existing strengths and resources. Safety plan A wr",,
NICE_SELF_HARM_d77a0488_00092_b49a590d9cb6,NICE_SELF_HARM,"Self-harm: assessment, management and preventing recurrence",safety,safety_only,safety_route_only,"[""adolescents"", ""adults"", ""older_adults""]","[""self_harm"", ""suicidal_thoughts"", ""safety_planning_principles"", ""referral_guidance""]",en,pending,546,"Therapeutic risk taking A process that aims to empower people who self-harm to make decisions about their own safety and to take risks to enable recovery. Key principles include joint decision making, clear information sharing, drawing on e",,
NICE_SELF_HARM_d77a0488_00093_42e979b5da2c,NICE_SELF_HARM,"Self-harm: assessment, management and preventing recurrence",safety,safety_only,safety_route_only,"[""adolescents"", ""adults"", ""older_adults""]","[""self_harm"", ""suicidal_thoughts"", ""safety_planning_principles"", ""referral_guidance""]",en,pending,892,"Recommendations for research The guideline committee has made the following recommendations for research. 1 Models of care What is the effectiveness of different models of care for children and young people who self-harm? research, see the ",,
NICE_SELF_HARM_d77a0488_00094_04aa2ed8c34d,NICE_SELF_HARM,"Self-harm: assessment, management and preventing recurrence",safety,safety_only,safety_route_only,"[""adolescents"", ""adults"", ""older_adults""]","[""self_harm"", ""suicidal_thoughts"", ""safety_planning_principles"", ""referral_guidance""]",en,pending,840,"Professionals from other sectors research, see the rationale section on assessment and care by professionals from other sectors. Full details of the evidence and the committee's discussion are in evidence review E: assessment in non-special",,
NICE_SELF_HARM_d77a0488_00095_8f5814849eee,NICE_SELF_HARM,"Self-harm: assessment, management and preventing recurrence",safety,safety_only,safety_route_only,"[""adolescents"", ""adults"", ""older_adults""]","[""self_harm"", ""suicidal_thoughts"", ""safety_planning_principles"", ""referral_guidance""]",en,pending,131,Full details of the evidence and the committee's discussion are in evidence review J: psychological and psychosocial interventions.,,
NICE_SELF_HARM_d77a0488_00096_b9904037ccc5,NICE_SELF_HARM,"Self-harm: assessment, management and preventing recurrence",safety,safety_only,safety_route_only,"[""adolescents"", ""adults"", ""older_adults""]","[""self_harm"", ""suicidal_thoughts"", ""safety_planning_principles"", ""referral_guidance""]",en,pending,330,"5 Harm minimisation What is the experience, feasibility, acceptability and effectiveness of harm minimisation strategies for people who self-harm? research, see the rationale section on interventions for self-harm. Full details of the evide",,
NICE_SELF_HARM_d77a0488_00097_76ce15ce162f,NICE_SELF_HARM,"Self-harm: assessment, management and preventing recurrence",safety,safety_only,safety_route_only,"[""adolescents"", ""adults"", ""older_adults""]","[""self_harm"", ""suicidal_thoughts"", ""safety_planning_principles"", ""referral_guidance""]",en,pending,855,Rationale and impact These sections briefly explain why the committee made the recommendations and how they might affect practice. Information and support Recommendations 1.1.1 to 1.1.4 There was evidence on the information that people who ,,
NICE_SELF_HARM_d77a0488_00098_f71b4725272a,NICE_SELF_HARM,"Self-harm: assessment, management and preventing recurrence",safety,safety_only,safety_route_only,"[""adolescents"", ""adults"", ""older_adults""]","[""self_harm"", ""suicidal_thoughts"", ""safety_planning_principles"", ""referral_guidance""]",en,pending,821,The committee agreed that information should be available to the person's family and carers where appropriate and in agreement with the person. There was evidence that family members and carers have additional information and support needs ,,
NICE_SELF_HARM_d77a0488_00099_584b4fc2539f,NICE_SELF_HARM,"Self-harm: assessment, management and preventing recurrence",safety,safety_only,safety_route_only,"[""adolescents"", ""adults"", ""older_adults""]","[""self_harm"", ""suicidal_thoughts"", ""safety_planning_principles"", ""referral_guidance""]",en,pending,130,The evidence also suggested that people and their family and carers find it difficult to get the information or support they need.,,
NICE_SELF_HARM_d77a0488_00100_70684965b299,NICE_SELF_HARM,"Self-harm: assessment, management and preventing recurrence",safety,safety_only,safety_route_only,"[""adolescents"", ""adults"", ""older_adults""]","[""self_harm"", ""suicidal_thoughts"", ""safety_planning_principles"", ""referral_guidance""]",en,pending,807,The committee discussed existing NICE guidelines that have important information about how to appropriately provide information and support to people and agreed that the guidelines are relevant for people who have self-harmed. The recommend,,
NICE_SELF_HARM_d77a0488_00101_3a45b4bea805,NICE_SELF_HARM,"Self-harm: assessment, management and preventing recurrence",safety,safety_only,safety_route_only,"[""adolescents"", ""adults"", ""older_adults""]","[""self_harm"", ""suicidal_thoughts"", ""safety_planning_principles"", ""referral_guidance""]",en,pending,817,"The recommendations may mean that providers need to change the information they give, but the cost should be minimal and will result in people who self- harm and their family and carers being better informed about self-harm and their care o",,
NICE_SELF_HARM_d77a0488_00102_9044e14fe77f,NICE_SELF_HARM,"Self-harm: assessment, management and preventing recurrence",safety,safety_only,safety_route_only,"[""adolescents"", ""adults"", ""older_adults""]","[""self_harm"", ""suicidal_thoughts"", ""safety_planning_principles"", ""referral_guidance""]",en,pending,694,"decisions about a person's care without their consent or when breaching confidentiality. They recommended that staff have access to experienced colleagues for advice at all times, and to legal advice as needed to allow them to provide care ",,
NICE_SELF_HARM_d77a0488_00103_3ce0cc1ad25d,NICE_SELF_HARM,"Self-harm: assessment, management and preventing recurrence",safety,safety_only,safety_route_only,"[""adolescents"", ""adults"", ""older_adults""]","[""self_harm"", ""suicidal_thoughts"", ""safety_planning_principles"", ""referral_guidance""]",en,pending,858,"This was supported by qualitative evidence from review for involving family members and carers, that family members and carers want to be more involved in the management of self-harm, whereas people who have self-harmed find information sha",,
NICE_SELF_HARM_d77a0488_00104_0a89bf4d09f5,NICE_SELF_HARM,"Self-harm: assessment, management and preventing recurrence",safety,safety_only,safety_route_only,"[""adolescents"", ""adults"", ""older_adults""]","[""self_harm"", ""suicidal_thoughts"", ""safety_planning_principles"", ""referral_guidance""]",en,pending,296,This will enable staff to intervene in situations where safeguarding is a concern to reduce the risk of further harm to the person. The committee agree that a multi-agency approach to safeguarding would promote collaborative working between,,
NICE_SELF_HARM_d77a0488_00105_1a6175b51f97,NICE_SELF_HARM,"Self-harm: assessment, management and preventing recurrence",safety,safety_only,safety_route_only,"[""adolescents"", ""adults"", ""older_adults""]","[""self_harm"", ""suicidal_thoughts"", ""safety_planning_principles"", ""referral_guidance""]",en,pending,604,"therefore improving the service provided to the person. These recommendations are in line with existing recommended practice, but may also enable better communication and transitions across services through multi-agency approaches. Involvin",,
NICE_SELF_HARM_d77a0488_00106_e3af29c0cac8,NICE_SELF_HARM,"Self-harm: assessment, management and preventing recurrence",safety,safety_only,safety_route_only,"[""adolescents"", ""adults"", ""older_adults""]","[""self_harm"", ""suicidal_thoughts"", ""safety_planning_principles"", ""referral_guidance""]",en,pending,806,"The committee highlighted if the person has not given consent, family and carers can still share information with healthcare professionals, which can provide helpful insights to make a holistic assessment of, and base their professional jud",,
NICE_SELF_HARM_d77a0488_00107_b7202a738bbe,NICE_SELF_HARM,"Self-harm: assessment, management and preventing recurrence",safety,safety_only,safety_route_only,"[""adolescents"", ""adults"", ""older_adults""]","[""self_harm"", ""suicidal_thoughts"", ""safety_planning_principles"", ""referral_guidance""]",en,pending,171,These recommendations should make it easier for healthcare professionals to recognise when it is appropriate to involve family members and carers in the care of people who,,
NICE_SELF_HARM_d77a0488_00108_2bc16f7cef7d,NICE_SELF_HARM,"Self-harm: assessment, management and preventing recurrence",safety,safety_only,safety_route_only,"[""adolescents"", ""adults"", ""older_adults""]","[""self_harm"", ""suicidal_thoughts"", ""safety_planning_principles"", ""referral_guidance""]",en,pending,795,have self-harmed. They should also enable family members and carers to be involved in care in a way that is collaborative and helpful for the person who has self-harmed. Providers may need to change how they involve family members and carer,,
NICE_SELF_HARM_d77a0488_00109_211975f0cf24,NICE_SELF_HARM,"Self-harm: assessment, management and preventing recurrence",safety,safety_only,safety_route_only,"[""adolescents"", ""adults"", ""older_adults""]","[""self_harm"", ""suicidal_thoughts"", ""safety_planning_principles"", ""referral_guidance""]",en,pending,889,"The committee agreed the factors to take into account in the psychosocial assessment, and what it should include. The committee agreed that delaying a psychosocial assessment could result in the person receiving inappropriate treatment. The",,
NICE_SELF_HARM_d77a0488_00110_c1320dddac3f,NICE_SELF_HARM,"Self-harm: assessment, management and preventing recurrence",safety,safety_only,safety_route_only,"[""adolescents"", ""adults"", ""older_adults""]","[""self_harm"", ""suicidal_thoughts"", ""safety_planning_principles"", ""referral_guidance""]",en,pending,736,"higher standard of care and inform the assessment, including whether certain questions should be prioritised. There was evidence that people value privacy and having a safe and trusted environment when discussing self-harm. The committee ag",,
NICE_SELF_HARM_d77a0488_00111_1f80e4c03769,NICE_SELF_HARM,"Self-harm: assessment, management and preventing recurrence",safety,safety_only,safety_route_only,"[""adolescents"", ""adults"", ""older_adults""]","[""self_harm"", ""suicidal_thoughts"", ""safety_planning_principles"", ""referral_guidance""]",en,pending,746,The committee discussed that briefly assessing the person if they chose to leave before a full assessment had taken place could prevent repeat self-harm or attempted suicide. The committee agreed that providing the person with a copy of the,,
NICE_SELF_HARM_d77a0488_00112_d812bb40c33a,NICE_SELF_HARM,"Self-harm: assessment, management and preventing recurrence",safety,safety_only,safety_route_only,"[""adolescents"", ""adults"", ""older_adults""]","[""self_harm"", ""suicidal_thoughts"", ""safety_planning_principles"", ""referral_guidance""]",en,pending,837,"However, the committee agreed that this recommendation was still important based on their knowledge that the individual circumstances of the person, including whether they are continuing to self-harm, should be assessed to evaluate whether ",,
NICE_SELF_HARM_d77a0488_00113_b6c43a56fa01,NICE_SELF_HARM,"Self-harm: assessment, management and preventing recurrence",safety,safety_only,safety_route_only,"[""adolescents"", ""adults"", ""older_adults""]","[""self_harm"", ""suicidal_thoughts"", ""safety_planning_principles"", ""referral_guidance""]",en,pending,870,"Most of the recommendations are based on existing recommended practice with some additional considerations that should have a minimal effect on costs, depending on how services currently assess people who have self-harmed. Risk assessment t",,
NICE_SELF_HARM_d77a0488_00114_3bdd4c72be03,NICE_SELF_HARM,"Self-harm: assessment, management and preventing recurrence",safety,safety_only,safety_route_only,"[""adolescents"", ""adults"", ""older_adults""]","[""self_harm"", ""suicidal_thoughts"", ""safety_planning_principles"", ""referral_guidance""]",en,pending,851,"The committee agreed that assessment of a person's needs, vulnerabilities, and safety should be a part of every assessment and that 'risk' should not be used to determine care management in isolation of other factors. They agreed that all s",,
NICE_SELF_HARM_d77a0488_00115_af4cc57bc8e2,NICE_SELF_HARM,"Self-harm: assessment, management and preventing recurrence",safety,safety_only,safety_route_only,"[""adolescents"", ""adults"", ""older_adults""]","[""self_harm"", ""suicidal_thoughts"", ""safety_planning_principles"", ""referral_guidance""]",en,pending,898,"Risk assessment tools and scales are still used in some settings to determine access to treatment and care. The recommendations might have an initial effect on costs, depending on how services currently assess people who have self-harmed; h",,
NICE_SELF_HARM_d77a0488_00116_11f07392e495,NICE_SELF_HARM,"Self-harm: assessment, management and preventing recurrence",safety,safety_only,safety_route_only,"[""adolescents"", ""adults"", ""older_adults""]","[""self_harm"", ""suicidal_thoughts"", ""safety_planning_principles"", ""referral_guidance""]",en,pending,799,"They agreed it is important to give advice about assessment and care in different settings, but the lack of evidence meant they were unable to be more specific. The committee made a recommendation for research on the most effective approach",,
NICE_SELF_HARM_d77a0488_00117_0c0c571b7188,NICE_SELF_HARM,"Self-harm: assessment, management and preventing recurrence",safety,safety_only,safety_route_only,"[""adolescents"", ""adults"", ""older_adults""]","[""self_harm"", ""suicidal_thoughts"", ""safety_planning_principles"", ""referral_guidance""]",en,pending,142,"Evidence showed that people who had self-harmed value positive, compassionate support after an episode of self-harm. The committee agreed that",,
NICE_SELF_HARM_d77a0488_00118_a949cace6c7e,NICE_SELF_HARM,"Self-harm: assessment, management and preventing recurrence",safety,safety_only,safety_route_only,"[""adolescents"", ""adults"", ""older_adults""]","[""self_harm"", ""suicidal_thoughts"", ""safety_planning_principles"", ""referral_guidance""]",en,pending,785,"the person carrying out the assessment should gather information from other sources, such as professionals, practitioners and family members, in order for the assessment to be as accurate as possible, and ask about potential coping strategi",,
NICE_SELF_HARM_d77a0488_00119_90ee1d675720,NICE_SELF_HARM,"Self-harm: assessment, management and preventing recurrence",safety,safety_only,safety_route_only,"[""adolescents"", ""adults"", ""older_adults""]","[""self_harm"", ""suicidal_thoughts"", ""safety_planning_principles"", ""referral_guidance""]",en,pending,631,"The committee agreed that physical healthcare and mental healthcare should always be delivered concurrently so neither is prioritised at the expense of the other, and to prevent treatment delays. Non-specialist healthcare professionals and ",,
NICE_SELF_HARM_d77a0488_00120_c5db3b803c90,NICE_SELF_HARM,"Self-harm: assessment, management and preventing recurrence",safety,safety_only,safety_route_only,"[""adolescents"", ""adults"", ""older_adults""]","[""self_harm"", ""suicidal_thoughts"", ""safety_planning_principles"", ""referral_guidance""]",en,pending,682,"Assessment and care in primary care Recommendations 1.7.6 to 1.7.8 The committee agreed that referring people to mental health services would be reassuring and ensure that people are in the most appropriate setting, and that referral should",,
NICE_SELF_HARM_d77a0488_00121_2e2384aed06b,NICE_SELF_HARM,"Self-harm: assessment, management and preventing recurrence",safety,safety_only,safety_route_only,"[""adolescents"", ""adults"", ""older_adults""]","[""self_harm"", ""suicidal_thoughts"", ""safety_planning_principles"", ""referral_guidance""]",en,pending,892,The committee agreed that information about the person's situation should be recorded because it is invaluable for mental health staff when they carry out the psychosocial assessment. The committee agreed that collaboration between ambulanc,,
NICE_SELF_HARM_d77a0488_00122_280cf6c77347,NICE_SELF_HARM,"Self-harm: assessment, management and preventing recurrence",safety,safety_only,safety_route_only,"[""adolescents"", ""adults"", ""older_adults""]","[""self_harm"", ""suicidal_thoughts"", ""safety_planning_principles"", ""referral_guidance""]",en,pending,896,"The committee also discussed factors that should be considered when deciding whether alternative services should be used, to ensure that the person receives the best possible care without delay. Assessment and care by non-mental health emer",,
NICE_SELF_HARM_d77a0488_00123_724817c09c4e,NICE_SELF_HARM,"Self-harm: assessment, management and preventing recurrence",safety,safety_only,safety_route_only,"[""adolescents"", ""adults"", ""older_adults""]","[""self_harm"", ""suicidal_thoughts"", ""safety_planning_principles"", ""referral_guidance""]",en,pending,430,Evidence from the qualitative review on the information and support needs of people who have self-harmed showed that people value privacy and a safe and trusted environment when discussing self-harm. The committee agreed that people who hav,,
NICE_SELF_HARM_d77a0488_00124_944dbac2d38d,NICE_SELF_HARM,"Self-harm: assessment, management and preventing recurrence",safety,safety_only,safety_route_only,"[""adolescents"", ""adults"", ""older_adults""]","[""self_harm"", ""suicidal_thoughts"", ""safety_planning_principles"", ""referral_guidance""]",en,pending,767,"The committee based the governance recommendations on the Healthcare Safety Information Branch (HSIB) report on investigation into the provision of mental health care to patients presenting at the emergency department (2018), which found th",,
NICE_SELF_HARM_d77a0488_00125_b2aefed62d48,NICE_SELF_HARM,"Self-harm: assessment, management and preventing recurrence",safety,safety_only,safety_route_only,"[""adolescents"", ""adults"", ""older_adults""]","[""self_harm"", ""suicidal_thoughts"", ""safety_planning_principles"", ""referral_guidance""]",en,pending,858,"The committee also agreed it is important that mechanical restraint is not used on people to prevent them from leaving the emergency department or from self-harming, because in their experience, this results in increased distress and a loss",,
NICE_SELF_HARM_d77a0488_00126_91cbe22a8d5b,NICE_SELF_HARM,"Self-harm: assessment, management and preventing recurrence",safety,safety_only,safety_route_only,"[""adolescents"", ""adults"", ""older_adults""]","[""self_harm"", ""suicidal_thoughts"", ""safety_planning_principles"", ""referral_guidance""]",en,pending,690,"The recommendations are also based on evidence from the review on models of care, which showed that specialist psychosocial assessment by mental health staff had an important benefit in terms of self-harm repetition over 12 months. The reco",,
NICE_SELF_HARM_d77a0488_00127_5c7469bffa8b,NICE_SELF_HARM,"Self-harm: assessment, management and preventing recurrence",safety,safety_only,safety_route_only,"[""adolescents"", ""adults"", ""older_adults""]","[""self_harm"", ""suicidal_thoughts"", ""safety_planning_principles"", ""referral_guidance""]",en,pending,816,Assessment and care in social care Recommendations 1.7.25 to 1.7.27 The committee agreed that a shared approach between healthcare professionals and social care practitioners is important to promote holistic care for people who self-harm to,,
NICE_SELF_HARM_d77a0488_00128_14cdc7196b63,NICE_SELF_HARM,"Self-harm: assessment, management and preventing recurrence",safety,safety_only,safety_route_only,"[""adolescents"", ""adults"", ""older_adults""]","[""self_harm"", ""suicidal_thoughts"", ""safety_planning_principles"", ""referral_guidance""]",en,pending,807,"They agreed that when this occurs, social care practitioners should refer the person to local mental health services to ensure they start on a care pathway and receive appropriate care. The committee agreed that social care services should ",,
NICE_SELF_HARM_d77a0488_00129_266c0ac134cc,NICE_SELF_HARM,"Self-harm: assessment, management and preventing recurrence",safety,safety_only,safety_route_only,"[""adolescents"", ""adults"", ""older_adults""]","[""self_harm"", ""suicidal_thoughts"", ""safety_planning_principles"", ""referral_guidance""]",en,pending,255,The recommendation that people who have self-harmed should have access to age-appropriate liaison psychiatry in emergency departments and general hospital settings should not have a cost or resource impact because this should already be sta,,
NICE_SELF_HARM_d77a0488_00130_0fbe8d6a117f,NICE_SELF_HARM,"Self-harm: assessment, management and preventing recurrence",safety,safety_only,safety_route_only,"[""adolescents"", ""adults"", ""older_adults""]","[""self_harm"", ""suicidal_thoughts"", ""safety_planning_principles"", ""referral_guidance""]",en,pending,532,"Assessment and care by professionals from other sectors Recommendations 1.8.1 to 1.8.12 There was no evidence, so the committee based the recommendations on their knowledge and experience. They agreed it is important to give advice about as",,
NICE_SELF_HARM_d77a0488_00131_959440e63c90,NICE_SELF_HARM,"Self-harm: assessment, management and preventing recurrence",safety,safety_only,safety_route_only,"[""adolescents"", ""adults"", ""older_adults""]","[""self_harm"", ""suicidal_thoughts"", ""safety_planning_principles"", ""referral_guidance""]",en,pending,648,"Principles for assessment and care by professionals from other sectors Recommendations 1.8.1 and 1.8.2 The committee agreed that people who have self-harmed can often initially present to non-health professionals, and agreed principles on c",,
NICE_SELF_HARM_d77a0488_00132_bd81de5d1070,NICE_SELF_HARM,"Self-harm: assessment, management and preventing recurrence",safety,safety_only,safety_route_only,"[""adolescents"", ""adults"", ""older_adults""]","[""self_harm"", ""suicidal_thoughts"", ""safety_planning_principles"", ""referral_guidance""]",en,pending,630,"There was also qualitative evidence from the review on information and support needs of parents and carers, which showed that carers often urgently seek information from qualified healthcare professionals or social care practitioners on dis",,
NICE_SELF_HARM_d77a0488_00133_22fa43f7a018,NICE_SELF_HARM,"Self-harm: assessment, management and preventing recurrence",safety,safety_only,safety_route_only,"[""adolescents"", ""adults"", ""older_adults""]","[""self_harm"", ""suicidal_thoughts"", ""safety_planning_principles"", ""referral_guidance""]",en,pending,765,Assessment and care in schools and educational settings Recommendations 1.8.3 to 1.8.7 The recommendations are based on the committee's knowledge that both non-specialist staff and specialist mental health staff can work in educational sett,,
NICE_SELF_HARM_d77a0488_00134_c77baf03b8f6,NICE_SELF_HARM,"Self-harm: assessment, management and preventing recurrence",safety,safety_only,safety_route_only,"[""adolescents"", ""adults"", ""older_adults""]","[""self_harm"", ""suicidal_thoughts"", ""safety_planning_principles"", ""referral_guidance""]",en,pending,895,"The committee agreed that formal policies and procedures and a designated lead on self- harm would ensure educational staff would be equipped with appropriate means to respond to self-harm and be supported in their decision making, boosting",,
NICE_SELF_HARM_d77a0488_00135_a5b647d07f7e,NICE_SELF_HARM,"Self-harm: assessment, management and preventing recurrence",safety,safety_only,safety_route_only,"[""adolescents"", ""adults"", ""older_adults""]","[""self_harm"", ""suicidal_thoughts"", ""safety_planning_principles"", ""referral_guidance""]",en,pending,624,They agreed that staff awareness of the high rates of self-harm would allow them to be better prepared to assess and care for people who self-harm. They also agreed staff should be aware of support services that are available to them to ens,,
NICE_SELF_HARM_d77a0488_00136_b45c03d40373,NICE_SELF_HARM,"Self-harm: assessment, management and preventing recurrence",safety,safety_only,safety_route_only,"[""adolescents"", ""adults"", ""older_adults""]","[""self_harm"", ""suicidal_thoughts"", ""safety_planning_principles"", ""referral_guidance""]",en,pending,816,"The committee also agreed that the NICE guideline on the mental health of adults in contact with the criminal justice system contained a lot of detail about assessment, especially in prisons, and that staff knowledge of this guideline would",,
NICE_SELF_HARM_d77a0488_00137_30c1a0f9a87b,NICE_SELF_HARM,"Self-harm: assessment, management and preventing recurrence",safety,safety_only,safety_route_only,"[""adolescents"", ""adults"", ""older_adults""]","[""self_harm"", ""suicidal_thoughts"", ""safety_planning_principles"", ""referral_guidance""]",en,pending,897,"The recommendations should also allow for better communication between services, including between non-health and healthcare settings. Most of the recommendations are based on existing best practice with some additional considerations that ",,
NICE_SELF_HARM_d77a0488_00138_72f493e07c2e,NICE_SELF_HARM,"Self-harm: assessment, management and preventing recurrence",safety,safety_only,safety_route_only,"[""adolescents"", ""adults"", ""older_adults""]","[""self_harm"", ""suicidal_thoughts"", ""safety_planning_principles"", ""referral_guidance""]",en,pending,701,"The committee agreed that despite the lack of evidence for the benefit of admitting people to hospital, in some cases it can be helpful to give the person time to recover or if there are safeguarding concerns. If it is necessary to admit a ",,
NICE_SELF_HARM_d77a0488_00139_5e6a45fa3033,NICE_SELF_HARM,"Self-harm: assessment, management and preventing recurrence",safety,safety_only,safety_route_only,"[""adolescents"", ""adults"", ""older_adults""]","[""self_harm"", ""suicidal_thoughts"", ""safety_planning_principles"", ""referral_guidance""]",en,pending,785,"The committee discussed current practice about what happens when a person self-harms while in hospital, and agreed that full investigations should continue to be recommended when an incident occurs to consistently improve services and ensur",,
NICE_SELF_HARM_d77a0488_00140_1bd56faad733,NICE_SELF_HARM,"Self-harm: assessment, management and preventing recurrence",safety,safety_only,safety_route_only,"[""adolescents"", ""adults"", ""older_adults""]","[""self_harm"", ""suicidal_thoughts"", ""safety_planning_principles"", ""referral_guidance""]",en,pending,313,"The recommendations should reduce variation in practice, and reduce the potential for distress because of any unnecessary admissions. The recommendations could increase the number of beds available in hospitals and reduce overall costs rela",,
NICE_SELF_HARM_d77a0488_00141_22395a061951,NICE_SELF_HARM,"Self-harm: assessment, management and preventing recurrence",safety,safety_only,safety_route_only,"[""adolescents"", ""adults"", ""older_adults""]","[""self_harm"", ""suicidal_thoughts"", ""safety_planning_principles"", ""referral_guidance""]",en,pending,834,Initial aftercare after an episode of self-harm Recommendations 1.10.1 and 1.10.2 There was evidence that discharge protocols with enhanced initial aftercare provide important benefits such as increased engagement with services and treatmen,,
NICE_SELF_HARM_d77a0488_00142_3035281fb358,NICE_SELF_HARM,"Self-harm: assessment, management and preventing recurrence",safety,safety_only,safety_route_only,"[""adolescents"", ""adults"", ""older_adults""]","[""self_harm"", ""suicidal_thoughts"", ""safety_planning_principles"", ""referral_guidance""]",en,pending,870,The committee discussed that people who have self-harmed are most likely to repeat self- harm within 2 to 3 days of their previous episode of self-harm. They discussed current best practice in line with the existing NICE guideline on transi,,
NICE_SELF_HARM_d77a0488_00143_ada88538b3d7,NICE_SELF_HARM,"Self-harm: assessment, management and preventing recurrence",safety,safety_only,safety_route_only,"[""adolescents"", ""adults"", ""older_adults""]","[""self_harm"", ""suicidal_thoughts"", ""safety_planning_principles"", ""referral_guidance""]",en,pending,783,"Qualitative evidence from the review on information and support needs for people who have self-harmed also showed that people value proactive, prompt follow-up and find long waiting times frustrating. However, there were concerns about reso",,
NICE_SELF_HARM_d77a0488_00144_de846c0c2d8b,NICE_SELF_HARM,"Self-harm: assessment, management and preventing recurrence",safety,safety_only,safety_route_only,"[""adolescents"", ""adults"", ""older_adults""]","[""self_harm"", ""suicidal_thoughts"", ""safety_planning_principles"", ""referral_guidance""]",en,pending,148,"The committee agreed, based on their experience, that continuity of personnel from initial assessment to aftercare allows people to gain familiarity",,
NICE_SELF_HARM_d77a0488_00145_32b676310b90,NICE_SELF_HARM,"Self-harm: assessment, management and preventing recurrence",safety,safety_only,safety_route_only,"[""adolescents"", ""adults"", ""older_adults""]","[""self_harm"", ""suicidal_thoughts"", ""safety_planning_principles"", ""referral_guidance""]",en,pending,851,"with particular professionals, improving satisfaction and service engagement, and reducing the risk of distress or hopelessness. Evidence from the review on models of care showed that a continuity chain protocol has a possible important ben",,
NICE_SELF_HARM_d77a0488_00146_8c3e2af728cb,NICE_SELF_HARM,"Self-harm: assessment, management and preventing recurrence",safety,safety_only,safety_route_only,"[""adolescents"", ""adults"", ""older_adults""]","[""self_harm"", ""suicidal_thoughts"", ""safety_planning_principles"", ""referral_guidance""]",en,pending,894,They should lead to a reduction in people waiting for up to 72 hours for aftercare following presentation for self- harm. Providing initial aftercare within 48 hours for people if there are ongoing safety concerns should reduce repeat self-,,
NICE_SELF_HARM_d77a0488_00147_cf9c6aa398cc,NICE_SELF_HARM,"Self-harm: assessment, management and preventing recurrence",safety,safety_only,safety_route_only,"[""adolescents"", ""adults"", ""older_adults""]","[""self_harm"", ""suicidal_thoughts"", ""safety_planning_principles"", ""referral_guidance""]",en,pending,212,"They agreed this would ensure that treatment for any coexisting conditions that could be linked to self-harm are prioritised, enabling healthcare professionals to provide the most appropriate intervention for the",,
NICE_SELF_HARM_d77a0488_00148_760f134cb947,NICE_SELF_HARM,"Self-harm: assessment, management and preventing recurrence",safety,safety_only,safety_route_only,"[""adolescents"", ""adults"", ""older_adults""]","[""self_harm"", ""suicidal_thoughts"", ""safety_planning_principles"", ""referral_guidance""]",en,pending,724,"individual, and resulting in more person-centred, higher-quality care. The committee referred to a number of other NICE guidelines for conditions that can be linked to self- harm, and agreed it is important that healthcare professionals pla",,
NICE_SELF_HARM_d77a0488_00149_3773298805bd,NICE_SELF_HARM,"Self-harm: assessment, management and preventing recurrence",safety,safety_only,safety_route_only,"[""adolescents"", ""adults"", ""older_adults""]","[""self_harm"", ""suicidal_thoughts"", ""safety_planning_principles"", ""referral_guidance""]",en,pending,826,"Additionally, the evidence was limited by the wide interpretation of 'CBT-based psychotherapies' as being inclusive of other types of therapies in addition to CBT, and the indistinct categorisation of all interventions throughout the eviden",,
NICE_SELF_HARM_d77a0488_00150_4f7b073568aa,NICE_SELF_HARM,"Self-harm: assessment, management and preventing recurrence",safety,safety_only,safety_route_only,"[""adolescents"", ""adults"", ""older_adults""]","[""self_harm"", ""suicidal_thoughts"", ""safety_planning_principles"", ""referral_guidance""]",en,pending,894,"The committee extrapolated the evidence based on their confidence that DBT-A is likely to be similarly effective in younger children and boys as it is in over-12s and girls; however, the committee agreed they could not be sure that DBT-A wo",,
NICE_SELF_HARM_d77a0488_00151_d55c4fcf384d,NICE_SELF_HARM,"Self-harm: assessment, management and preventing recurrence",safety,safety_only,safety_route_only,"[""adolescents"", ""adults"", ""older_adults""]","[""self_harm"", ""suicidal_thoughts"", ""safety_planning_principles"", ""referral_guidance""]",en,pending,358,The committee agreed that any therapy offered should be delivered by staff with training in the relevant therapy and who are receiving appropriate supervision. This is to ensure the competence of the professional delivering the training all,,
NICE_SELF_HARM_d77a0488_00152_7a9e9b2e08bf,NICE_SELF_HARM,"Self-harm: assessment, management and preventing recurrence",safety,safety_only,safety_route_only,"[""adolescents"", ""adults"", ""older_adults""]","[""self_harm"", ""suicidal_thoughts"", ""safety_planning_principles"", ""referral_guidance""]",en,pending,803,agreed that further limitations on which staff could deliver therapies were unnecessary and could result in implementation difficulties and delays in treatment provision. The recommendation that treatment should be offered without delay was,,
NICE_SELF_HARM_d77a0488_00153_ba157635b0c5,NICE_SELF_HARM,"Self-harm: assessment, management and preventing recurrence",safety,safety_only,safety_route_only,"[""adolescents"", ""adults"", ""older_adults""]","[""self_harm"", ""suicidal_thoughts"", ""safety_planning_principles"", ""referral_guidance""]",en,pending,842,"This was supplemented by qualitative evidence from both staff skills reviews, which showed that individualised coping strategies are important to people who have self-harmed, and that specialist staff identified safety planning as an import",,
NICE_SELF_HARM_d77a0488_00154_d71282743d32,NICE_SELF_HARM,"Self-harm: assessment, management and preventing recurrence",safety,safety_only,safety_route_only,"[""adolescents"", ""adults"", ""older_adults""]","[""self_harm"", ""suicidal_thoughts"", ""safety_planning_principles"", ""referral_guidance""]",en,pending,729,"The committee agreed that sharing the care plan with family and friends when appropriate could provide the benefit of social connectedness between the person and their sources of support, which is a protective factor against self-harm. The ",,
NICE_SELF_HARM_d77a0488_00155_c4dcc44e5a66,NICE_SELF_HARM,"Self-harm: assessment, management and preventing recurrence",safety,safety_only,safety_route_only,"[""adolescents"", ""adults"", ""older_adults""]","[""self_harm"", ""suicidal_thoughts"", ""safety_planning_principles"", ""referral_guidance""]",en,pending,259,"The committee agreed, based on the uncertain evidence on pharmacological interventions and their knowledge and experience, that drug treatment is usually offered for other comorbidities such as depression, and should not be offered specific",,
NICE_SELF_HARM_d77a0488_00156_11432f7ec35f,NICE_SELF_HARM,"Self-harm: assessment, management and preventing recurrence",safety,safety_only,safety_route_only,"[""adolescents"", ""adults"", ""older_adults""]","[""self_harm"", ""suicidal_thoughts"", ""safety_planning_principles"", ""referral_guidance""]",en,pending,721,The committee made a recommendation for research on specific psychological interventions (digital and/or face-to-face) to better inform future guideline development. Harm minimisation Recommendations 1.11.11 to 1.11.13 There was no evidence,,
NICE_SELF_HARM_d77a0488_00157_775ee5cf89b7,NICE_SELF_HARM,"Self-harm: assessment, management and preventing recurrence",safety,safety_only,safety_route_only,"[""adolescents"", ""adults"", ""older_adults""]","[""self_harm"", ""suicidal_thoughts"", ""safety_planning_principles"", ""referral_guidance""]",en,pending,891,"In these circumstances, it may be possible to discuss harm minimisation strategies with the person who has self-harmed; however, this should only be done as part of a therapeutic partnership where treatment is ongoing. The aim of these stra",,
NICE_SELF_HARM_d77a0488_00158_d0ac9cb116c7,NICE_SELF_HARM,"Self-harm: assessment, management and preventing recurrence",safety,safety_only,safety_route_only,"[""adolescents"", ""adults"", ""older_adults""]","[""self_harm"", ""suicidal_thoughts"", ""safety_planning_principles"", ""referral_guidance""]",en,pending,503,"They agreed that there are benefits to taking therapeutic risks when working with people who have self-harmed. However, the lack of evidence meant they were unable to be more specific about when therapeutic risk taking should be considered.",,
NICE_SELF_HARM_d77a0488_00159_2d5ddec8d7e0,NICE_SELF_HARM,"Self-harm: assessment, management and preventing recurrence",safety,safety_only,safety_route_only,"[""adolescents"", ""adults"", ""older_adults""]","[""self_harm"", ""suicidal_thoughts"", ""safety_planning_principles"", ""referral_guidance""]",en,pending,714,"therapeutic risk taking resulting in assessment or care being withheld could potentially lead to significant increased rates of repeat self-harm or suicide, and agreed it is important to recommend that risk-taking strategies should only fol",,
NICE_SELF_HARM_d77a0488_00160_114e48e38952,NICE_SELF_HARM,"Self-harm: assessment, management and preventing recurrence",safety,safety_only,safety_route_only,"[""adolescents"", ""adults"", ""older_adults""]","[""self_harm"", ""suicidal_thoughts"", ""safety_planning_principles"", ""referral_guidance""]",en,pending,898,"The recommendations should increase the number of people receiving psychological interventions after an episode of self-harm, and reduce the number of people denied appropriate interventions because of limited or no availability. In turn, t",,
NICE_SELF_HARM_d77a0488_00161_513c347ad366,NICE_SELF_HARM,"Self-harm: assessment, management and preventing recurrence",safety,safety_only,safety_route_only,"[""adolescents"", ""adults"", ""older_adults""]","[""self_harm"", ""suicidal_thoughts"", ""safety_planning_principles"", ""referral_guidance""]",en,pending,634,"The recommendation that psychological interventions should be available could also have a resource impact depending on how many centres do not currently offer these therapies. For those that do not, training and additional staffing may be n",,
NICE_SELF_HARM_d77a0488_00162_3d8bf061c106,NICE_SELF_HARM,"Self-harm: assessment, management and preventing recurrence",safety,safety_only,safety_route_only,"[""adolescents"", ""adults"", ""older_adults""]","[""self_harm"", ""suicidal_thoughts"", ""safety_planning_principles"", ""referral_guidance""]",en,pending,795,"Where possible, the recommendations are based on evidence, but because of concerns over the quality and scarcity of evidence, the committee also used their knowledge and experience. The committee discussed the evidence on the consistency an",,
NICE_SELF_HARM_d77a0488_00163_3343c2e67bba,NICE_SELF_HARM,"Self-harm: assessment, management and preventing recurrence",safety,safety_only,safety_route_only,"[""adolescents"", ""adults"", ""older_adults""]","[""self_harm"", ""suicidal_thoughts"", ""safety_planning_principles"", ""referral_guidance""]",en,pending,773,The committee discussed safety considerations when transferring between settings and agreed the importance of care plans being available to staff involved in their care in primary and secondary care and other settings to promote continuity ,,
NICE_SELF_HARM_d77a0488_00164_449dc58fd86c,NICE_SELF_HARM,"Self-harm: assessment, management and preventing recurrence",safety,safety_only,safety_route_only,"[""adolescents"", ""adults"", ""older_adults""]","[""self_harm"", ""suicidal_thoughts"", ""safety_planning_principles"", ""referral_guidance""]",en,pending,847,"Although it is important to ensure a safe physical environment for all mental health inpatients, the committee noted that a particular focus on safety is needed for people who have self-harmed. However, the committee agreed that safety cons",,
NICE_SELF_HARM_d77a0488_00165_f50851f26400,NICE_SELF_HARM,"Self-harm: assessment, management and preventing recurrence",safety,safety_only,safety_route_only,"[""adolescents"", ""adults"", ""older_adults""]","[""self_harm"", ""suicidal_thoughts"", ""safety_planning_principles"", ""referral_guidance""]",en,pending,849,"Although there was no evidence on the benefits of familiarising the patient with the procedures and physical environment of inpatient settings, the committee agreed that this is an important component of person-centred care, which should be",,
NICE_SELF_HARM_d77a0488_00166_dc095d5d2f3f,NICE_SELF_HARM,"Self-harm: assessment, management and preventing recurrence",safety,safety_only,safety_route_only,"[""adolescents"", ""adults"", ""older_adults""]","[""self_harm"", ""suicidal_thoughts"", ""safety_planning_principles"", ""referral_guidance""]",en,pending,731,"The recommendations may lead to trust-specific staff training in caring for people who have self-harmed. Safer prescribing and dispensing Recommendations 1.13.1 to 1.13.5 There was no evidence, so the committee based the recommendations on ",,
NICE_SELF_HARM_d77a0488_00167_703dd491be4d,NICE_SELF_HARM,"Self-harm: assessment, management and preventing recurrence",safety,safety_only,safety_route_only,"[""adolescents"", ""adults"", ""older_adults""]","[""self_harm"", ""suicidal_thoughts"", ""safety_planning_principles"", ""referral_guidance""]",en,pending,343,The committee acknowledged the importance of shared decision making with people who have self-harmed when prescribing medicines in order to balance the risk of the person stockpiling medicines with their autonomy to improve patient satisfac,,
NICE_SELF_HARM_d77a0488_00168_691e72e125d7,NICE_SELF_HARM,"Self-harm: assessment, management and preventing recurrence",safety,safety_only,safety_route_only,"[""adolescents"", ""adults"", ""older_adults""]","[""self_harm"", ""suicidal_thoughts"", ""safety_planning_principles"", ""referral_guidance""]",en,pending,768,The committee agreed that a review of all current and any new medicines should be considered after an episode of self-harm. The committee identified that healthcare professionals could consider contacting the National Poisons Information Se,,
NICE_SELF_HARM_d77a0488_00169_273e163fd6c9,NICE_SELF_HARM,"Self-harm: assessment, management and preventing recurrence",safety,safety_only,safety_route_only,"[""adolescents"", ""adults"", ""older_adults""]","[""self_harm"", ""suicidal_thoughts"", ""safety_planning_principles"", ""referral_guidance""]",en,pending,705,"The committee agreed that consultations and medicines reviews provide an opportunity for healthcare staff to assess self-harm, and therefore whether any existing or new medicines might be taken in overdose. This would allow for staff to ame",,
NICE_SELF_HARM_d77a0488_00170_947310997001,NICE_SELF_HARM,"Self-harm: assessment, management and preventing recurrence",safety,safety_only,safety_route_only,"[""adolescents"", ""adults"", ""older_adults""]","[""self_harm"", ""suicidal_thoughts"", ""safety_planning_principles"", ""referral_guidance""]",en,pending,438,"For primary healthcare professionals, these recommendations may increase communication with healthcare professionals from other settings, such as specialist mental health centres and specialist pharmacies when prescribing and reviewing medi",,
NICE_SELF_HARM_d77a0488_00171_fd40909558ce,NICE_SELF_HARM,"Self-harm: assessment, management and preventing recurrence",safety,safety_only,safety_route_only,"[""adolescents"", ""adults"", ""older_adults""]","[""self_harm"", ""suicidal_thoughts"", ""safety_planning_principles"", ""referral_guidance""]",en,pending,735,"The recommendations are based on the evidence from specialist and non-specialist staff, people who have self-harmed who have had care provided by specialist and non-specialist staff, and their parents and carers, which showed that there is ",,
NICE_SELF_HARM_d77a0488_00172_1bf96684b1df,NICE_SELF_HARM,"Self-harm: assessment, management and preventing recurrence",safety,safety_only,safety_route_only,"[""adolescents"", ""adults"", ""older_adults""]","[""self_harm"", ""suicidal_thoughts"", ""safety_planning_principles"", ""referral_guidance""]",en,pending,883,"The committee discussed the overlap between the specialist and non-specialist skills reviews and agreed that, although the evidence showed that similar skills are required by all staff, there would be different levels of skill required for ",,
NICE_SELF_HARM_d77a0488_00173_94dde21046df,NICE_SELF_HARM,"Self-harm: assessment, management and preventing recurrence",safety,safety_only,safety_route_only,"[""adolescents"", ""adults"", ""older_adults""]","[""self_harm"", ""suicidal_thoughts"", ""safety_planning_principles"", ""referral_guidance""]",en,pending,741,"The committee discussed using security staff for observation of people who have self- harmed, and agreed that this is not appropriate and usually results in people feeling intimidated and distressed. They agreed, based on their knowledge an",,
NICE_SELF_HARM_d77a0488_00174_7fa522e698db,NICE_SELF_HARM,"Self-harm: assessment, management and preventing recurrence",safety,safety_only,safety_route_only,"[""adolescents"", ""adults"", ""older_adults""]","[""self_harm"", ""suicidal_thoughts"", ""safety_planning_principles"", ""referral_guidance""]",en,pending,772,"Supervision Recommendations 1.15.1 and 1.15.2 There was evidence that staff value different types of supervision for specific purposes, and the committee agreed recommendations on regular formal supervision and accessible 'on-the-job' suppo",,
NICE_SELF_HARM_d77a0488_00175_1d808bd0a46e,NICE_SELF_HARM,"Self-harm: assessment, management and preventing recurrence",safety,safety_only,safety_route_only,"[""adolescents"", ""adults"", ""older_adults""]","[""self_harm"", ""suicidal_thoughts"", ""safety_planning_principles"", ""referral_guidance""]",en,pending,863,"The committee highlighted that supervision should focus on ongoing skills development, because there was evidence that staff feel that they are not suitably trained or confident in caring for people who had self-harmed, especially in crisis",,
NICE_SELF_HARM_d77a0488_00176_84d86f93dbc1,NICE_SELF_HARM,"Self-harm: assessment, management and preventing recurrence",safety,safety_only,safety_route_only,"[""adolescents"", ""adults"", ""older_adults""]","[""self_harm"", ""suicidal_thoughts"", ""safety_planning_principles"", ""referral_guidance""]",en,pending,566,"The committee were concerned that anxiety around fear of litigation in difficult situations could impact quality of care, and agreed that support for staff working with people who self-harm should reinforce lines of responsibility and provi",,
NICE_SELF_HARM_d77a0488_00177_ad61734b10e5,NICE_SELF_HARM,"Self-harm: assessment, management and preventing recurrence",safety,safety_only,safety_route_only,"[""adolescents"", ""adults"", ""older_adults""]","[""self_harm"", ""suicidal_thoughts"", ""safety_planning_principles"", ""referral_guidance""]",en,pending,853,"committee agreed that in their experience and expertise, it is often more appropriate for the member of staff to speak to someone removed from the situation and not necessarily their clinical supervisor, and agreed that all staff should hav",,
NICE_SELF_HARM_d77a0488_00178_6b9cb1bbef47,NICE_SELF_HARM,"Self-harm: assessment, management and preventing recurrence",safety,safety_only,safety_route_only,"[""adolescents"", ""adults"", ""older_adults""]","[""self_harm"", ""suicidal_thoughts"", ""safety_planning_principles"", ""referral_guidance""]",en,pending,226,"The committee discussed the cost implications of providing accessible emotional support or emotional support services to all staff and concluded that in most clinical settings, 24-hour support was already available. Page 74 of",,
NICE_SELF_HARM_d77a0488_00179_9d0f483046c3,NICE_SELF_HARM,"Self-harm: assessment, management and preventing recurrence",safety,safety_only,safety_route_only,"[""adolescents"", ""adults"", ""older_adults""]","[""self_harm"", ""suicidal_thoughts"", ""safety_planning_principles"", ""referral_guidance""]",en,pending,828,"Context Self-harm is defined as intentional self-poisoning or self-injury irrespective of the apparent purpose of the act. Prevalence statistics are unreliable because it is a problem that is sometimes hidden, but a recent national study re",,
NICE_SELF_HARM_d77a0488_00180_a703130ef9ae,NICE_SELF_HARM,"Self-harm: assessment, management and preventing recurrence",safety,safety_only,safety_route_only,"[""adolescents"", ""adults"", ""older_adults""]","[""self_harm"", ""suicidal_thoughts"", ""safety_planning_principles"", ""referral_guidance""]",en,pending,834,"For some people, self-harm is a one-off episode but repetition is also common, with 20% of people repeating self-harm within a year. People who have self-harmed are at greatly increased risk of suicide, with a 30- to 50-fold increase in ris",,
NICE_SELF_HARM_d77a0488_00181_f169ee83a8b2,NICE_SELF_HARM,"Self-harm: assessment, management and preventing recurrence",safety,safety_only,safety_route_only,"[""adolescents"", ""adults"", ""older_adults""]","[""self_harm"", ""suicidal_thoughts"", ""safety_planning_principles"", ""referral_guidance""]",en,pending,150,About half of the people who attend an emergency department after an episode of self-harm will have visited their GP in the previous month. Page 75 of,,
NICE_SELF_HARM_d77a0488_00182_ff1f85e1b008,NICE_SELF_HARM,"Self-harm: assessment, management and preventing recurrence",safety,safety_only,safety_route_only,"[""adolescents"", ""adults"", ""older_adults""]","[""self_harm"", ""suicidal_thoughts"", ""safety_planning_principles"", ""referral_guidance""]",en,pending,579,"Finding more information and committee details To find NICE guidance on related topics, including guidance in development, see the NICE topic page on self-harm. For full details of the evidence and the guideline committee's discussions, see",,
NICE_SELF_HARM_d77a0488_00183_407af8371e25,NICE_SELF_HARM,"Self-harm: assessment, management and preventing recurrence",safety,safety_only,safety_route_only,"[""adolescents"", ""adults"", ""older_adults""]","[""self_harm"", ""suicidal_thoughts"", ""safety_planning_principles"", ""referral_guidance""]",en,pending,541,Update information September 2022: This guideline updates and replaces NICE guideline CG16 (published July 2004) and NICE guideline CG133 (published November 2011). Minor changes since publication August 2024: We have simplified the guideli,,
NICE_SELF_HARM_a28a503c_00000_dcaa3c75c2ac,NICE_SELF_HARM,"Self-harm: assessment, management and preventing recurrence",safety,safety_only,safety_route_only,"[""adolescents"", ""adults"", ""older_adults""]","[""self_harm"", ""suicidal_thoughts"", ""safety_planning_principles"", ""referral_guidance""]",en,pending,149,"Overview | Self-harm: assessment, management and preventing recurrence | Guidance | NICE  Self-harm: assessment, management and preventing recurrence",,
NICE_SELF_HARM_a28a503c_00001_4ec430e3ce17,NICE_SELF_HARM,"Self-harm: assessment, management and preventing recurrence",safety,safety_only,safety_route_only,"[""adolescents"", ""adults"", ""older_adults""]","[""self_harm"", ""suicidal_thoughts"", ""safety_planning_principles"", ""referral_guidance""]",en,pending,53,Reference number: NG225  Published: 07 September 2022,,
NICE_SELF_HARM_a28a503c_00002_6696cafd3593,NICE_SELF_HARM,"Self-harm: assessment, management and preventing recurrence",safety,safety_only,safety_route_only,"[""adolescents"", ""adults"", ""older_adults""]","[""self_harm"", ""suicidal_thoughts"", ""safety_planning_principles"", ""referral_guidance""]",en,pending,300,"This guideline covers assessment, management and preventing recurrence for children, young people and adults who have self-harmed. It includes those with a mental health problem, neurodevelopmental disorder or learning disability and applie",,
NICE_SELF_HARM_a28a503c_00003_ecf390855aa1,NICE_SELF_HARM,"Self-harm: assessment, management and preventing recurrence",safety,safety_only,safety_route_only,"[""adolescents"", ""adults"", ""older_adults""]","[""self_harm"", ""suicidal_thoughts"", ""safety_planning_principles"", ""referral_guidance""]",en,pending,253,"In this guideline, self-harm is defined as intentional self-poisoning or injury, irrespective of the apparent purpose. The guideline does not cover repetitive, stereotypical self-injurious behaviour (such as head banging).  Last reviewed: 1",,
NICE_SELF_HARM_a28a503c_00004_9823b9fde589,NICE_SELF_HARM,"Self-harm: assessment, management and preventing recurrence",safety,safety_only,safety_route_only,"[""adolescents"", ""adults"", ""older_adults""]","[""self_harm"", ""suicidal_thoughts"", ""safety_planning_principles"", ""referral_guidance""]",en,pending,423,"We simplified the guideline by removing recommendations on general principles of care that are covered in other NICE guidelines (for example, the NICE guideline on service user experience in adult mental health ). This is a presentational c",,
NICE_SELF_HARM_a28a503c_00005_98b1519fe97e,NICE_SELF_HARM,"Self-harm: assessment, management and preventing recurrence",safety,safety_only,safety_route_only,"[""adolescents"", ""adults"", ""older_adults""]","[""self_harm"", ""suicidal_thoughts"", ""safety_planning_principles"", ""referral_guidance""]",en,pending,486,Next review: This guideline will be reviewed if there is new evidence that is likely to change the recommendations.  How we prioritise updating our guidance  Decisions about updating our guidance are made by NICE’s prioritisation board. For,,
NICE_SELF_HARM_a28a503c_00006_e4660361819a,NICE_SELF_HARM,"Self-harm: assessment, management and preventing recurrence",safety,safety_only,safety_route_only,"[""adolescents"", ""adults"", ""older_adults""]","[""self_harm"", ""suicidal_thoughts"", ""safety_planning_principles"", ""referral_guidance""]",en,pending,43,This guideline includes recommendations on:,,
NICE_SELF_HARM_a28a503c_00007_e12c17fb7e32,NICE_SELF_HARM,"Self-harm: assessment, management and preventing recurrence",safety,safety_only,safety_route_only,"[""adolescents"", ""adults"", ""older_adults""]","[""self_harm"", ""suicidal_thoughts"", ""safety_planning_principles"", ""referral_guidance""]",en,pending,470,involving family members and carers  psychosocial assessment and care by mental health professionals  risk assessment tools and scales  assessment and care by healthcare professionals and social care practitioners  assessment and care by pr,,
NICE_SELF_HARM_a28a503c_00008_a893760837af,NICE_SELF_HARM,"Self-harm: assessment, management and preventing recurrence",safety,safety_only,safety_route_only,"[""adolescents"", ""adults"", ""older_adults""]","[""self_harm"", ""suicidal_thoughts"", ""safety_planning_principles"", ""referral_guidance""]",en,pending,130,"Who is it for?  Healthcare professionals and social care practitioners, commissioners and providers  Staff in educational settings",,
NICE_SELF_HARM_a28a503c_00009_dc3e34a3bd5b,NICE_SELF_HARM,"Self-harm: assessment, management and preventing recurrence",safety,safety_only,safety_route_only,"[""adolescents"", ""adults"", ""older_adults""]","[""self_harm"", ""suicidal_thoughts"", ""safety_planning_principles"", ""referral_guidance""]",en,pending,121,"People using self-harm services, their families and carers  Guideline development process  How we develop NICE guidelines",,
NICE_SELF_HARM_a28a503c_00010_26ab37973f54,NICE_SELF_HARM,"Self-harm: assessment, management and preventing recurrence",safety,safety_only,safety_route_only,"[""adolescents"", ""adults"", ""older_adults""]","[""self_harm"", ""suicidal_thoughts"", ""safety_planning_principles"", ""referral_guidance""]",en,pending,604,"The recommendations in this guideline represent the view of NICE, arrived at after careful consideration of the evidence available. When exercising their judgement, professionals and practitioners are expected to take this guideline fully i",,
NICE_SELF_HARM_a28a503c_00011_3ab554cf376f,NICE_SELF_HARM,"Self-harm: assessment, management and preventing recurrence",safety,safety_only,safety_route_only,"[""adolescents"", ""adults"", ""older_adults""]","[""self_harm"", ""suicidal_thoughts"", ""safety_planning_principles"", ""referral_guidance""]",en,pending,215,All problems (adverse events) related to a medicine or medical device used for treatment or in a procedure should be reported to the Medicines and Healthcare products Regulatory Agency using the Yellow Card Scheme .,,
NICE_SELF_HARM_a28a503c_00012_28e14efedbcd,NICE_SELF_HARM,"Self-harm: assessment, management and preventing recurrence",safety,safety_only,safety_route_only,"[""adolescents"", ""adults"", ""older_adults""]","[""self_harm"", ""suicidal_thoughts"", ""safety_planning_principles"", ""referral_guidance""]",en,pending,568,Local commissioners and providers of healthcare have a responsibility to enable the guideline to be applied when individual professionals and people using services wish to use it. They should do so in the context of local and national prior,,
NICE_SELF_HARM_a28a503c_00013_8bd91fd3d793,NICE_SELF_HARM,"Self-harm: assessment, management and preventing recurrence",safety,safety_only,safety_route_only,"[""adolescents"", ""adults"", ""older_adults""]","[""self_harm"", ""suicidal_thoughts"", ""safety_planning_principles"", ""referral_guidance""]",en,pending,224,Commissioners and providers have a responsibility to promote an environmentally sustainable health and care system and should assess and reduce the environmental impact of implementing NICE recommendations wherever possible.,,
NIMH_ADHD_f6e531c5_00000_b58e2044c014,NIMH_ADHD,Attention-Deficit/Hyperactivity Disorder,professional_knowledge,psychoeducation_only,normal,"[""children"", ""adolescents"", ""young_adults"", ""adults""]","[""ADHD"", ""professional_help""]",en,pending,351,Brochures and Fact Sheets - National Institute of Mental Health (NIMH)  Official websites use .gov A .gov website belongs to an official government organization in the United States.  Secure .gov websites use HTTPS A lock ( ) or https:// me,,
NIMH_ADHD_f6e531c5_00001_c018a483d2e5,NIMH_ADHD,Attention-Deficit/Hyperactivity Disorder,professional_knowledge,psychoeducation_only,normal,"[""children"", ""adolescents"", ""young_adults"", ""adults""]","[""ADHD"", ""professional_help""]",en,pending,365,"Later this year, NIH will start introducing a new website experience designed to make it easier to find health information, research, funding opportunities, and other resources. During the transition, you may notice changes to navigation, p",,
NIMH_ADHD_f6e531c5_00002_6376facd39f2,NIMH_ADHD,Attention-Deficit/Hyperactivity Disorder,professional_knowledge,psychoeducation_only,normal,"[""children"", ""adolescents"", ""young_adults"", ""adults""]","[""ADHD"", ""professional_help""]",en,pending,346,"Esta página está disponible en español  NIMH offers digital brochures and fact sheets on mental disorders and related topics for the general public, including patients and their families, health professionals, and other audiences. Health in",,
NIMH_ADHD_f6e531c5_00003_4ad5e30e957b,NIMH_ADHD,Attention-Deficit/Hyperactivity Disorder,professional_knowledge,psychoeducation_only,normal,"[""children"", ""adolescents"", ""young_adults"", ""adults""]","[""ADHD"", ""professional_help""]",en,pending,79,Attention-Deficit/Hyperactivity Disorder (ADHD)  Autism Spectrum Disorder (ASD),,
NIMH_ADHD_f6e531c5_00004_1bc14e77bef4,NIMH_ADHD,Attention-Deficit/Hyperactivity Disorder,professional_knowledge,psychoeducation_only,normal,"[""children"", ""adolescents"", ""young_adults"", ""adults""]","[""ADHD"", ""professional_help""]",en,pending,83,Borderline Personality Disorder  Brain Anatomy & Physiology  Children & Adolescents,,
NIMH_ADHD_f6e531c5_00005_5b68ed7f7838,NIMH_ADHD,Attention-Deficit/Hyperactivity Disorder,professional_knowledge,psychoeducation_only,normal,"[""children"", ""adolescents"", ""young_adults"", ""adults""]","[""ADHD"", ""professional_help""]",en,pending,38,Disruptive Mood Dysregulation Disorder,,
NIMH_ADHD_f6e531c5_00006_5b56b7e9f022,NIMH_ADHD,Attention-Deficit/Hyperactivity Disorder,professional_knowledge,psychoeducation_only,normal,"[""children"", ""adolescents"", ""young_adults"", ""adults""]","[""ADHD"", ""professional_help""]",en,pending,19,Men's Mental Health,,
NIMH_ADHD_f6e531c5_00007_0bfe114f08ba,NIMH_ADHD,Attention-Deficit/Hyperactivity Disorder,professional_knowledge,psychoeducation_only,normal,"[""children"", ""adolescents"", ""young_adults"", ""adults""]","[""ADHD"", ""professional_help""]",en,pending,35,Obsessive-Compulsive Disorder (OCD),,
NIMH_ADHD_f6e531c5_00008_7bab5a22bbc0,NIMH_ADHD,Attention-Deficit/Hyperactivity Disorder,professional_knowledge,psychoeducation_only,normal,"[""children"", ""adolescents"", ""young_adults"", ""adults""]","[""ADHD"", ""professional_help""]",en,pending,37,Post-Traumatic Stress Disorder (PTSD),,
NIMH_ADHD_f6e531c5_00009_74bf5f7dd11d,NIMH_ADHD,Attention-Deficit/Hyperactivity Disorder,professional_knowledge,psychoeducation_only,normal,"[""children"", ""adolescents"", ""young_adults"", ""adults""]","[""ADHD"", ""professional_help""]",en,pending,33,Seasonal Affective Disorder (SAD),,
NIMH_ADHD_f6e531c5_00010_c35574555e58,NIMH_ADHD,Attention-Deficit/Hyperactivity Disorder,professional_knowledge,psychoeducation_only,normal,"[""children"", ""adolescents"", ""young_adults"", ""adults""]","[""ADHD"", ""professional_help""]",en,pending,66,Women's Mental Health  Browse All Brochures and Fact Sheets A to Z,,
NIMH_ADHD_f6e531c5_00011_1f93164e20de,NIMH_ADHD,Attention-Deficit/Hyperactivity Disorder,professional_knowledge,psychoeducation_only,normal,"[""children"", ""adolescents"", ""young_adults"", ""adults""]","[""ADHD"", ""professional_help""]",en,pending,158,Find Spanish-language Materials  Instructions for Ordering NIMH Publications  Citing NIMH Information & Publications  Reprinting and Reusing NIMH Publications,,
NIMH_ADHD_34344473_00000_6c54c2db6dd8,NIMH_ADHD,Attention-Deficit/Hyperactivity Disorder,professional_knowledge,psychoeducation_only,normal,"[""children"", ""adolescents"", ""young_adults"", ""adults""]","[""ADHD"", ""professional_help""]",en,pending,373,Attention-Deficit/Hyperactivity Disorder (ADHD) - National Institute of Mental Health (NIMH)  Official websites use .gov A .gov website belongs to an official government organization in the United States.  Secure .gov websites use HTTPS A l,,
NIMH_ADHD_34344473_00001_c018a483d2e5,NIMH_ADHD,Attention-Deficit/Hyperactivity Disorder,professional_knowledge,psychoeducation_only,normal,"[""children"", ""adolescents"", ""young_adults"", ""adults""]","[""ADHD"", ""professional_help""]",en,pending,365,"Later this year, NIH will start introducing a new website experience designed to make it easier to find health information, research, funding opportunities, and other resources. During the transition, you may notice changes to navigation, p",,
NIMH_ADHD_34344473_00002_f74728052e88,NIMH_ADHD,Attention-Deficit/Hyperactivity Disorder,professional_knowledge,psychoeducation_only,normal,"[""children"", ""adolescents"", ""young_adults"", ""adults""]","[""ADHD"", ""professional_help""]",en,pending,47,Attention-Deficit/Hyperactivity Disorder (ADHD),,
NIMH_ADHD_34344473_00003_39e33506fad4,NIMH_ADHD,Attention-Deficit/Hyperactivity Disorder,professional_knowledge,psychoeducation_only,normal,"[""children"", ""adolescents"", ""young_adults"", ""adults""]","[""ADHD"", ""professional_help""]",en,pending,204,What is ADHD?  Where can I learn more about ADHD?  Why is NIMH studying ADHD?  How is NIMH research addressing this critical topic?  Explore clinical trials about ADHD  Share outreach materials about ADHD,,
NIMH_ADHD_34344473_00004_eeb318c7755b,NIMH_ADHD,Attention-Deficit/Hyperactivity Disorder,professional_knowledge,psychoeducation_only,normal,"[""children"", ""adolescents"", ""young_adults"", ""adults""]","[""ADHD"", ""professional_help""]",en,pending,385,"What is ADHD?  ADHD is a neurodevelopmental disorder characterized by:  Inattention, such as having difficulty paying attention, keeping on task, or staying organized  Hyperactivity, such as often moving around (including during inappropria",,
NIMH_ADHD_34344473_00005_111a55748041,NIMH_ADHD,Attention-Deficit/Hyperactivity Disorder,professional_knowledge,psychoeducation_only,normal,"[""children"", ""adolescents"", ""young_adults"", ""adults""]","[""ADHD"", ""professional_help""]",en,pending,482,"For some people, inattention symptoms are the strongest, while other people have the most difficulty with hyperactivity and impulsivity. Some people experience symptoms in all three areas.  It is common for people to show these behaviors so",,
NIMH_ADHD_34344473_00006_7b79d320fe51,NIMH_ADHD,Attention-Deficit/Hyperactivity Disorder,professional_knowledge,psychoeducation_only,normal,"[""children"", ""adolescents"", ""young_adults"", ""adults""]","[""ADHD"", ""professional_help""]",en,pending,157,"Digital brochures and fact sheets with more information about ADHD, including signs, symptoms, and treatment options. Available for free in print and online.",,
NIMH_ADHD_34344473_00007_f2bf8e7f9c1a,NIMH_ADHD,Attention-Deficit/Hyperactivity Disorder,professional_knowledge,psychoeducation_only,normal,"[""children"", ""adolescents"", ""young_adults"", ""adults""]","[""ADHD"", ""professional_help""]",en,pending,94,"NIMH news about ADHD, including press releases and highlights on the latest research findings.",,
NIMH_ADHD_34344473_00008_6be682d5f80e,NIMH_ADHD,Attention-Deficit/Hyperactivity Disorder,professional_knowledge,psychoeducation_only,normal,"[""children"", ""adolescents"", ""young_adults"", ""adults""]","[""ADHD"", ""professional_help""]",en,pending,462,Information about the prevalence and treatment of ADHD in the United States.  Why is NIMH studying ADHD?  ADHD is one of the most common disorders diagnosed in children. Symptoms begin in childhood and usually continue into the teen years a,,
NIMH_ADHD_34344473_00009_8d9d0243a0a2,NIMH_ADHD,Attention-Deficit/Hyperactivity Disorder,professional_knowledge,psychoeducation_only,normal,"[""children"", ""adolescents"", ""young_adults"", ""adults""]","[""ADHD"", ""professional_help""]",en,pending,496,"For many people with ADHD, symptoms cause problems in daily life. Symptoms can make it hard to get things done; interfere with school, work, or other activities; and strain social relationships. Children with ADHD are at increased risk for ",,
NIMH_ADHD_34344473_00010_a20898ff9294,NIMH_ADHD,Attention-Deficit/Hyperactivity Disorder,professional_knowledge,psychoeducation_only,normal,"[""children"", ""adolescents"", ""young_adults"", ""adults""]","[""ADHD"", ""professional_help""]",en,pending,52,How is NIMH research addressing this critical topic?,,
NIMH_ADHD_34344473_00011_ff834131475d,NIMH_ADHD,Attention-Deficit/Hyperactivity Disorder,professional_knowledge,psychoeducation_only,normal,"[""children"", ""adolescents"", ""young_adults"", ""adults""]","[""ADHD"", ""professional_help""]",en,pending,458,"NIMH supports research into the possible causes of ADHD. Researchers are investigating factors such as genes, hormones and other molecules, brain structure and activity, and prenatal and early life exposures. NIMH-supported research is also",,
NIMH_ADHD_34344473_00012_9cc20e9d5532,NIMH_ADHD,Attention-Deficit/Hyperactivity Disorder,professional_knowledge,psychoeducation_only,normal,"[""children"", ""adolescents"", ""young_adults"", ""adults""]","[""ADHD"", ""professional_help""]",en,pending,795,"We’re also supporting research on treatments, services, and interventions for people with ADHD and their families. Standard ADHD treatments include medication and psychosocial interventions, such as cognitive behavioral therapy, parent trai",,
NIMH_ADHD_34344473_00013_236f6c1dadf2,NIMH_ADHD,Attention-Deficit/Hyperactivity Disorder,professional_knowledge,psychoeducation_only,normal,"[""children"", ""adolescents"", ""young_adults"", ""adults""]","[""ADHD"", ""professional_help""]",en,pending,369,"Explore clinical trials about ADHD  Clinical trials are research studies that look at new ways to prevent, detect, or treat diseases and conditions. To learn more or find a study, visit:  Clinical Trials – Information for Participants : Ans",,
NIMH_ADHD_34344473_00014_cad1f035b571,NIMH_ADHD,Attention-Deficit/Hyperactivity Disorder,professional_knowledge,psychoeducation_only,normal,"[""children"", ""adolescents"", ""young_adults"", ""adults""]","[""ADHD"", ""professional_help""]",en,pending,291,Clinicaltrials.gov: Current Studies on ADHD : List of clinical trials funded by the National Institutes of Health (NIH) being conducted across the country  NIMH ADHD Studies for Children : List of studies being conducted on the NIH campus i,,
NIMH_ADHD_34344473_00015_7a88009750ec,NIMH_ADHD,Attention-Deficit/Hyperactivity Disorder,professional_knowledge,psychoeducation_only,normal,"[""children"", ""adolescents"", ""young_adults"", ""adults""]","[""ADHD"", ""professional_help""]",en,pending,56,"Social media graphics, videos, and resources about ADHD.",,
NIMH_ADHD_34344473_00016_ac9fc79cf511,NIMH_ADHD,Attention-Deficit/Hyperactivity Disorder,professional_knowledge,psychoeducation_only,normal,"[""children"", ""adolescents"", ""young_adults"", ""adults""]","[""ADHD"", ""professional_help""]",en,pending,397,Learn how to find help for yourself or someone else. You can also find support and locate mental health services in your area on the Substance Abuse and Mental Health Services Administration website.  If you or someone you know is strugglin,,
