chunk_id,source_id,title,collection,use_mode,risk_scope,population_tags,topic_tags,language,review_status,char_count,content_preview,review_decision,review_comment
NICE_SELF_HARM_d77a0488_00000_df28ca3f8982,NICE_SELF_HARM,"Self-harm: assessment, management and preventing recurrence",safety,safety_only,safety_route_only,"[""adolescents"", ""adults"", ""older_adults""]","[""self_harm"", ""suicidal_thoughts"", ""safety_planning_principles"", ""referral_guidance""]",en,pending,133,"Self-harm: assessment, management and preventing recurrence NICE guideline Published: 7 September 2022 www.nice.org.uk/guidance/ng225",,
NICE_SELF_HARM_d77a0488_00001_8028e3cc1c80,NICE_SELF_HARM,"Self-harm: assessment, management and preventing recurrence",safety,safety_only,safety_route_only,"[""adolescents"", ""adults"", ""older_adults""]","[""self_harm"", ""suicidal_thoughts"", ""safety_planning_principles"", ""referral_guidance""]",en,pending,839,"Your responsibility The recommendations in this guideline represent the view of NICE, arrived at after careful consideration of the evidence available. When exercising their judgement, professionals and practitioners are expected to take th",,
NICE_SELF_HARM_d77a0488_00002_0f7f5aad84e0,NICE_SELF_HARM,"Self-harm: assessment, management and preventing recurrence",safety,safety_only,safety_route_only,"[""adolescents"", ""adults"", ""older_adults""]","[""self_harm"", ""suicidal_thoughts"", ""safety_planning_principles"", ""referral_guidance""]",en,pending,803,Local commissioners and providers of healthcare have a responsibility to enable the guideline to be applied when individual professionals and people using services wish to use it. They should do so in the context of local and national prior,,
NICE_SELF_HARM_d77a0488_00003_79d773b5d1a0,NICE_SELF_HARM,"Self-harm: assessment, management and preventing recurrence",safety,safety_only,safety_route_only,"[""adolescents"", ""adults"", ""older_adults""]","[""self_harm"", ""suicidal_thoughts"", ""safety_planning_principles"", ""referral_guidance""]",en,pending,884,Contents Overview ..................................................................................................................................... 6 Who is it for? .......................................................................,,
NICE_SELF_HARM_d77a0488_00004_be30946d6eda,NICE_SELF_HARM,"Self-harm: assessment, management and preventing recurrence",safety,safety_only,safety_route_only,"[""adolescents"", ""adults"", ""older_adults""]","[""self_harm"", ""suicidal_thoughts"", ""safety_planning_principles"", ""referral_guidance""]",en,pending,879,11 1.4 Involving family members and carers ............................................................................................ 11 1.5 Psychosocial assessment and care by mental health professionals .................................,,
NICE_SELF_HARM_d77a0488_00005_b76c78c6dc48,NICE_SELF_HARM,"Self-harm: assessment, management and preventing recurrence",safety,safety_only,safety_route_only,"[""adolescents"", ""adults"", ""older_adults""]","[""self_harm"", ""suicidal_thoughts"", ""safety_planning_principles"", ""referral_guidance""]",en,pending,860,29 1.11 Interventions for self-harm ............................................................................................................ 30 1.12 Supporting people to be safe after self-harm ..........................................,,
NICE_SELF_HARM_d77a0488_00006_75fa1e8ab7cb,NICE_SELF_HARM,"Self-harm: assessment, management and preventing recurrence",safety,safety_only,safety_route_only,"[""adolescents"", ""adults"", ""older_adults""]","[""self_harm"", ""suicidal_thoughts"", ""safety_planning_principles"", ""referral_guidance""]",en,pending,861,41 Care plan ................................................................................................................................................ 41 Cognitive behavioural therapy-informed psychological intervention .............,,
NICE_SELF_HARM_d77a0488_00007_971fecad4d0e,NICE_SELF_HARM,"Self-harm: assessment, management and preventing recurrence",safety,safety_only,safety_route_only,"[""adolescents"", ""adults"", ""older_adults""]","[""self_harm"", ""suicidal_thoughts"", ""safety_planning_principles"", ""referral_guidance""]",en,pending,306,42 Mechanical restraint ............................................................................................................................. 42 Psychosocial assessment ...............................................................,,
NICE_SELF_HARM_d77a0488_00008_b0b280b8be71,NICE_SELF_HARM,"Self-harm: assessment, management and preventing recurrence",safety,safety_only,safety_route_only,"[""adolescents"", ""adults"", ""older_adults""]","[""self_harm"", ""suicidal_thoughts"", ""safety_planning_principles"", ""referral_guidance""]",en,pending,895,Risk formulation ..................................................................................................................................... 42 Safety plan ..........................................................................,,
NICE_SELF_HARM_d77a0488_00009_9a8a17725916,NICE_SELF_HARM,"Self-harm: assessment, management and preventing recurrence",safety,safety_only,safety_route_only,"[""adolescents"", ""adults"", ""older_adults""]","[""self_harm"", ""suicidal_thoughts"", ""safety_planning_principles"", ""referral_guidance""]",en,pending,857,44 2 Assessment in non-specialist settings ............................................................................................ 44 3 Routine admission to hospital .....................................................................,,
NICE_SELF_HARM_d77a0488_00010_268f2a91cbb6,NICE_SELF_HARM,"Self-harm: assessment, management and preventing recurrence",safety,safety_only,safety_route_only,"[""adolescents"", ""adults"", ""older_adults""]","[""self_harm"", ""suicidal_thoughts"", ""safety_planning_principles"", ""referral_guidance""]",en,pending,799,47 Consent and confidentiality ................................................................................................................. 48 Safeguarding ...............................................................................,,
NICE_SELF_HARM_d77a0488_00011_bbb690e5e254,NICE_SELF_HARM,"Self-harm: assessment, management and preventing recurrence",safety,safety_only,safety_route_only,"[""adolescents"", ""adults"", ""older_adults""]","[""self_harm"", ""suicidal_thoughts"", ""safety_planning_principles"", ""referral_guidance""]",en,pending,812,54 Assessment and care by professionals from other sectors .............................................................. 59 Admission to and discharge from hospital ..........................................................................,,
NICE_SELF_HARM_d77a0488_00012_069cdb36a8d8,NICE_SELF_HARM,"Self-harm: assessment, management and preventing recurrence",safety,safety_only,safety_route_only,"[""adolescents"", ""adults"", ""older_adults""]","[""self_harm"", ""suicidal_thoughts"", ""safety_planning_principles"", ""referral_guidance""]",en,pending,595,70 Training ................................................................................................................................................... 71 Supervision .................................................................,,
NICE_SELF_HARM_d77a0488_00013_08de9a4c7e0f,NICE_SELF_HARM,"Self-harm: assessment, management and preventing recurrence",safety,safety_only,safety_route_only,"[""adolescents"", ""adults"", ""older_adults""]","[""self_harm"", ""suicidal_thoughts"", ""safety_planning_principles"", ""referral_guidance""]",en,pending,148,Update information .................................................................................................................... 77 Page 5 of,,
NICE_SELF_HARM_d77a0488_00014_b94aa8b5aae2,NICE_SELF_HARM,"Self-harm: assessment, management and preventing recurrence",safety,safety_only,safety_route_only,"[""adolescents"", ""adults"", ""older_adults""]","[""self_harm"", ""suicidal_thoughts"", ""safety_planning_principles"", ""referral_guidance""]",en,pending,882,"This guideline replaces CG16 and CG133. This guideline is the basis of QS34 and QS189. Overview This guideline covers assessment, management and preventing recurrence for children, young people and adults who have self-harmed. It includes t",,
NICE_SELF_HARM_d77a0488_00015_339e569ca94e,NICE_SELF_HARM,"Self-harm: assessment, management and preventing recurrence",safety,safety_only,safety_route_only,"[""adolescents"", ""adults"", ""older_adults""]","[""self_harm"", ""suicidal_thoughts"", ""safety_planning_principles"", ""referral_guidance""]",en,pending,491,"Recommendations People have the right to be involved in discussions and make informed decisions about their care, as described in NICE's information on making decisions about your care. Making decisions using NICE guidelines explains how we",,
NICE_SELF_HARM_d77a0488_00016_4f7310d7dca0,NICE_SELF_HARM,"Self-harm: assessment, management and preventing recurrence",safety,safety_only,safety_route_only,"[""adolescents"", ""adults"", ""older_adults""]","[""self_harm"", ""suicidal_thoughts"", ""safety_planning_principles"", ""referral_guidance""]",en,pending,803,"Health and care professionals should follow our general guidelines for people delivering care: • babies, children and young people's experience of healthcare • decision making and mental capacity • medicines adherence • medicines associated",,
NICE_SELF_HARM_d77a0488_00017_f0dcd2f4ea8b,NICE_SELF_HARM,"Self-harm: assessment, management and preventing recurrence",safety,safety_only,safety_route_only,"[""adolescents"", ""adults"", ""older_adults""]","[""self_harm"", ""suicidal_thoughts"", ""safety_planning_principles"", ""referral_guidance""]",en,pending,867,"need to take other relevant national guidance into account, the recommendations in the guideline may need to be tailored for certain criminal justice system settings during implementation. Putting recommendations into practice can take time",,
NICE_SELF_HARM_d77a0488_00018_b5c1a6f56361,NICE_SELF_HARM,"Self-harm: assessment, management and preventing recurrence",safety,safety_only,safety_route_only,"[""adolescents"", ""adults"", ""older_adults""]","[""self_harm"", ""suicidal_thoughts"", ""safety_planning_principles"", ""referral_guidance""]",en,pending,578,"Share information with family members or carers (as appropriate). Topics to discuss include: • what self-harm is • why people self-harm and, where possible, the specific circumstances of the person • support and treatments available • self-",,
NICE_SELF_HARM_d77a0488_00019_1ccc8ab4b3f0,NICE_SELF_HARM,"Self-harm: assessment, management and preventing recurrence",safety,safety_only,safety_route_only,"[""adolescents"", ""adults"", ""older_adults""]","[""self_harm"", ""suicidal_thoughts"", ""safety_planning_principles"", ""referral_guidance""]",en,pending,598,1.1.2 Provide information and support for the family members or carers (as appropriate) of the person who has self-harmed. Topics to discuss include: • the emotional impact on the person and their family members or carers • advice on how to,,
NICE_SELF_HARM_d77a0488_00020_346d457cf126,NICE_SELF_HARM,"Self-harm: assessment, management and preventing recurrence",safety,safety_only,safety_route_only,"[""adolescents"", ""adults"", ""older_adults""]","[""self_harm"", ""suicidal_thoughts"", ""safety_planning_principles"", ""referral_guidance""]",en,pending,748,"1.1.3 Information for people who have self-harmed and their family members or carers should be tailored to their individual needs and circumstances, taking into account, for example: • whether this is a first presentation or repeat self-har",,
NICE_SELF_HARM_d77a0488_00021_e0793cb9b282,NICE_SELF_HARM,"Self-harm: assessment, management and preventing recurrence",safety,safety_only,safety_route_only,"[""adolescents"", ""adults"", ""older_adults""]","[""self_harm"", ""suicidal_thoughts"", ""safety_planning_principles"", ""referral_guidance""]",en,pending,894,"they might affect practice, see the rationale and impact section on information and support. • evidence review A: information and support needs of people who have self- harmed • evidence review B: information and support needs of families a",,
NICE_SELF_HARM_d77a0488_00022_4bff6ecdc9b8,NICE_SELF_HARM,"Self-harm: assessment, management and preventing recurrence",safety,safety_only,safety_route_only,"[""adolescents"", ""adults"", ""older_adults""]","[""self_harm"", ""suicidal_thoughts"", ""safety_planning_principles"", ""referral_guidance""]",en,pending,236,"they might affect practice, see the rationale and impact section on consent and confidentiality. Full details of the evidence and the committee's discussion are in evidence review C: consent, confidentiality and safeguarding. Page 10 of",,
NICE_SELF_HARM_d77a0488_00023_48f3e7657438,NICE_SELF_HARM,"Self-harm: assessment, management and preventing recurrence",safety,safety_only,safety_route_only,"[""adolescents"", ""adults"", ""older_adults""]","[""self_harm"", ""suicidal_thoughts"", ""safety_planning_principles"", ""referral_guidance""]",en,pending,819,"1.3 Safeguarding 1.3.1 All staff who have contact with people who self-harm should: • understand when and how to apply the safeguarding principles of the Care Act 2014, the Children Act 1989, and the Children and Families Act 2014 • ask abo",,
NICE_SELF_HARM_d77a0488_00024_a53500aff77d,NICE_SELF_HARM,"Self-harm: assessment, management and preventing recurrence",safety,safety_only,safety_route_only,"[""adolescents"", ""adults"", ""older_adults""]","[""self_harm"", ""suicidal_thoughts"", ""safety_planning_principles"", ""referral_guidance""]",en,pending,762,"1.3.2 If people who self-harm are referred to local health and social care services under local safeguarding procedures, use a multi-agency approach, including education and/or third sector services, to ensure that different areas of the pe",,
NICE_SELF_HARM_d77a0488_00025_d480b4d76117,NICE_SELF_HARM,"Self-harm: assessment, management and preventing recurrence",safety,safety_only,safety_route_only,"[""adolescents"", ""adults"", ""older_adults""]","[""self_harm"", ""suicidal_thoughts"", ""safety_planning_principles"", ""referral_guidance""]",en,pending,623,"1.4.2 If the person who has self-harmed finds it difficult to vocalise their distress when they are in need of care, support the person and their family members or carers (as appropriate) in trying alternative methods of communication (such",,
NICE_SELF_HARM_d77a0488_00026_6a17dc0320c0,NICE_SELF_HARM,"Self-harm: assessment, management and preventing recurrence",safety,safety_only,safety_route_only,"[""adolescents"", ""adults"", ""older_adults""]","[""self_harm"", ""suicidal_thoughts"", ""safety_planning_principles"", ""referral_guidance""]",en,pending,836,"1.5 Psychosocial assessment and care by mental health professionals 1.5.1 At the earliest opportunity after an episode of self-harm, a mental health professional should carry out a psychosocial assessment to: • develop a collaborative thera",,
NICE_SELF_HARM_d77a0488_00027_61fcb5b5b950,NICE_SELF_HARM,"Self-harm: assessment, management and preventing recurrence",safety,safety_only,safety_route_only,"[""adolescents"", ""adults"", ""older_adults""]","[""self_harm"", ""suicidal_thoughts"", ""safety_planning_principles"", ""referral_guidance""]",en,pending,899,"1.5.5 If the person is not able to participate in the psychosocial assessment, ensure that they have regular reviews, and complete a psychosocial assessment as soon as possible. 1.5.6 If the person who has self-harmed has agreed a care plan",,
NICE_SELF_HARM_d77a0488_00028_b5182e7fbd61,NICE_SELF_HARM,"Self-harm: assessment, management and preventing recurrence",safety,safety_only,safety_route_only,"[""adolescents"", ""adults"", ""older_adults""]","[""self_harm"", ""suicidal_thoughts"", ""safety_planning_principles"", ""referral_guidance""]",en,pending,734,"1.5.9 During the psychosocial assessment, explore the functions of self-harm for the person. Take into account: • the person's values, wishes and what matters to them • the need for psychological interventions, social care and support, or o",,
NICE_SELF_HARM_d77a0488_00029_353b214d7e2d,NICE_SELF_HARM,"Self-harm: assessment, management and preventing recurrence",safety,safety_only,safety_route_only,"[""adolescents"", ""adults"", ""older_adults""]","[""self_harm"", ""suicidal_thoughts"", ""safety_planning_principles"", ""referral_guidance""]",en,pending,810,"1.5.10 During the psychosocial assessment, explore the following to identify the person's strengths, vulnerabilities and needs: • historic factors • changeable and current factors • future factors, including specific upcoming events or circ",,
NICE_SELF_HARM_d77a0488_00030_8dcae21a9997,NICE_SELF_HARM,"Self-harm: assessment, management and preventing recurrence",safety,safety_only,safety_route_only,"[""adolescents"", ""adults"", ""older_adults""]","[""self_harm"", ""suicidal_thoughts"", ""safety_planning_principles"", ""referral_guidance""]",en,pending,684,"1.5.12 For older people who have self-harmed, ensure that a mental health professional experienced in assessing older people who self-harm carries out the psychosocial assessment. They should: • pay particular attention to the potential pre",,
NICE_SELF_HARM_d77a0488_00031_e78f0d6a623f,NICE_SELF_HARM,"Self-harm: assessment, management and preventing recurrence",safety,safety_only,safety_route_only,"[""adolescents"", ""adults"", ""older_adults""]","[""self_harm"", ""suicidal_thoughts"", ""safety_planning_principles"", ""referral_guidance""]",en,pending,792,health professional experienced in assessing people with a learning disability who self-harm carries out the psychosocial assessment. 1.5.14 If a person has self-harmed and presents to services but wants to leave before a full psychosocial ,,
NICE_SELF_HARM_d77a0488_00032_35fe12cc02f4,NICE_SELF_HARM,"Self-harm: assessment, management and preventing recurrence",safety,safety_only,safety_route_only,"[""adolescents"", ""adults"", ""older_adults""]","[""self_harm"", ""suicidal_thoughts"", ""safety_planning_principles"", ""referral_guidance""]",en,pending,697,"1.5.17 If a person presents with frequent episodes of self-harm or if treatment has not been effective, carry out a multidisciplinary review with the person and those involved in their care and support, and others who may need to be involve",,
NICE_SELF_HARM_d77a0488_00033_7122926761f2,NICE_SELF_HARM,"Self-harm: assessment, management and preventing recurrence",safety,safety_only,safety_route_only,"[""adolescents"", ""adults"", ""older_adults""]","[""self_harm"", ""suicidal_thoughts"", ""safety_planning_principles"", ""referral_guidance""]",en,pending,797,"they might affect practice, see the rationale and impact section on psychosocial assessment and care by mental health professionals. • evidence review F: assessment in specialist settings • evidence review G: risk assessment and formulation",,
NICE_SELF_HARM_d77a0488_00034_9164d5183146,NICE_SELF_HARM,"Self-harm: assessment, management and preventing recurrence",safety,safety_only,safety_route_only,"[""adolescents"", ""adults"", ""older_adults""]","[""self_harm"", ""suicidal_thoughts"", ""safety_planning_principles"", ""referral_guidance""]",en,pending,369,1.6.5 Focus the assessment (see the section on principles for assessment and care by healthcare professionals and social care practitioners) on the person's needs and how to support their immediate and long-term psychological and physical s,,
NICE_SELF_HARM_d77a0488_00035_cc53e48d8855,NICE_SELF_HARM,"Self-harm: assessment, management and preventing recurrence",safety,safety_only,safety_route_only,"[""adolescents"", ""adults"", ""older_adults""]","[""self_harm"", ""suicidal_thoughts"", ""safety_planning_principles"", ""referral_guidance""]",en,pending,220,"they might affect practice, see the rationale and impact section on risk assessment tools and scales. Full details of the evidence and the committee's discussion are in evidence review G: risk assessment and formulation.",,
NICE_SELF_HARM_d77a0488_00036_f5d5668f2b12,NICE_SELF_HARM,"Self-harm: assessment, management and preventing recurrence",safety,safety_only,safety_route_only,"[""adolescents"", ""adults"", ""older_adults""]","[""self_harm"", ""suicidal_thoughts"", ""safety_planning_principles"", ""referral_guidance""]",en,pending,1102,1.7 Assessment and care by healthcare professionals and social care practitioners Principles for assessment and care by healthcare professionals and social care practitioners 1.7.1 When a person presents to a healthcare professional or soci,,
NICE_SELF_HARM_d77a0488_00037_19e21b0e1b37,NICE_SELF_HARM,"Self-harm: assessment, management and preventing recurrence",safety,safety_only,safety_route_only,"[""adolescents"", ""adults"", ""older_adults""]","[""self_harm"", ""suicidal_thoughts"", ""safety_planning_principles"", ""referral_guidance""]",en,pending,200,"1.7.2 When a person presents to a healthcare professional or social care practitioner following an episode of self-harm, the professional should establish the following as soon as possible: Page 17 of",,
NICE_SELF_HARM_d77a0488_00038_e9a44264740a,NICE_SELF_HARM,"Self-harm: assessment, management and preventing recurrence",safety,safety_only,safety_route_only,"[""adolescents"", ""adults"", ""older_adults""]","[""self_harm"", ""suicidal_thoughts"", ""safety_planning_principles"", ""referral_guidance""]",en,pending,667,"• the severity of the injury and how urgently medical treatment is needed • the person's emotional and mental state, and level of distress • whether there is immediate concern about the person's safety • whether there are any safeguarding c",,
NICE_SELF_HARM_d77a0488_00039_cfba55c04152,NICE_SELF_HARM,"Self-harm: assessment, management and preventing recurrence",safety,safety_only,safety_route_only,"[""adolescents"", ""adults"", ""older_adults""]","[""self_harm"", ""suicidal_thoughts"", ""safety_planning_principles"", ""referral_guidance""]",en,pending,865,"1.7.5 Do not use aversive treatment, punitive approaches or criminal justice approaches such as community protection notices, criminal behaviour orders or prosecution for high service use as an intervention for frequent self-harm episodes. ",,
NICE_SELF_HARM_d77a0488_00040_14ab2eaccc5f,NICE_SELF_HARM,"Self-harm: assessment, management and preventing recurrence",safety,safety_only,safety_route_only,"[""adolescents"", ""adults"", ""older_adults""]","[""self_harm"", ""suicidal_thoughts"", ""safety_planning_principles"", ""referral_guidance""]",en,pending,640,"• the person asks for further support from mental health services • levels of distress in family members or carers of children, young people and adults are rising, high or sustained, despite attempts to help. 1.7.8 If the person who has sel",,
NICE_SELF_HARM_d77a0488_00041_948585f93192,NICE_SELF_HARM,"Self-harm: assessment, management and preventing recurrence",safety,safety_only,safety_route_only,"[""adolescents"", ""adults"", ""older_adults""]","[""self_harm"", ""suicidal_thoughts"", ""safety_planning_principles"", ""referral_guidance""]",en,pending,715,"Assessment and care by ambulance staff and paramedics 1.7.9 When attending a person who has self-harmed but who does not need urgent physical care, ambulance staff and paramedics should: • discuss with the person the best way that the ambul",,
NICE_SELF_HARM_d77a0488_00042_d8043428667c,NICE_SELF_HARM,"Self-harm: assessment, management and preventing recurrence",safety,safety_only,safety_route_only,"[""adolescents"", ""adults"", ""older_adults""]","[""self_harm"", ""suicidal_thoughts"", ""safety_planning_principles"", ""referral_guidance""]",en,pending,697,"－ initial emotional state and level of distress － any medicines found at their home. 1.7.10 When attending a person who has self-harmed but who does not need urgent physical care, ambulance staff and paramedics should discuss with the perso",,
NICE_SELF_HARM_d77a0488_00043_85d8eeb14ce7,NICE_SELF_HARM,"Self-harm: assessment, management and preventing recurrence",safety,safety_only,safety_route_only,"[""adolescents"", ""adults"", ""older_adults""]","[""self_harm"", ""suicidal_thoughts"", ""safety_planning_principles"", ""referral_guidance""]",en,pending,880,"Assessment and care by non-mental health emergency department professionals 1.7.12 When a person attends the emergency department or minor injury unit following an episode of self-harm, emergency department staff responsible for initial ass",,
NICE_SELF_HARM_d77a0488_00044_e3797f2e0786,NICE_SELF_HARM,"Self-harm: assessment, management and preventing recurrence",safety,safety_only,safety_route_only,"[""adolescents"", ""adults"", ""older_adults""]","[""self_harm"", ""suicidal_thoughts"", ""safety_planning_principles"", ""referral_guidance""]",en,pending,810,"services, or for children and young people, crisis response service (or an equivalent specialist mental health service or a suitably skilled mental health professional) as soon as possible after arrival, for a psychosocial assessment (see t",,
NICE_SELF_HARM_d77a0488_00045_cf9102e30682,NICE_SELF_HARM,"Self-harm: assessment, management and preventing recurrence",safety,safety_only,safety_route_only,"[""adolescents"", ""adults"", ""older_adults""]","[""self_harm"", ""suicidal_thoughts"", ""safety_planning_principles"", ""referral_guidance""]",en,pending,803,"1.7.16 Ensure that the waiting area in the emergency department for people who have self-harmed is close to staff who can provide care, support and observation. 1.7.17 Ensure that appropriate joint governance arrangements are in place so th",,
NICE_SELF_HARM_d77a0488_00046_a55cbce54c3a,NICE_SELF_HARM,"Self-harm: assessment, management and preventing recurrence",safety,safety_only,safety_route_only,"[""adolescents"", ""adults"", ""older_adults""]","[""self_harm"", ""suicidal_thoughts"", ""safety_planning_principles"", ""referral_guidance""]",en,pending,157,1.7.18 Do not use mechanical restraint in emergency departments to prevent self-harm or to prevent a person from leaving the emergency department. Page 21 of,,
NICE_SELF_HARM_d77a0488_00047_3427b56b01c7,NICE_SELF_HARM,"Self-harm: assessment, management and preventing recurrence",safety,safety_only,safety_route_only,"[""adolescents"", ""adults"", ""older_adults""]","[""self_harm"", ""suicidal_thoughts"", ""safety_planning_principles"", ""referral_guidance""]",en,pending,710,"Also see the NICE guideline on violence and aggression for recommendations about mechanical restraint. 1.7.19 Ensure that policies and procedures are in place for people who have self-harmed who wish to leave, or have left, the emergency de",,
NICE_SELF_HARM_d77a0488_00048_d14e4be8f044,NICE_SELF_HARM,"Self-harm: assessment, management and preventing recurrence",safety,safety_only,safety_route_only,"[""adolescents"", ""adults"", ""older_adults""]","[""self_harm"", ""suicidal_thoughts"", ""safety_planning_principles"", ""referral_guidance""]",en,pending,745,"Assessment and care in general hospital settings 1.7.21 When a person is admitted to hospital following an episode of self-harm, offer referral to age-appropriate liaison psychiatry services (or an equivalent specialist mental health servic",,
NICE_SELF_HARM_d77a0488_00049_bcae67cab98a,NICE_SELF_HARM,"Self-harm: assessment, management and preventing recurrence",safety,safety_only,safety_route_only,"[""adolescents"", ""adults"", ""older_adults""]","[""self_harm"", ""suicidal_thoughts"", ""safety_planning_principles"", ""referral_guidance""]",en,pending,331,"1.7.23 Mental health and acute ward staff should jointly decide the need for close observation on a case-by-case basis, taking into account the person's views and ensuring that observation is: • by appropriately skilled and trained healthca",,
NICE_SELF_HARM_d77a0488_00050_0542a1e56ad8,NICE_SELF_HARM,"Self-harm: assessment, management and preventing recurrence",safety,safety_only,safety_route_only,"[""adolescents"", ""adults"", ""older_adults""]","[""self_harm"", ""suicidal_thoughts"", ""safety_planning_principles"", ""referral_guidance""]",en,pending,858,• reviewed regularly. 1.7.24 Children and young people who have been admitted to a paediatric ward following an episode of self-harm should have: • access to a specialist child and adolescent mental health service (CAMHS or children and you,,
NICE_SELF_HARM_d77a0488_00051_81973e42225c,NICE_SELF_HARM,"Self-harm: assessment, management and preventing recurrence",safety,safety_only,safety_route_only,"[""adolescents"", ""adults"", ""older_adults""]","[""self_harm"", ""suicidal_thoughts"", ""safety_planning_principles"", ""referral_guidance""]",en,pending,518,"1.7.26 If self-harm has been identified during a social care assessment or through ongoing work, seek advice from, or refer the person to, the local urgent and emergency mental health service. 1.7.27 Continue to offer social care support an",,
NICE_SELF_HARM_d77a0488_00052_207c44d4dbbd,NICE_SELF_HARM,"Self-harm: assessment, management and preventing recurrence",safety,safety_only,safety_route_only,"[""adolescents"", ""adults"", ""older_adults""]","[""self_harm"", ""suicidal_thoughts"", ""safety_planning_principles"", ""referral_guidance""]",en,pending,728,"they might affect practice, see the rationale and impact section on assessment and care by healthcare professionals and social care practitioners. • evidence review E: assessment in non-specialist settings • evidence review T: models of car",,
NICE_SELF_HARM_d77a0488_00053_b344973d4a3f,NICE_SELF_HARM,"Self-harm: assessment, management and preventing recurrence",safety,safety_only,safety_route_only,"[""adolescents"", ""adults"", ""older_adults""]","[""self_harm"", ""suicidal_thoughts"", ""safety_planning_principles"", ""referral_guidance""]",en,pending,650,"Principles for assessment and care by professionals from other sectors 1.8.1 When a person who has self-harmed presents to a non-health professional, for example, a teacher or a member of staff in the criminal justice system, the non- healt",,
NICE_SELF_HARM_d77a0488_00054_801eb979a903,NICE_SELF_HARM,"Self-harm: assessment, management and preventing recurrence",safety,safety_only,safety_route_only,"[""adolescents"", ""adults"", ""older_adults""]","[""self_harm"", ""suicidal_thoughts"", ""safety_planning_principles"", ""referral_guidance""]",en,pending,484,"• seek advice from a healthcare professional or social care practitioners, which may include referral to a healthcare or mental health service • ensure that the person is aware of sources of support such as local NHS urgent mental health he",,
NICE_SELF_HARM_d77a0488_00055_814299a1f97e,NICE_SELF_HARM,"Self-harm: assessment, management and preventing recurrence",safety,safety_only,safety_route_only,"[""adolescents"", ""adults"", ""older_adults""]","[""self_harm"", ""suicidal_thoughts"", ""safety_planning_principles"", ""referral_guidance""]",en,pending,749,"1.8.2 When a person presents to a non-health professional, for example, a teacher or a member of staff in the criminal justice system, the non-health professional should establish the following as soon as possible: • the severity of the inj",,
NICE_SELF_HARM_d77a0488_00056_a15319421ac4,NICE_SELF_HARM,"Self-harm: assessment, management and preventing recurrence",safety,safety_only,safety_route_only,"[""adolescents"", ""adults"", ""older_adults""]","[""self_harm"", ""suicidal_thoughts"", ""safety_planning_principles"", ""referral_guidance""]",en,pending,214,These should include: • how to identify self-harm behaviours • how to assess the needs of students • what do to if they suspect a student is self-harming • how to support the student's close friends and peer group.,,
NICE_SELF_HARM_d77a0488_00057_f9e9b385cd89,NICE_SELF_HARM,"Self-harm: assessment, management and preventing recurrence",safety,safety_only,safety_route_only,"[""adolescents"", ""adults"", ""older_adults""]","[""self_harm"", ""suicidal_thoughts"", ""safety_planning_principles"", ""referral_guidance""]",en,pending,737,1.8.4 Educational settings should have a designated lead responsible for: • ensuring that self-harm policies and procedures are implemented • ensuring that self-harm policies and procedures are regularly reviewed and kept up-to-date in line,,
NICE_SELF_HARM_d77a0488_00058_fc1531b04a22,NICE_SELF_HARM,"Self-harm: assessment, management and preventing recurrence",safety,safety_only,safety_route_only,"[""adolescents"", ""adults"", ""older_adults""]","[""self_harm"", ""suicidal_thoughts"", ""safety_planning_principles"", ""referral_guidance""]",en,pending,817,"1.8.6 For students who have self-harmed, the designated lead should seek the advice of mental health professionals to develop a support plan with the student and their family members and carers (as appropriate) for when they are in the educ",,
NICE_SELF_HARM_d77a0488_00059_cf3279cf1340,NICE_SELF_HARM,"Self-harm: assessment, management and preventing recurrence",safety,safety_only,safety_route_only,"[""adolescents"", ""adults"", ""older_adults""]","[""self_harm"", ""suicidal_thoughts"", ""safety_planning_principles"", ""referral_guidance""]",en,pending,864,1.8.9 Staff in criminal justice settings and other secure settings such as immigration removal centres should be aware of support services available to them to support their own wellbeing. 1.8.10 Staff in criminal justice settings and other,,
NICE_SELF_HARM_d77a0488_00060_a1fc441c1add,NICE_SELF_HARM,"Self-harm: assessment, management and preventing recurrence",safety,safety_only,safety_route_only,"[""adolescents"", ""adults"", ""older_adults""]","[""self_harm"", ""suicidal_thoughts"", ""safety_planning_principles"", ""referral_guidance""]",en,pending,639,1.8.12 Staff in criminal justice settings and other secure settings such as immigration removal centres should ensure that people who have self-harmed have a safe location to await assessment or treatment following an episode of self-harm. ,,
NICE_SELF_HARM_d77a0488_00061_5f26292cd4e4,NICE_SELF_HARM,"Self-harm: assessment, management and preventing recurrence",safety,safety_only,safety_route_only,"[""adolescents"", ""adults"", ""older_adults""]","[""self_harm"", ""suicidal_thoughts"", ""safety_planning_principles"", ""referral_guidance""]",en,pending,793,"1.9.1 Consider admission to a general hospital after an episode of self-harm if: • there are concerns about the safety of the person (for example, the person is at risk of violence, abuse or exploitation) and psychiatric admission is not in",,
NICE_SELF_HARM_d77a0488_00062_b6a7708d19f7,NICE_SELF_HARM,"Self-harm: assessment, management and preventing recurrence",safety,safety_only,safety_route_only,"[""adolescents"", ""adults"", ""older_adults""]","[""self_harm"", ""suicidal_thoughts"", ""safety_planning_principles"", ""referral_guidance""]",en,pending,855,"1.9.4 Do not delay carrying out a psychosocial assessment or offering mental health treatment if the person is admitted to hospital or needs treatment for physical injuries. 1.9.5 If a person self-harms during a hospital admission, follow t",,
NICE_SELF_HARM_d77a0488_00063_428437e39575,NICE_SELF_HARM,"Self-harm: assessment, management and preventing recurrence",safety,safety_only,safety_route_only,"[""adolescents"", ""adults"", ""older_adults""]","[""self_harm"", ""suicidal_thoughts"", ""safety_planning_principles"", ""referral_guidance""]",en,pending,792,"they might affect practice, see the rationale and impact section on admission to and discharge from hospital. Full details of the evidence and the committee's discussion are in evidence review H: admission to hospital. 1.10 Initial aftercar",,
NICE_SELF_HARM_d77a0488_00064_aab0ffe14908,NICE_SELF_HARM,"Self-harm: assessment, management and preventing recurrence",safety,safety_only,safety_route_only,"[""adolescents"", ""adults"", ""older_adults""]","[""self_harm"", ""suicidal_thoughts"", ""safety_planning_principles"", ""referral_guidance""]",en,pending,511,"1.10.2 If there are ongoing safety concerns for the person after an episode of self-harm, the mental health team, GP, team who carried out the psychosocial assessment or the team responsible for their care should provide initial aftercare w",,
NICE_SELF_HARM_d77a0488_00065_6818a499a42d,NICE_SELF_HARM,"Self-harm: assessment, management and preventing recurrence",safety,safety_only,safety_route_only,"[""adolescents"", ""adults"", ""older_adults""]","[""self_harm"", ""suicidal_thoughts"", ""safety_planning_principles"", ""referral_guidance""]",en,pending,271,"1.11 Interventions for self-harm The recommendations in this section apply to all healthcare professionals unless otherwise stated. 1.11.1 When planning treatment following self-harm, take into account any associated coexisting conditions a",,
NICE_SELF_HARM_d77a0488_00066_e8c97871e4e9,NICE_SELF_HARM,"Self-harm: assessment, management and preventing recurrence",safety,safety_only,safety_route_only,"[""adolescents"", ""adults"", ""older_adults""]","[""self_harm"", ""suicidal_thoughts"", ""safety_planning_principles"", ""referral_guidance""]",en,pending,823,"1.11.2 For guidance on how to treat coexisting conditions that may be related to self- harm, also see the NICE guidelines on: • Alcohol-use disorders • Autism spectrum disorder in adults • Autism spectrum disorder in under 19s • Bipolar dis",,
NICE_SELF_HARM_d77a0488_00067_751c9186ffa4,NICE_SELF_HARM,"Self-harm: assessment, management and preventing recurrence",safety,safety_only,safety_route_only,"[""adolescents"", ""adults"", ""older_adults""]","[""self_harm"", ""suicidal_thoughts"", ""safety_planning_principles"", ""referral_guidance""]",en,pending,806,"• Psychosis and schizophrenia in adults • Post-traumatic stress disorder. 1.11.3 Offer a structured, person-centred, cognitive behavioural therapy (CBT)-informed psychological intervention (for example, CBT or problem-solving therapy) that ",,
NICE_SELF_HARM_d77a0488_00068_fe1627602932,NICE_SELF_HARM,"Self-harm: assessment, management and preventing recurrence",safety,safety_only,safety_route_only,"[""adolescents"", ""adults"", ""older_adults""]","[""self_harm"", ""suicidal_thoughts"", ""safety_planning_principles"", ""referral_guidance""]",en,pending,779,"1.11.5 Healthcare staff should be appropriately trained and supervised in the therapy they are offering to people who self-harm. 1.11.6 Work collaboratively with the person, using a strengths-based approach to identify solutions to reduce t",,
NICE_SELF_HARM_d77a0488_00069_3ef6db7f5625,NICE_SELF_HARM,"Self-harm: assessment, management and preventing recurrence",safety,safety_only,safety_route_only,"[""adolescents"", ""adults"", ""older_adults""]","[""self_harm"", ""suicidal_thoughts"", ""safety_planning_principles"", ""referral_guidance""]",en,pending,818,"• identify family members or friends to provide support and/or help resolve the crisis • include contact details for the mental health service, including out-of-hours services and emergency contact details • keep the environment safe by wor",,
NICE_SELF_HARM_d77a0488_00070_367f25e3b376,NICE_SELF_HARM,"Self-harm: assessment, management and preventing recurrence",safety,safety_only,safety_route_only,"[""adolescents"", ""adults"", ""older_adults""]","[""self_harm"", ""suicidal_thoughts"", ""safety_planning_principles"", ""referral_guidance""]",en,pending,529,"1.11.10 Do not offer drug treatment as a specific intervention to reduce self-harm. Harm minimisation Although ways to self-harm safely are often considered a harm minimisation strategy, this guideline does not make any recommendations abou",,
NICE_SELF_HARM_d77a0488_00071_5b76efaf9304,NICE_SELF_HARM,"Self-harm: assessment, management and preventing recurrence",safety,safety_only,safety_route_only,"[""adolescents"", ""adults"", ""older_adults""]","[""self_harm"", ""suicidal_thoughts"", ""safety_planning_principles"", ""referral_guidance""]",en,pending,859,"• as part of an overall approach to the person's ongoing recovery-focused care and support, and not as a standalone intervention and • after being discussed and agreed in a collaborative way with the person and their family members or carer",,
NICE_SELF_HARM_d77a0488_00072_5c8e6d3c67b2,NICE_SELF_HARM,"Self-harm: assessment, management and preventing recurrence",safety,safety_only,safety_route_only,"[""adolescents"", ""adults"", ""older_adults""]","[""self_harm"", ""suicidal_thoughts"", ""safety_planning_principles"", ""referral_guidance""]",en,pending,467,"Therapeutic risk taking 1.11.14 Therapeutic risk taking should only be used after a psychosocial assessment (see the section on psychosocial assessment and care by mental health professionals), and should: • include other relevant professio",,
NICE_SELF_HARM_d77a0488_00073_baa9bd0dde53,NICE_SELF_HARM,"Self-harm: assessment, management and preventing recurrence",safety,safety_only,safety_route_only,"[""adolescents"", ""adults"", ""older_adults""]","[""self_harm"", ""suicidal_thoughts"", ""safety_planning_principles"", ""referral_guidance""]",en,pending,791,"• be concurrent with psychiatric care if necessary. they might affect practice, see the rationale and impact section on interventions for self-harm. • evidence review J: psychological and psychosocial interventions • evidence review K: phar",,
NICE_SELF_HARM_d77a0488_00074_33dcc407d6a0,NICE_SELF_HARM,"Self-harm: assessment, management and preventing recurrence",safety,safety_only,safety_route_only,"[""adolescents"", ""adults"", ""older_adults""]","[""self_harm"", ""suicidal_thoughts"", ""safety_planning_principles"", ""referral_guidance""]",en,pending,459,"1.12.2 Do not use staff who are untrained in clinical observation (for example, security staff or trainee health and social care staff) to undertake such observations in a person who has self-harmed. 1.12.3 Ensure that the care plans of peo",,
NICE_SELF_HARM_d77a0488_00075_e7608e936530,NICE_SELF_HARM,"Self-harm: assessment, management and preventing recurrence",safety,safety_only,safety_route_only,"[""adolescents"", ""adults"", ""older_adults""]","[""self_harm"", ""suicidal_thoughts"", ""safety_planning_principles"", ""referral_guidance""]",en,pending,820,"accessible to the people they are caring for, to encourage interaction, particularly during handovers and busy periods. 1.12.5 Assess the safety of the environment, balancing respect for the person's autonomy against the need for restrictio",,
NICE_SELF_HARM_d77a0488_00076_5bdd3c882a92,NICE_SELF_HARM,"Self-harm: assessment, management and preventing recurrence",safety,safety_only,safety_route_only,"[""adolescents"", ""adults"", ""older_adults""]","[""self_harm"", ""suicidal_thoughts"", ""safety_planning_principles"", ""referral_guidance""]",en,pending,678,Full details of the evidence and the committee's discussion are in evidence review N: supporting people to be safe after self-harm. 1.13 Safer prescribing and dispensing The recommendations in this section apply to all healthcare profession,,
NICE_SELF_HARM_d77a0488_00077_9aeca74506a7,NICE_SELF_HARM,"Self-harm: assessment, management and preventing recurrence",safety,safety_only,safety_route_only,"[""adolescents"", ""adults"", ""older_adults""]","[""self_harm"", ""suicidal_thoughts"", ""safety_planning_principles"", ""referral_guidance""]",en,pending,863,• the person's wider access to medicines prescribed for themselves or others • the need for effective communication where multiple prescribers are involved. Also see the section on reducing access to methods of suicide in the NICE guideline,,
NICE_SELF_HARM_d77a0488_00078_1f20a0a9c541,NICE_SELF_HARM,"Self-harm: assessment, management and preventing recurrence",safety,safety_only,safety_route_only,"[""adolescents"", ""adults"", ""older_adults""]","[""self_harm"", ""suicidal_thoughts"", ""safety_planning_principles"", ""referral_guidance""]",en,pending,861,"For people with learning disabilities or autism or both, the NHS England STOMP-STAMP principles may be useful. 1.13.4 Community pharmacy staff should be aware of warning signs relating to self- harm, such as identifying people who are in ac",,
NICE_SELF_HARM_d77a0488_00079_0087bd8291ab,NICE_SELF_HARM,"Self-harm: assessment, management and preventing recurrence",safety,safety_only,safety_route_only,"[""adolescents"", ""adults"", ""older_adults""]","[""self_harm"", ""suicidal_thoughts"", ""safety_planning_principles"", ""referral_guidance""]",en,pending,749,"1.14 Training 1.14.1 Training for all staff who work with people of any age who self-harm should: • involve people who self-harm and, where appropriate, their families or carers, and staff in the planning, delivery and evaluation of trainin",,
NICE_SELF_HARM_d77a0488_00080_bd517e9860ef,NICE_SELF_HARM,"Self-harm: assessment, management and preventing recurrence",safety,safety_only,safety_route_only,"[""adolescents"", ""adults"", ""older_adults""]","[""self_harm"", ""suicidal_thoughts"", ""safety_planning_principles"", ""referral_guidance""]",en,pending,784,"Training should cover: • the range of different behaviours that can be considered self-harm • treating and managing episodes of self-harm, including de-escalation using the least restrictive measures • discussing self-harm with the person i",,
NICE_SELF_HARM_d77a0488_00081_108baaab5d88,NICE_SELF_HARM,"Self-harm: assessment, management and preventing recurrence",safety,safety_only,safety_route_only,"[""adolescents"", ""adults"", ""older_adults""]","[""self_harm"", ""suicidal_thoughts"", ""safety_planning_principles"", ""referral_guidance""]",en,pending,877,"• education about the stigma and discrimination usually associated with self- harm and the need to avoid judgemental attitudes • recognising the impact of other diagnoses and comorbidities, and how they interact with self-harm • balancing p",,
NICE_SELF_HARM_d77a0488_00082_aabc029eed27,NICE_SELF_HARM,"Self-harm: assessment, management and preventing recurrence",safety,safety_only,safety_route_only,"[""adolescents"", ""adults"", ""older_adults""]","[""self_harm"", ""suicidal_thoughts"", ""safety_planning_principles"", ""referral_guidance""]",en,pending,156,"1.14.4 All staff observing people who have self-harmed should also be trained in therapeutic observation methods, including engagement and rapport building.",,
NICE_SELF_HARM_d77a0488_00083_232dfd14a8bb,NICE_SELF_HARM,"Self-harm: assessment, management and preventing recurrence",safety,safety_only,safety_route_only,"[""adolescents"", ""adults"", ""older_adults""]","[""self_harm"", ""suicidal_thoughts"", ""safety_planning_principles"", ""referral_guidance""]",en,pending,815,"they might affect practice, see the rationale and impact section on training. • evidence review P: skills required by staff in specialist settings • evidence review R: skills required by staff in non-specialist settings • evidence review N:",,
NICE_SELF_HARM_d77a0488_00084_e7d2fd7cde5f,NICE_SELF_HARM,"Self-harm: assessment, management and preventing recurrence",safety,safety_only,safety_route_only,"[""adolescents"", ""adults"", ""older_adults""]","[""self_harm"", ""suicidal_thoughts"", ""safety_planning_principles"", ""referral_guidance""]",en,pending,460,"1.15.2 Ensure that all staff working with people who self-harm have easily accessible ongoing support from senior staff with relevant skills, training and experience. Support should include: • clear lines of responsibility around decision m",,
NICE_SELF_HARM_d77a0488_00085_74e62c86bfb6,NICE_SELF_HARM,"Self-harm: assessment, management and preventing recurrence",safety,safety_only,safety_route_only,"[""adolescents"", ""adults"", ""older_adults""]","[""self_harm"", ""suicidal_thoughts"", ""safety_planning_principles"", ""referral_guidance""]",en,pending,273,"by the member of staff. they might affect practice, see the rationale and impact section on supervision. • evidence review Q: supervision required for staff in specialist mental health settings • evidence review S: supervision required for ",,
NICE_SELF_HARM_d77a0488_00086_87abea731e41,NICE_SELF_HARM,"Self-harm: assessment, management and preventing recurrence",safety,safety_only,safety_route_only,"[""adolescents"", ""adults"", ""older_adults""]","[""self_harm"", ""suicidal_thoughts"", ""safety_planning_principles"", ""referral_guidance""]",en,pending,702,Terms used in this guideline This section defines terms that have been used in a particular way for this guideline. Care plan The plan of treatment or healthcare to be provided to the service user. It typically documents the needs and safet,,
NICE_SELF_HARM_d77a0488_00087_1fe046f85da5,NICE_SELF_HARM,"Self-harm: assessment, management and preventing recurrence",safety,safety_only,safety_route_only,"[""adolescents"", ""adults"", ""older_adults""]","[""self_harm"", ""suicidal_thoughts"", ""safety_planning_principles"", ""referral_guidance""]",en,pending,899,"The Cochrane review that NICE drew on to evaluate research evidence for this guideline used a broad conceptualisation that included treatments focused on modifying thoughts, behaviours, and problem-solving skills. Clinical observation A the",,
NICE_SELF_HARM_d77a0488_00088_fd3238ec42b6,NICE_SELF_HARM,"Self-harm: assessment, management and preventing recurrence",safety,safety_only,safety_route_only,"[""adolescents"", ""adults"", ""older_adults""]","[""self_harm"", ""suicidal_thoughts"", ""safety_planning_principles"", ""referral_guidance""]",en,pending,865,"strategies and policies within the education setting for the care of students with mental health problems, including self-harm. The designated lead liaises with external agencies and parents to work collaboratively in supporting students' n",,
NICE_SELF_HARM_d77a0488_00089_1604ef68b532,NICE_SELF_HARM,"Self-harm: assessment, management and preventing recurrence",safety,safety_only,safety_route_only,"[""adolescents"", ""adults"", ""older_adults""]","[""self_harm"", ""suicidal_thoughts"", ""safety_planning_principles"", ""referral_guidance""]",en,pending,741,"Harm minimisation Harm minimisation is an approach to self-harm that accepts the person's continued urge to self-harm while aiming to keep long-term damage and frequency of injury to a minimum. It can include suggestions to avoid, delay or ",,
NICE_SELF_HARM_d77a0488_00090_4fd69b90199a,NICE_SELF_HARM,"Self-harm: assessment, management and preventing recurrence",safety,safety_only,safety_route_only,"[""adolescents"", ""adults"", ""older_adults""]","[""self_harm"", ""suicidal_thoughts"", ""safety_planning_principles"", ""referral_guidance""]",en,pending,183,Risk formulation A collaborative process between the person who has self-harmed and a mental health professional that aims to summarise the person's current risks and difficulties and,,
NICE_SELF_HARM_d77a0488_00091_15cfdcd86ebf,NICE_SELF_HARM,"Self-harm: assessment, management and preventing recurrence",safety,safety_only,safety_route_only,"[""adolescents"", ""adults"", ""older_adults""]","[""self_harm"", ""suicidal_thoughts"", ""safety_planning_principles"", ""referral_guidance""]",en,pending,805,"understand why they are happening in order to inform a treatment plan. Formulation typically includes taking into consideration historical factors and experiences, more recent problems, and existing strengths and resources. Safety plan A wr",,
NICE_SELF_HARM_d77a0488_00092_b49a590d9cb6,NICE_SELF_HARM,"Self-harm: assessment, management and preventing recurrence",safety,safety_only,safety_route_only,"[""adolescents"", ""adults"", ""older_adults""]","[""self_harm"", ""suicidal_thoughts"", ""safety_planning_principles"", ""referral_guidance""]",en,pending,546,"Therapeutic risk taking A process that aims to empower people who self-harm to make decisions about their own safety and to take risks to enable recovery. Key principles include joint decision making, clear information sharing, drawing on e",,
NICE_SELF_HARM_d77a0488_00093_42e979b5da2c,NICE_SELF_HARM,"Self-harm: assessment, management and preventing recurrence",safety,safety_only,safety_route_only,"[""adolescents"", ""adults"", ""older_adults""]","[""self_harm"", ""suicidal_thoughts"", ""safety_planning_principles"", ""referral_guidance""]",en,pending,892,"Recommendations for research The guideline committee has made the following recommendations for research. 1 Models of care What is the effectiveness of different models of care for children and young people who self-harm? research, see the ",,
NICE_SELF_HARM_d77a0488_00094_04aa2ed8c34d,NICE_SELF_HARM,"Self-harm: assessment, management and preventing recurrence",safety,safety_only,safety_route_only,"[""adolescents"", ""adults"", ""older_adults""]","[""self_harm"", ""suicidal_thoughts"", ""safety_planning_principles"", ""referral_guidance""]",en,pending,840,"Professionals from other sectors research, see the rationale section on assessment and care by professionals from other sectors. Full details of the evidence and the committee's discussion are in evidence review E: assessment in non-special",,
NICE_SELF_HARM_d77a0488_00095_8f5814849eee,NICE_SELF_HARM,"Self-harm: assessment, management and preventing recurrence",safety,safety_only,safety_route_only,"[""adolescents"", ""adults"", ""older_adults""]","[""self_harm"", ""suicidal_thoughts"", ""safety_planning_principles"", ""referral_guidance""]",en,pending,131,Full details of the evidence and the committee's discussion are in evidence review J: psychological and psychosocial interventions.,,
NICE_SELF_HARM_d77a0488_00096_b9904037ccc5,NICE_SELF_HARM,"Self-harm: assessment, management and preventing recurrence",safety,safety_only,safety_route_only,"[""adolescents"", ""adults"", ""older_adults""]","[""self_harm"", ""suicidal_thoughts"", ""safety_planning_principles"", ""referral_guidance""]",en,pending,330,"5 Harm minimisation What is the experience, feasibility, acceptability and effectiveness of harm minimisation strategies for people who self-harm? research, see the rationale section on interventions for self-harm. Full details of the evide",,
NICE_SELF_HARM_d77a0488_00097_76ce15ce162f,NICE_SELF_HARM,"Self-harm: assessment, management and preventing recurrence",safety,safety_only,safety_route_only,"[""adolescents"", ""adults"", ""older_adults""]","[""self_harm"", ""suicidal_thoughts"", ""safety_planning_principles"", ""referral_guidance""]",en,pending,855,Rationale and impact These sections briefly explain why the committee made the recommendations and how they might affect practice. Information and support Recommendations 1.1.1 to 1.1.4 There was evidence on the information that people who ,,
NICE_SELF_HARM_d77a0488_00098_f71b4725272a,NICE_SELF_HARM,"Self-harm: assessment, management and preventing recurrence",safety,safety_only,safety_route_only,"[""adolescents"", ""adults"", ""older_adults""]","[""self_harm"", ""suicidal_thoughts"", ""safety_planning_principles"", ""referral_guidance""]",en,pending,821,The committee agreed that information should be available to the person's family and carers where appropriate and in agreement with the person. There was evidence that family members and carers have additional information and support needs ,,
NICE_SELF_HARM_d77a0488_00099_584b4fc2539f,NICE_SELF_HARM,"Self-harm: assessment, management and preventing recurrence",safety,safety_only,safety_route_only,"[""adolescents"", ""adults"", ""older_adults""]","[""self_harm"", ""suicidal_thoughts"", ""safety_planning_principles"", ""referral_guidance""]",en,pending,130,The evidence also suggested that people and their family and carers find it difficult to get the information or support they need.,,
NICE_SELF_HARM_d77a0488_00100_70684965b299,NICE_SELF_HARM,"Self-harm: assessment, management and preventing recurrence",safety,safety_only,safety_route_only,"[""adolescents"", ""adults"", ""older_adults""]","[""self_harm"", ""suicidal_thoughts"", ""safety_planning_principles"", ""referral_guidance""]",en,pending,807,The committee discussed existing NICE guidelines that have important information about how to appropriately provide information and support to people and agreed that the guidelines are relevant for people who have self-harmed. The recommend,,
NICE_SELF_HARM_d77a0488_00101_3a45b4bea805,NICE_SELF_HARM,"Self-harm: assessment, management and preventing recurrence",safety,safety_only,safety_route_only,"[""adolescents"", ""adults"", ""older_adults""]","[""self_harm"", ""suicidal_thoughts"", ""safety_planning_principles"", ""referral_guidance""]",en,pending,817,"The recommendations may mean that providers need to change the information they give, but the cost should be minimal and will result in people who self- harm and their family and carers being better informed about self-harm and their care o",,
NICE_SELF_HARM_d77a0488_00102_9044e14fe77f,NICE_SELF_HARM,"Self-harm: assessment, management and preventing recurrence",safety,safety_only,safety_route_only,"[""adolescents"", ""adults"", ""older_adults""]","[""self_harm"", ""suicidal_thoughts"", ""safety_planning_principles"", ""referral_guidance""]",en,pending,694,"decisions about a person's care without their consent or when breaching confidentiality. They recommended that staff have access to experienced colleagues for advice at all times, and to legal advice as needed to allow them to provide care ",,
NICE_SELF_HARM_d77a0488_00103_3ce0cc1ad25d,NICE_SELF_HARM,"Self-harm: assessment, management and preventing recurrence",safety,safety_only,safety_route_only,"[""adolescents"", ""adults"", ""older_adults""]","[""self_harm"", ""suicidal_thoughts"", ""safety_planning_principles"", ""referral_guidance""]",en,pending,858,"This was supported by qualitative evidence from review for involving family members and carers, that family members and carers want to be more involved in the management of self-harm, whereas people who have self-harmed find information sha",,
NICE_SELF_HARM_d77a0488_00104_0a89bf4d09f5,NICE_SELF_HARM,"Self-harm: assessment, management and preventing recurrence",safety,safety_only,safety_route_only,"[""adolescents"", ""adults"", ""older_adults""]","[""self_harm"", ""suicidal_thoughts"", ""safety_planning_principles"", ""referral_guidance""]",en,pending,296,This will enable staff to intervene in situations where safeguarding is a concern to reduce the risk of further harm to the person. The committee agree that a multi-agency approach to safeguarding would promote collaborative working between,,
NICE_SELF_HARM_d77a0488_00105_1a6175b51f97,NICE_SELF_HARM,"Self-harm: assessment, management and preventing recurrence",safety,safety_only,safety_route_only,"[""adolescents"", ""adults"", ""older_adults""]","[""self_harm"", ""suicidal_thoughts"", ""safety_planning_principles"", ""referral_guidance""]",en,pending,604,"therefore improving the service provided to the person. These recommendations are in line with existing recommended practice, but may also enable better communication and transitions across services through multi-agency approaches. Involvin",,
NICE_SELF_HARM_d77a0488_00106_e3af29c0cac8,NICE_SELF_HARM,"Self-harm: assessment, management and preventing recurrence",safety,safety_only,safety_route_only,"[""adolescents"", ""adults"", ""older_adults""]","[""self_harm"", ""suicidal_thoughts"", ""safety_planning_principles"", ""referral_guidance""]",en,pending,806,"The committee highlighted if the person has not given consent, family and carers can still share information with healthcare professionals, which can provide helpful insights to make a holistic assessment of, and base their professional jud",,
NICE_SELF_HARM_d77a0488_00107_b7202a738bbe,NICE_SELF_HARM,"Self-harm: assessment, management and preventing recurrence",safety,safety_only,safety_route_only,"[""adolescents"", ""adults"", ""older_adults""]","[""self_harm"", ""suicidal_thoughts"", ""safety_planning_principles"", ""referral_guidance""]",en,pending,171,These recommendations should make it easier for healthcare professionals to recognise when it is appropriate to involve family members and carers in the care of people who,,
NICE_SELF_HARM_d77a0488_00108_2bc16f7cef7d,NICE_SELF_HARM,"Self-harm: assessment, management and preventing recurrence",safety,safety_only,safety_route_only,"[""adolescents"", ""adults"", ""older_adults""]","[""self_harm"", ""suicidal_thoughts"", ""safety_planning_principles"", ""referral_guidance""]",en,pending,795,have self-harmed. They should also enable family members and carers to be involved in care in a way that is collaborative and helpful for the person who has self-harmed. Providers may need to change how they involve family members and carer,,
NICE_SELF_HARM_d77a0488_00109_211975f0cf24,NICE_SELF_HARM,"Self-harm: assessment, management and preventing recurrence",safety,safety_only,safety_route_only,"[""adolescents"", ""adults"", ""older_adults""]","[""self_harm"", ""suicidal_thoughts"", ""safety_planning_principles"", ""referral_guidance""]",en,pending,889,"The committee agreed the factors to take into account in the psychosocial assessment, and what it should include. The committee agreed that delaying a psychosocial assessment could result in the person receiving inappropriate treatment. The",,
NICE_SELF_HARM_d77a0488_00110_c1320dddac3f,NICE_SELF_HARM,"Self-harm: assessment, management and preventing recurrence",safety,safety_only,safety_route_only,"[""adolescents"", ""adults"", ""older_adults""]","[""self_harm"", ""suicidal_thoughts"", ""safety_planning_principles"", ""referral_guidance""]",en,pending,736,"higher standard of care and inform the assessment, including whether certain questions should be prioritised. There was evidence that people value privacy and having a safe and trusted environment when discussing self-harm. The committee ag",,
NICE_SELF_HARM_d77a0488_00111_1f80e4c03769,NICE_SELF_HARM,"Self-harm: assessment, management and preventing recurrence",safety,safety_only,safety_route_only,"[""adolescents"", ""adults"", ""older_adults""]","[""self_harm"", ""suicidal_thoughts"", ""safety_planning_principles"", ""referral_guidance""]",en,pending,746,The committee discussed that briefly assessing the person if they chose to leave before a full assessment had taken place could prevent repeat self-harm or attempted suicide. The committee agreed that providing the person with a copy of the,,
NICE_SELF_HARM_d77a0488_00112_d812bb40c33a,NICE_SELF_HARM,"Self-harm: assessment, management and preventing recurrence",safety,safety_only,safety_route_only,"[""adolescents"", ""adults"", ""older_adults""]","[""self_harm"", ""suicidal_thoughts"", ""safety_planning_principles"", ""referral_guidance""]",en,pending,837,"However, the committee agreed that this recommendation was still important based on their knowledge that the individual circumstances of the person, including whether they are continuing to self-harm, should be assessed to evaluate whether ",,
NICE_SELF_HARM_d77a0488_00113_b6c43a56fa01,NICE_SELF_HARM,"Self-harm: assessment, management and preventing recurrence",safety,safety_only,safety_route_only,"[""adolescents"", ""adults"", ""older_adults""]","[""self_harm"", ""suicidal_thoughts"", ""safety_planning_principles"", ""referral_guidance""]",en,pending,870,"Most of the recommendations are based on existing recommended practice with some additional considerations that should have a minimal effect on costs, depending on how services currently assess people who have self-harmed. Risk assessment t",,
NICE_SELF_HARM_d77a0488_00114_3bdd4c72be03,NICE_SELF_HARM,"Self-harm: assessment, management and preventing recurrence",safety,safety_only,safety_route_only,"[""adolescents"", ""adults"", ""older_adults""]","[""self_harm"", ""suicidal_thoughts"", ""safety_planning_principles"", ""referral_guidance""]",en,pending,851,"The committee agreed that assessment of a person's needs, vulnerabilities, and safety should be a part of every assessment and that 'risk' should not be used to determine care management in isolation of other factors. They agreed that all s",,
NICE_SELF_HARM_d77a0488_00115_af4cc57bc8e2,NICE_SELF_HARM,"Self-harm: assessment, management and preventing recurrence",safety,safety_only,safety_route_only,"[""adolescents"", ""adults"", ""older_adults""]","[""self_harm"", ""suicidal_thoughts"", ""safety_planning_principles"", ""referral_guidance""]",en,pending,898,"Risk assessment tools and scales are still used in some settings to determine access to treatment and care. The recommendations might have an initial effect on costs, depending on how services currently assess people who have self-harmed; h",,
NICE_SELF_HARM_d77a0488_00116_11f07392e495,NICE_SELF_HARM,"Self-harm: assessment, management and preventing recurrence",safety,safety_only,safety_route_only,"[""adolescents"", ""adults"", ""older_adults""]","[""self_harm"", ""suicidal_thoughts"", ""safety_planning_principles"", ""referral_guidance""]",en,pending,799,"They agreed it is important to give advice about assessment and care in different settings, but the lack of evidence meant they were unable to be more specific. The committee made a recommendation for research on the most effective approach",,
NICE_SELF_HARM_d77a0488_00117_0c0c571b7188,NICE_SELF_HARM,"Self-harm: assessment, management and preventing recurrence",safety,safety_only,safety_route_only,"[""adolescents"", ""adults"", ""older_adults""]","[""self_harm"", ""suicidal_thoughts"", ""safety_planning_principles"", ""referral_guidance""]",en,pending,142,"Evidence showed that people who had self-harmed value positive, compassionate support after an episode of self-harm. The committee agreed that",,
NICE_SELF_HARM_d77a0488_00118_a949cace6c7e,NICE_SELF_HARM,"Self-harm: assessment, management and preventing recurrence",safety,safety_only,safety_route_only,"[""adolescents"", ""adults"", ""older_adults""]","[""self_harm"", ""suicidal_thoughts"", ""safety_planning_principles"", ""referral_guidance""]",en,pending,785,"the person carrying out the assessment should gather information from other sources, such as professionals, practitioners and family members, in order for the assessment to be as accurate as possible, and ask about potential coping strategi",,
NICE_SELF_HARM_d77a0488_00119_90ee1d675720,NICE_SELF_HARM,"Self-harm: assessment, management and preventing recurrence",safety,safety_only,safety_route_only,"[""adolescents"", ""adults"", ""older_adults""]","[""self_harm"", ""suicidal_thoughts"", ""safety_planning_principles"", ""referral_guidance""]",en,pending,631,"The committee agreed that physical healthcare and mental healthcare should always be delivered concurrently so neither is prioritised at the expense of the other, and to prevent treatment delays. Non-specialist healthcare professionals and ",,
NICE_SELF_HARM_d77a0488_00120_c5db3b803c90,NICE_SELF_HARM,"Self-harm: assessment, management and preventing recurrence",safety,safety_only,safety_route_only,"[""adolescents"", ""adults"", ""older_adults""]","[""self_harm"", ""suicidal_thoughts"", ""safety_planning_principles"", ""referral_guidance""]",en,pending,682,"Assessment and care in primary care Recommendations 1.7.6 to 1.7.8 The committee agreed that referring people to mental health services would be reassuring and ensure that people are in the most appropriate setting, and that referral should",,
NICE_SELF_HARM_d77a0488_00121_2e2384aed06b,NICE_SELF_HARM,"Self-harm: assessment, management and preventing recurrence",safety,safety_only,safety_route_only,"[""adolescents"", ""adults"", ""older_adults""]","[""self_harm"", ""suicidal_thoughts"", ""safety_planning_principles"", ""referral_guidance""]",en,pending,892,The committee agreed that information about the person's situation should be recorded because it is invaluable for mental health staff when they carry out the psychosocial assessment. The committee agreed that collaboration between ambulanc,,
NICE_SELF_HARM_d77a0488_00122_280cf6c77347,NICE_SELF_HARM,"Self-harm: assessment, management and preventing recurrence",safety,safety_only,safety_route_only,"[""adolescents"", ""adults"", ""older_adults""]","[""self_harm"", ""suicidal_thoughts"", ""safety_planning_principles"", ""referral_guidance""]",en,pending,896,"The committee also discussed factors that should be considered when deciding whether alternative services should be used, to ensure that the person receives the best possible care without delay. Assessment and care by non-mental health emer",,
NICE_SELF_HARM_d77a0488_00123_724817c09c4e,NICE_SELF_HARM,"Self-harm: assessment, management and preventing recurrence",safety,safety_only,safety_route_only,"[""adolescents"", ""adults"", ""older_adults""]","[""self_harm"", ""suicidal_thoughts"", ""safety_planning_principles"", ""referral_guidance""]",en,pending,430,Evidence from the qualitative review on the information and support needs of people who have self-harmed showed that people value privacy and a safe and trusted environment when discussing self-harm. The committee agreed that people who hav,,
NICE_SELF_HARM_d77a0488_00124_944dbac2d38d,NICE_SELF_HARM,"Self-harm: assessment, management and preventing recurrence",safety,safety_only,safety_route_only,"[""adolescents"", ""adults"", ""older_adults""]","[""self_harm"", ""suicidal_thoughts"", ""safety_planning_principles"", ""referral_guidance""]",en,pending,767,"The committee based the governance recommendations on the Healthcare Safety Information Branch (HSIB) report on investigation into the provision of mental health care to patients presenting at the emergency department (2018), which found th",,
NICE_SELF_HARM_d77a0488_00125_b2aefed62d48,NICE_SELF_HARM,"Self-harm: assessment, management and preventing recurrence",safety,safety_only,safety_route_only,"[""adolescents"", ""adults"", ""older_adults""]","[""self_harm"", ""suicidal_thoughts"", ""safety_planning_principles"", ""referral_guidance""]",en,pending,858,"The committee also agreed it is important that mechanical restraint is not used on people to prevent them from leaving the emergency department or from self-harming, because in their experience, this results in increased distress and a loss",,
NICE_SELF_HARM_d77a0488_00126_91cbe22a8d5b,NICE_SELF_HARM,"Self-harm: assessment, management and preventing recurrence",safety,safety_only,safety_route_only,"[""adolescents"", ""adults"", ""older_adults""]","[""self_harm"", ""suicidal_thoughts"", ""safety_planning_principles"", ""referral_guidance""]",en,pending,690,"The recommendations are also based on evidence from the review on models of care, which showed that specialist psychosocial assessment by mental health staff had an important benefit in terms of self-harm repetition over 12 months. The reco",,
NICE_SELF_HARM_d77a0488_00127_5c7469bffa8b,NICE_SELF_HARM,"Self-harm: assessment, management and preventing recurrence",safety,safety_only,safety_route_only,"[""adolescents"", ""adults"", ""older_adults""]","[""self_harm"", ""suicidal_thoughts"", ""safety_planning_principles"", ""referral_guidance""]",en,pending,816,Assessment and care in social care Recommendations 1.7.25 to 1.7.27 The committee agreed that a shared approach between healthcare professionals and social care practitioners is important to promote holistic care for people who self-harm to,,
NICE_SELF_HARM_d77a0488_00128_14cdc7196b63,NICE_SELF_HARM,"Self-harm: assessment, management and preventing recurrence",safety,safety_only,safety_route_only,"[""adolescents"", ""adults"", ""older_adults""]","[""self_harm"", ""suicidal_thoughts"", ""safety_planning_principles"", ""referral_guidance""]",en,pending,807,"They agreed that when this occurs, social care practitioners should refer the person to local mental health services to ensure they start on a care pathway and receive appropriate care. The committee agreed that social care services should ",,
NICE_SELF_HARM_d77a0488_00129_266c0ac134cc,NICE_SELF_HARM,"Self-harm: assessment, management and preventing recurrence",safety,safety_only,safety_route_only,"[""adolescents"", ""adults"", ""older_adults""]","[""self_harm"", ""suicidal_thoughts"", ""safety_planning_principles"", ""referral_guidance""]",en,pending,255,The recommendation that people who have self-harmed should have access to age-appropriate liaison psychiatry in emergency departments and general hospital settings should not have a cost or resource impact because this should already be sta,,
NICE_SELF_HARM_d77a0488_00130_0fbe8d6a117f,NICE_SELF_HARM,"Self-harm: assessment, management and preventing recurrence",safety,safety_only,safety_route_only,"[""adolescents"", ""adults"", ""older_adults""]","[""self_harm"", ""suicidal_thoughts"", ""safety_planning_principles"", ""referral_guidance""]",en,pending,532,"Assessment and care by professionals from other sectors Recommendations 1.8.1 to 1.8.12 There was no evidence, so the committee based the recommendations on their knowledge and experience. They agreed it is important to give advice about as",,
NICE_SELF_HARM_d77a0488_00131_959440e63c90,NICE_SELF_HARM,"Self-harm: assessment, management and preventing recurrence",safety,safety_only,safety_route_only,"[""adolescents"", ""adults"", ""older_adults""]","[""self_harm"", ""suicidal_thoughts"", ""safety_planning_principles"", ""referral_guidance""]",en,pending,648,"Principles for assessment and care by professionals from other sectors Recommendations 1.8.1 and 1.8.2 The committee agreed that people who have self-harmed can often initially present to non-health professionals, and agreed principles on c",,
NICE_SELF_HARM_d77a0488_00132_bd81de5d1070,NICE_SELF_HARM,"Self-harm: assessment, management and preventing recurrence",safety,safety_only,safety_route_only,"[""adolescents"", ""adults"", ""older_adults""]","[""self_harm"", ""suicidal_thoughts"", ""safety_planning_principles"", ""referral_guidance""]",en,pending,630,"There was also qualitative evidence from the review on information and support needs of parents and carers, which showed that carers often urgently seek information from qualified healthcare professionals or social care practitioners on dis",,
NICE_SELF_HARM_d77a0488_00133_22fa43f7a018,NICE_SELF_HARM,"Self-harm: assessment, management and preventing recurrence",safety,safety_only,safety_route_only,"[""adolescents"", ""adults"", ""older_adults""]","[""self_harm"", ""suicidal_thoughts"", ""safety_planning_principles"", ""referral_guidance""]",en,pending,765,Assessment and care in schools and educational settings Recommendations 1.8.3 to 1.8.7 The recommendations are based on the committee's knowledge that both non-specialist staff and specialist mental health staff can work in educational sett,,
NICE_SELF_HARM_d77a0488_00134_c77baf03b8f6,NICE_SELF_HARM,"Self-harm: assessment, management and preventing recurrence",safety,safety_only,safety_route_only,"[""adolescents"", ""adults"", ""older_adults""]","[""self_harm"", ""suicidal_thoughts"", ""safety_planning_principles"", ""referral_guidance""]",en,pending,895,"The committee agreed that formal policies and procedures and a designated lead on self- harm would ensure educational staff would be equipped with appropriate means to respond to self-harm and be supported in their decision making, boosting",,
NICE_SELF_HARM_d77a0488_00135_a5b647d07f7e,NICE_SELF_HARM,"Self-harm: assessment, management and preventing recurrence",safety,safety_only,safety_route_only,"[""adolescents"", ""adults"", ""older_adults""]","[""self_harm"", ""suicidal_thoughts"", ""safety_planning_principles"", ""referral_guidance""]",en,pending,624,They agreed that staff awareness of the high rates of self-harm would allow them to be better prepared to assess and care for people who self-harm. They also agreed staff should be aware of support services that are available to them to ens,,
NICE_SELF_HARM_d77a0488_00136_b45c03d40373,NICE_SELF_HARM,"Self-harm: assessment, management and preventing recurrence",safety,safety_only,safety_route_only,"[""adolescents"", ""adults"", ""older_adults""]","[""self_harm"", ""suicidal_thoughts"", ""safety_planning_principles"", ""referral_guidance""]",en,pending,816,"The committee also agreed that the NICE guideline on the mental health of adults in contact with the criminal justice system contained a lot of detail about assessment, especially in prisons, and that staff knowledge of this guideline would",,
NICE_SELF_HARM_d77a0488_00137_30c1a0f9a87b,NICE_SELF_HARM,"Self-harm: assessment, management and preventing recurrence",safety,safety_only,safety_route_only,"[""adolescents"", ""adults"", ""older_adults""]","[""self_harm"", ""suicidal_thoughts"", ""safety_planning_principles"", ""referral_guidance""]",en,pending,897,"The recommendations should also allow for better communication between services, including between non-health and healthcare settings. Most of the recommendations are based on existing best practice with some additional considerations that ",,
NICE_SELF_HARM_d77a0488_00138_72f493e07c2e,NICE_SELF_HARM,"Self-harm: assessment, management and preventing recurrence",safety,safety_only,safety_route_only,"[""adolescents"", ""adults"", ""older_adults""]","[""self_harm"", ""suicidal_thoughts"", ""safety_planning_principles"", ""referral_guidance""]",en,pending,701,"The committee agreed that despite the lack of evidence for the benefit of admitting people to hospital, in some cases it can be helpful to give the person time to recover or if there are safeguarding concerns. If it is necessary to admit a ",,
NICE_SELF_HARM_d77a0488_00139_5e6a45fa3033,NICE_SELF_HARM,"Self-harm: assessment, management and preventing recurrence",safety,safety_only,safety_route_only,"[""adolescents"", ""adults"", ""older_adults""]","[""self_harm"", ""suicidal_thoughts"", ""safety_planning_principles"", ""referral_guidance""]",en,pending,785,"The committee discussed current practice about what happens when a person self-harms while in hospital, and agreed that full investigations should continue to be recommended when an incident occurs to consistently improve services and ensur",,
NICE_SELF_HARM_d77a0488_00140_1bd56faad733,NICE_SELF_HARM,"Self-harm: assessment, management and preventing recurrence",safety,safety_only,safety_route_only,"[""adolescents"", ""adults"", ""older_adults""]","[""self_harm"", ""suicidal_thoughts"", ""safety_planning_principles"", ""referral_guidance""]",en,pending,313,"The recommendations should reduce variation in practice, and reduce the potential for distress because of any unnecessary admissions. The recommendations could increase the number of beds available in hospitals and reduce overall costs rela",,
NICE_SELF_HARM_d77a0488_00141_22395a061951,NICE_SELF_HARM,"Self-harm: assessment, management and preventing recurrence",safety,safety_only,safety_route_only,"[""adolescents"", ""adults"", ""older_adults""]","[""self_harm"", ""suicidal_thoughts"", ""safety_planning_principles"", ""referral_guidance""]",en,pending,834,Initial aftercare after an episode of self-harm Recommendations 1.10.1 and 1.10.2 There was evidence that discharge protocols with enhanced initial aftercare provide important benefits such as increased engagement with services and treatmen,,
NICE_SELF_HARM_d77a0488_00142_3035281fb358,NICE_SELF_HARM,"Self-harm: assessment, management and preventing recurrence",safety,safety_only,safety_route_only,"[""adolescents"", ""adults"", ""older_adults""]","[""self_harm"", ""suicidal_thoughts"", ""safety_planning_principles"", ""referral_guidance""]",en,pending,870,The committee discussed that people who have self-harmed are most likely to repeat self- harm within 2 to 3 days of their previous episode of self-harm. They discussed current best practice in line with the existing NICE guideline on transi,,
NICE_SELF_HARM_d77a0488_00143_ada88538b3d7,NICE_SELF_HARM,"Self-harm: assessment, management and preventing recurrence",safety,safety_only,safety_route_only,"[""adolescents"", ""adults"", ""older_adults""]","[""self_harm"", ""suicidal_thoughts"", ""safety_planning_principles"", ""referral_guidance""]",en,pending,783,"Qualitative evidence from the review on information and support needs for people who have self-harmed also showed that people value proactive, prompt follow-up and find long waiting times frustrating. However, there were concerns about reso",,
NICE_SELF_HARM_d77a0488_00144_de846c0c2d8b,NICE_SELF_HARM,"Self-harm: assessment, management and preventing recurrence",safety,safety_only,safety_route_only,"[""adolescents"", ""adults"", ""older_adults""]","[""self_harm"", ""suicidal_thoughts"", ""safety_planning_principles"", ""referral_guidance""]",en,pending,148,"The committee agreed, based on their experience, that continuity of personnel from initial assessment to aftercare allows people to gain familiarity",,
NICE_SELF_HARM_d77a0488_00145_32b676310b90,NICE_SELF_HARM,"Self-harm: assessment, management and preventing recurrence",safety,safety_only,safety_route_only,"[""adolescents"", ""adults"", ""older_adults""]","[""self_harm"", ""suicidal_thoughts"", ""safety_planning_principles"", ""referral_guidance""]",en,pending,851,"with particular professionals, improving satisfaction and service engagement, and reducing the risk of distress or hopelessness. Evidence from the review on models of care showed that a continuity chain protocol has a possible important ben",,
NICE_SELF_HARM_d77a0488_00146_8c3e2af728cb,NICE_SELF_HARM,"Self-harm: assessment, management and preventing recurrence",safety,safety_only,safety_route_only,"[""adolescents"", ""adults"", ""older_adults""]","[""self_harm"", ""suicidal_thoughts"", ""safety_planning_principles"", ""referral_guidance""]",en,pending,894,They should lead to a reduction in people waiting for up to 72 hours for aftercare following presentation for self- harm. Providing initial aftercare within 48 hours for people if there are ongoing safety concerns should reduce repeat self-,,
NICE_SELF_HARM_d77a0488_00147_cf9c6aa398cc,NICE_SELF_HARM,"Self-harm: assessment, management and preventing recurrence",safety,safety_only,safety_route_only,"[""adolescents"", ""adults"", ""older_adults""]","[""self_harm"", ""suicidal_thoughts"", ""safety_planning_principles"", ""referral_guidance""]",en,pending,212,"They agreed this would ensure that treatment for any coexisting conditions that could be linked to self-harm are prioritised, enabling healthcare professionals to provide the most appropriate intervention for the",,
NICE_SELF_HARM_d77a0488_00148_760f134cb947,NICE_SELF_HARM,"Self-harm: assessment, management and preventing recurrence",safety,safety_only,safety_route_only,"[""adolescents"", ""adults"", ""older_adults""]","[""self_harm"", ""suicidal_thoughts"", ""safety_planning_principles"", ""referral_guidance""]",en,pending,724,"individual, and resulting in more person-centred, higher-quality care. The committee referred to a number of other NICE guidelines for conditions that can be linked to self- harm, and agreed it is important that healthcare professionals pla",,
NICE_SELF_HARM_d77a0488_00149_3773298805bd,NICE_SELF_HARM,"Self-harm: assessment, management and preventing recurrence",safety,safety_only,safety_route_only,"[""adolescents"", ""adults"", ""older_adults""]","[""self_harm"", ""suicidal_thoughts"", ""safety_planning_principles"", ""referral_guidance""]",en,pending,826,"Additionally, the evidence was limited by the wide interpretation of 'CBT-based psychotherapies' as being inclusive of other types of therapies in addition to CBT, and the indistinct categorisation of all interventions throughout the eviden",,
NICE_SELF_HARM_d77a0488_00150_4f7b073568aa,NICE_SELF_HARM,"Self-harm: assessment, management and preventing recurrence",safety,safety_only,safety_route_only,"[""adolescents"", ""adults"", ""older_adults""]","[""self_harm"", ""suicidal_thoughts"", ""safety_planning_principles"", ""referral_guidance""]",en,pending,894,"The committee extrapolated the evidence based on their confidence that DBT-A is likely to be similarly effective in younger children and boys as it is in over-12s and girls; however, the committee agreed they could not be sure that DBT-A wo",,
NICE_SELF_HARM_d77a0488_00151_d55c4fcf384d,NICE_SELF_HARM,"Self-harm: assessment, management and preventing recurrence",safety,safety_only,safety_route_only,"[""adolescents"", ""adults"", ""older_adults""]","[""self_harm"", ""suicidal_thoughts"", ""safety_planning_principles"", ""referral_guidance""]",en,pending,358,The committee agreed that any therapy offered should be delivered by staff with training in the relevant therapy and who are receiving appropriate supervision. This is to ensure the competence of the professional delivering the training all,,
NICE_SELF_HARM_d77a0488_00152_7a9e9b2e08bf,NICE_SELF_HARM,"Self-harm: assessment, management and preventing recurrence",safety,safety_only,safety_route_only,"[""adolescents"", ""adults"", ""older_adults""]","[""self_harm"", ""suicidal_thoughts"", ""safety_planning_principles"", ""referral_guidance""]",en,pending,803,agreed that further limitations on which staff could deliver therapies were unnecessary and could result in implementation difficulties and delays in treatment provision. The recommendation that treatment should be offered without delay was,,
NICE_SELF_HARM_d77a0488_00153_ba157635b0c5,NICE_SELF_HARM,"Self-harm: assessment, management and preventing recurrence",safety,safety_only,safety_route_only,"[""adolescents"", ""adults"", ""older_adults""]","[""self_harm"", ""suicidal_thoughts"", ""safety_planning_principles"", ""referral_guidance""]",en,pending,842,"This was supplemented by qualitative evidence from both staff skills reviews, which showed that individualised coping strategies are important to people who have self-harmed, and that specialist staff identified safety planning as an import",,
NICE_SELF_HARM_d77a0488_00154_d71282743d32,NICE_SELF_HARM,"Self-harm: assessment, management and preventing recurrence",safety,safety_only,safety_route_only,"[""adolescents"", ""adults"", ""older_adults""]","[""self_harm"", ""suicidal_thoughts"", ""safety_planning_principles"", ""referral_guidance""]",en,pending,729,"The committee agreed that sharing the care plan with family and friends when appropriate could provide the benefit of social connectedness between the person and their sources of support, which is a protective factor against self-harm. The ",,
NICE_SELF_HARM_d77a0488_00155_c4dcc44e5a66,NICE_SELF_HARM,"Self-harm: assessment, management and preventing recurrence",safety,safety_only,safety_route_only,"[""adolescents"", ""adults"", ""older_adults""]","[""self_harm"", ""suicidal_thoughts"", ""safety_planning_principles"", ""referral_guidance""]",en,pending,259,"The committee agreed, based on the uncertain evidence on pharmacological interventions and their knowledge and experience, that drug treatment is usually offered for other comorbidities such as depression, and should not be offered specific",,
NICE_SELF_HARM_d77a0488_00156_11432f7ec35f,NICE_SELF_HARM,"Self-harm: assessment, management and preventing recurrence",safety,safety_only,safety_route_only,"[""adolescents"", ""adults"", ""older_adults""]","[""self_harm"", ""suicidal_thoughts"", ""safety_planning_principles"", ""referral_guidance""]",en,pending,721,The committee made a recommendation for research on specific psychological interventions (digital and/or face-to-face) to better inform future guideline development. Harm minimisation Recommendations 1.11.11 to 1.11.13 There was no evidence,,
NICE_SELF_HARM_d77a0488_00157_775ee5cf89b7,NICE_SELF_HARM,"Self-harm: assessment, management and preventing recurrence",safety,safety_only,safety_route_only,"[""adolescents"", ""adults"", ""older_adults""]","[""self_harm"", ""suicidal_thoughts"", ""safety_planning_principles"", ""referral_guidance""]",en,pending,891,"In these circumstances, it may be possible to discuss harm minimisation strategies with the person who has self-harmed; however, this should only be done as part of a therapeutic partnership where treatment is ongoing. The aim of these stra",,
NICE_SELF_HARM_d77a0488_00158_d0ac9cb116c7,NICE_SELF_HARM,"Self-harm: assessment, management and preventing recurrence",safety,safety_only,safety_route_only,"[""adolescents"", ""adults"", ""older_adults""]","[""self_harm"", ""suicidal_thoughts"", ""safety_planning_principles"", ""referral_guidance""]",en,pending,503,"They agreed that there are benefits to taking therapeutic risks when working with people who have self-harmed. However, the lack of evidence meant they were unable to be more specific about when therapeutic risk taking should be considered.",,
NICE_SELF_HARM_d77a0488_00159_2d5ddec8d7e0,NICE_SELF_HARM,"Self-harm: assessment, management and preventing recurrence",safety,safety_only,safety_route_only,"[""adolescents"", ""adults"", ""older_adults""]","[""self_harm"", ""suicidal_thoughts"", ""safety_planning_principles"", ""referral_guidance""]",en,pending,714,"therapeutic risk taking resulting in assessment or care being withheld could potentially lead to significant increased rates of repeat self-harm or suicide, and agreed it is important to recommend that risk-taking strategies should only fol",,
NICE_SELF_HARM_d77a0488_00160_114e48e38952,NICE_SELF_HARM,"Self-harm: assessment, management and preventing recurrence",safety,safety_only,safety_route_only,"[""adolescents"", ""adults"", ""older_adults""]","[""self_harm"", ""suicidal_thoughts"", ""safety_planning_principles"", ""referral_guidance""]",en,pending,898,"The recommendations should increase the number of people receiving psychological interventions after an episode of self-harm, and reduce the number of people denied appropriate interventions because of limited or no availability. In turn, t",,
NICE_SELF_HARM_d77a0488_00161_513c347ad366,NICE_SELF_HARM,"Self-harm: assessment, management and preventing recurrence",safety,safety_only,safety_route_only,"[""adolescents"", ""adults"", ""older_adults""]","[""self_harm"", ""suicidal_thoughts"", ""safety_planning_principles"", ""referral_guidance""]",en,pending,634,"The recommendation that psychological interventions should be available could also have a resource impact depending on how many centres do not currently offer these therapies. For those that do not, training and additional staffing may be n",,
NICE_SELF_HARM_d77a0488_00162_3d8bf061c106,NICE_SELF_HARM,"Self-harm: assessment, management and preventing recurrence",safety,safety_only,safety_route_only,"[""adolescents"", ""adults"", ""older_adults""]","[""self_harm"", ""suicidal_thoughts"", ""safety_planning_principles"", ""referral_guidance""]",en,pending,795,"Where possible, the recommendations are based on evidence, but because of concerns over the quality and scarcity of evidence, the committee also used their knowledge and experience. The committee discussed the evidence on the consistency an",,
NICE_SELF_HARM_d77a0488_00163_3343c2e67bba,NICE_SELF_HARM,"Self-harm: assessment, management and preventing recurrence",safety,safety_only,safety_route_only,"[""adolescents"", ""adults"", ""older_adults""]","[""self_harm"", ""suicidal_thoughts"", ""safety_planning_principles"", ""referral_guidance""]",en,pending,773,The committee discussed safety considerations when transferring between settings and agreed the importance of care plans being available to staff involved in their care in primary and secondary care and other settings to promote continuity ,,
NICE_SELF_HARM_d77a0488_00164_449dc58fd86c,NICE_SELF_HARM,"Self-harm: assessment, management and preventing recurrence",safety,safety_only,safety_route_only,"[""adolescents"", ""adults"", ""older_adults""]","[""self_harm"", ""suicidal_thoughts"", ""safety_planning_principles"", ""referral_guidance""]",en,pending,847,"Although it is important to ensure a safe physical environment for all mental health inpatients, the committee noted that a particular focus on safety is needed for people who have self-harmed. However, the committee agreed that safety cons",,
NICE_SELF_HARM_d77a0488_00165_f50851f26400,NICE_SELF_HARM,"Self-harm: assessment, management and preventing recurrence",safety,safety_only,safety_route_only,"[""adolescents"", ""adults"", ""older_adults""]","[""self_harm"", ""suicidal_thoughts"", ""safety_planning_principles"", ""referral_guidance""]",en,pending,849,"Although there was no evidence on the benefits of familiarising the patient with the procedures and physical environment of inpatient settings, the committee agreed that this is an important component of person-centred care, which should be",,
NICE_SELF_HARM_d77a0488_00166_dc095d5d2f3f,NICE_SELF_HARM,"Self-harm: assessment, management and preventing recurrence",safety,safety_only,safety_route_only,"[""adolescents"", ""adults"", ""older_adults""]","[""self_harm"", ""suicidal_thoughts"", ""safety_planning_principles"", ""referral_guidance""]",en,pending,731,"The recommendations may lead to trust-specific staff training in caring for people who have self-harmed. Safer prescribing and dispensing Recommendations 1.13.1 to 1.13.5 There was no evidence, so the committee based the recommendations on ",,
NICE_SELF_HARM_d77a0488_00167_703dd491be4d,NICE_SELF_HARM,"Self-harm: assessment, management and preventing recurrence",safety,safety_only,safety_route_only,"[""adolescents"", ""adults"", ""older_adults""]","[""self_harm"", ""suicidal_thoughts"", ""safety_planning_principles"", ""referral_guidance""]",en,pending,343,The committee acknowledged the importance of shared decision making with people who have self-harmed when prescribing medicines in order to balance the risk of the person stockpiling medicines with their autonomy to improve patient satisfac,,
NICE_SELF_HARM_d77a0488_00168_691e72e125d7,NICE_SELF_HARM,"Self-harm: assessment, management and preventing recurrence",safety,safety_only,safety_route_only,"[""adolescents"", ""adults"", ""older_adults""]","[""self_harm"", ""suicidal_thoughts"", ""safety_planning_principles"", ""referral_guidance""]",en,pending,768,The committee agreed that a review of all current and any new medicines should be considered after an episode of self-harm. The committee identified that healthcare professionals could consider contacting the National Poisons Information Se,,
NICE_SELF_HARM_d77a0488_00169_273e163fd6c9,NICE_SELF_HARM,"Self-harm: assessment, management and preventing recurrence",safety,safety_only,safety_route_only,"[""adolescents"", ""adults"", ""older_adults""]","[""self_harm"", ""suicidal_thoughts"", ""safety_planning_principles"", ""referral_guidance""]",en,pending,705,"The committee agreed that consultations and medicines reviews provide an opportunity for healthcare staff to assess self-harm, and therefore whether any existing or new medicines might be taken in overdose. This would allow for staff to ame",,
NICE_SELF_HARM_d77a0488_00170_947310997001,NICE_SELF_HARM,"Self-harm: assessment, management and preventing recurrence",safety,safety_only,safety_route_only,"[""adolescents"", ""adults"", ""older_adults""]","[""self_harm"", ""suicidal_thoughts"", ""safety_planning_principles"", ""referral_guidance""]",en,pending,438,"For primary healthcare professionals, these recommendations may increase communication with healthcare professionals from other settings, such as specialist mental health centres and specialist pharmacies when prescribing and reviewing medi",,
NICE_SELF_HARM_d77a0488_00171_fd40909558ce,NICE_SELF_HARM,"Self-harm: assessment, management and preventing recurrence",safety,safety_only,safety_route_only,"[""adolescents"", ""adults"", ""older_adults""]","[""self_harm"", ""suicidal_thoughts"", ""safety_planning_principles"", ""referral_guidance""]",en,pending,735,"The recommendations are based on the evidence from specialist and non-specialist staff, people who have self-harmed who have had care provided by specialist and non-specialist staff, and their parents and carers, which showed that there is ",,
NICE_SELF_HARM_d77a0488_00172_1bf96684b1df,NICE_SELF_HARM,"Self-harm: assessment, management and preventing recurrence",safety,safety_only,safety_route_only,"[""adolescents"", ""adults"", ""older_adults""]","[""self_harm"", ""suicidal_thoughts"", ""safety_planning_principles"", ""referral_guidance""]",en,pending,883,"The committee discussed the overlap between the specialist and non-specialist skills reviews and agreed that, although the evidence showed that similar skills are required by all staff, there would be different levels of skill required for ",,
NICE_SELF_HARM_d77a0488_00173_94dde21046df,NICE_SELF_HARM,"Self-harm: assessment, management and preventing recurrence",safety,safety_only,safety_route_only,"[""adolescents"", ""adults"", ""older_adults""]","[""self_harm"", ""suicidal_thoughts"", ""safety_planning_principles"", ""referral_guidance""]",en,pending,741,"The committee discussed using security staff for observation of people who have self- harmed, and agreed that this is not appropriate and usually results in people feeling intimidated and distressed. They agreed, based on their knowledge an",,
NICE_SELF_HARM_d77a0488_00174_7fa522e698db,NICE_SELF_HARM,"Self-harm: assessment, management and preventing recurrence",safety,safety_only,safety_route_only,"[""adolescents"", ""adults"", ""older_adults""]","[""self_harm"", ""suicidal_thoughts"", ""safety_planning_principles"", ""referral_guidance""]",en,pending,772,"Supervision Recommendations 1.15.1 and 1.15.2 There was evidence that staff value different types of supervision for specific purposes, and the committee agreed recommendations on regular formal supervision and accessible 'on-the-job' suppo",,
NICE_SELF_HARM_d77a0488_00175_1d808bd0a46e,NICE_SELF_HARM,"Self-harm: assessment, management and preventing recurrence",safety,safety_only,safety_route_only,"[""adolescents"", ""adults"", ""older_adults""]","[""self_harm"", ""suicidal_thoughts"", ""safety_planning_principles"", ""referral_guidance""]",en,pending,863,"The committee highlighted that supervision should focus on ongoing skills development, because there was evidence that staff feel that they are not suitably trained or confident in caring for people who had self-harmed, especially in crisis",,
NICE_SELF_HARM_d77a0488_00176_84d86f93dbc1,NICE_SELF_HARM,"Self-harm: assessment, management and preventing recurrence",safety,safety_only,safety_route_only,"[""adolescents"", ""adults"", ""older_adults""]","[""self_harm"", ""suicidal_thoughts"", ""safety_planning_principles"", ""referral_guidance""]",en,pending,566,"The committee were concerned that anxiety around fear of litigation in difficult situations could impact quality of care, and agreed that support for staff working with people who self-harm should reinforce lines of responsibility and provi",,
NICE_SELF_HARM_d77a0488_00177_ad61734b10e5,NICE_SELF_HARM,"Self-harm: assessment, management and preventing recurrence",safety,safety_only,safety_route_only,"[""adolescents"", ""adults"", ""older_adults""]","[""self_harm"", ""suicidal_thoughts"", ""safety_planning_principles"", ""referral_guidance""]",en,pending,853,"committee agreed that in their experience and expertise, it is often more appropriate for the member of staff to speak to someone removed from the situation and not necessarily their clinical supervisor, and agreed that all staff should hav",,
NICE_SELF_HARM_d77a0488_00178_6b9cb1bbef47,NICE_SELF_HARM,"Self-harm: assessment, management and preventing recurrence",safety,safety_only,safety_route_only,"[""adolescents"", ""adults"", ""older_adults""]","[""self_harm"", ""suicidal_thoughts"", ""safety_planning_principles"", ""referral_guidance""]",en,pending,226,"The committee discussed the cost implications of providing accessible emotional support or emotional support services to all staff and concluded that in most clinical settings, 24-hour support was already available. Page 74 of",,
NICE_SELF_HARM_d77a0488_00179_9d0f483046c3,NICE_SELF_HARM,"Self-harm: assessment, management and preventing recurrence",safety,safety_only,safety_route_only,"[""adolescents"", ""adults"", ""older_adults""]","[""self_harm"", ""suicidal_thoughts"", ""safety_planning_principles"", ""referral_guidance""]",en,pending,828,"Context Self-harm is defined as intentional self-poisoning or self-injury irrespective of the apparent purpose of the act. Prevalence statistics are unreliable because it is a problem that is sometimes hidden, but a recent national study re",,
NICE_SELF_HARM_d77a0488_00180_a703130ef9ae,NICE_SELF_HARM,"Self-harm: assessment, management and preventing recurrence",safety,safety_only,safety_route_only,"[""adolescents"", ""adults"", ""older_adults""]","[""self_harm"", ""suicidal_thoughts"", ""safety_planning_principles"", ""referral_guidance""]",en,pending,834,"For some people, self-harm is a one-off episode but repetition is also common, with 20% of people repeating self-harm within a year. People who have self-harmed are at greatly increased risk of suicide, with a 30- to 50-fold increase in ris",,
NICE_SELF_HARM_d77a0488_00181_f169ee83a8b2,NICE_SELF_HARM,"Self-harm: assessment, management and preventing recurrence",safety,safety_only,safety_route_only,"[""adolescents"", ""adults"", ""older_adults""]","[""self_harm"", ""suicidal_thoughts"", ""safety_planning_principles"", ""referral_guidance""]",en,pending,150,About half of the people who attend an emergency department after an episode of self-harm will have visited their GP in the previous month. Page 75 of,,
NICE_SELF_HARM_d77a0488_00182_ff1f85e1b008,NICE_SELF_HARM,"Self-harm: assessment, management and preventing recurrence",safety,safety_only,safety_route_only,"[""adolescents"", ""adults"", ""older_adults""]","[""self_harm"", ""suicidal_thoughts"", ""safety_planning_principles"", ""referral_guidance""]",en,pending,579,"Finding more information and committee details To find NICE guidance on related topics, including guidance in development, see the NICE topic page on self-harm. For full details of the evidence and the guideline committee's discussions, see",,
NICE_SELF_HARM_d77a0488_00183_407af8371e25,NICE_SELF_HARM,"Self-harm: assessment, management and preventing recurrence",safety,safety_only,safety_route_only,"[""adolescents"", ""adults"", ""older_adults""]","[""self_harm"", ""suicidal_thoughts"", ""safety_planning_principles"", ""referral_guidance""]",en,pending,541,Update information September 2022: This guideline updates and replaces NICE guideline CG16 (published July 2004) and NICE guideline CG133 (published November 2011). Minor changes since publication August 2024: We have simplified the guideli,,
NICE_SELF_HARM_a28a503c_00000_dcaa3c75c2ac,NICE_SELF_HARM,"Self-harm: assessment, management and preventing recurrence",safety,safety_only,safety_route_only,"[""adolescents"", ""adults"", ""older_adults""]","[""self_harm"", ""suicidal_thoughts"", ""safety_planning_principles"", ""referral_guidance""]",en,pending,149,"Overview | Self-harm: assessment, management and preventing recurrence | Guidance | NICE  Self-harm: assessment, management and preventing recurrence",,
NICE_SELF_HARM_a28a503c_00001_4ec430e3ce17,NICE_SELF_HARM,"Self-harm: assessment, management and preventing recurrence",safety,safety_only,safety_route_only,"[""adolescents"", ""adults"", ""older_adults""]","[""self_harm"", ""suicidal_thoughts"", ""safety_planning_principles"", ""referral_guidance""]",en,pending,53,Reference number: NG225  Published: 07 September 2022,,
NICE_SELF_HARM_a28a503c_00002_6696cafd3593,NICE_SELF_HARM,"Self-harm: assessment, management and preventing recurrence",safety,safety_only,safety_route_only,"[""adolescents"", ""adults"", ""older_adults""]","[""self_harm"", ""suicidal_thoughts"", ""safety_planning_principles"", ""referral_guidance""]",en,pending,300,"This guideline covers assessment, management and preventing recurrence for children, young people and adults who have self-harmed. It includes those with a mental health problem, neurodevelopmental disorder or learning disability and applie",,
NICE_SELF_HARM_a28a503c_00003_ecf390855aa1,NICE_SELF_HARM,"Self-harm: assessment, management and preventing recurrence",safety,safety_only,safety_route_only,"[""adolescents"", ""adults"", ""older_adults""]","[""self_harm"", ""suicidal_thoughts"", ""safety_planning_principles"", ""referral_guidance""]",en,pending,253,"In this guideline, self-harm is defined as intentional self-poisoning or injury, irrespective of the apparent purpose. The guideline does not cover repetitive, stereotypical self-injurious behaviour (such as head banging).  Last reviewed: 1",,
NICE_SELF_HARM_a28a503c_00004_9823b9fde589,NICE_SELF_HARM,"Self-harm: assessment, management and preventing recurrence",safety,safety_only,safety_route_only,"[""adolescents"", ""adults"", ""older_adults""]","[""self_harm"", ""suicidal_thoughts"", ""safety_planning_principles"", ""referral_guidance""]",en,pending,423,"We simplified the guideline by removing recommendations on general principles of care that are covered in other NICE guidelines (for example, the NICE guideline on service user experience in adult mental health ). This is a presentational c",,
NICE_SELF_HARM_a28a503c_00005_98b1519fe97e,NICE_SELF_HARM,"Self-harm: assessment, management and preventing recurrence",safety,safety_only,safety_route_only,"[""adolescents"", ""adults"", ""older_adults""]","[""self_harm"", ""suicidal_thoughts"", ""safety_planning_principles"", ""referral_guidance""]",en,pending,486,Next review: This guideline will be reviewed if there is new evidence that is likely to change the recommendations.  How we prioritise updating our guidance  Decisions about updating our guidance are made by NICE’s prioritisation board. For,,
NICE_SELF_HARM_a28a503c_00006_e4660361819a,NICE_SELF_HARM,"Self-harm: assessment, management and preventing recurrence",safety,safety_only,safety_route_only,"[""adolescents"", ""adults"", ""older_adults""]","[""self_harm"", ""suicidal_thoughts"", ""safety_planning_principles"", ""referral_guidance""]",en,pending,43,This guideline includes recommendations on:,,
NICE_SELF_HARM_a28a503c_00007_e12c17fb7e32,NICE_SELF_HARM,"Self-harm: assessment, management and preventing recurrence",safety,safety_only,safety_route_only,"[""adolescents"", ""adults"", ""older_adults""]","[""self_harm"", ""suicidal_thoughts"", ""safety_planning_principles"", ""referral_guidance""]",en,pending,470,involving family members and carers  psychosocial assessment and care by mental health professionals  risk assessment tools and scales  assessment and care by healthcare professionals and social care practitioners  assessment and care by pr,,
NICE_SELF_HARM_a28a503c_00008_a893760837af,NICE_SELF_HARM,"Self-harm: assessment, management and preventing recurrence",safety,safety_only,safety_route_only,"[""adolescents"", ""adults"", ""older_adults""]","[""self_harm"", ""suicidal_thoughts"", ""safety_planning_principles"", ""referral_guidance""]",en,pending,130,"Who is it for?  Healthcare professionals and social care practitioners, commissioners and providers  Staff in educational settings",,
NICE_SELF_HARM_a28a503c_00009_dc3e34a3bd5b,NICE_SELF_HARM,"Self-harm: assessment, management and preventing recurrence",safety,safety_only,safety_route_only,"[""adolescents"", ""adults"", ""older_adults""]","[""self_harm"", ""suicidal_thoughts"", ""safety_planning_principles"", ""referral_guidance""]",en,pending,121,"People using self-harm services, their families and carers  Guideline development process  How we develop NICE guidelines",,
NICE_SELF_HARM_a28a503c_00010_26ab37973f54,NICE_SELF_HARM,"Self-harm: assessment, management and preventing recurrence",safety,safety_only,safety_route_only,"[""adolescents"", ""adults"", ""older_adults""]","[""self_harm"", ""suicidal_thoughts"", ""safety_planning_principles"", ""referral_guidance""]",en,pending,604,"The recommendations in this guideline represent the view of NICE, arrived at after careful consideration of the evidence available. When exercising their judgement, professionals and practitioners are expected to take this guideline fully i",,
NICE_SELF_HARM_a28a503c_00011_3ab554cf376f,NICE_SELF_HARM,"Self-harm: assessment, management and preventing recurrence",safety,safety_only,safety_route_only,"[""adolescents"", ""adults"", ""older_adults""]","[""self_harm"", ""suicidal_thoughts"", ""safety_planning_principles"", ""referral_guidance""]",en,pending,215,All problems (adverse events) related to a medicine or medical device used for treatment or in a procedure should be reported to the Medicines and Healthcare products Regulatory Agency using the Yellow Card Scheme .,,
NICE_SELF_HARM_a28a503c_00012_28e14efedbcd,NICE_SELF_HARM,"Self-harm: assessment, management and preventing recurrence",safety,safety_only,safety_route_only,"[""adolescents"", ""adults"", ""older_adults""]","[""self_harm"", ""suicidal_thoughts"", ""safety_planning_principles"", ""referral_guidance""]",en,pending,568,Local commissioners and providers of healthcare have a responsibility to enable the guideline to be applied when individual professionals and people using services wish to use it. They should do so in the context of local and national prior,,
NICE_SELF_HARM_a28a503c_00013_8bd91fd3d793,NICE_SELF_HARM,"Self-harm: assessment, management and preventing recurrence",safety,safety_only,safety_route_only,"[""adolescents"", ""adults"", ""older_adults""]","[""self_harm"", ""suicidal_thoughts"", ""safety_planning_principles"", ""referral_guidance""]",en,pending,224,Commissioners and providers have a responsibility to promote an environmentally sustainable health and care system and should assess and reduce the environmental impact of implementing NICE recommendations wherever possible.,,
NIMH_SUICIDE_PREVENTION_dcc25fe6_00000_b3787c7bf32e,NIMH_SUICIDE_PREVENTION,Suicide Prevention,safety,safety_only,safety_route_only,"[""adolescents"", ""young_adults"", ""adults"", ""older_adults""]","[""self_harm"", ""suicidal_thoughts"", ""acute_crisis"", ""referral_guidance""]",en,pending,344,Suicide Prevention - National Institute of Mental Health (NIMH)  Official websites use .gov A .gov website belongs to an official government organization in the United States.  Secure .gov websites use HTTPS A lock ( ) or https:// means you,,
NIMH_SUICIDE_PREVENTION_dcc25fe6_00001_c018a483d2e5,NIMH_SUICIDE_PREVENTION,Suicide Prevention,safety,safety_only,safety_route_only,"[""adolescents"", ""young_adults"", ""adults"", ""older_adults""]","[""self_harm"", ""suicidal_thoughts"", ""acute_crisis"", ""referral_guidance""]",en,pending,365,"Later this year, NIH will start introducing a new website experience designed to make it easier to find health information, research, funding opportunities, and other resources. During the transition, you may notice changes to navigation, p",,
NIMH_SUICIDE_PREVENTION_dcc25fe6_00002_983b5795995b,NIMH_SUICIDE_PREVENTION,Suicide Prevention,safety,safety_only,safety_route_only,"[""adolescents"", ""young_adults"", ""adults"", ""older_adults""]","[""self_harm"", ""suicidal_thoughts"", ""acute_crisis"", ""referral_guidance""]",en,pending,81,La información sobre prevención del suicidio también está disponible en español .,,
NIMH_SUICIDE_PREVENTION_dcc25fe6_00003_867e60cf608b,NIMH_SUICIDE_PREVENTION,Suicide Prevention,safety,safety_only,safety_route_only,"[""adolescents"", ""young_adults"", ""adults"", ""older_adults""]","[""self_harm"", ""suicidal_thoughts"", ""acute_crisis"", ""referral_guidance""]",en,pending,263,What is suicide?  Where can I learn more about suicide prevention?  Why is NIMH studying suicide prevention?  How is NIMH research addressing this critical topic?  Explore clinical trials about suicide prevention  Share outreach materials a,,
NIMH_SUICIDE_PREVENTION_dcc25fe6_00004_fa6268848bfa,NIMH_SUICIDE_PREVENTION,Suicide Prevention,safety,safety_only,safety_route_only,"[""adolescents"", ""young_adults"", ""adults"", ""older_adults""]","[""self_harm"", ""suicidal_thoughts"", ""acute_crisis"", ""referral_guidance""]",en,pending,392,"What is suicide?  Suicide is when people harm themselves with the intent of ending their life, and they die as a result. A suicide attempt is when people harm themselves with the intent of ending their life, but they do not die.  People of ",,
NIMH_SUICIDE_PREVENTION_dcc25fe6_00005_a1dae69d5612,NIMH_SUICIDE_PREVENTION,Suicide Prevention,safety,safety_only,safety_route_only,"[""adolescents"", ""young_adults"", ""adults"", ""older_adults""]","[""self_harm"", ""suicidal_thoughts"", ""acute_crisis"", ""referral_guidance""]",en,pending,171,"Digital brochures and fact sheets with more information about suicide prevention, including signs, symptoms, and treatment options. Available for free in print and online.",,
NIMH_SUICIDE_PREVENTION_dcc25fe6_00006_169b8a7df1fe,NIMH_SUICIDE_PREVENTION,Suicide Prevention,safety,safety_only,safety_route_only,"[""adolescents"", ""young_adults"", ""adults"", ""older_adults""]","[""self_harm"", ""suicidal_thoughts"", ""acute_crisis"", ""referral_guidance""]",en,pending,108,"NIMH news about suicide prevention, including press releases and highlights on the latest research findings.",,
NIMH_SUICIDE_PREVENTION_dcc25fe6_00007_eced95cf7c6d,NIMH_SUICIDE_PREVENTION,Suicide Prevention,safety,safety_only,safety_route_only,"[""adolescents"", ""young_adults"", ""adults"", ""older_adults""]","[""self_harm"", ""suicidal_thoughts"", ""acute_crisis"", ""referral_guidance""]",en,pending,478,Information about the prevalence and treatment of suicide prevention in the United States.  Why is NIMH studying suicide prevention?  Suicide is a leading cause of death in the United States and a major public health concern. When a person ,,
NIMH_SUICIDE_PREVENTION_dcc25fe6_00008_c91a4976ed4e,NIMH_SUICIDE_PREVENTION,Suicide Prevention,safety,safety_only,safety_route_only,"[""adolescents"", ""young_adults"", ""adults"", ""older_adults""]","[""self_harm"", ""suicidal_thoughts"", ""acute_crisis"", ""referral_guidance""]",en,pending,316,How is NIMH research addressing this critical topic?  NIMH is supporting and conducting research to understand who is at risk of suicide and why. This includes research that examines ways to identify individuals at increased risk and identi,,
NIMH_SUICIDE_PREVENTION_dcc25fe6_00009_67ed67a7f610,NIMH_SUICIDE_PREVENTION,Suicide Prevention,safety,safety_only,safety_route_only,"[""adolescents"", ""young_adults"", ""adults"", ""older_adults""]","[""self_harm"", ""suicidal_thoughts"", ""acute_crisis"", ""referral_guidance""]",en,pending,292,"We’re also supporting research that evaluates the effectiveness of different suicide prevention programs. This includes programs in health care, community, school, and justice system settings. It also includes efforts to provide effective p",,
NIMH_SUICIDE_PREVENTION_dcc25fe6_00010_182d34f61c4a,NIMH_SUICIDE_PREVENTION,Suicide Prevention,safety,safety_only,safety_route_only,"[""adolescents"", ""young_adults"", ""adults"", ""older_adults""]","[""self_harm"", ""suicidal_thoughts"", ""acute_crisis"", ""referral_guidance""]",en,pending,491,"Additionally, we’re funding practice-based suicide prevention research centers that aim to speed the translation of effective interventions and services into practice. And we’re supporting research to develop and test fast-acting treatments",,
NIMH_SUICIDE_PREVENTION_dcc25fe6_00011_7d4340522dcd,NIMH_SUICIDE_PREVENTION,Suicide Prevention,safety,safety_only,safety_route_only,"[""adolescents"", ""young_adults"", ""adults"", ""older_adults""]","[""self_harm"", ""suicidal_thoughts"", ""acute_crisis"", ""referral_guidance""]",en,pending,463,"Clinical Trials – Information for Participants : Answers to common questions about clinical trials, including why people might take part in a clinical trial and what they can expect  Clinicaltrials.gov: Current Studies on Suicide Prevention",,
NIMH_SUICIDE_PREVENTION_dcc25fe6_00012_3616cf030cb3,NIMH_SUICIDE_PREVENTION,Suicide Prevention,safety,safety_only,safety_route_only,"[""adolescents"", ""young_adults"", ""adults"", ""older_adults""]","[""self_harm"", ""suicidal_thoughts"", ""acute_crisis"", ""referral_guidance""]",en,pending,49,Share outreach materials about suicide prevention,,
NIMH_SUICIDE_PREVENTION_dcc25fe6_00013_e641a236263f,NIMH_SUICIDE_PREVENTION,Suicide Prevention,safety,safety_only,safety_route_only,"[""adolescents"", ""young_adults"", ""adults"", ""older_adults""]","[""self_harm"", ""suicidal_thoughts"", ""acute_crisis"", ""referral_guidance""]",en,pending,70,"Social media graphics, videos, and resources about suicide prevention.",,
NIMH_SUICIDE_PREVENTION_dcc25fe6_00014_ac9fc79cf511,NIMH_SUICIDE_PREVENTION,Suicide Prevention,safety,safety_only,safety_route_only,"[""adolescents"", ""young_adults"", ""adults"", ""older_adults""]","[""self_harm"", ""suicidal_thoughts"", ""acute_crisis"", ""referral_guidance""]",en,pending,397,Learn how to find help for yourself or someone else. You can also find support and locate mental health services in your area on the Substance Abuse and Mental Health Services Administration website.  If you or someone you know is strugglin,,
NIMH_SUICIDE_PREVENTION_dcc25fe6_00015_5bff864b9cc9,NIMH_SUICIDE_PREVENTION,Suicide Prevention,safety,safety_only,safety_route_only,"[""adolescents"", ""young_adults"", ""adults"", ""older_adults""]","[""self_harm"", ""suicidal_thoughts"", ""acute_crisis"", ""referral_guidance""]",en,pending,372,2024 National Strategy for Suicide Prevention (U.S. Department of Health and Human Services): A comprehensive whole-of-society approach to suicide prevention accompanied by a Federal Action Plan  Ask Suicide-Screening Questions Toolkit (NIM,,
NIMH_SUICIDE_PREVENTION_dcc25fe6_00016_49e3d1413f32,NIMH_SUICIDE_PREVENTION,Suicide Prevention,safety,safety_only,safety_route_only,"[""adolescents"", ""young_adults"", ""adults"", ""older_adults""]","[""self_harm"", ""suicidal_thoughts"", ""acute_crisis"", ""referral_guidance""]",en,pending,441,"National Action Alliance for Suicide Prevention : A public-private partnership working to advance the National Strategy for Suicide Prevention  Suicide (MedlinePlus): Information, journal articles, and other resources about suicide and suic",,
NIMH_SUICIDE_PREVENTION_dcc25fe6_00017_a1d8fb8f0060,NIMH_SUICIDE_PREVENTION,Suicide Prevention,safety,safety_only,safety_route_only,"[""adolescents"", ""young_adults"", ""adults"", ""older_adults""]","[""self_harm"", ""suicidal_thoughts"", ""acute_crisis"", ""referral_guidance""]",en,pending,431,"Suicide Prevention and Care Program (Indian Health Service): A national program addressing suicide prevention, based on fostering collaborations across Tribes, Tribal organizations, Urban Indian organizations, and the Indian Health Service ",,
WHO_LIVE_LIFE_2021_8e6e10f8_00000_644e42e678eb,WHO_LIVE_LIFE_2021,LIVE LIFE: an implementation guide for suicide prevention in countries,safety,safety_only,safety_route_only,"[""adolescents"", ""adults"", ""older_adults""]","[""self_harm"", ""suicidal_thoughts"", ""acute_crisis"", ""referral_guidance""]",zh-CN,pending,130,AN IMPLEMENTATION GUIDE FOR SUICIDE PREVENTION IN COUNTRIES  LIVE LIFE An implementation guide for suicide prevention in countries,,
WHO_LIVE_LIFE_2021_8e6e10f8_00001_7d9fc061dcf9,WHO_LIVE_LIFE_2021,LIVE LIFE: an implementation guide for suicide prevention in countries,safety,safety_only,safety_route_only,"[""adolescents"", ""adults"", ""older_adults""]","[""self_harm"", ""suicidal_thoughts"", ""acute_crisis"", ""referral_guidance""]",zh-CN,pending,834,Live life: an implementation guide for suicide prevention in countries ISBN 978-92-4-002662-9 (electronic version) ISBN 978-92-4-002663-6 (print version) © World Health Organization 2021 Some rights reserved. This work is available under th,,
WHO_LIVE_LIFE_2021_8e6e10f8_00002_7da9e8de4c33,WHO_LIVE_LIFE_2021,LIVE LIFE: an implementation guide for suicide prevention in countries,safety,safety_only,safety_route_only,"[""adolescents"", ""adults"", ""older_adults""]","[""self_harm"", ""suicidal_thoughts"", ""acute_crisis"", ""referral_guidance""]",zh-CN,pending,900,"If you create a translation of this work, you should add the following disclaimer along with the suggested citation: “This translation was not created by the World Health Organization (WHO). WHO is not responsible for the content or accurac",,
WHO_LIVE_LIFE_2021_8e6e10f8_00003_2c6e58d8e3e1,WHO_LIVE_LIFE_2021,LIVE LIFE: an implementation guide for suicide prevention in countries,safety,safety_only,safety_route_only,"[""adolescents"", ""adults"", ""older_adults""]","[""self_harm"", ""suicidal_thoughts"", ""acute_crisis"", ""referral_guidance""]",zh-CN,pending,843,"To submit requests for commercial use and queries on rights and licensing, see http://www.who.int/about/licensing. Third-party materials. If you wish to reuse material from this work that is attributed to a third party, such as tables, figu",,
WHO_LIVE_LIFE_2021_8e6e10f8_00004_9959f6faf102,WHO_LIVE_LIFE_2021,LIVE LIFE: an implementation guide for suicide prevention in countries,safety,safety_only,safety_route_only,"[""adolescents"", ""adults"", ""older_adults""]","[""self_harm"", ""suicidal_thoughts"", ""acute_crisis"", ""referral_guidance""]",zh-CN,pending,797,Dotted and dashed lines on maps represent approximate border lines for which there may not yet be full agreement. The mention of specific companies or of certain manufacturers’ products does not imply that they are endorsed or recommended b,,
WHO_LIVE_LIFE_2021_8e6e10f8_00005_f9240285a20a,WHO_LIVE_LIFE_2021,LIVE LIFE: an implementation guide for suicide prevention in countries,safety,safety_only,safety_route_only,"[""adolescents"", ""adults"", ""older_adults""]","[""self_harm"", ""suicidal_thoughts"", ""acute_crisis"", ""referral_guidance""]",zh-CN,pending,236,"Credit for cover photos (in this order): WHO/Anna Karia, WHO/ Tom Pietrasik, WHO/Heehaw, WHO/Tom Pietrasik, WHO/Lianne Gutcher, WHO/Lianne Gutcher, WHO/Anna Kari and WHO/ Sergey Volkov Graphic design and layout: Kellie Hopley Design Ltd",,
WHO_LIVE_LIFE_2021_8e6e10f8_00006_87f04c81b0eb,WHO_LIVE_LIFE_2021,LIVE LIFE: an implementation guide for suicide prevention in countries,safety,safety_only,safety_route_only,"[""adolescents"", ""adults"", ""older_adults""]","[""self_harm"", ""suicidal_thoughts"", ""acute_crisis"", ""referral_guidance""]",zh-CN,pending,819,LIVE LIFE | iii CONTENTS Index of boxes iv Foreword vii Acknowledgements viii Executive summary x Introduction 1 PART A. LIVE LIFE CORE PILLARS 6 Situation analysis 7 Multisectoral collaboration 13 Awareness-raising and advocacy 25 Capacity,,
WHO_LIVE_LIFE_2021_8e6e10f8_00007_eb8b83d5f72d,WHO_LIVE_LIFE_2021,LIVE LIFE: an implementation guide for suicide prevention in countries,safety,safety_only,safety_route_only,"[""adolescents"", ""adults"", ""older_adults""]","[""self_harm"", ""suicidal_thoughts"", ""acute_crisis"", ""referral_guidance""]",zh-CN,pending,855,"iv | LIVE LIFE INDEX OF BOXES Box 1. Forming a Steering Committee and working groups 3 Box 2. Suicide prevention in emergencies 4 Box 3. A situation analysis of suicide prevention, Czechia 10 Box 4. National suicide study, Namibia 11 Box 5.",,
WHO_LIVE_LIFE_2021_8e6e10f8_00008_12c31fc00f71,WHO_LIVE_LIFE_2021,LIVE LIFE: an implementation guide for suicide prevention in countries,safety,safety_only,safety_route_only,"[""adolescents"", ""adults"", ""older_adults""]","[""self_harm"", ""suicidal_thoughts"", ""acute_crisis"", ""referral_guidance""]",zh-CN,pending,880,"Presidential task force for suicide prevention, Sri Lanka 23 Box 15. Raising awareness creates demand for services, Kenya 26 Box 16. National suicide awareness month, Japan 26 Box 17. See Me – addressing stigma, Scotland 27 Box 18. Determin",,
WHO_LIVE_LIFE_2021_8e6e10f8_00009_6c3663e520a8,WHO_LIVE_LIFE_2021,LIVE LIFE: an implementation guide for suicide prevention in countries,safety,safety_only,safety_route_only,"[""adolescents"", ""adults"", ""older_adults""]","[""self_harm"", ""suicidal_thoughts"", ""acute_crisis"", ""referral_guidance""]",zh-CN,pending,217,"The self-harm and suicide registration system, Islamic Republic of Iran 50 Box 30. Surveillance, White Mountain Apache Tribe, USA 51 Box 31. Monitoring and evaluating a national suicide prevention strategy, Ireland 55",,
WHO_LIVE_LIFE_2021_8e6e10f8_00010_bc8b4a2e0d46,WHO_LIVE_LIFE_2021,LIVE LIFE: an implementation guide for suicide prevention in countries,safety,safety_only,safety_route_only,"[""adolescents"", ""adults"", ""older_adults""]","[""self_harm"", ""suicidal_thoughts"", ""acute_crisis"", ""referral_guidance""]",zh-CN,pending,890,"LIVE LIFE | v Box 32. Ban on highly hazardous pesticides, Sri Lanka 59 Box 33. A story of success, Republic of Korea 62 Box 34. Media monitoring, Lithuania 64 Box 35. The Papageno-Media Prize, Austria 66 Box 36. Successes and challenges in ",,
WHO_LIVE_LIFE_2021_8e6e10f8_00011_22ca5732d72a,WHO_LIVE_LIFE_2021,LIVE LIFE: an implementation guide for suicide prevention in countries,safety,safety_only,safety_route_only,"[""adolescents"", ""adults"", ""older_adults""]","[""self_harm"", ""suicidal_thoughts"", ""acute_crisis"", ""referral_guidance""]",zh-CN,pending,854,"The national study of suicide, Iraq 83 Box 46. Situation analysis, Syrian Arab Republic 84 Box 47. An example of bottom-up multisectoral collaboration, Brazil 85 Box 48. Multisectoral collaboration, Canada 86 Box 49. Alcohol policy and legi",,
WHO_LIVE_LIFE_2021_8e6e10f8_00012_481e7457c718,WHO_LIVE_LIFE_2021,LIVE LIFE: an implementation guide for suicide prevention in countries,safety,safety_only,safety_route_only,"[""adolescents"", ""adults"", ""older_adults""]","[""self_harm"", ""suicidal_thoughts"", ""acute_crisis"", ""referral_guidance""]",zh-CN,pending,367,"Community gatekeeper training project, Canada 93 Box 58. Capacity-building, Islamic Republic of Iran 93 Box 59. IOM Mental Health and Psychosocial Support Programme: suicide prevention and response, Iraq 94 Box 60. Gatekeeper training evalu",,
WHO_LIVE_LIFE_2021_8e6e10f8_00013_bd7c77f4d3e6,WHO_LIVE_LIFE_2021,LIVE LIFE: an implementation guide for suicide prevention in countries,safety,safety_only,safety_route_only,"[""adolescents"", ""adults"", ""older_adults""]","[""self_harm"", ""suicidal_thoughts"", ""acute_crisis"", ""referral_guidance""]",zh-CN,pending,791,"vi | LIVE LIFE Box 63. Surveillance of intentional injuries, Brazil 96 Box 64. Observatory of Suicidal Behaviour, Central America and the Dominican Republic 97 Box 65. The Aga Khan University Hospital Self-Harm Monitoring System (AKUH-SHMS)",,
WHO_LIVE_LIFE_2021_8e6e10f8_00014_17746baa7a22,WHO_LIVE_LIFE_2021,LIVE LIFE: an implementation guide for suicide prevention in countries,safety,safety_only,safety_route_only,"[""adolescents"", ""adults"", ""older_adults""]","[""self_harm"", ""suicidal_thoughts"", ""acute_crisis"", ""referral_guidance""]",zh-CN,pending,691,"LIVE LIFE | vii Any death by suicide is a deeply sad occasion. It is extremely painful for close family members and friends left behind who cannot understand why it happened. Inevitably, their sadness is multiplied as they ask themselves wh",,
WHO_LIVE_LIFE_2021_8e6e10f8_00015_bb03e6fce8bf,WHO_LIVE_LIFE_2021,LIVE LIFE: an implementation guide for suicide prevention in countries,safety,safety_only,safety_route_only,"[""adolescents"", ""adults"", ""older_adults""]","[""self_harm"", ""suicidal_thoughts"", ""acute_crisis"", ""referral_guidance""]",zh-CN,pending,852,The targets of the United Nations Sustainable Development Goals and the World Health Organization’s Mental Health Action Plan for reducing the global suicide mortality rate will not be achieved unless we transform our efforts to implement e,,
WHO_LIVE_LIFE_2021_8e6e10f8_00016_bf51919594b0,WHO_LIVE_LIFE_2021,LIVE LIFE: an implementation guide for suicide prevention in countries,safety,safety_only,safety_route_only,"[""adolescents"", ""adults"", ""older_adults""]","[""self_harm"", ""suicidal_thoughts"", ""acute_crisis"", ""referral_guidance""]",zh-CN,pending,849,"LIVE LIFE recognizes the role that both governments and communities play in implementing actions for suicide prevention. Currently, 38 countries are known to have a national suicide prevention strategy. While a funded national suicide preve",,
WHO_LIVE_LIFE_2021_8e6e10f8_00017_a74c30636898,WHO_LIVE_LIFE_2021,LIVE LIFE: an implementation guide for suicide prevention in countries,safety,safety_only,safety_route_only,"[""adolescents"", ""adults"", ""older_adults""]","[""self_harm"", ""suicidal_thoughts"", ""acute_crisis"", ""referral_guidance""]",zh-CN,pending,288,"Each of us has a role to play, watching out for our friends, families and colleagues and offering them our support when we think they might need it. It can make all the difference. Dr Tedros Adhanom Ghebreyesus Director-General World Health",,
WHO_LIVE_LIFE_2021_8e6e10f8_00018_4b1118f4bb3a,WHO_LIVE_LIFE_2021,LIVE LIFE: an implementation guide for suicide prevention in countries,safety,safety_only,safety_route_only,"[""adolescents"", ""adults"", ""older_adults""]","[""self_harm"", ""suicidal_thoughts"", ""acute_crisis"", ""referral_guidance""]",zh-CN,pending,108,"viii | LIVE LIFE ACKNOWLEDGEMENTS CONCEPTUALIZATION AND GUIDANCE Dévora Kestel (WHO), Mark van Ommeren (WHO)",,
WHO_LIVE_LIFE_2021_8e6e10f8_00019_87cba85ed17e,WHO_LIVE_LIFE_2021,LIVE LIFE: an implementation guide for suicide prevention in countries,safety,safety_only,safety_route_only,"[""adolescents"", ""adults"", ""older_adults""]","[""self_harm"", ""suicidal_thoughts"", ""acute_crisis"", ""referral_guidance""]",zh-CN,pending,2646,"PROJECT COORDINATION AND EDITING Alexandra Fleischmann (WHO), Aiysha Malik (WHO), Amrita Parekh (India), Hannah Wilson (United Kingdom) TECHNICAL CONTRIBUTION AND/OR REVIEW1 International contributors and reviewers Sabah Abdulrahman (Iraq),",,
WHO_LIVE_LIFE_2021_8e6e10f8_00020_0a3800b051b3,WHO_LIVE_LIFE_2021,LIVE LIFE: an implementation guide for suicide prevention in countries,safety,safety_only,safety_route_only,"[""adolescents"", ""adults"", ""older_adults""]","[""self_harm"", ""suicidal_thoughts"", ""acute_crisis"", ""referral_guidance""]",zh-CN,pending,975,"Participants of meetings to develop and finalize the guide Helal Uddin Ahmed (Bangladesh), Ella Arensman (Ireland), Phanindra Prasad Baral (Nepal), Karline Brathwaite (Trinidad and Tobago), Vladimir Carli (Sweden), Lai Fong Chan (Malaysia),",,
WHO_LIVE_LIFE_2021_8e6e10f8_00021_6956e07e6d35,WHO_LIVE_LIFE_2021,LIVE LIFE: an implementation guide for suicide prevention in countries,safety,safety_only,safety_route_only,"[""adolescents"", ""adults"", ""older_adults""]","[""self_harm"", ""suicidal_thoughts"", ""acute_crisis"", ""referral_guidance""]",zh-CN,pending,624,"WHO Headquarters Richard Brown, Kenneth Carswell, Batool Fatima, Michelle Funk, Brandon Gray, Fahmy Hanna, Brian Ogallo, Alison Schafer, Chiara Servili, Inka Weissbecker. WHO Regional offices Florence Baingana, WHO Regional Office for Afric",,
WHO_LIVE_LIFE_2021_8e6e10f8_00022_e3d32516fe62,WHO_LIVE_LIFE_2021,LIVE LIFE: an implementation guide for suicide prevention in countries,safety,safety_only,safety_route_only,"[""adolescents"", ""adults"", ""older_adults""]","[""self_harm"", ""suicidal_thoughts"", ""acute_crisis"", ""referral_guidance""]",zh-CN,pending,328,"1 The LIVE LIFE implementation guide was developed through a consultative process in which technical and country experts, implementers and people with lived experience from all WHO regions contributed to a survey and interview process prior",,
WHO_LIVE_LIFE_2021_8e6e10f8_00023_cac3607046fd,WHO_LIVE_LIFE_2021,LIVE LIFE: an implementation guide for suicide prevention in countries,safety,safety_only,safety_route_only,"[""adolescents"", ""adults"", ""older_adults""]","[""self_harm"", ""suicidal_thoughts"", ""acute_crisis"", ""referral_guidance""]",zh-CN,pending,610,"LIVE LIFE | ix WHO Country offices Catarina Dahl, WHO Country Office Brazil; Jennifer Hall, WHO Country Office Fiji; Edwina Zoghbi, WHO Country Office Lebanon; Bolormaa Sukhbaatar, WHO Country Office Mongolia; Kedar Marahatta, WHO Country O",,
WHO_LIVE_LIFE_2021_8e6e10f8_00024_3b2ee2da71b1,WHO_LIVE_LIFE_2021,LIVE LIFE: an implementation guide for suicide prevention in countries,safety,safety_only,safety_route_only,"[""adolescents"", ""adults"", ""older_adults""]","[""self_harm"", ""suicidal_thoughts"", ""acute_crisis"", ""referral_guidance""]",zh-CN,pending,671,"Administrative support Ophel Riano (WHO), Evelyn Finger (WHO), Zahiri Malik (WHO) Production team Editing: David Bramley, Switzerland WHO would like to thank the following for their financial contributions: • Government of Japan; • Korean S",,
WHO_LIVE_LIFE_2021_8e6e10f8_00025_d3f3ad12f964,WHO_LIVE_LIFE_2021,LIVE LIFE: an implementation guide for suicide prevention in countries,safety,safety_only,safety_route_only,"[""adolescents"", ""adults"", ""older_adults""]","[""self_harm"", ""suicidal_thoughts"", ""acute_crisis"", ""referral_guidance""]",zh-CN,pending,885,x | LIVE LIFE Over 700 000 people lose their life to suicide every year. Reducing the global suicide mortality rate by one third by 2030 is both an indicator and a target (the only one for mental health) in the United Nations Sustainable De,,
WHO_LIVE_LIFE_2021_8e6e10f8_00026_157facd2e0bd,WHO_LIVE_LIFE_2021,LIVE LIFE: an implementation guide for suicide prevention in countries,safety,safety_only,safety_route_only,"[""adolescents"", ""adults"", ""older_adults""]","[""self_harm"", ""suicidal_thoughts"", ""acute_crisis"", ""referral_guidance""]",zh-CN,pending,757,"PART A. LIVE LIFE CORE PILLARS The core pillars of LIVE LIFE are as follows: • Situation analysis • Multisectoral collaboration • Awareness-raising and advocacy • Capacity-building • Financing • Surveillance, monitoring and evaluation. Part",,
WHO_LIVE_LIFE_2021_8e6e10f8_00027_07957aac4c50,WHO_LIVE_LIFE_2021,LIVE LIFE: an implementation guide for suicide prevention in countries,safety,safety_only,safety_route_only,"[""adolescents"", ""adults"", ""older_adults""]","[""self_harm"", ""suicidal_thoughts"", ""acute_crisis"", ""referral_guidance""]",zh-CN,pending,789,"The analysis can be carried out nationally, regionally or locally and should be conducted at the start of suicide prevention efforts by a dedicated working group of specialists, stakeholders and persons with lived experience of suicide. The",,
WHO_LIVE_LIFE_2021_8e6e10f8_00028_b2598c819f55,WHO_LIVE_LIFE_2021,LIVE LIFE: an implementation guide for suicide prevention in countries,safety,safety_only,safety_route_only,"[""adolescents"", ""adults"", ""older_adults""]","[""self_harm"", ""suicidal_thoughts"", ""acute_crisis"", ""referral_guidance""]",zh-CN,pending,833,"A whole-of-government or whole-of-society approach works across government sectors or departments and includes nongovernmental and community groups. Under the leadership of government, this approach facilitates knowledge-sharing, exchange o",,
WHO_LIVE_LIFE_2021_8e6e10f8_00029_da14843d9dd8,WHO_LIVE_LIFE_2021,LIVE LIFE: an implementation guide for suicide prevention in countries,safety,safety_only,safety_route_only,"[""adolescents"", ""adults"", ""older_adults""]","[""self_harm"", ""suicidal_thoughts"", ""acute_crisis"", ""referral_guidance""]",zh-CN,pending,796,Awareness-raising and advocacy depend on an organized process of communication that targets a public audience. Awareness-raising draws people’s attention to facts such as suicide is a serious public health issue. Advocacy aims to bring abou,,
WHO_LIVE_LIFE_2021_8e6e10f8_00030_4c3b213e9ff6,WHO_LIVE_LIFE_2021,LIVE LIFE: an implementation guide for suicide prevention in countries,safety,safety_only,safety_route_only,"[""adolescents"", ""adults"", ""older_adults""]","[""self_harm"", ""suicidal_thoughts"", ""acute_crisis"", ""referral_guidance""]",zh-CN,pending,468,"Initiatives should have a clear focus and a call to action, such as linking people with support services rather than addressing suicide in general. Capacity-building can be coordinated at the national level or conducted in the community. Ca",,
WHO_LIVE_LIFE_2021_8e6e10f8_00031_642ac859b479,WHO_LIVE_LIFE_2021,LIVE LIFE: an implementation guide for suicide prevention in countries,safety,safety_only,safety_route_only,"[""adolescents"", ""adults"", ""older_adults""]","[""self_harm"", ""suicidal_thoughts"", ""acute_crisis"", ""referral_guidance""]",zh-CN,pending,869,"LIVE LIFE | xi It may be directed to health workers, emergency service staff, teachers and youth workers, and others such as hairdressers or bartenders who often chat with their clients. For non-specialized health workers and community heal",,
WHO_LIVE_LIFE_2021_8e6e10f8_00032_48a82958ff51,WHO_LIVE_LIFE_2021,LIVE LIFE: an implementation guide for suicide prevention in countries,safety,safety_only,safety_route_only,"[""adolescents"", ""adults"", ""older_adults""]","[""self_harm"", ""suicidal_thoughts"", ""acute_crisis"", ""referral_guidance""]",zh-CN,pending,690,"Requests for funds should include a focus on the development and implementation of policies, strategies and plans, and not only on development of services. The guide gives advice on how to approach fundraising for suicide prevention, noting",,
WHO_LIVE_LIFE_2021_8e6e10f8_00033_74cc3cec2d3b,WHO_LIVE_LIFE_2021,LIVE LIFE: an implementation guide for suicide prevention in countries,safety,safety_only,safety_route_only,"[""adolescents"", ""adults"", ""older_adults""]","[""self_harm"", ""suicidal_thoughts"", ""acute_crisis"", ""referral_guidance""]",zh-CN,pending,751,"Data sources such as civil registration and vital statistics, health and police records, verbal autopsies and population-based surveys are highlighted, though much depends on how much suicide and self-harm surveillance has been done before.",,
WHO_LIVE_LIFE_2021_8e6e10f8_00034_624fc6b218e8,WHO_LIVE_LIFE_2021,LIVE LIFE: an implementation guide for suicide prevention in countries,safety,safety_only,safety_route_only,"[""adolescents"", ""adults"", ""older_adults""]","[""self_harm"", ""suicidal_thoughts"", ""acute_crisis"", ""referral_guidance""]",zh-CN,pending,661,Detecting changes in suicide rates is challenging but is necessary to assess whether LIVE LIFE is achieving its intended result of reducing suicide and self-harm. Monitoring and evaluation are likely to require a specialized team (including,,
WHO_LIVE_LIFE_2021_8e6e10f8_00035_c71588d776c3,WHO_LIVE_LIFE_2021,LIVE LIFE: an implementation guide for suicide prevention in countries,safety,safety_only,safety_route_only,"[""adolescents"", ""adults"", ""older_adults""]","[""self_harm"", ""suicidal_thoughts"", ""acute_crisis"", ""referral_guidance""]",zh-CN,pending,876,LIVE LIFE: KEY EFFECTIVE INTERVENTIONS FOR SUICIDE PREVENTION The interventions described in the guide are: • Limit access to the means of suicide • Interact with the media for responsible reporting of suicide • Foster socio-emotional life ,,
WHO_LIVE_LIFE_2021_8e6e10f8_00036_25cde61bc33d,WHO_LIVE_LIFE_2021,LIVE LIFE: an implementation guide for suicide prevention in countries,safety,safety_only,safety_route_only,"[""adolescents"", ""adults"", ""older_adults""]","[""self_harm"", ""suicidal_thoughts"", ""acute_crisis"", ""referral_guidance""]",zh-CN,pending,846,"Most people who engage in suicidal behaviour experience ambivalence about living or dying, and many suicides are a response to acute stressors. Making lethal means of suicide less easily available gives persons in distress time for acute cr",,
WHO_LIVE_LIFE_2021_8e6e10f8_00037_0bb32b3e7021,WHO_LIVE_LIFE_2021,LIVE LIFE: an implementation guide for suicide prevention in countries,safety,safety_only,safety_route_only,"[""adolescents"", ""adults"", ""older_adults""]","[""self_harm"", ""suicidal_thoughts"", ""acute_crisis"", ""referral_guidance""]",zh-CN,pending,202,"At the personal level, family members may be asked to remove the means of suicide (e.g. pesticides, firearms, knives, medication) from a household where a person is at risk of suicide. EXECUTIVE SUMMARY",,
WHO_LIVE_LIFE_2021_8e6e10f8_00038_0fea38ed1f0d,WHO_LIVE_LIFE_2021,LIVE LIFE: an implementation guide for suicide prevention in countries,safety,safety_only,safety_route_only,"[""adolescents"", ""adults"", ""older_adults""]","[""self_harm"", ""suicidal_thoughts"", ""acute_crisis"", ""referral_guidance""]",zh-CN,pending,771,"xii | LIVE LIFE Importantly, evidence shows that restriction of one method of suicide does not inevitably lead to a rise in the use of others. Interacting with the media for responsible reporting of suicide is significant because media repo",,
WHO_LIVE_LIFE_2021_8e6e10f8_00039_1e800b41301e,WHO_LIVE_LIFE_2021,LIVE LIFE: an implementation guide for suicide prevention in countries,safety,safety_only,safety_route_only,"[""adolescents"", ""adults"", ""older_adults""]","[""self_harm"", ""suicidal_thoughts"", ""acute_crisis"", ""referral_guidance""]",zh-CN,pending,884,It also proposes working with social media companies to increase their awareness and improve their protocols for identifying and removing harmful content. Fostering socio-emotional life skills in adolescents is the focus of WHO’s Helping ad,,
WHO_LIVE_LIFE_2021_8e6e10f8_00040_5b1d2100291b,WHO_LIVE_LIFE_2021,LIVE LIFE: an implementation guide for suicide prevention in countries,safety,safety_only,safety_route_only,"[""adolescents"", ""adults"", ""older_adults""]","[""self_harm"", ""suicidal_thoughts"", ""acute_crisis"", ""referral_guidance""]",zh-CN,pending,808,Teachers or caregivers should be reminded that talking about suicide with young people will not increase suicide risk but will mean that young people may feel more able to approach them for support when needed. The well-being of staff shoul,,
WHO_LIVE_LIFE_2021_8e6e10f8_00041_f184419c37cc,WHO_LIVE_LIFE_2021,LIVE LIFE: an implementation guide for suicide prevention in countries,safety,safety_only,safety_route_only,"[""adolescents"", ""adults"", ""older_adults""]","[""self_harm"", ""suicidal_thoughts"", ""acute_crisis"", ""referral_guidance""]",zh-CN,pending,380,"Additionally, support should be offered to people who have attempted suicide and those who have been bereaved by it. Since suicide prevention is often not a public health priority, the guide recommends advocating for suicide prevention with",,
WHO_LIVE_LIFE_2021_8e6e10f8_00042_dcce30124204,WHO_LIVE_LIFE_2021,LIVE LIFE: an implementation guide for suicide prevention in countries,safety,safety_only,safety_route_only,"[""adolescents"", ""adults"", ""older_adults""]","[""self_harm"", ""suicidal_thoughts"", ""acute_crisis"", ""referral_guidance""]",zh-CN,pending,860,A series of four annexes provides: 1) a list of sectors and stakeholders relevant to suicide prevention; 2) 30 boxes describing country activities for suicide prevention (in addition to the 43 descriptive boxes in the text of the guide); 3),,
WHO_LIVE_LIFE_2021_8e6e10f8_00043_62aad1be1282,WHO_LIVE_LIFE_2021,LIVE LIFE: an implementation guide for suicide prevention in countries,safety,safety_only,safety_route_only,"[""adolescents"", ""adults"", ""older_adults""]","[""self_harm"", ""suicidal_thoughts"", ""acute_crisis"", ""referral_guidance""]",zh-CN,pending,803,LIVE LIFE | 1 BACKGROUND Over 700 000 people lose their life to suicide every year. People from all socioeconomic backgrounds are affected. Suicide is the fourth leading cause of death in 15–29-year-olds and the third in 15–19-year-old girl,,
WHO_LIVE_LIFE_2021_8e6e10f8_00044_6019a2c3d2c6,WHO_LIVE_LIFE_2021,LIVE LIFE: an implementation guide for suicide prevention in countries,safety,safety_only,safety_route_only,"[""adolescents"", ""adults"", ""older_adults""]","[""self_harm"", ""suicidal_thoughts"", ""acute_crisis"", ""referral_guidance""]",zh-CN,pending,900,WHO’s 13th General Programme of Work (GPW13) 2019–20234 includes the same indicator with a reduction of 15% by 2023. There has been a small reduction in the global age- standardized rate of suicide since 2010 but the global trend masks regi,,
WHO_LIVE_LIFE_2021_8e6e10f8_00045_474a44772c84,WHO_LIVE_LIFE_2021,LIVE LIFE: an implementation guide for suicide prevention in countries,safety,safety_only,safety_route_only,"[""adolescents"", ""adults"", ""older_adults""]","[""self_harm"", ""suicidal_thoughts"", ""acute_crisis"", ""referral_guidance""]",zh-CN,pending,871,"WHO advocates for countries to take action in preventing suicide, ideally through a comprehensive national suicide prevention strategy. A government-led comprehensive national strategy is a powerful tool which helps to ensure that the gover",,
WHO_LIVE_LIFE_2021_8e6e10f8_00046_4c37c54616b8,WHO_LIVE_LIFE_2021,LIVE LIFE: an implementation guide for suicide prevention in countries,safety,safety_only,safety_route_only,"[""adolescents"", ""adults"", ""older_adults""]","[""self_harm"", ""suicidal_thoughts"", ""acute_crisis"", ""referral_guidance""]",zh-CN,pending,714,"In the field of noncommunicable diseases (NCDs), implementation gaps for national action plans have been attributed to inadequate funding, limited capacity, inaction across sectors, and lack of standardized monitoring and evaluation (Tuangr",,
WHO_LIVE_LIFE_2021_8e6e10f8_00047_869a3b873b90,WHO_LIVE_LIFE_2021,LIVE LIFE: an implementation guide for suicide prevention in countries,safety,safety_only,safety_route_only,"[""adolescents"", ""adults"", ""older_adults""]","[""self_harm"", ""suicidal_thoughts"", ""acute_crisis"", ""referral_guidance""]",zh-CN,pending,693,"Community stakeholders (see Annex 1 for a list of sectors and stakeholders) will benefit from implementing any of the LIVE LIFE components; their implementation can form the beginnings of suicide prevention in a country, gaining momentum wi",,
WHO_LIVE_LIFE_2021_8e6e10f8_00048_d2223744409c,WHO_LIVE_LIFE_2021,LIVE LIFE: an implementation guide for suicide prevention in countries,safety,safety_only,safety_route_only,"[""adolescents"", ""adults"", ""older_adults""]","[""self_harm"", ""suicidal_thoughts"", ""acute_crisis"", ""referral_guidance""]",zh-CN,pending,799,"ban highly hazardous pesticides); • interact with the media for responsible reporting of suicide; • foster socio-emotional life skills in adolescents; and • early identify, assess, manage and follow up anyone who is affected by suicidal beh",,
WHO_LIVE_LIFE_2021_8e6e10f8_00049_c99d976bbb2a,WHO_LIVE_LIFE_2021,LIVE LIFE: an implementation guide for suicide prevention in countries,safety,safety_only,safety_route_only,"[""adolescents"", ""adults"", ""older_adults""]","[""self_harm"", ""suicidal_thoughts"", ""acute_crisis"", ""referral_guidance""]",zh-CN,pending,149,"Geneva: World Health Organization (https://www.who.int/about/what-we-do/thirteenth-general-programme-of- work-2019---2023, accessed 28 January 2021).",,
WHO_LIVE_LIFE_2021_8e6e10f8_00050_635761b6782b,WHO_LIVE_LIFE_2021,LIVE LIFE: an implementation guide for suicide prevention in countries,safety,safety_only,safety_route_only,"[""adolescents"", ""adults"", ""older_adults""]","[""self_harm"", ""suicidal_thoughts"", ""acute_crisis"", ""referral_guidance""]",zh-CN,pending,887,"2 | LIVE LIFE The successful implementation and scale-up of these key interventions needs, as a prerequisite, six cross-cutting core foundational pillars, namely: • situation analysis; • multisectoral collaboration; • awareness-raising and ",,
WHO_LIVE_LIFE_2021_8e6e10f8_00051_fa382556e393,WHO_LIVE_LIFE_2021,LIVE LIFE: an implementation guide for suicide prevention in countries,safety,safety_only,safety_route_only,"[""adolescents"", ""adults"", ""older_adults""]","[""self_harm"", ""suicidal_thoughts"", ""acute_crisis"", ""referral_guidance""]",zh-CN,pending,683,LIVE LIFE serves as a starting point upon which countries can build further evidence-based suicide prevention interventions to develop a comprehensive national suicide prevention strategy. All pillars and interventions described in this LIV,,
WHO_LIVE_LIFE_2021_8e6e10f8_00052_c9575fe4924b,WHO_LIVE_LIFE_2021,LIVE LIFE: an implementation guide for suicide prevention in countries,safety,safety_only,safety_route_only,"[""adolescents"", ""adults"", ""older_adults""]","[""self_harm"", ""suicidal_thoughts"", ""acute_crisis"", ""referral_guidance""]",zh-CN,pending,752,"The guide is for: • all countries, with or without a national suicide prevention strategy; • national or local focal points for suicide prevention, mental health, alcohol or NCDs; and • community stakeholders with a vested interest or who m",,
WHO_LIVE_LIFE_2021_8e6e10f8_00053_de1929b70308,WHO_LIVE_LIFE_2021,LIVE LIFE: an implementation guide for suicide prevention in countries,safety,safety_only,safety_route_only,"[""adolescents"", ""adults"", ""older_adults""]","[""self_harm"", ""suicidal_thoughts"", ""acute_crisis"", ""referral_guidance""]",zh-CN,pending,459,"Situation analysis Multisectoral collaboration Awareness raising Capacity building Surveillance, monitoring and evaluation Limit access to means of suicide L Interact with the media on responsible reporting I Foster life skills of young peo",,
WHO_LIVE_LIFE_2021_8e6e10f8_00054_85ce3f11a1b3,WHO_LIVE_LIFE_2021,LIVE LIFE: an implementation guide for suicide prevention in countries,safety,safety_only,safety_route_only,"[""adolescents"", ""adults"", ""older_adults""]","[""self_harm"", ""suicidal_thoughts"", ""acute_crisis"", ""referral_guidance""]",zh-CN,pending,507,LIVE LIFE | 3 The guide also contains: • boxes with examples throughout the text and further examples from countries in Annex 2; and • tips for implementation. In addition: • Annex 1 provides a list of sectors and stakeholders who can be in,,
WHO_LIVE_LIFE_2021_8e6e10f8_00055_6b4938897e5b,WHO_LIVE_LIFE_2021,LIVE LIFE: an implementation guide for suicide prevention in countries,safety,safety_only,safety_route_only,"[""adolescents"", ""adults"", ""older_adults""]","[""self_harm"", ""suicidal_thoughts"", ""acute_crisis"", ""referral_guidance""]",zh-CN,pending,679,"This guide does not cover: • development of a comprehensive national suicide prevention strategy at government level, or examples of strategies, as this is presented in other WHO publications (WHO, 2012; WHO, 2014; WHO, 2018a); • a step-by-",,
WHO_LIVE_LIFE_2021_8e6e10f8_00056_4a71eaab3d6d,WHO_LIVE_LIFE_2021,LIVE LIFE: an implementation guide for suicide prevention in countries,safety,safety_only,safety_route_only,"[""adolescents"", ""adults"", ""older_adults""]","[""self_harm"", ""suicidal_thoughts"", ""acute_crisis"", ""referral_guidance""]",zh-CN,pending,844,"Forming a Steering Committee and working groups A Steering Committee (or oversight committee, or task force) is needed to provide leadership and coordination as well as to structure planning, resourcing, implementing, monitoring and evaluat",,
WHO_LIVE_LIFE_2021_8e6e10f8_00057_7c7f5d2c173b,WHO_LIVE_LIFE_2021,LIVE LIFE: an implementation guide for suicide prevention in countries,safety,safety_only,safety_route_only,"[""adolescents"", ""adults"", ""older_adults""]","[""self_harm"", ""suicidal_thoughts"", ""acute_crisis"", ""referral_guidance""]",zh-CN,pending,844,"health care, education, employment, social development); • individuals with expertise in suicide prevention [e.g. academic experts, health sector, nongovernmental organizations (NGOs)]; • individuals with skills and experience specific to t",,
WHO_LIVE_LIFE_2021_8e6e10f8_00058_14def9778311,WHO_LIVE_LIFE_2021,LIVE LIFE: an implementation guide for suicide prevention in countries,safety,safety_only,safety_route_only,"[""adolescents"", ""adults"", ""older_adults""]","[""self_harm"", ""suicidal_thoughts"", ""acute_crisis"", ""referral_guidance""]",zh-CN,pending,860,"Similarly, explicitly defining roles and responsibilities of group members is necessary to ensure accountability for actions taken. It is not necessary to have 10 separate working groups for LIVE LIFE pillars and interventions as one workin",,
WHO_LIVE_LIFE_2021_8e6e10f8_00059_faa8f2255793,WHO_LIVE_LIFE_2021,LIVE LIFE: an implementation guide for suicide prevention in countries,safety,safety_only,safety_route_only,"[""adolescents"", ""adults"", ""older_adults""]","[""self_harm"", ""suicidal_thoughts"", ""acute_crisis"", ""referral_guidance""]",zh-CN,pending,206,"5 Engaging communities in preventing suicide; e-learning course. Geneva: World Health Organization (https://accesswho.campusvirtualsp.org/engaging- communities-preventing-suicide, accessed 28 January 2021).",,
WHO_LIVE_LIFE_2021_8e6e10f8_00060_89f747c17d98,WHO_LIVE_LIFE_2021,LIVE LIFE: an implementation guide for suicide prevention in countries,safety,safety_only,safety_route_only,"[""adolescents"", ""adults"", ""older_adults""]","[""self_harm"", ""suicidal_thoughts"", ""acute_crisis"", ""referral_guidance""]",zh-CN,pending,878,"4 | LIVE LIFE HOW CAN THE GUIDE BE USED? • Countries should implement all the LIVE LIFE core pillars and key interventions. • Although all core pillars and key interventions are needed for suicide prevention, each country can adapt its impl",,
WHO_LIVE_LIFE_2021_8e6e10f8_00061_334299be14ef,WHO_LIVE_LIFE_2021,LIVE LIFE: an implementation guide for suicide prevention in countries,safety,safety_only,safety_route_only,"[""adolescents"", ""adults"", ""older_adults""]","[""self_harm"", ""suicidal_thoughts"", ""acute_crisis"", ""referral_guidance""]",zh-CN,pending,891,• Implementing all the LIVE LIFE pillars and interventions nationally will benefit a national suicide prevention strategy or become part of it. • In contexts with limited human and financial resources it may be necessary to implement or sca,,
WHO_LIVE_LIFE_2021_8e6e10f8_00062_d50be701e3d6,WHO_LIVE_LIFE_2021,LIVE LIFE: an implementation guide for suicide prevention in countries,safety,safety_only,safety_route_only,"[""adolescents"", ""adults"", ""older_adults""]","[""self_harm"", ""suicidal_thoughts"", ""acute_crisis"", ""referral_guidance""]",zh-CN,pending,637,"Suicide prevention in emergencies Humanitarian crises and emergencies (e.g. natural disasters, armed conflict, public health emergencies) pose a number of barriers to suicide prevention such as structural changes in leadership and systems, ",,
WHO_LIVE_LIFE_2021_8e6e10f8_00063_5531281494e5,WHO_LIVE_LIFE_2021,LIVE LIFE: an implementation guide for suicide prevention in countries,safety,safety_only,safety_route_only,"[""adolescents"", ""adults"", ""older_adults""]","[""self_harm"", ""suicidal_thoughts"", ""acute_crisis"", ""referral_guidance""]",zh-CN,pending,827,"While a comprehensive discussion of suicide prevention in crisis situations is beyond the scope of this guide, some considerations include: • Governments should consider the impact of the emergency on risk factors for suicide and should imp",,
WHO_LIVE_LIFE_2021_8e6e10f8_00064_68565f90e8c8,WHO_LIVE_LIFE_2021,LIVE LIFE: an implementation guide for suicide prevention in countries,safety,safety_only,safety_route_only,"[""adolescents"", ""adults"", ""older_adults""]","[""self_harm"", ""suicidal_thoughts"", ""acute_crisis"", ""referral_guidance""]",zh-CN,pending,740,"• Identify and provide effective interventions for at-risk populations who may be particularly affected during the emergency – such as young people or older persons who may have lost, or are separated from, family support. • Engage the medi",,
WHO_LIVE_LIFE_2021_8e6e10f8_00065_bbb2b4373e55,WHO_LIVE_LIFE_2021,LIVE LIFE: an implementation guide for suicide prevention in countries,safety,safety_only,safety_route_only,"[""adolescents"", ""adults"", ""older_adults""]","[""self_harm"", ""suicidal_thoughts"", ""acute_crisis"", ""referral_guidance""]",zh-CN,pending,345,"Services where individuals at risk would present can be prioritized, such as primary health care services and programmes focused on addressing concerns about protection (including child protection and gender-based violence). • Where in-pers",,
WHO_LIVE_LIFE_2021_8e6e10f8_00066_926863a9f30d,WHO_LIVE_LIFE_2021,LIVE LIFE: an implementation guide for suicide prevention in countries,safety,safety_only,safety_route_only,"[""adolescents"", ""adults"", ""older_adults""]","[""self_harm"", ""suicidal_thoughts"", ""acute_crisis"", ""referral_guidance""]",zh-CN,pending,892,"LIVE LIFE | 5 receive training and feel comfortable using remote methods of communication, particularly when managing risk.6 • To ensure there is adequate coverage to meet needs, prevent the redeployment to non-suicide prevention functions ",,
WHO_LIVE_LIFE_2021_8e6e10f8_00067_44dfc88b36d1,WHO_LIVE_LIFE_2021,LIVE LIFE: an implementation guide for suicide prevention in countries,safety,safety_only,safety_route_only,"[""adolescents"", ""adults"", ""older_adults""]","[""self_harm"", ""suicidal_thoughts"", ""acute_crisis"", ""referral_guidance""]",zh-CN,pending,776,• Inter-Agency Standing Committee (IASC) Guidelines on mental health and psychosocial support in emergency settings. Geneva: Inter Agency Standing Committee.7 6 Guidance on Operational considerations for Multisectoral Mental Health and Psyc,,
WHO_LIVE_LIFE_2021_8e6e10f8_00068_4cd4e3660d1d,WHO_LIVE_LIFE_2021,LIVE LIFE: an implementation guide for suicide prevention in countries,safety,safety_only,safety_route_only,"[""adolescents"", ""adults"", ""older_adults""]","[""self_harm"", ""suicidal_thoughts"", ""acute_crisis"", ""referral_guidance""]",zh-CN,pending,599,6 | LIVE LIFE: PART A The following sections describe the core pillars for suicide prevention. These form the foundation which strengthens successful implementation of the key evidence-based interventions that together contribute to suicide,,
WHO_LIVE_LIFE_2021_8e6e10f8_00069_c7180f73be97,WHO_LIVE_LIFE_2021,LIVE LIFE: an implementation guide for suicide prevention in countries,safety,safety_only,safety_route_only,"[""adolescents"", ""adults"", ""older_adults""]","[""self_harm"", ""suicidal_thoughts"", ""acute_crisis"", ""referral_guidance""]",zh-CN,pending,747,"LIVE LIFE: PART A | 7 A situation analysis provides the background to, and current profile of, suicide and suicide prevention in a country using a variety of information. A situation analysis is essential for informing the planning and impl",,
WHO_LIVE_LIFE_2021_8e6e10f8_00070_8fe8ce15b9a8,WHO_LIVE_LIFE_2021,LIVE LIFE: an implementation guide for suicide prevention in countries,safety,safety_only,safety_route_only,"[""adolescents"", ""adults"", ""older_adults""]","[""self_harm"", ""suicidal_thoughts"", ""acute_crisis"", ""referral_guidance""]",zh-CN,pending,857,"In a national situation analysis, attention should be given to collecting information from different sociodemographic groups and regions to identify specific needs for adapting the implementation of the LIVE LIFE interventions. For example,",,
WHO_LIVE_LIFE_2021_8e6e10f8_00071_76f6d03fd0c3,WHO_LIVE_LIFE_2021,LIVE LIFE: an implementation guide for suicide prevention in countries,safety,safety_only,safety_route_only,"[""adolescents"", ""adults"", ""older_adults""]","[""self_harm"", ""suicidal_thoughts"", ""acute_crisis"", ""referral_guidance""]",zh-CN,pending,785,"the Ministry of Health) or, for context-specific situation analyses, leadership from the relevant sector (e.g. the education sector for the analysis of life skills programmes in schools); • experience in conducting situation analyses (e.g. ",,
WHO_LIVE_LIFE_2021_8e6e10f8_00072_4c29c985f80e,WHO_LIVE_LIFE_2021,LIVE LIFE: an implementation guide for suicide prevention in countries,safety,safety_only,safety_route_only,"[""adolescents"", ""adults"", ""older_adults""]","[""self_harm"", ""suicidal_thoughts"", ""acute_crisis"", ""referral_guidance""]",zh-CN,pending,823,8 | LIVE LIFE: PART A 1. Convene a working group to plan and implement the analysis (see Box 1) • Establish the working group (see under Who? above). The working group is also responsible for obtaining any necessary approvals to access data,,
WHO_LIVE_LIFE_2021_8e6e10f8_00073_59b7dae3ee8d,WHO_LIVE_LIFE_2021,LIVE LIFE: an implementation guide for suicide prevention in countries,safety,safety_only,safety_route_only,"[""adolescents"", ""adults"", ""older_adults""]","[""self_harm"", ""suicidal_thoughts"", ""acute_crisis"", ""referral_guidance""]",zh-CN,pending,840,"national, regions, districts, inpatient services, refugee camp etc.); and b) population groups (e.g. whole population, by sex, age groups, ethnic groups, religious groups, migrant status, urban, rural, socioeconomic status). • Calculate rat",,
WHO_LIVE_LIFE_2021_8e6e10f8_00074_5df984ddcb45,WHO_LIVE_LIFE_2021,LIVE LIFE: an implementation guide for suicide prevention in countries,safety,safety_only,safety_route_only,"[""adolescents"", ""adults"", ""older_adults""]","[""self_harm"", ""suicidal_thoughts"", ""acute_crisis"", ""referral_guidance""]",zh-CN,pending,859,"• Is there existing legislation or policy relevant to suicide prevention (e.g. mental health, alcohol, employment, insurance, social welfare)? Ascertainment of suicide • How and by whom is suicide ascertained? • Consider how ascertainment m",,
WHO_LIVE_LIFE_2021_8e6e10f8_00075_201081ecf30b,WHO_LIVE_LIFE_2021,LIVE LIFE: an implementation guide for suicide prevention in countries,safety,safety_only,safety_route_only,"[""adolescents"", ""adults"", ""older_adults""]","[""self_harm"", ""suicidal_thoughts"", ""acute_crisis"", ""referral_guidance""]",zh-CN,pending,892,"LIVE LIFE: PART A | 9 Examples of information Considerations Current services • Existing (public and private) services in the health sector, the community and other relevant sectors – consider the availability, uptake and quality of existin",,
WHO_LIVE_LIFE_2021_8e6e10f8_00076_f50f86bba80d,WHO_LIVE_LIFE_2021,LIVE LIFE: an implementation guide for suicide prevention in countries,safety,safety_only,safety_route_only,"[""adolescents"", ""adults"", ""older_adults""]","[""self_harm"", ""suicidal_thoughts"", ""acute_crisis"", ""referral_guidance""]",zh-CN,pending,877,"• Barriers faced by the health workforce and related occupations in providing early identification, assessment, management and follow-up, and in reporting self-harm. 3. Decide how this information can be collected • Consider what informatio",,
WHO_LIVE_LIFE_2021_8e6e10f8_00077_9f8c73c29d92,WHO_LIVE_LIFE_2021,LIVE LIFE: an implementation guide for suicide prevention in countries,safety,safety_only,safety_route_only,"[""adolescents"", ""adults"", ""older_adults""]","[""self_harm"", ""suicidal_thoughts"", ""acute_crisis"", ""referral_guidance""]",zh-CN,pending,883,This will help in deciding which sectors and stakeholders (see Annex 1 for a list of sectors and stakeholders) should be involved during the situation analysis. Make sure to include people with lived experience and ensure that they are well,,
WHO_LIVE_LIFE_2021_8e6e10f8_00078_8a896beed41a,WHO_LIVE_LIFE_2021,LIVE LIFE: an implementation guide for suicide prevention in countries,safety,safety_only,safety_route_only,"[""adolescents"", ""adults"", ""older_adults""]","[""self_harm"", ""suicidal_thoughts"", ""acute_crisis"", ""referral_guidance""]",zh-CN,pending,663,"technology, locations for working) and human resources. • Agree which stakeholders will be responsible for conducting each step (e.g. some stakeholders may be able to focus on the desk review, or on data collection from different sources). ",,
WHO_LIVE_LIFE_2021_8e6e10f8_00079_48bed331b5d1,WHO_LIVE_LIFE_2021,LIVE LIFE: an implementation guide for suicide prevention in countries,safety,safety_only,safety_route_only,"[""adolescents"", ""adults"", ""older_adults""]","[""self_harm"", ""suicidal_thoughts"", ""acute_crisis"", ""referral_guidance""]",zh-CN,pending,806,"10 | LIVE LIFE: PART A 5. Produce a report and share with key stakeholders to inform planning for implementation • Produce a written report of the findings, including an analysis of the information obtained, highlighting information which i",,
WHO_LIVE_LIFE_2021_8e6e10f8_00080_c89b67ff0646,WHO_LIVE_LIFE_2021,LIVE LIFE: an implementation guide for suicide prevention in countries,safety,safety_only,safety_route_only,"[""adolescents"", ""adults"", ""older_adults""]","[""self_harm"", ""suicidal_thoughts"", ""acute_crisis"", ""referral_guidance""]",zh-CN,pending,891,"A situation analysis of suicide prevention, Czechia In line with WHO recommendations (WHO, 2014), a situation analysis was conducted for the National Suicide Prevention Action Plan (Kasal et al., 2019). The work was divided into four activi",,
WHO_LIVE_LIFE_2021_8e6e10f8_00081_e307d6044ec4,WHO_LIVE_LIFE_2021,LIVE LIFE: an implementation guide for suicide prevention in countries,safety,safety_only,safety_route_only,"[""adolescents"", ""adults"", ""older_adults""]","[""self_harm"", ""suicidal_thoughts"", ""acute_crisis"", ""referral_guidance""]",zh-CN,pending,149,Our situational analysis included both mapping the situation (steps 1 and 2) and identifying and shortlisting suitable interventions (steps 3 and 4).,,
WHO_LIVE_LIFE_2021_8e6e10f8_00082_695a3cc0e70b,WHO_LIVE_LIFE_2021,LIVE LIFE: an implementation guide for suicide prevention in countries,safety,safety_only,safety_route_only,"[""adolescents"", ""adults"", ""older_adults""]","[""self_harm"", ""suicidal_thoughts"", ""acute_crisis"", ""referral_guidance""]",zh-CN,pending,852,Four phases of conducting the situational analysis in Czechia Activity Identification and analysis of existing data sources Collection of new data and setting up a platform of stakeholders Identification of candidate interventions suitable ,,
WHO_LIVE_LIFE_2021_8e6e10f8_00083_0cb4677cbba2,WHO_LIVE_LIFE_2021,LIVE LIFE: an implementation guide for suicide prevention in countries,safety,safety_only,safety_route_only,"[""adolescents"", ""adults"", ""older_adults""]","[""self_harm"", ""suicidal_thoughts"", ""acute_crisis"", ""referral_guidance""]",zh-CN,pending,701,"Analyse and interpret the data obtained Search for relevant systematic reviews and meta-analyses, extract information on effective interventions Organize face-to-face or online meeting, facilitate cooperation between stakeholders, gather al",,
WHO_LIVE_LIFE_2021_8e6e10f8_00084_de9431c419c0,WHO_LIVE_LIFE_2021,LIVE LIFE: an implementation guide for suicide prevention in countries,safety,safety_only,safety_route_only,"[""adolescents"", ""adults"", ""older_adults""]","[""self_harm"", ""suicidal_thoughts"", ""acute_crisis"", ""referral_guidance""]",zh-CN,pending,894,"LIVE LIFE: PART A | 11 Box 4. National suicide study, Namibia High suicide rates and a lack of evidence-based information on suicide prompted the Ministry of Health and Social Services (MoHSS) of Namibia to conduct a national situation anal",,
WHO_LIVE_LIFE_2021_8e6e10f8_00085_30309e429039,WHO_LIVE_LIFE_2021,LIVE LIFE: an implementation guide for suicide prevention in countries,safety,safety_only,safety_route_only,"[""adolescents"", ""adults"", ""older_adults""]","[""self_harm"", ""suicidal_thoughts"", ""acute_crisis"", ""referral_guidance""]",zh-CN,pending,764,Social workers from the MoHSS were trained as data collection officers and a pilot test was conducted before commencing the full analysis. The analysis was conducted nationally and involved both qualitative and quantitative research methods,,
WHO_LIVE_LIFE_2021_8e6e10f8_00086_cb6323f76348,WHO_LIVE_LIFE_2021,LIVE LIFE: an implementation guide for suicide prevention in countries,safety,safety_only,safety_route_only,"[""adolescents"", ""adults"", ""older_adults""]","[""self_harm"", ""suicidal_thoughts"", ""acute_crisis"", ""referral_guidance""]",zh-CN,pending,348,The results of the study generated a number of recommendations and were used to inform the development of a Five Year National Strategic Plan on the Prevention of Suicide in Namibia and the development of a policy framework to guide suicide,,
WHO_LIVE_LIFE_2021_8e6e10f8_00087_82d62c98cd04,WHO_LIVE_LIFE_2021,LIVE LIFE: an implementation guide for suicide prevention in countries,safety,safety_only,safety_route_only,"[""adolescents"", ""adults"", ""older_adults""]","[""self_harm"", ""suicidal_thoughts"", ""acute_crisis"", ""referral_guidance""]",zh-CN,pending,752,"12 | LIVE LIFE: PART A Table 2. Tips for implementation of a situation analysis Limited data • A situation analysis can begin using the current data available, and recommendations can be made to improve data in future situation analyses. • ",,
WHO_LIVE_LIFE_2021_8e6e10f8_00088_f2443aead85a,WHO_LIVE_LIFE_2021,LIVE LIFE: an implementation guide for suicide prevention in countries,safety,safety_only,safety_route_only,"[""adolescents"", ""adults"", ""older_adults""]","[""self_harm"", ""suicidal_thoughts"", ""acute_crisis"", ""referral_guidance""]",zh-CN,pending,707,"expertise to analyse data), consider collaborating with individuals, organizations or persons in academia who are working, or have previously worked, on situation analyses in other settings. Data security and confidentiality • The primary e",,
WHO_LIVE_LIFE_2021_8e6e10f8_00089_8d3ab2c3b7fd,WHO_LIVE_LIFE_2021,LIVE LIFE: an implementation guide for suicide prevention in countries,safety,safety_only,safety_route_only,"[""adolescents"", ""adults"", ""older_adults""]","[""self_harm"", ""suicidal_thoughts"", ""acute_crisis"", ""referral_guidance""]",zh-CN,pending,744,"LIVE LIFE: PART A | 13 Suicide prevention cannot be addressed by the health sector alone as risk factors associated with suicide and its prevention cut across many areas. For suicide prevention to be effective, a multisectoral approach is c",,
WHO_LIVE_LIFE_2021_8e6e10f8_00090_6a8e8df4c5cc,WHO_LIVE_LIFE_2021,LIVE LIFE: an implementation guide for suicide prevention in countries,safety,safety_only,safety_route_only,"[""adolescents"", ""adults"", ""older_adults""]","[""self_harm"", ""suicidal_thoughts"", ""acute_crisis"", ""referral_guidance""]",zh-CN,pending,847,"Unlike multisectoral approaches, they include collaboration with nongovernmental organizations (NGOs) or community stakeholders, as well as with government sectors. Implementation of LIVE LIFE requires such collaboration. For instance, in r",,
WHO_LIVE_LIFE_2021_8e6e10f8_00091_14bacdbe675b,WHO_LIVE_LIFE_2021,LIVE LIFE: an implementation guide for suicide prevention in countries,safety,safety_only,safety_route_only,"[""adolescents"", ""adults"", ""older_adults""]","[""self_harm"", ""suicidal_thoughts"", ""acute_crisis"", ""referral_guidance""]",zh-CN,pending,745,"For instance, departments responsible for health, mental health, alcohol,10 service delivery, legislation for violence prevention or social welfare, or fiscal policies11 would need to be aligned with suicide prevention. Legislation which ha",,
WHO_LIVE_LIFE_2021_8e6e10f8_00092_6799f19916a4,WHO_LIVE_LIFE_2021,LIVE LIFE: an implementation guide for suicide prevention in countries,safety,safety_only,safety_route_only,"[""adolescents"", ""adults"", ""older_adults""]","[""self_harm"", ""suicidal_thoughts"", ""acute_crisis"", ""referral_guidance""]",zh-CN,pending,741,"14 | LIVE LIFE: PART A Box 5. Decriminalizing suicide, Ireland Suicide in Ireland was decriminalized in 1993, an act that precipitated Ireland’s suicide prevention activities. In the years prior to the decriminalization of suicide in Irelan",,
WHO_LIVE_LIFE_2021_8e6e10f8_00093_a5537c57410d,WHO_LIVE_LIFE_2021,LIVE LIFE: an implementation guide for suicide prevention in countries,safety,safety_only,safety_route_only,"[""adolescents"", ""adults"", ""older_adults""]","[""self_harm"", ""suicidal_thoughts"", ""acute_crisis"", ""referral_guidance""]",zh-CN,pending,787,"The decriminalization of suicide was one of the first steps in Irish society to recognize that suicide and mental health conditions are serious public health issues. It was the beginning of the long road to remove stigma from suicide, self-",,
WHO_LIVE_LIFE_2021_8e6e10f8_00094_80e399a840b0,WHO_LIVE_LIFE_2021,LIVE LIFE: an implementation guide for suicide prevention in countries,safety,safety_only,safety_route_only,"[""adolescents"", ""adults"", ""older_adults""]","[""self_harm"", ""suicidal_thoughts"", ""acute_crisis"", ""referral_guidance""]",zh-CN,pending,857,"The decriminalization of suicide facilitated the development of Ireland’s first National Task Force on Suicide in 1998, which represented the first coordinated response to suicide. This was followed by the first National Suicide Prevention ",,
WHO_LIVE_LIFE_2021_8e6e10f8_00095_2ddc105d2205,WHO_LIVE_LIFE_2021,LIVE LIFE: an implementation guide for suicide prevention in countries,safety,safety_only,safety_route_only,"[""adolescents"", ""adults"", ""older_adults""]","[""self_harm"", ""suicidal_thoughts"", ""acute_crisis"", ""referral_guidance""]",zh-CN,pending,816,"The influence of circumstances on multisectoral efforts to prevent suicide, Suriname In response to the high rate of suicide in the country a task force was established, headed by the District Commissioner (the highest representative of the",,
WHO_LIVE_LIFE_2021_8e6e10f8_00096_9905c171bb7b,WHO_LIVE_LIFE_2021,LIVE LIFE: an implementation guide for suicide prevention in countries,safety,safety_only,safety_route_only,"[""adolescents"", ""adults"", ""older_adults""]","[""self_harm"", ""suicidal_thoughts"", ""acute_crisis"", ""referral_guidance""]",zh-CN,pending,840,In June 2016 a National Strategy was published that was supported by the Council of Ministers. The focal point for mental health had an important role. The focal point’s strength in maintaining relationships and regular persistence meant th,,
WHO_LIVE_LIFE_2021_8e6e10f8_00097_316511b6ac31,WHO_LIVE_LIFE_2021,LIVE LIFE: an implementation guide for suicide prevention in countries,safety,safety_only,safety_route_only,"[""adolescents"", ""adults"", ""older_adults""]","[""self_harm"", ""suicidal_thoughts"", ""acute_crisis"", ""referral_guidance""]",zh-CN,pending,631,"Yet, after some time the former chairman expressed concern to the (newly appointed) Minister of Health about the state of the strategy. To everyone’s joy in 2018, a new focal point for mental health was appointed and efforts for implementin",,
WHO_LIVE_LIFE_2021_8e6e10f8_00098_c3277d81f819,WHO_LIVE_LIFE_2021,LIVE LIFE: an implementation guide for suicide prevention in countries,safety,safety_only,safety_route_only,"[""adolescents"", ""adults"", ""older_adults""]","[""self_harm"", ""suicidal_thoughts"", ""acute_crisis"", ""referral_guidance""]",zh-CN,pending,769,"LIVE LIFE: PART A | 15 Because suicide is a complex issue, prevention efforts require coordination among multiple sectors and stakeholders, with good governance to facilitate strategic planning. Multisectoral collaboration enables knowledge",,
WHO_LIVE_LIFE_2021_8e6e10f8_00099_bb3979e403de,WHO_LIVE_LIFE_2021,LIVE LIFE: an implementation guide for suicide prevention in countries,safety,safety_only,safety_route_only,"[""adolescents"", ""adults"", ""older_adults""]","[""self_harm"", ""suicidal_thoughts"", ""acute_crisis"", ""referral_guidance""]",zh-CN,pending,644,"Increased coordination between different groups working on suicide prevention and related areas will make the work more streamlined, resulting in less duplication of effort and pragmatic use of resources. Multisectoral collaboration fosters",,
WHO_LIVE_LIFE_2021_8e6e10f8_00100_44fda7f724d5,WHO_LIVE_LIFE_2021,LIVE LIFE: an implementation guide for suicide prevention in countries,safety,safety_only,safety_route_only,"[""adolescents"", ""adults"", ""older_adults""]","[""self_harm"", ""suicidal_thoughts"", ""acute_crisis"", ""referral_guidance""]",zh-CN,pending,798,"Integrating suicide prevention into mental health and substance use policy, Lebanon The National Mental Health Programme in the Ministry of Public Health of Lebanon, supported by WHO, launched the first National Strategy for Mental Health a",,
WHO_LIVE_LIFE_2021_8e6e10f8_00101_289a598630c5,WHO_LIVE_LIFE_2021,LIVE LIFE: an implementation guide for suicide prevention in countries,safety,safety_only,safety_route_only,"[""adolescents"", ""adults"", ""older_adults""]","[""self_harm"", ""suicidal_thoughts"", ""acute_crisis"", ""referral_guidance""]",zh-CN,pending,579,"The external mid-term evaluation of the strategy showed that implementation is effectively ongoing through a collaborative approach involving all stakeholders. Several objectives contribute to suicide prevention in line with LIVE LIFE, name",,
WHO_LIVE_LIFE_2021_8e6e10f8_00102_ad8fb1b6fdb3,WHO_LIVE_LIFE_2021,LIVE LIFE: an implementation guide for suicide prevention in countries,safety,safety_only,safety_route_only,"[""adolescents"", ""adults"", ""older_adults""]","[""self_harm"", ""suicidal_thoughts"", ""acute_crisis"", ""referral_guidance""]",zh-CN,pending,800,A roundtable discussion with media professionals on the role of media in suicide prevention was also conducted as another step towards partnering with the media on mental health promotion and suicide prevention in Lebanon.14 • For awareness,,
WHO_LIVE_LIFE_2021_8e6e10f8_00103_cdc45c8f1143,WHO_LIVE_LIFE_2021,LIVE LIFE: an implementation guide for suicide prevention in countries,safety,safety_only,safety_route_only,"[""adolescents"", ""adults"", ""older_adults""]","[""self_harm"", ""suicidal_thoughts"", ""acute_crisis"", ""referral_guidance""]",zh-CN,pending,732,"Beirut: Ministry of Public Health, Lebanon; 2015 (https://www.moph.gov.lb/userfiles/files/Mental%20Health%20 and%20Substance%20Use%20Strategy%20for%20Lebanon%202015-2020-V1_1-English.pdf, accessed 28 January 2021). 13 Ministry of Mental Hea",,
WHO_LIVE_LIFE_2021_8e6e10f8_00104_5b410da4ff91,WHO_LIVE_LIFE_2021,LIVE LIFE: an implementation guide for suicide prevention in countries,safety,safety_only,safety_route_only,"[""adolescents"", ""adults"", ""older_adults""]","[""self_harm"", ""suicidal_thoughts"", ""acute_crisis"", ""referral_guidance""]",zh-CN,pending,179,"Beirut: Ministry of Public Health, Lebanon (https://www.moph.gov.lb/userfiles/files/Worls%20Suicide%20 Prevention%20Day%202020-Advocacy%20brief-Eng.pdf, accessed 28 January 2021).",,
WHO_LIVE_LIFE_2021_8e6e10f8_00105_7c9087a918c3,WHO_LIVE_LIFE_2021,LIVE LIFE: an implementation guide for suicide prevention in countries,safety,safety_only,safety_route_only,"[""adolescents"", ""adults"", ""older_adults""]","[""self_harm"", ""suicidal_thoughts"", ""acute_crisis"", ""referral_guidance""]",zh-CN,pending,583,"16 | LIVE LIFE: PART A • An interministerial substance use response strategy was developed to address all substances, including alcohol. • We are working towards scaling up evidence-based prevention interventions that can help young people ",,
WHO_LIVE_LIFE_2021_8e6e10f8_00106_5d2b45e5aae7,WHO_LIVE_LIFE_2021,LIVE LIFE: an implementation guide for suicide prevention in countries,safety,safety_only,safety_route_only,"[""adolescents"", ""adults"", ""older_adults""]","[""self_harm"", ""suicidal_thoughts"", ""acute_crisis"", ""referral_guidance""]",zh-CN,pending,468,"• Mental health service provision is being integrated into primary health care, and community mental health centres are being developed to increase the availability, accessibility and affordability of quality mental health care in order to ",,
WHO_LIVE_LIFE_2021_8e6e10f8_00107_cb75d402eadf,WHO_LIVE_LIFE_2021,LIVE LIFE: an implementation guide for suicide prevention in countries,safety,safety_only,safety_route_only,"[""adolescents"", ""adults"", ""older_adults""]","[""self_harm"", ""suicidal_thoughts"", ""acute_crisis"", ""referral_guidance""]",zh-CN,pending,887,"• There is capacity-building on mental health (including suicide) for human resources in different sectors, including: » a national training course on mental health, including capacity-building on the identification and management of suicid",,
WHO_LIVE_LIFE_2021_8e6e10f8_00108_31732cd26c6c,WHO_LIVE_LIFE_2021,LIVE LIFE: an implementation guide for suicide prevention in countries,safety,safety_only,safety_route_only,"[""adolescents"", ""adults"", ""older_adults""]","[""self_harm"", ""suicidal_thoughts"", ""acute_crisis"", ""referral_guidance""]",zh-CN,pending,154,A clear protocol for the management of suicide risk was integrated.This also contributes to early identification and management. © WHO / Christopher Black,,
WHO_LIVE_LIFE_2021_8e6e10f8_00109_28a6dbc461e3,WHO_LIVE_LIFE_2021,LIVE LIFE: an implementation guide for suicide prevention in countries,safety,safety_only,safety_route_only,"[""adolescents"", ""adults"", ""older_adults""]","[""self_harm"", ""suicidal_thoughts"", ""acute_crisis"", ""referral_guidance""]",zh-CN,pending,669,"LIVE LIFE: PART A | 17 Multisectoral collaboration is required both for the core pillars and the key interventions of LIVE LIFE. Leadership should come from the government (usually the Ministry of Health), and it must be complemented by eng",,
WHO_LIVE_LIFE_2021_8e6e10f8_00110_a47e782fd89c,WHO_LIVE_LIFE_2021,LIVE LIFE: an implementation guide for suicide prevention in countries,safety,safety_only,safety_route_only,"[""adolescents"", ""adults"", ""older_adults""]","[""self_harm"", ""suicidal_thoughts"", ""acute_crisis"", ""referral_guidance""]",zh-CN,pending,822,"Local adaptations for local implementation and priority populations In settings where local government authorities provide effective leadership, local action plans are one pathway from a national suicide prevention strategy to tailored and ",,
WHO_LIVE_LIFE_2021_8e6e10f8_00111_c68f7febe42c,WHO_LIVE_LIFE_2021,LIVE LIFE: an implementation guide for suicide prevention in countries,safety,safety_only,safety_route_only,"[""adolescents"", ""adults"", ""older_adults""]","[""self_harm"", ""suicidal_thoughts"", ""acute_crisis"", ""referral_guidance""]",zh-CN,pending,782,Guidance provided has specified the role of prefecture authorities (who cover multiple municipalities) in supporting the work of local municipalities. The government and the Japan Support Center for Suicide Countermeasures (JSSC) support lo,,
WHO_LIVE_LIFE_2021_8e6e10f8_00112_0dd71be720c4,WHO_LIVE_LIFE_2021,LIVE LIFE: an implementation guide for suicide prevention in countries,safety,safety_only,safety_route_only,"[""adolescents"", ""adults"", ""older_adults""]","[""self_harm"", ""suicidal_thoughts"", ""acute_crisis"", ""referral_guidance""]",zh-CN,pending,808,"The local strategies and plans describe specific actions that will be taken across the respective agencies (based on the English national strategy, guidance from NHS England and NHS Improvement and Public Health England, and national and lo",,
WHO_LIVE_LIFE_2021_8e6e10f8_00113_e4a2c758173d,WHO_LIVE_LIFE_2021,LIVE LIFE: an implementation guide for suicide prevention in countries,safety,safety_only,safety_route_only,"[""adolescents"", ""adults"", ""older_adults""]","[""self_harm"", ""suicidal_thoughts"", ""acute_crisis"", ""referral_guidance""]",zh-CN,pending,213,"NHS England and NHS Improvement will launch the Mental Health Safety Improvement Programme, focusing support on mental health trusts to reduce the rates of suicide of people in contact with mental health services.",,
WHO_LIVE_LIFE_2021_8e6e10f8_00114_6f9958801bde,WHO_LIVE_LIFE_2021,LIVE LIFE: an implementation guide for suicide prevention in countries,safety,safety_only,safety_route_only,"[""adolescents"", ""adults"", ""older_adults""]","[""self_harm"", ""suicidal_thoughts"", ""acute_crisis"", ""referral_guidance""]",zh-CN,pending,675,"18 | LIVE LIFE: PART A Box 9. How the government facilitated multisectoral cooperation, Bhutan In 2015, political support for suicide prevention in Bhutan was generated as a result of presenting Cabinet members and parliamentarians, chaired",,
WHO_LIVE_LIFE_2021_8e6e10f8_00115_683a6f3b8a5f,WHO_LIVE_LIFE_2021,LIVE LIFE: an implementation guide for suicide prevention in countries,safety,safety_only,safety_route_only,"[""adolescents"", ""adults"", ""older_adults""]","[""self_harm"", ""suicidal_thoughts"", ""acute_crisis"", ""referral_guidance""]",zh-CN,pending,735,A national suicide prevention programme was established in the Ministry of Health to coordinate the suicide prevention response across the country and to keep the stakeholders engaged in delivering suicide prevention services. As suicide pr,,
WHO_LIVE_LIFE_2021_8e6e10f8_00116_4ba79a878055,WHO_LIVE_LIFE_2021,LIVE LIFE: an implementation guide for suicide prevention in countries,safety,safety_only,safety_route_only,"[""adolescents"", ""adults"", ""older_adults""]","[""self_harm"", ""suicidal_thoughts"", ""acute_crisis"", ""referral_guidance""]",zh-CN,pending,888,Stakeholders included: the Ministry of Health; Ministry of Education (Department of Youth & Sports); Ministry of Home & Cultural Affairs (Department of Local Government); Royal Bhutan Police; Bhutan Narcotic Control Authority (BNCA); Nation,,
WHO_LIVE_LIFE_2021_8e6e10f8_00117_1550370dd935,WHO_LIVE_LIFE_2021,LIVE LIFE: an implementation guide for suicide prevention in countries,safety,safety_only,safety_route_only,"[""adolescents"", ""adults"", ""older_adults""]","[""self_harm"", ""suicidal_thoughts"", ""acute_crisis"", ""referral_guidance""]",zh-CN,pending,258,"When initiating potential collaboration, it can be helpful to consider the readiness16 of the government and of potential partners. 16 This involves a group’s commitment to change, and belief in their capacity to do so (Weiner, 2020). © WHO",,
WHO_LIVE_LIFE_2021_8e6e10f8_00118_b842e7af5cc9,WHO_LIVE_LIFE_2021,LIVE LIFE: an implementation guide for suicide prevention in countries,safety,safety_only,safety_route_only,"[""adolescents"", ""adults"", ""older_adults""]","[""self_harm"", ""suicidal_thoughts"", ""acute_crisis"", ""referral_guidance""]",zh-CN,pending,758,"LIVE LIFE: PART A | 19 In national activities such as LIVE LIFE, leadership should come from the government, particularly the Ministry of Health, to identify and bring together stakeholders who may not otherwise collaborate (see Annex 1 for",,
WHO_LIVE_LIFE_2021_8e6e10f8_00119_691277b95468,WHO_LIVE_LIFE_2021,LIVE LIFE: an implementation guide for suicide prevention in countries,safety,safety_only,safety_route_only,"[""adolescents"", ""adults"", ""older_adults""]","[""self_harm"", ""suicidal_thoughts"", ""acute_crisis"", ""referral_guidance""]",zh-CN,pending,831,"Forming public–private partnerships, United States of America The Action Alliance for Suicide Prevention in the USA is a public–private partnership which includes more than 250 partners and coordinates a comprehensive national response to s",,
WHO_LIVE_LIFE_2021_8e6e10f8_00120_3a96015b0121,WHO_LIVE_LIFE_2021,LIVE LIFE: an implementation guide for suicide prevention in countries,safety,safety_only,safety_route_only,"[""adolescents"", ""adults"", ""older_adults""]","[""self_harm"", ""suicidal_thoughts"", ""acute_crisis"", ""referral_guidance""]",zh-CN,pending,505,"First, a leader within the federal government recognized the significant contribution that a strong public– private partnership could make to reducing suicide nationally and was willing to be a champion for the effort. Second, there was a w",,
WHO_LIVE_LIFE_2021_8e6e10f8_00121_b3fa465ccc17,WHO_LIVE_LIFE_2021,LIVE LIFE: an implementation guide for suicide prevention in countries,safety,safety_only,safety_route_only,"[""adolescents"", ""adults"", ""older_adults""]","[""self_harm"", ""suicidal_thoughts"", ""acute_crisis"", ""referral_guidance""]",zh-CN,pending,794,"When the Action Alliance was launched on 10 September 2010, the high-level collaboration was vividly demonstrated by the presence of both the Secretary of Health and Human Services and the Secretary of Defence, by the willingness of the Sec",,
WHO_LIVE_LIFE_2021_8e6e10f8_00122_85d916f894f6,WHO_LIVE_LIFE_2021,LIVE LIFE: an implementation guide for suicide prevention in countries,safety,safety_only,safety_route_only,"[""adolescents"", ""adults"", ""older_adults""]","[""self_harm"", ""suicidal_thoughts"", ""acute_crisis"", ""referral_guidance""]",zh-CN,pending,686,"A government- led approach signals that suicide prevention requires different government departments to work together, and that suicide prevention is not held only by the health sector. Such influence has been observed by the Presidential T",,
WHO_LIVE_LIFE_2021_8e6e10f8_00123_54ead5332e8b,WHO_LIVE_LIFE_2021,LIVE LIFE: an implementation guide for suicide prevention in countries,safety,safety_only,safety_route_only,"[""adolescents"", ""adults"", ""older_adults""]","[""self_harm"", ""suicidal_thoughts"", ""acute_crisis"", ""referral_guidance""]",zh-CN,pending,728,"20 | LIVE LIFE: PART A Box 11. Influence at the highest level, Australia Australia has had a national approach to suicide prevention since 1997, primarily driven through health portfolios (at the national and state levels). In recognizing t",,
WHO_LIVE_LIFE_2021_8e6e10f8_00124_369e309524fc,WHO_LIVE_LIFE_2021,LIVE LIFE: an implementation guide for suicide prevention in countries,safety,safety_only,safety_route_only,"[""adolescents"", ""adults"", ""older_adults""]","[""self_harm"", ""suicidal_thoughts"", ""acute_crisis"", ""referral_guidance""]",zh-CN,pending,817,A Senior Executive Commonwealth Suicide Prevention Interdepartmental Committee was established to facilitate input and advice into the development of suicide prevention initiatives across the government. An Expert Advisory Group was appoint,,
WHO_LIVE_LIFE_2021_8e6e10f8_00125_54851f2d4d3d,WHO_LIVE_LIFE_2021,LIVE LIFE: an implementation guide for suicide prevention in countries,safety,safety_only,safety_route_only,"[""adolescents"", ""adults"", ""older_adults""]","[""self_harm"", ""suicidal_thoughts"", ""acute_crisis"", ""referral_guidance""]",zh-CN,pending,709,"Involving people with lived experience will ensure that the actual needs of the people requiring support are met. Their expertise is critical to informing, influencing and enhancing all aspects of suicide prevention. Furthermore their invol",,
WHO_LIVE_LIFE_2021_8e6e10f8_00126_efe161f41ccc,WHO_LIVE_LIFE_2021,LIVE LIFE: an implementation guide for suicide prevention in countries,safety,safety_only,safety_route_only,"[""adolescents"", ""adults"", ""older_adults""]","[""self_harm"", ""suicidal_thoughts"", ""acute_crisis"", ""referral_guidance""]",zh-CN,pending,694,"This involvement is not tokenistic, and the views of people with lived experience are heard and valued through integration of their feedback into programme design, policy reform, and service enhancement or re-design. Sufficient time and res",,
WHO_LIVE_LIFE_2021_8e6e10f8_00127_37510e601779,WHO_LIVE_LIFE_2021,LIVE LIFE: an implementation guide for suicide prevention in countries,safety,safety_only,safety_route_only,"[""adolescents"", ""adults"", ""older_adults""]","[""self_harm"", ""suicidal_thoughts"", ""acute_crisis"", ""referral_guidance""]",zh-CN,pending,892,"In the field of suicide prevention, the term “people with lived experience” refers to people who have previously engaged in suicidal behaviours, including having experienced thoughts of suicide, and people who have been bereaved by suicide,",,
WHO_LIVE_LIFE_2021_8e6e10f8_00128_12e817bd8813,WHO_LIVE_LIFE_2021,LIVE LIFE: an implementation guide for suicide prevention in countries,safety,safety_only,safety_route_only,"[""adolescents"", ""adults"", ""older_adults""]","[""self_harm"", ""suicidal_thoughts"", ""acute_crisis"", ""referral_guidance""]",zh-CN,pending,303,"19 LifeSpan lived experience framework. Black Dog Institute (Australia) (https://www.blackdoginstitute.org.au/wp-content/uploads/2020/04/bdi_lived-experience- summit-2018_final.pdf, accessed 28 January 2021). 20 Roses in the Ocean (Australi",,
WHO_LIVE_LIFE_2021_8e6e10f8_00129_dffae944d9e8,WHO_LIVE_LIFE_2021,LIVE LIFE: an implementation guide for suicide prevention in countries,safety,safety_only,safety_route_only,"[""adolescents"", ""adults"", ""older_adults""]","[""self_harm"", ""suicidal_thoughts"", ""acute_crisis"", ""referral_guidance""]",zh-CN,pending,813,"LIVE LIFE: PART A | 21 1. Form a steering group and develop a vision for collaboration (see Box 1, Introduction) • Identify individuals who will play a key role in the development and monitoring of collaborations. Decide on leadership that ",,
WHO_LIVE_LIFE_2021_8e6e10f8_00130_b68e2132d9ef,WHO_LIVE_LIFE_2021,LIVE LIFE: an implementation guide for suicide prevention in countries,safety,safety_only,safety_route_only,"[""adolescents"", ""adults"", ""older_adults""]","[""self_harm"", ""suicidal_thoughts"", ""acute_crisis"", ""referral_guidance""]",zh-CN,pending,887,"during situation analysis) considering the following items for potential collaborators: » role in LIVE LIFE; » current engagement with, and attitudes to, suicide prevention; » potential reasons/aversion to engaging in suicide prevention; » ",,
WHO_LIVE_LIFE_2021_8e6e10f8_00131_5822f0e5bb1f,WHO_LIVE_LIFE_2021,LIVE LIFE: an implementation guide for suicide prevention in countries,safety,safety_only,safety_route_only,"[""adolescents"", ""adults"", ""older_adults""]","[""self_harm"", ""suicidal_thoughts"", ""acute_crisis"", ""referral_guidance""]",zh-CN,pending,865,"between government departments); » public meetings; » focus groups; » workshops; » individual meetings/interviews; » awareness-raising events; » Internet (questionnaires, consultations, emails). 3. Engage collaborators • When engaging with ",,
WHO_LIVE_LIFE_2021_8e6e10f8_00132_713cc923de92,WHO_LIVE_LIFE_2021,LIVE LIFE: an implementation guide for suicide prevention in countries,safety,safety_only,safety_route_only,"[""adolescents"", ""adults"", ""older_adults""]","[""self_harm"", ""suicidal_thoughts"", ""acute_crisis"", ""referral_guidance""]",zh-CN,pending,857,• Define the roles and responsibilities of each collaborator. • Develop clear guidelines/rules for the collaboration and define procedures to follow should these not be met. • Formulate a plan of action: identify a set of short- and medium-,,
WHO_LIVE_LIFE_2021_8e6e10f8_00133_14cd8d763530,WHO_LIVE_LIFE_2021,LIVE LIFE: an implementation guide for suicide prevention in countries,safety,safety_only,safety_route_only,"[""adolescents"", ""adults"", ""older_adults""]","[""self_harm"", ""suicidal_thoughts"", ""acute_crisis"", ""referral_guidance""]",zh-CN,pending,363,"• Discuss any challenges and lessons learned. • Routinely conduct formal evaluations of collaborator engagement; if possible, evaluations should be carried out by independent parties. 21 SMART goals are actions that are specific, measurable",,
WHO_LIVE_LIFE_2021_8e6e10f8_00134_ad4dbf52f308,WHO_LIVE_LIFE_2021,LIVE LIFE: an implementation guide for suicide prevention in countries,safety,safety_only,safety_route_only,"[""adolescents"", ""adults"", ""older_adults""]","[""self_harm"", ""suicidal_thoughts"", ""acute_crisis"", ""referral_guidance""]",zh-CN,pending,886,"22 | LIVE LIFE: PART A Box 13. Saving lives, led by the community, India In Chennai, south India, a nondescript building in a narrow tree-lined lane houses an organization that has saved uncountable lives. The volunteers of this NGO, SNEHA,",,
WHO_LIVE_LIFE_2021_8e6e10f8_00135_f7e2e2c8bdf8,WHO_LIVE_LIFE_2021,LIVE LIFE: an implementation guide for suicide prevention in countries,safety,safety_only,safety_route_only,"[""adolescents"", ""adults"", ""older_adults""]","[""self_harm"", ""suicidal_thoughts"", ""acute_crisis"", ""referral_guidance""]",zh-CN,pending,888,"Over the decades, SNEHA branched out beyond being a suicide helpline to raising awareness in the community, addressing policy issues and developing innovative community interventions to reduce suicides. In the early 2000s, SNEHA volunteers ",,
WHO_LIVE_LIFE_2021_8e6e10f8_00136_d4be2577d951,WHO_LIVE_LIFE_2021,LIVE LIFE: an implementation guide for suicide prevention in countries,safety,safety_only,safety_route_only,"[""adolescents"", ""adults"", ""older_adults""]","[""self_harm"", ""suicidal_thoughts"", ""acute_crisis"", ""referral_guidance""]",zh-CN,pending,772,"In late 2002, the Tamil Nadu government announced the introduction of special supplemental examinations for students who had failed in up to three subjects. This was implemented in 2003, although the new policy was not publicized until late",,
WHO_LIVE_LIFE_2021_8e6e10f8_00137_64359f46d850,WHO_LIVE_LIFE_2021,LIVE LIFE: an implementation guide for suicide prevention in countries,safety,safety_only,safety_route_only,"[""adolescents"", ""adults"", ""older_adults""]","[""self_harm"", ""suicidal_thoughts"", ""acute_crisis"", ""referral_guidance""]",zh-CN,pending,796,"At the end of the first year, suicidal behaviour was significantly reduced in the intervention refugee camp (Vijayakumar et al., 2017). SNEHA’s community intervention strategies have always been low-cost, non-labour intensive and based on p",,
WHO_LIVE_LIFE_2021_8e6e10f8_00138_db58a6396b1b,WHO_LIVE_LIFE_2021,LIVE LIFE: an implementation guide for suicide prevention in countries,safety,safety_only,safety_route_only,"[""adolescents"", ""adults"", ""older_adults""]","[""self_harm"", ""suicidal_thoughts"", ""acute_crisis"", ""referral_guidance""]",zh-CN,pending,205,"The story of SNEHA is at the same time a story of how the loss of young lives to suicide is not ignored, and immediate and urgent action to save lives is taken. It shows how far community action can reach.",,
WHO_LIVE_LIFE_2021_8e6e10f8_00139_5fdce34ba661,WHO_LIVE_LIFE_2021,LIVE LIFE: an implementation guide for suicide prevention in countries,safety,safety_only,safety_route_only,"[""adolescents"", ""adults"", ""older_adults""]","[""self_harm"", ""suicidal_thoughts"", ""acute_crisis"", ""referral_guidance""]",zh-CN,pending,822,"LIVE LIFE: PART A | 23 Box 14. Presidential task force for suicide prevention, Sri Lanka In 1995, Sri Lanka was highlighted by the international community as having the highest suicide rate in the world. Hence, the then President appointed ",,
WHO_LIVE_LIFE_2021_8e6e10f8_00140_8f2ddc29a9eb,WHO_LIVE_LIFE_2021,LIVE LIFE: an implementation guide for suicide prevention in countries,safety,safety_only,safety_route_only,"[""adolescents"", ""adults"", ""older_adults""]","[""self_harm"", ""suicidal_thoughts"", ""acute_crisis"", ""referral_guidance""]",zh-CN,pending,820,"In addition there was a balance of administrative authorities involved (such as the pesticide registrar, the director of the Samurdhi (development finance) authority, and the director of the health education bureau) along with technical exp",,
WHO_LIVE_LIFE_2021_8e6e10f8_00141_3129bdeab345,WHO_LIVE_LIFE_2021,LIVE LIFE: an implementation guide for suicide prevention in countries,safety,safety_only,safety_route_only,"[""adolescents"", ""adults"", ""older_adults""]","[""self_harm"", ""suicidal_thoughts"", ""acute_crisis"", ""referral_guidance""]",zh-CN,pending,775,"In Sri Lanka, it was important to tap into the resources of the political authority at the right moment in order to get things done. For other countries similar to Sri Lanka, public health professionals should be prepared to advocate at the",,
WHO_LIVE_LIFE_2021_8e6e10f8_00142_886b143c42be,WHO_LIVE_LIFE_2021,LIVE LIFE: an implementation guide for suicide prevention in countries,safety,safety_only,safety_route_only,"[""adolescents"", ""adults"", ""older_adults""]","[""self_harm"", ""suicidal_thoughts"", ""acute_crisis"", ""referral_guidance""]",zh-CN,pending,895,"• Engage in regular meetings with other sectors and stakeholders to emphasize the ethical, political and economic value of suicide prevention, and involve them in awareness-raising. • Increase the budget for suicide prevention in other sect",,
WHO_LIVE_LIFE_2021_8e6e10f8_00143_c7f982f4549d,WHO_LIVE_LIFE_2021,LIVE LIFE: an implementation guide for suicide prevention in countries,safety,safety_only,safety_route_only,"[""adolescents"", ""adults"", ""older_adults""]","[""self_harm"", ""suicidal_thoughts"", ""acute_crisis"", ""referral_guidance""]",zh-CN,pending,296,people who care a lot about suicide prevention and are willing to take a leadership role) who can help to engage peers. It is preferable to have more than one champion because people’s roles change over the course of implementation. Table 3,,
WHO_LIVE_LIFE_2021_8e6e10f8_00144_6c3accfabefd,WHO_LIVE_LIFE_2021,LIVE LIFE: an implementation guide for suicide prevention in countries,safety,safety_only,safety_route_only,"[""adolescents"", ""adults"", ""older_adults""]","[""self_harm"", ""suicidal_thoughts"", ""acute_crisis"", ""referral_guidance""]",zh-CN,pending,830,24 | LIVE LIFE: PART A Conflicting interests (both in terms of actions and funding) • Define mutual goals and objectives to be worked towards. • Define the role of collaborators and develop transparency and accountability mechanisms to ensu,,
WHO_LIVE_LIFE_2021_8e6e10f8_00145_7addbe68897b,WHO_LIVE_LIFE_2021,LIVE LIFE: an implementation guide for suicide prevention in countries,safety,safety_only,safety_route_only,"[""adolescents"", ""adults"", ""older_adults""]","[""self_harm"", ""suicidal_thoughts"", ""acute_crisis"", ""referral_guidance""]",zh-CN,pending,847,• Establish between-meeting channels of communication for different stakeholders and share information in a timely manner to reduce duplication of efforts. • Identify shared goals that can serve to unite individuals for joint achievement. •,,
WHO_LIVE_LIFE_2021_8e6e10f8_00146_3a7c9f94c889,WHO_LIVE_LIFE_2021,LIVE LIFE: an implementation guide for suicide prevention in countries,safety,safety_only,safety_route_only,"[""adolescents"", ""adults"", ""older_adults""]","[""self_harm"", ""suicidal_thoughts"", ""acute_crisis"", ""referral_guidance""]",zh-CN,pending,482,"• Ensure that planning and actions include input from all levels of collaborators, rather than relying on a top-down approach. • Endeavour to have funding over several years to give initiatives time to be developed and evaluated. 22 Leaders",,
WHO_LIVE_LIFE_2021_8e6e10f8_00147_fdca9a6a9aba,WHO_LIVE_LIFE_2021,LIVE LIFE: an implementation guide for suicide prevention in countries,safety,safety_only,safety_route_only,"[""adolescents"", ""adults"", ""older_adults""]","[""self_harm"", ""suicidal_thoughts"", ""acute_crisis"", ""referral_guidance""]",zh-CN,pending,881,LIVE LIFE: PART A | 25 Awareness-raising and advocacy are crucial activities for often- neglected public health problems such as suicide prevention. Public health awareness-raising is an organized process of communication that targets a pub,,
WHO_LIVE_LIFE_2021_8e6e10f8_00148_c3183c148870,WHO_LIVE_LIFE_2021,LIVE LIFE: an implementation guide for suicide prevention in countries,safety,safety_only,safety_route_only,"[""adolescents"", ""adults"", ""older_adults""]","[""self_harm"", ""suicidal_thoughts"", ""acute_crisis"", ""referral_guidance""]",zh-CN,pending,762,"• People affected can seek help. • How to identify and support someone at risk of suicide. • How to open a conversation about suicide and respond appropriately if someone is suicidal. Advocacy tries to bring about change, usually at the pol",,
WHO_LIVE_LIFE_2021_8e6e10f8_00149_ea9afd1f22c9,WHO_LIVE_LIFE_2021,LIVE LIFE: an implementation guide for suicide prevention in countries,safety,safety_only,safety_route_only,"[""adolescents"", ""adults"", ""older_adults""]","[""self_harm"", ""suicidal_thoughts"", ""acute_crisis"", ""referral_guidance""]",zh-CN,pending,900,"While it can be acknowledged that suicidal thoughts may occur over the life course, the importance of providing and seeking support needs to be emphasized. Consider not only what you communicate but also how you communicate it. Ensure that ",,
WHO_LIVE_LIFE_2021_8e6e10f8_00150_4cbc14ec36dc,WHO_LIVE_LIFE_2021,LIVE LIFE: an implementation guide for suicide prevention in countries,safety,safety_only,safety_route_only,"[""adolescents"", ""adults"", ""older_adults""]","[""self_harm"", ""suicidal_thoughts"", ""acute_crisis"", ""referral_guidance""]",zh-CN,pending,742,"26 | LIVE LIFE: PART A For the public, awareness-raising can: • inform that suicide is a serious public health issue which warrants attention; • reduce stigma for suicide by dispelling myths or misconceptions and addressing attitudes or bel",,
WHO_LIVE_LIFE_2021_8e6e10f8_00151_f09f728b9ac1,WHO_LIVE_LIFE_2021,LIVE LIFE: an implementation guide for suicide prevention in countries,safety,safety_only,safety_route_only,"[""adolescents"", ""adults"", ""older_adults""]","[""self_harm"", ""suicidal_thoughts"", ""acute_crisis"", ""referral_guidance""]",zh-CN,pending,890,"Through the provision of listening services for people experiencing high distress, coordinating efforts on World Suicide Prevention Day, working with the media, and conducting gate-keeper training, Befrienders Kenya has observed an increase",,
WHO_LIVE_LIFE_2021_8e6e10f8_00152_63ccca8a7b60,WHO_LIVE_LIFE_2021,LIVE LIFE: an implementation guide for suicide prevention in countries,safety,safety_only,safety_route_only,"[""adolescents"", ""adults"", ""older_adults""]","[""self_harm"", ""suicidal_thoughts"", ""acute_crisis"", ""referral_guidance""]",zh-CN,pending,714,Awareness-raising and advocacy for suicide prevention can range from events conducted in a single community location (such as a village or workplace) to nationwide public communication campaigns. Advocacy for change can be integrated in awa,,
WHO_LIVE_LIFE_2021_8e6e10f8_00153_51241c781a28,WHO_LIVE_LIFE_2021,LIVE LIFE: an implementation guide for suicide prevention in countries,safety,safety_only,safety_route_only,"[""adolescents"", ""adults"", ""older_adults""]","[""self_harm"", ""suicidal_thoughts"", ""acute_crisis"", ""referral_guidance""]",zh-CN,pending,864,"Awareness-raising can be implemented continuously using static communication methods such as a billboards, regular printed news, advertisements or posters in community locations which are accessed by people who are seeking help or who may b",,
WHO_LIVE_LIFE_2021_8e6e10f8_00154_8432d67a338e,WHO_LIVE_LIFE_2021,LIVE LIFE: an implementation guide for suicide prevention in countries,safety,safety_only,safety_route_only,"[""adolescents"", ""adults"", ""older_adults""]","[""self_harm"", ""suicidal_thoughts"", ""acute_crisis"", ""referral_guidance""]",zh-CN,pending,340,"This was selected as a meaningful date due to the increased rate of suicides observed in March in Japan.23 More recently, posters have been used on transport systems in Japan to raise awareness. 23 Japan turning a corner in suicide preventi",,
WHO_LIVE_LIFE_2021_8e6e10f8_00155_1e952898b8c3,WHO_LIVE_LIFE_2021,LIVE LIFE: an implementation guide for suicide prevention in countries,safety,safety_only,safety_route_only,"[""adolescents"", ""adults"", ""older_adults""]","[""self_harm"", ""suicidal_thoughts"", ""acute_crisis"", ""referral_guidance""]",zh-CN,pending,853,LIVE LIFE: PART A | 27 Countries and communities can use the opportunity of global public health days to amplify awareness-raising efforts through campaigns. Such campaigns can target a whole population and/or be used as opportunities to ta,,
WHO_LIVE_LIFE_2021_8e6e10f8_00156_fb2ef748ea26,WHO_LIVE_LIFE_2021,LIVE LIFE: an implementation guide for suicide prevention in countries,safety,safety_only,safety_route_only,"[""adolescents"", ""adults"", ""older_adults""]","[""self_harm"", ""suicidal_thoughts"", ""acute_crisis"", ""referral_guidance""]",zh-CN,pending,825,"Hundreds of activities in over 70 countries have been conducted on this day since its inception in 2003. These include educational and commemorative events, press briefings, conferences, and extensive social media coverage. 24 Follow-up act",,
WHO_LIVE_LIFE_2021_8e6e10f8_00157_31d3b9477c19,WHO_LIVE_LIFE_2021,LIVE LIFE: an implementation guide for suicide prevention in countries,safety,safety_only,safety_route_only,"[""adolescents"", ""adults"", ""older_adults""]","[""self_harm"", ""suicidal_thoughts"", ""acute_crisis"", ""referral_guidance""]",zh-CN,pending,803,"At the community level, leadership may come from individuals or organizations with a vested interest in suicide prevention. Stakeholders may include people with lived experience, representatives of the target audience or NGOs. Persons with ",,
WHO_LIVE_LIFE_2021_8e6e10f8_00158_f33c960b0026,WHO_LIVE_LIFE_2021,LIVE LIFE: an implementation guide for suicide prevention in countries,safety,safety_only,safety_route_only,"[""adolescents"", ""adults"", ""older_adults""]","[""self_harm"", ""suicidal_thoughts"", ""acute_crisis"", ""referral_guidance""]",zh-CN,pending,808,"24 Suggested activities by the International Association for Suicide Prevention (IASP) (https://www.iasp.info/wspd2019/suggested-activities/, accessed 28 Box 17. See Me – addressing stigma, Scotland One of the key strategic aims of the Scot",,
WHO_LIVE_LIFE_2021_8e6e10f8_00159_32e2d895f501,WHO_LIVE_LIFE_2021,LIVE LIFE: an implementation guide for suicide prevention in countries,safety,safety_only,safety_route_only,"[""adolescents"", ""adults"", ""older_adults""]","[""self_harm"", ""suicidal_thoughts"", ""acute_crisis"", ""referral_guidance""]",zh-CN,pending,859,"See Me, Scotland’s programme to end mental health stigma and discrimination, focuses its work on the reduction of inequalities and a mental health inclusion approach in three core areas. In education, young people and the adults in their li",,
WHO_LIVE_LIFE_2021_8e6e10f8_00160_2b8512da0f5f,WHO_LIVE_LIFE_2021,LIVE LIFE: an implementation guide for suicide prevention in countries,safety,safety_only,safety_route_only,"[""adolescents"", ""adults"", ""older_adults""]","[""self_harm"", ""suicidal_thoughts"", ""acute_crisis"", ""referral_guidance""]",zh-CN,pending,318,"This work is supported by partners in local areas, intersectoral partners and those focusing on high-risk groups who, together with a growing social movement of people all across Scotland, are changing the culture around mental health in Sc",,
WHO_LIVE_LIFE_2021_8e6e10f8_00161_bc3904fca925,WHO_LIVE_LIFE_2021,LIVE LIFE: an implementation guide for suicide prevention in countries,safety,safety_only,safety_route_only,"[""adolescents"", ""adults"", ""older_adults""]","[""self_harm"", ""suicidal_thoughts"", ""acute_crisis"", ""referral_guidance""]",zh-CN,pending,887,"28 | LIVE LIFE: PART A Identifying champions with lived experience can help capture the attention of the population or can give impetus to a large-scale increase in suicide prevention initiatives, such as the Garrett Lee Smith Memorial Act2",,
WHO_LIVE_LIFE_2021_8e6e10f8_00162_9583495a8c1e,WHO_LIVE_LIFE_2021,LIVE LIFE: an implementation guide for suicide prevention in countries,safety,safety_only,safety_route_only,"[""adolescents"", ""adults"", ""older_adults""]","[""self_harm"", ""suicidal_thoughts"", ""acute_crisis"", ""referral_guidance""]",zh-CN,pending,697,"Garrett Lee Smith, son of Senator Gordon and Sharon Smith, died by suicide in 2003, which led to the passage of the Garrett Lee Smith Memorial Act. Box 18. Determined and committed champions, United States of America In 1996 the United Nati",,
WHO_LIVE_LIFE_2021_8e6e10f8_00163_bf0606ce1497,WHO_LIVE_LIFE_2021,LIVE LIFE: an implementation guide for suicide prevention in countries,safety,safety_only,safety_route_only,"[""adolescents"", ""adults"", ""older_adults""]","[""self_harm"", ""suicidal_thoughts"", ""acute_crisis"", ""referral_guidance""]",zh-CN,pending,557,They led a movement of survivors of suicide loss and allies and created a nonprofit organization called the Suicide Prevention Advocacy Network USA (SPAN-USA) that has changed the response to suicide in the USA. The advocacy of this one cou,,
WHO_LIVE_LIFE_2021_8e6e10f8_00164_721c748891d9,WHO_LIVE_LIFE_2021,LIVE LIFE: an implementation guide for suicide prevention in countries,safety,safety_only,safety_route_only,"[""adolescents"", ""adults"", ""older_adults""]","[""self_harm"", ""suicidal_thoughts"", ""acute_crisis"", ""referral_guidance""]",zh-CN,pending,801,"In 1997, after US Senator Harry Reid shared his own story of having lost his father to suicide many years earlier, the Weyrauchs contacted his office to ask for his support in introducing a Resolution (S.Res.84) calling for acknowledgement ",,
WHO_LIVE_LIFE_2021_8e6e10f8_00165_67af2240e0a6,WHO_LIVE_LIFE_2021,LIVE LIFE: an implementation guide for suicide prevention in countries,safety,safety_only,safety_route_only,"[""adolescents"", ""adults"", ""older_adults""]","[""self_harm"", ""suicidal_thoughts"", ""acute_crisis"", ""referral_guidance""]",zh-CN,pending,580,"After an initial Call to Action released in 1999, the first strategy was released in 2001, was revised in 2012, and the coordinating body was established in 2010. As Margaret Mead once said, “Never doubt that a small group of thoughtful, co",,
WHO_LIVE_LIFE_2021_8e6e10f8_00166_fa1567c21003,WHO_LIVE_LIFE_2021,LIVE LIFE: an implementation guide for suicide prevention in countries,safety,safety_only,safety_route_only,"[""adolescents"", ""adults"", ""older_adults""]","[""self_harm"", ""suicidal_thoughts"", ""acute_crisis"", ""referral_guidance""]",zh-CN,pending,586,"Because of their tireless efforts and selfless service, there is now a national strategy for suicide prevention, a coordinating body to oversee its implementation, a national suicide prevention resource centre, a national lifeline, an infra",,
WHO_LIVE_LIFE_2021_8e6e10f8_00167_3279853ebc05,WHO_LIVE_LIFE_2021,LIVE LIFE: an implementation guide for suicide prevention in countries,safety,safety_only,safety_route_only,"[""adolescents"", ""adults"", ""older_adults""]","[""self_harm"", ""suicidal_thoughts"", ""acute_crisis"", ""referral_guidance""]",zh-CN,pending,825,"LIVE LIFE: PART A | 29 Box 19. Turning grief into action against suicide, Iraq Some people say that time heals all wounds. We believe that it is both time and action that help us heal after loss. In the midst of the grief that we faced afte",,
WHO_LIVE_LIFE_2021_8e6e10f8_00168_67d80335324b,WHO_LIVE_LIFE_2021,LIVE LIFE: an implementation guide for suicide prevention in countries,safety,safety_only,safety_route_only,"[""adolescents"", ""adults"", ""older_adults""]","[""self_harm"", ""suicidal_thoughts"", ""acute_crisis"", ""referral_guidance""]",zh-CN,pending,887,"We soon learned through research and reflection that, contrary to local discourse, suicide is in fact preventable. In the absence of specialized governmental help and NGOs focused on the systematic prevention of suicide and the support of s",,
WHO_LIVE_LIFE_2021_8e6e10f8_00169_ef54701673be,WHO_LIVE_LIFE_2021,LIVE LIFE: an implementation guide for suicide prevention in countries,safety,safety_only,safety_route_only,"[""adolescents"", ""adults"", ""older_adults""]","[""self_harm"", ""suicidal_thoughts"", ""acute_crisis"", ""referral_guidance""]",zh-CN,pending,878,"During the event, we reaffirmed the importance of finalizing a much needed, yet shelved, draft of the National Strategy for Suicide Prevention. In order to mark World Suicide Prevention Day this year, we hosted a remote workshop to launch t",,
WHO_LIVE_LIFE_2021_8e6e10f8_00170_123f488306aa,WHO_LIVE_LIFE_2021,LIVE LIFE: an implementation guide for suicide prevention in countries,safety,safety_only,safety_route_only,"[""adolescents"", ""adults"", ""older_adults""]","[""self_harm"", ""suicidal_thoughts"", ""acute_crisis"", ""referral_guidance""]",zh-CN,pending,845,"We founded Azhee (a Kurdish word that means s/he lives) because we are here celebrating the lives of the loved ones we lost to suicide and honouring the time they spent with us. We want others to appreciate and cherish their lives, live wit",,
WHO_LIVE_LIFE_2021_8e6e10f8_00171_17e3f5e5b154,WHO_LIVE_LIFE_2021,LIVE LIFE: an implementation guide for suicide prevention in countries,safety,safety_only,safety_route_only,"[""adolescents"", ""adults"", ""older_adults""]","[""self_harm"", ""suicidal_thoughts"", ""acute_crisis"", ""referral_guidance""]",zh-CN,pending,370,"Examples could be to draw attention to suicide as a serious public health problem, to raise awareness of available support services, or to advocate for resources for specific suicide prevention interventions • Decide on the target audience.",,
WHO_LIVE_LIFE_2021_8e6e10f8_00172_e7b4055ceee8,WHO_LIVE_LIFE_2021,LIVE LIFE: an implementation guide for suicide prevention in countries,safety,safety_only,safety_route_only,"[""adolescents"", ""adults"", ""older_adults""]","[""self_harm"", ""suicidal_thoughts"", ""acute_crisis"", ""referral_guidance""]",zh-CN,pending,857,"30 | LIVE LIFE: PART A of information to identify priority target groups (i.e. those with disproportionately high rates of suicide, or low help-seeking). For advocacy, consider the appropriate decision-maker or funder to meet the aim of the",,
WHO_LIVE_LIFE_2021_8e6e10f8_00173_783451d3b6b8,WHO_LIVE_LIFE_2021,LIVE LIFE: an implementation guide for suicide prevention in countries,safety,safety_only,safety_route_only,"[""adolescents"", ""adults"", ""older_adults""]","[""self_harm"", ""suicidal_thoughts"", ""acute_crisis"", ""referral_guidance""]",zh-CN,pending,820,• Consider whether objectives can be achieved with the resources available. Consider whether efforts and resources can be integrated into related awareness- raising for other public health issues. • Decide how impact will be assessed and co,,
WHO_LIVE_LIFE_2021_8e6e10f8_00174_da0bc03c7fc0,WHO_LIVE_LIFE_2021,LIVE LIFE: an implementation guide for suicide prevention in countries,safety,safety_only,safety_route_only,"[""adolescents"", ""adults"", ""older_adults""]","[""self_harm"", ""suicidal_thoughts"", ""acute_crisis"", ""referral_guidance""]",zh-CN,pending,839,"adolescents may prefer different communication methods from other age groups), gender (e.g. adapt language or images), sociodemographic composition of a community (e.g. messaging in predominant languages; images and language representing th",,
WHO_LIVE_LIFE_2021_8e6e10f8_00175_cbe26d8c85c4,WHO_LIVE_LIFE_2021,LIVE LIFE: an implementation guide for suicide prevention in countries,safety,safety_only,safety_route_only,"[""adolescents"", ""adults"", ""older_adults""]","[""self_harm"", ""suicidal_thoughts"", ""acute_crisis"", ""referral_guidance""]",zh-CN,pending,839,"• This can also include determining whether advocacy directed towards decision-makers will be acceptable and will have the intended impact. • Revise, if needed, and prepare stakeholders for the dissemination phase. 5. Conduct the initiative",,
WHO_LIVE_LIFE_2021_8e6e10f8_00176_4c917ac6e404,WHO_LIVE_LIFE_2021,LIVE LIFE: an implementation guide for suicide prevention in countries,safety,safety_only,safety_route_only,"[""adolescents"", ""adults"", ""older_adults""]","[""self_harm"", ""suicidal_thoughts"", ""acute_crisis"", ""referral_guidance""]",zh-CN,pending,128,"27 See, for example, the WHO fact sheet at: https://www.who.int/news-room/fact-sheets/detail/suicide, accessed 28 January 2021).",,
WHO_LIVE_LIFE_2021_8e6e10f8_00177_a87179155738,WHO_LIVE_LIFE_2021,LIVE LIFE: an implementation guide for suicide prevention in countries,safety,safety_only,safety_route_only,"[""adolescents"", ""adults"", ""older_adults""]","[""self_harm"", ""suicidal_thoughts"", ""acute_crisis"", ""referral_guidance""]",zh-CN,pending,885,"LIVE LIFE: PART A | 31 Table 4. Tips for implementation, LIVE LIFE awareness-raising and advocacy Lack of time for planning • Reduce the number of activities and the messaging to fit reasonably within the timeline. Keep ideas for another di",,
WHO_LIVE_LIFE_2021_8e6e10f8_00178_68edea141969,WHO_LIVE_LIFE_2021,LIVE LIFE: an implementation guide for suicide prevention in countries,safety,safety_only,safety_route_only,"[""adolescents"", ""adults"", ""older_adults""]","[""self_harm"", ""suicidal_thoughts"", ""acute_crisis"", ""referral_guidance""]",zh-CN,pending,872,• Reduce geographical coverage and the number of activities. • Prioritize one target population (to reduce requirements for multiple methods of delivery and development of multiple adaptations of messages). • Prioritize which methods of del,,
WHO_LIVE_LIFE_2021_8e6e10f8_00179_ba2b92c2d086,WHO_LIVE_LIFE_2021,LIVE LIFE: an implementation guide for suicide prevention in countries,safety,safety_only,safety_route_only,"[""adolescents"", ""adults"", ""older_adults""]","[""self_harm"", ""suicidal_thoughts"", ""acute_crisis"", ""referral_guidance""]",zh-CN,pending,409,"Lack of clear outcomes • Initiatives should have a clear focus and a call to action, such as linking people with support services rather than awareness-raising about suicide in general. 28 SMART goals are goals that are specific, measurable",,
WHO_LIVE_LIFE_2021_8e6e10f8_00180_691f61a8e51d,WHO_LIVE_LIFE_2021,LIVE LIFE: an implementation guide for suicide prevention in countries,safety,safety_only,safety_route_only,"[""adolescents"", ""adults"", ""older_adults""]","[""self_harm"", ""suicidal_thoughts"", ""acute_crisis"", ""referral_guidance""]",zh-CN,pending,319,32 | LIVE LIFE: PART A CAPACITY BUILDING Capacity-building for suicide prevention is strategically intended for anyone delivering the implementation of LIVE LIFE pillars or interventions (see Table 5). This means training to improve the kno,,
WHO_LIVE_LIFE_2021_8e6e10f8_00181_1b7850703185,WHO_LIVE_LIFE_2021,LIVE LIFE: an implementation guide for suicide prevention in countries,safety,safety_only,safety_route_only,"[""adolescents"", ""adults"", ""older_adults""]","[""self_harm"", ""suicidal_thoughts"", ""acute_crisis"", ""referral_guidance""]",zh-CN,pending,624,"Examples of capacity-building for LIVE LIFE interventions and pillars LIVE LIFE interventions and pillars Capacity-building examples Situation analysis Persons identified with this task (in desk review, interviewing, interpretation of quant",,
WHO_LIVE_LIFE_2021_8e6e10f8_00182_7c9b246dcf82,WHO_LIVE_LIFE_2021,LIVE LIFE: an implementation guide for suicide prevention in countries,safety,safety_only,safety_route_only,"[""adolescents"", ""adults"", ""older_adults""]","[""self_harm"", ""suicidal_thoughts"", ""acute_crisis"", ""referral_guidance""]",zh-CN,pending,752,"Capacity- building to increase and strengthen research in low- and middle-income countries (Chibanda et al., 2020) Limit access to the means of suicide Pesticide registrars and regulators; legislators in the area of firearms control; judges",,
WHO_LIVE_LIFE_2021_8e6e10f8_00183_112c7dfddb6c,WHO_LIVE_LIFE_2021,LIVE LIFE: an implementation guide for suicide prevention in countries,safety,safety_only,safety_route_only,"[""adolescents"", ""adults"", ""older_adults""]","[""self_harm"", ""suicidal_thoughts"", ""acute_crisis"", ""referral_guidance""]",zh-CN,pending,854,"LIVE LIFE: PART A | 33 Capacity-building is important so that people may obtain, improve and retain the skills and knowledge needed to do their jobs competently. Health services are often the entry point for people in distress where managem",,
WHO_LIVE_LIFE_2021_8e6e10f8_00184_c1175a3d637c,WHO_LIVE_LIFE_2021,LIVE LIFE: an implementation guide for suicide prevention in countries,safety,safety_only,safety_route_only,"[""adolescents"", ""adults"", ""older_adults""]","[""self_harm"", ""suicidal_thoughts"", ""acute_crisis"", ""referral_guidance""]",zh-CN,pending,862,"training coordinated by a local body and directed towards specific community stakeholders). Training can be conducted face-to-face or digitally – using, for instance, suicide prevention e-learning courses on the virtual campus of the Pan Am",,
WHO_LIVE_LIFE_2021_8e6e10f8_00185_eec62dbe3f05,WHO_LIVE_LIFE_2021,LIVE LIFE: an implementation guide for suicide prevention in countries,safety,safety_only,safety_route_only,"[""adolescents"", ""adults"", ""older_adults""]","[""self_harm"", ""suicidal_thoughts"", ""acute_crisis"", ""referral_guidance""]",zh-CN,pending,532,"Before commencing initiatives, a care pathway for ongoing management and follow-up must be established (see Early identify, assess, manage and follow up anyone who is affected by suicidal behaviours). Capacity-building should be sustainable",,
WHO_LIVE_LIFE_2021_8e6e10f8_00186_1020ea77e37b,WHO_LIVE_LIFE_2021,LIVE LIFE: an implementation guide for suicide prevention in countries,safety,safety_only,safety_route_only,"[""adolescents"", ""adults"", ""older_adults""]","[""self_harm"", ""suicidal_thoughts"", ""acute_crisis"", ""referral_guidance""]",zh-CN,pending,726,"Scale-up of multisectoral gatekeeper training, Malaysia Government leadership, public–private local and international partnerships, and volunteers from NGOs and patient advocacy groups have contributed to the upscaling of gatekeeper trainin",,
WHO_LIVE_LIFE_2021_8e6e10f8_00187_0df948d47ba6,WHO_LIVE_LIFE_2021,LIVE LIFE: an implementation guide for suicide prevention in countries,safety,safety_only,safety_route_only,"[""adolescents"", ""adults"", ""older_adults""]","[""self_harm"", ""suicidal_thoughts"", ""acute_crisis"", ""referral_guidance""]",zh-CN,pending,753,"Geneva: World Health Organization (https://www.who.int/health-topics/universal-health-coverage#tab=tab_1, accessed 17 February 2021 31 Preventing self-harm/suicide: empowering primary health care providers. Washington (DC): Pan American Hea",,
WHO_LIVE_LIFE_2021_8e6e10f8_00188_e8c01063114f,WHO_LIVE_LIFE_2021,LIVE LIFE: an implementation guide for suicide prevention in countries,safety,safety_only,safety_route_only,"[""adolescents"", ""adults"", ""older_adults""]","[""self_harm"", ""suicidal_thoughts"", ""acute_crisis"", ""referral_guidance""]",zh-CN,pending,854,"34 | LIVE LIFE: PART A Capacity-building stakeholders should be considered in terms of: 1) the persons to develop and/or deliver capacity-building training; and 2) the recipients of training. For example, capacity-building for early identif",,
WHO_LIVE_LIFE_2021_8e6e10f8_00189_c97004ce43ac,WHO_LIVE_LIFE_2021,LIVE LIFE: an implementation guide for suicide prevention in countries,safety,safety_only,safety_route_only,"[""adolescents"", ""adults"", ""older_adults""]","[""self_harm"", ""suicidal_thoughts"", ""acute_crisis"", ""referral_guidance""]",zh-CN,pending,877,"occupational groups with high suicide rates); • other community gatekeepers (persons likely to come into contact with at-risk individuals, or with influence in a community (see Annex 1 for a list of sectors and stakeholders). Unique example",,
WHO_LIVE_LIFE_2021_8e6e10f8_00190_715b5ab4e169,WHO_LIVE_LIFE_2021,LIVE LIFE: an implementation guide for suicide prevention in countries,safety,safety_only,safety_route_only,"[""adolescents"", ""adults"", ""older_adults""]","[""self_harm"", ""suicidal_thoughts"", ""acute_crisis"", ""referral_guidance""]",zh-CN,pending,808,"• Establish the group (see Who? above and Annex 1 for a list of sectors and stakeholders). Capacity-building is likely to involve collaboration between the health sector, local authorities and community stakeholders. • Determine where there",,
WHO_LIVE_LIFE_2021_8e6e10f8_00191_6507bb6e2a10,WHO_LIVE_LIFE_2021,LIVE LIFE: an implementation guide for suicide prevention in countries,safety,safety_only,safety_route_only,"[""adolescents"", ""adults"", ""older_adults""]","[""self_harm"", ""suicidal_thoughts"", ""acute_crisis"", ""referral_guidance""]",zh-CN,pending,863,"It could be face-to-face or virtual training, or delivered through digital methods such as online video conferencing. • Plan to ensure continuity and sustainability of the training. For health workers, ongoing supervision is important; for ",,
WHO_LIVE_LIFE_2021_8e6e10f8_00192_15f6d51be695,WHO_LIVE_LIFE_2021,LIVE LIFE: an implementation guide for suicide prevention in countries,safety,safety_only,safety_route_only,"[""adolescents"", ""adults"", ""older_adults""]","[""self_harm"", ""suicidal_thoughts"", ""acute_crisis"", ""referral_guidance""]",zh-CN,pending,652,"A personal connection facilitated access to and buy-in from the judiciary services, who then joined planning discussions. Logistical arrangements for the training were made collaboratively. The training content included education on suicide",,
WHO_LIVE_LIFE_2021_8e6e10f8_00193_b5a0f05d8a02,WHO_LIVE_LIFE_2021,LIVE LIFE: an implementation guide for suicide prevention in countries,safety,safety_only,safety_route_only,"[""adolescents"", ""adults"", ""older_adults""]","[""self_harm"", ""suicidal_thoughts"", ""acute_crisis"", ""referral_guidance""]",zh-CN,pending,874,LIVE LIFE: PART A | 35 and refresher sessions. Consider if a training-of-trainers model can be used. • Consider inserting capacity-building for suicide prevention into the curricula of professional education. 2. Develop or select and adapt ,,
WHO_LIVE_LIFE_2021_8e6e10f8_00194_dd3cbee1997a,WHO_LIVE_LIFE_2021,LIVE LIFE: an implementation guide for suicide prevention in countries,safety,safety_only,safety_route_only,"[""adolescents"", ""adults"", ""older_adults""]","[""self_harm"", ""suicidal_thoughts"", ""acute_crisis"", ""referral_guidance""]",zh-CN,pending,828,"Following training, ongoing systems of supervision and refresher training should be put in place to facilitate continued learning and opportunities to discuss issues that have arisen. • Training content may require cultural adaptation for d",,
WHO_LIVE_LIFE_2021_8e6e10f8_00195_bf3254a36fff,WHO_LIVE_LIFE_2021,LIVE LIFE: an implementation guide for suicide prevention in countries,safety,safety_only,safety_route_only,"[""adolescents"", ""adults"", ""older_adults""]","[""self_harm"", ""suicidal_thoughts"", ""acute_crisis"", ""referral_guidance""]",zh-CN,pending,775,"Evaluate the training • Plan in advance how training programmes will be monitored and evaluated (see Monitoring and evaluation). • For capacity-building training, assess and evaluate the competency of trainees – i.e. the ability to apply th",,
WHO_LIVE_LIFE_2021_8e6e10f8_00196_6bb682729683,WHO_LIVE_LIFE_2021,LIVE LIFE: an implementation guide for suicide prevention in countries,safety,safety_only,safety_route_only,"[""adolescents"", ""adults"", ""older_adults""]","[""self_harm"", ""suicidal_thoughts"", ""acute_crisis"", ""referral_guidance""]",zh-CN,pending,672,"• To assess the impact of training on the routine work of trainees, indicators may include the number of contacts with at-risk persons and the number of referrals made. • Monitor the proportion and distribution of health workers that have b",,
WHO_LIVE_LIFE_2021_8e6e10f8_00197_5f4447655385,WHO_LIVE_LIFE_2021,LIVE LIFE: an implementation guide for suicide prevention in countries,safety,safety_only,safety_route_only,"[""adolescents"", ""adults"", ""older_adults""]","[""self_harm"", ""suicidal_thoughts"", ""acute_crisis"", ""referral_guidance""]",zh-CN,pending,830,"36 | LIVE LIFE: PART A Box 22. Strengthening the health workforce to prevent suicide, Guyana Prompted by having one of the highest suicide rates in the world, the Government of Guyana made suicide prevention a priority. With technical suppo",,
WHO_LIVE_LIFE_2021_8e6e10f8_00198_3cdb31159531,WHO_LIVE_LIFE_2021,LIVE LIFE: an implementation guide for suicide prevention in countries,safety,safety_only,safety_route_only,"[""adolescents"", ""adults"", ""older_adults""]","[""self_harm"", ""suicidal_thoughts"", ""acute_crisis"", ""referral_guidance""]",zh-CN,pending,759,"The mhGAP module on suicide and self-harm aims to train general health workers – such as those in primary care – in identifying and managing risk for suicide and providing appropriate follow-up care. In 2015, the Mental Health Unit of PAHO/",,
WHO_LIVE_LIFE_2021_8e6e10f8_00199_262c414fda15,WHO_LIVE_LIFE_2021,LIVE LIFE: an implementation guide for suicide prevention in countries,safety,safety_only,safety_route_only,"[""adolescents"", ""adults"", ""older_adults""]","[""self_harm"", ""suicidal_thoughts"", ""acute_crisis"", ""referral_guidance""]",zh-CN,pending,786,"Since then, more than 300 health-care workers have been trained to assess, manage and follow up common mental health conditions and suicide/self-harm. More than 100 of these are doctors located in primary health care. Additionally, 70 perso",,
WHO_LIVE_LIFE_2021_8e6e10f8_00200_351a2a45249c,WHO_LIVE_LIFE_2021,LIVE LIFE: an implementation guide for suicide prevention in countries,safety,safety_only,safety_route_only,"[""adolescents"", ""adults"", ""older_adults""]","[""self_harm"", ""suicidal_thoughts"", ""acute_crisis"", ""referral_guidance""]",zh-CN,pending,651,"The programme was established with seed capital from the Building Employees Redundancy Trust (BERT), an employee entitlement fund jointly owned by construction employer associations and employee unions. The decision to establish an industry",,
WHO_LIVE_LIFE_2021_8e6e10f8_00201_5211ba6cd58b,WHO_LIVE_LIFE_2021,LIVE LIFE: an implementation guide for suicide prevention in countries,safety,safety_only,safety_route_only,"[""adolescents"", ""adults"", ""older_adults""]","[""self_harm"", ""suicidal_thoughts"", ""acute_crisis"", ""referral_guidance""]",zh-CN,pending,783,"MATES is a multimodal programme (Gullestrup, Lequertier & Martin, 2011) based on four principles: • raising awareness among workers; • building resilience in the workplace; • connecting workers to help and support; and • informing industry ",,
WHO_LIVE_LIFE_2021_8e6e10f8_00202_a824bbd4ef68,WHO_LIVE_LIFE_2021,LIVE LIFE: an implementation guide for suicide prevention in countries,safety,safety_only,safety_route_only,"[""adolescents"", ""adults"", ""older_adults""]","[""self_harm"", ""suicidal_thoughts"", ""acute_crisis"", ""referral_guidance""]",zh-CN,pending,635,LIVE LIFE: PART A | 37 • Connectors – a four-hour programme training workers to connect workmates to support. The programme is provided to volunteers on site. Connectors are recognized by a green hard-hat sticker. • ASIST workers – a 16-hou,,
WHO_LIVE_LIFE_2021_8e6e10f8_00203_88dd5f72326a,WHO_LIVE_LIFE_2021,LIVE LIFE: an implementation guide for suicide prevention in countries,safety,safety_only,safety_route_only,"[""adolescents"", ""adults"", ""older_adults""]","[""self_harm"", ""suicidal_thoughts"", ""acute_crisis"", ""referral_guidance""]",zh-CN,pending,856,on World Suicide Prevention Day); 2) field officers to support the volunteer network; 3) on-site volunteers who inform management on site about mental health and suicide risk; 4) case management; 5) a 24/7 support line; and 6) national poli,,
WHO_LIVE_LIFE_2021_8e6e10f8_00204_1727f890e5c4,WHO_LIVE_LIFE_2021,LIVE LIFE: an implementation guide for suicide prevention in countries,safety,safety_only,safety_route_only,"[""adolescents"", ""adults"", ""older_adults""]","[""self_harm"", ""suicidal_thoughts"", ""acute_crisis"", ""referral_guidance""]",zh-CN,pending,323,"The programme has demonstrated high social validity in the construction industry, improving help-offering and help- seeking skills, and reducing stigma. A health economic evaluation demonstrated a return on investment of A$4.60 per Australi",,
WHO_LIVE_LIFE_2021_8e6e10f8_00205_f342ca7c8e2d,WHO_LIVE_LIFE_2021,LIVE LIFE: an implementation guide for suicide prevention in countries,safety,safety_only,safety_route_only,"[""adolescents"", ""adults"", ""older_adults""]","[""self_harm"", ""suicidal_thoughts"", ""acute_crisis"", ""referral_guidance""]",zh-CN,pending,839,"38 | LIVE LIFE: PART A Table 6. Tips for implementation of capacity-building Funding • Use existing evidence-based and freely available training packages such as WHO mhGAP (WHO, 2019b). • Emphasize to decision-makers that capacity-building ",,
WHO_LIVE_LIFE_2021_8e6e10f8_00206_147b8828744a,WHO_LIVE_LIFE_2021,LIVE LIFE: an implementation guide for suicide prevention in countries,safety,safety_only,safety_route_only,"[""adolescents"", ""adults"", ""older_adults""]","[""self_harm"", ""suicidal_thoughts"", ""acute_crisis"", ""referral_guidance""]",zh-CN,pending,899,"Health workers may not be prepared or competent to identify and manage suicidal behaviours. In addition, the quality of care provided may be inadequate and inconsistent • Train specialized and nonspecialized health workers in the assessment",,
WHO_LIVE_LIFE_2021_8e6e10f8_00207_74b2f01ec599,WHO_LIVE_LIFE_2021,LIVE LIFE: an implementation guide for suicide prevention in countries,safety,safety_only,safety_route_only,"[""adolescents"", ""adults"", ""older_adults""]","[""self_harm"", ""suicidal_thoughts"", ""acute_crisis"", ""referral_guidance""]",zh-CN,pending,762,When planning training programmes it is important to empower and engage communities in discussions on suicide prevention. Content of gatekeeper training does not always match gatekeepers’ level of expertise or readiness to change • Ensure t,,
WHO_LIVE_LIFE_2021_8e6e10f8_00208_63570fd6ec6d,WHO_LIVE_LIFE_2021,LIVE LIFE: an implementation guide for suicide prevention in countries,safety,safety_only,safety_route_only,"[""adolescents"", ""adults"", ""older_adults""]","[""self_harm"", ""suicidal_thoughts"", ""acute_crisis"", ""referral_guidance""]",zh-CN,pending,856,"LIVE LIFE: PART A | 39 Financing allows for LIVE LIFE pillars and interventions to be translated into action through the allocation of resources. Financing can originate from various public and private sources, such as government funding or",,
WHO_LIVE_LIFE_2021_8e6e10f8_00209_d0134fa8aadc,WHO_LIVE_LIFE_2021,LIVE LIFE: an implementation guide for suicide prevention in countries,safety,safety_only,safety_route_only,"[""adolescents"", ""adults"", ""older_adults""]","[""self_harm"", ""suicidal_thoughts"", ""acute_crisis"", ""referral_guidance""]",zh-CN,pending,784,This could mean taking an integrated approach (with mental health or other sectors) to qualify for multisectoral funding and increase likelihood of obtaining funds. It could also mean focusing efforts on cost-effective interventions with ma,,
WHO_LIVE_LIFE_2021_8e6e10f8_00210_b69004f93898,WHO_LIVE_LIFE_2021,LIVE LIFE: an implementation guide for suicide prevention in countries,safety,safety_only,safety_route_only,"[""adolescents"", ""adults"", ""older_adults""]","[""self_harm"", ""suicidal_thoughts"", ""acute_crisis"", ""referral_guidance""]",zh-CN,pending,755,Financing for suicide prevention can be provided towards implementation at the: • geographical level: national-level financing (e.g. for nationwide campaigns) or local-level financing (e.g. for delivering mental health services in a specifi,,
WHO_LIVE_LIFE_2021_8e6e10f8_00211_6db568991724,WHO_LIVE_LIFE_2021,LIVE LIFE: an implementation guide for suicide prevention in countries,safety,safety_only,safety_route_only,"[""adolescents"", ""adults"", ""older_adults""]","[""self_harm"", ""suicidal_thoughts"", ""acute_crisis"", ""referral_guidance""]",zh-CN,pending,196,"Ultimately, LIVE LIFE implementers should understand the various sources of funding available and advocate to funders to align mutual values between implementers and financers. © WHO/Yoshi Shimizu",,
WHO_LIVE_LIFE_2021_8e6e10f8_00212_c145d6261c7a,WHO_LIVE_LIFE_2021,LIVE LIFE: an implementation guide for suicide prevention in countries,safety,safety_only,safety_route_only,"[""adolescents"", ""adults"", ""older_adults""]","[""self_harm"", ""suicidal_thoughts"", ""acute_crisis"", ""referral_guidance""]",zh-CN,pending,827,"40 | LIVE LIFE: PART A Funding needs and budgets should be clearly defined well before reaching the implementation phase of a suicide prevention pillar or intervention. Ideally, implementers would first build high-level strategic plans (to ",,
WHO_LIVE_LIFE_2021_8e6e10f8_00213_af30e91d54f2,WHO_LIVE_LIFE_2021,LIVE LIFE: an implementation guide for suicide prevention in countries,safety,safety_only,safety_route_only,"[""adolescents"", ""adults"", ""older_adults""]","[""self_harm"", ""suicidal_thoughts"", ""acute_crisis"", ""referral_guidance""]",zh-CN,pending,812,"For corporate bodies that donate a proportion of their revenue towards social activities, the end of the financial year is typically a time when they consider programmes to which they direct their funding. For foundations, grant cycles may ",,
WHO_LIVE_LIFE_2021_8e6e10f8_00214_1216ea536275,WHO_LIVE_LIFE_2021,LIVE LIFE: an implementation guide for suicide prevention in countries,safety,safety_only,safety_route_only,"[""adolescents"", ""adults"", ""older_adults""]","[""self_harm"", ""suicidal_thoughts"", ""acute_crisis"", ""referral_guidance""]",zh-CN,pending,795,"National governments, as well as state or local governments, typically have some portion of their budget allocated to mental health programmes of which suicide prevention may be a component. Foundations often have greater appetite to fund i",,
WHO_LIVE_LIFE_2021_8e6e10f8_00215_77c152fad3e8,WHO_LIVE_LIFE_2021,LIVE LIFE: an implementation guide for suicide prevention in countries,safety,safety_only,safety_route_only,"[""adolescents"", ""adults"", ""older_adults""]","[""self_harm"", ""suicidal_thoughts"", ""acute_crisis"", ""referral_guidance""]",zh-CN,pending,877,"• Develop an operational plan or implementation plan that highlights details about interventions to be implemented, programme timelines and milestones, and human resources and funds required to carry out the work (see Annex 3). • Determine ",,
WHO_LIVE_LIFE_2021_8e6e10f8_00216_74138079b659,WHO_LIVE_LIFE_2021,LIVE LIFE: an implementation guide for suicide prevention in countries,safety,safety_only,safety_route_only,"[""adolescents"", ""adults"", ""older_adults""]","[""self_harm"", ""suicidal_thoughts"", ""acute_crisis"", ""referral_guidance""]",zh-CN,pending,712,"mental health care, youth, pesticide- related programmes); many of these funders may not clearly present themselves as funders of suicide prevention work but could be interested in funding such programmes. • Approach philanthropy advisors o",,
WHO_LIVE_LIFE_2021_8e6e10f8_00217_95214d8d95b5,WHO_LIVE_LIFE_2021,LIVE LIFE: an implementation guide for suicide prevention in countries,safety,safety_only,safety_route_only,"[""adolescents"", ""adults"", ""older_adults""]","[""self_harm"", ""suicidal_thoughts"", ""acute_crisis"", ""referral_guidance""]",zh-CN,pending,202,"Identify government funding or suitable funders • Identify the government department and budget holder, or determine the type of funder, that would be most suitable given the nature of the intervention.",,
WHO_LIVE_LIFE_2021_8e6e10f8_00218_cdf6db17e7cc,WHO_LIVE_LIFE_2021,LIVE LIFE: an implementation guide for suicide prevention in countries,safety,safety_only,safety_route_only,"[""adolescents"", ""adults"", ""older_adults""]","[""self_harm"", ""suicidal_thoughts"", ""acute_crisis"", ""referral_guidance""]",zh-CN,pending,839,"LIVE LIFE: PART A | 41 • Identify which funders most strongly align with your vision, objectives and priorities. For instance, if you are seeking funding for suicide prevention for adolescents, seek funders who prioritize adolescent well-be",,
WHO_LIVE_LIFE_2021_8e6e10f8_00219_f224026b5335,WHO_LIVE_LIFE_2021,LIVE LIFE: an implementation guide for suicide prevention in countries,safety,safety_only,safety_route_only,"[""adolescents"", ""adults"", ""older_adults""]","[""self_harm"", ""suicidal_thoughts"", ""acute_crisis"", ""referral_guidance""]",zh-CN,pending,856,"• Diversify your efforts to reaching out to multiple funders of various types. 4. Develop proposals • On the basis of the funder’s requirements, you may need to use a fixed template provided by them or have the flexibility to create your ow",,
WHO_LIVE_LIFE_2021_8e6e10f8_00220_a1776e7d20d7,WHO_LIVE_LIFE_2021,LIVE LIFE: an implementation guide for suicide prevention in countries,safety,safety_only,safety_route_only,"[""adolescents"", ""adults"", ""older_adults""]","[""self_harm"", ""suicidal_thoughts"", ""acute_crisis"", ""referral_guidance""]",zh-CN,pending,813,"how much funding, for what aspect of the work and over what duration). • Tailor the language and positioning of your proposal as closely as possible to the priorities of the funders. • If you have already secured some funding, share this in",,
WHO_LIVE_LIFE_2021_8e6e10f8_00221_234719c3cd69,WHO_LIVE_LIFE_2021,LIVE LIFE: an implementation guide for suicide prevention in countries,safety,safety_only,safety_route_only,"[""adolescents"", ""adults"", ""older_adults""]","[""self_harm"", ""suicidal_thoughts"", ""acute_crisis"", ""referral_guidance""]",zh-CN,pending,861,"Policy-makers often have limited time and competing priorities, so a well-rehearsed, engaging and concise pitch is important. • Focus not only on the details of the programme or intervention, but also on why you think this is a significant ",,
WHO_LIVE_LIFE_2021_8e6e10f8_00222_30d3ed945c4f,WHO_LIVE_LIFE_2021,LIVE LIFE: an implementation guide for suicide prevention in countries,safety,safety_only,safety_route_only,"[""adolescents"", ""adults"", ""older_adults""]","[""self_harm"", ""suicidal_thoughts"", ""acute_crisis"", ""referral_guidance""]",zh-CN,pending,841,"road injuries) for which investment may be significantly greater can help call attention to the need for greater investment in • Policy-makers usually have limited time and several competing priorities. To get their attention, do not give t",,
WHO_LIVE_LIFE_2021_8e6e10f8_00223_227d14d0df04,WHO_LIVE_LIFE_2021,LIVE LIFE: an implementation guide for suicide prevention in countries,safety,safety_only,safety_route_only,"[""adolescents"", ""adults"", ""older_adults""]","[""self_harm"", ""suicidal_thoughts"", ""acute_crisis"", ""referral_guidance""]",zh-CN,pending,821,"42 | LIVE LIFE: PART A Box 25. Philanthropists, Ghana Suicide is stigmatized in Ghana and remains a crime. Consequently, the Centre for Suicide and Violence Research (CSVR) in Ghana struggled to obtain any funding from official sources to s",,
WHO_LIVE_LIFE_2021_8e6e10f8_00224_21e4f2f59196,WHO_LIVE_LIFE_2021,LIVE LIFE: an implementation guide for suicide prevention in countries,safety,safety_only,safety_route_only,"[""adolescents"", ""adults"", ""older_adults""]","[""self_harm"", ""suicidal_thoughts"", ""acute_crisis"", ""referral_guidance""]",zh-CN,pending,645,"Crucially, to maintain the relationship, the CSVR continues to provide feedback to the philanthropists on the impact that their funding contributed to building capacity to prevent suicides in the country. Box 26. National Suicide Prevention",,
WHO_LIVE_LIFE_2021_8e6e10f8_00225_573a2f1a4575,WHO_LIVE_LIFE_2021,LIVE LIFE: an implementation guide for suicide prevention in countries,safety,safety_only,safety_route_only,"[""adolescents"", ""adults"", ""older_adults""]","[""self_harm"", ""suicidal_thoughts"", ""acute_crisis"", ""referral_guidance""]",zh-CN,pending,686,"PHNs were established in July 2015 to increase the efficiency and effectiveness of medical services, particularly for patients at risk of poor health outcomes, and to improve coordination of care to ensure that patients receive the right ca",,
WHO_LIVE_LIFE_2021_8e6e10f8_00226_edaddf9543cc,WHO_LIVE_LIFE_2021,LIVE LIFE: an implementation guide for suicide prevention in countries,safety,safety_only,safety_route_only,"[""adolescents"", ""adults"", ""older_adults""]","[""self_harm"", ""suicidal_thoughts"", ""acute_crisis"", ""referral_guidance""]",zh-CN,pending,828,"More specifically, its objectives were to provide evidence of how a systems approach to suicide prevention might best be implemented in Australia and to identify new learning about suicide prevention in at-risk populations. The NSPT was des",,
WHO_LIVE_LIFE_2021_8e6e10f8_00227_85efcb2ec651,WHO_LIVE_LIFE_2021,LIVE LIFE: an implementation guide for suicide prevention in countries,safety,safety_only,safety_route_only,"[""adolescents"", ""adults"", ""older_adults""]","[""self_harm"", ""suicidal_thoughts"", ""acute_crisis"", ""referral_guidance""]",zh-CN,pending,848,"fishermen, farmers and miners, LGBTI youth, and Aboriginal and Torres Strait Islander youth). • Keep the presentation conversational, invite the funder’s thoughts and build a relationship with them through the course of the presentation. 6.",,
WHO_LIVE_LIFE_2021_8e6e10f8_00228_38766996e268,WHO_LIVE_LIFE_2021,LIVE LIFE: an implementation guide for suicide prevention in countries,safety,safety_only,safety_route_only,"[""adolescents"", ""adults"", ""older_adults""]","[""self_harm"", ""suicidal_thoughts"", ""acute_crisis"", ""referral_guidance""]",zh-CN,pending,338,"• If you were unsuccessful in securing funding, talk to the funder about what to improve for a future proposal. Stay in touch with the funder by providing regular updates on your work; continue looking for new opportunities. Just because yo",,
WHO_LIVE_LIFE_2021_8e6e10f8_00229_22dbc78046cb,WHO_LIVE_LIFE_2021,LIVE LIFE: an implementation guide for suicide prevention in countries,safety,safety_only,safety_route_only,"[""adolescents"", ""adults"", ""older_adults""]","[""self_harm"", ""suicidal_thoughts"", ""acute_crisis"", ""referral_guidance""]",zh-CN,pending,834,"LIVE LIFE: PART A | 43 Box 26. National Suicide Prevention Trial, Australia cont. Systems-based approaches Systems approaches to suicide prevention can implement a suite of interventions aimed at different elements of the system to reduce s",,
WHO_LIVE_LIFE_2021_8e6e10f8_00230_dd6fca709034,WHO_LIVE_LIFE_2021,LIVE LIFE: an implementation guide for suicide prevention in countries,safety,safety_only,safety_route_only,"[""adolescents"", ""adults"", ""older_adults""]","[""self_harm"", ""suicidal_thoughts"", ""acute_crisis"", ""referral_guidance""]",zh-CN,pending,250,The ATSISPEP outlines a set of principles or success factors for suicide prevention grounded in a social and emotional well-being approach. Example activities Trial sites implemented a wide range of individual services and community-based a,,
WHO_LIVE_LIFE_2021_8e6e10f8_00231_82846779337e,WHO_LIVE_LIFE_2021,LIVE LIFE: an implementation guide for suicide prevention in countries,safety,safety_only,safety_route_only,"[""adolescents"", ""adults"", ""older_adults""]","[""self_harm"", ""suicidal_thoughts"", ""acute_crisis"", ""referral_guidance""]",zh-CN,pending,896,"These included: • aftercare services for people following a suicide attempt or who presented in suicidal crisis; • suicide and mental health awareness-raising, including through media and social media campaigns and community events; • cultu",,
WHO_LIVE_LIFE_2021_8e6e10f8_00232_1b91b188867e,WHO_LIVE_LIFE_2021,LIVE LIFE: an implementation guide for suicide prevention in countries,safety,safety_only,safety_route_only,"[""adolescents"", ""adults"", ""older_adults""]","[""self_harm"", ""suicidal_thoughts"", ""acute_crisis"", ""referral_guidance""]",zh-CN,pending,760,• supporting tailored research (e.g. on outcome measurement for Aboriginal and Torres Strait Islander peoples; on peer support for LGBTIQ people; and research related to traumatic brain injury for veterans). Next steps Funding for the NSPT ,,
WHO_LIVE_LIFE_2021_8e6e10f8_00233_3b7343f0a9b8,WHO_LIVE_LIFE_2021,LIVE LIFE: an implementation guide for suicide prevention in countries,safety,safety_only,safety_route_only,"[""adolescents"", ""adults"", ""older_adults""]","[""self_harm"", ""suicidal_thoughts"", ""acute_crisis"", ""referral_guidance""]",zh-CN,pending,797,44 | LIVE LIFE: PART A Table 7. Tips for implementation of financing Resource limitations • Attempt to find approaches that can work with government structures that are already in place. This can be particularly important where funds are no,,
WHO_LIVE_LIFE_2021_8e6e10f8_00234_ddb3a4d09762,WHO_LIVE_LIFE_2021,LIVE LIFE: an implementation guide for suicide prevention in countries,safety,safety_only,safety_route_only,"[""adolescents"", ""adults"", ""older_adults""]","[""self_harm"", ""suicidal_thoughts"", ""acute_crisis"", ""referral_guidance""]",zh-CN,pending,221,"• Raise smaller funds from a greater number of funders, moving towards a pooled or collaborative funding model. • Consider leveraging funds from related programmes (e.g. for mental health, education). © WHO / Nursila Dewi",,
WHO_LIVE_LIFE_2021_8e6e10f8_00235_e99dbad3d7e4,WHO_LIVE_LIFE_2021,LIVE LIFE: an implementation guide for suicide prevention in countries,safety,safety_only,safety_route_only,"[""adolescents"", ""adults"", ""older_adults""]","[""self_harm"", ""suicidal_thoughts"", ""acute_crisis"", ""referral_guidance""]",zh-CN,pending,878,LIVE LIFE: PART A | 45 Up-to-date data from established surveillance systems of suicide and self-harm are essential in informing LIVE LIFE pillars and interventions. Data on the number of suicides and cases of self-harm should be disaggrega,,
WHO_LIVE_LIFE_2021_8e6e10f8_00236_546c1b72328d,WHO_LIVE_LIFE_2021,LIVE LIFE: an implementation guide for suicide prevention in countries,safety,safety_only,safety_route_only,"[""adolescents"", ""adults"", ""older_adults""]","[""self_harm"", ""suicidal_thoughts"", ""acute_crisis"", ""referral_guidance""]",zh-CN,pending,718,"by examining medical notes). While this approach takes time and money, it can provide accurate data. Where it is possible to utilize routinely collected data, this system can be relatively inexpensive and provides continuous and detailed in",,
WHO_LIVE_LIFE_2021_8e6e10f8_00237_4eecb8f404e8,WHO_LIVE_LIFE_2021,LIVE LIFE: an implementation guide for suicide prevention in countries,safety,safety_only,safety_route_only,"[""adolescents"", ""adults"", ""older_adults""]","[""self_harm"", ""suicidal_thoughts"", ""acute_crisis"", ""referral_guidance""]",zh-CN,pending,889,This is particularly helpful where vital registration systems or access to formal medical care are limited; it can also be used to validate information collected from other data sources and to provide more detailed information. Community su,,
WHO_LIVE_LIFE_2021_8e6e10f8_00238_17ab9afba8c6,WHO_LIVE_LIFE_2021,LIVE LIFE: an implementation guide for suicide prevention in countries,safety,safety_only,safety_route_only,"[""adolescents"", ""adults"", ""older_adults""]","[""self_harm"", ""suicidal_thoughts"", ""acute_crisis"", ""referral_guidance""]",zh-CN,pending,303,39 Verbal autopsy standards: ascertaining and attributing causes of death. Geneva; World Health Organization. (https://www.who.int/standards/classifications/ other-classifications/verbal-autopsy-standards-ascertaining-and-attributing-causes,,
WHO_LIVE_LIFE_2021_8e6e10f8_00239_136f04966fc5,WHO_LIVE_LIFE_2021,LIVE LIFE: an implementation guide for suicide prevention in countries,safety,safety_only,safety_route_only,"[""adolescents"", ""adults"", ""older_adults""]","[""self_harm"", ""suicidal_thoughts"", ""acute_crisis"", ""referral_guidance""]",zh-CN,pending,875,46 | LIVE LIFE: PART A international surveys.40 While surveys (including those for a specific catchment area or community) also capture suicide attempts and self-harm that occur outside of hospital settings (e.g. because no medical attentio,,
WHO_LIVE_LIFE_2021_8e6e10f8_00240_e2d0f4262c31,WHO_LIVE_LIFE_2021,LIVE LIFE: an implementation guide for suicide prevention in countries,safety,safety_only,safety_route_only,"[""adolescents"", ""adults"", ""older_adults""]","[""self_harm"", ""suicidal_thoughts"", ""acute_crisis"", ""referral_guidance""]",zh-CN,pending,843,"How surveillance is implemented will also depend on the current stage of suicide prevention in the country: Table 8. Implementation of surveillance based on the country context Countries where there is currently no, or little, It can be hel",,
WHO_LIVE_LIFE_2021_8e6e10f8_00241_ae7ee7e50f54,WHO_LIVE_LIFE_2021,LIVE LIFE: an implementation guide for suicide prevention in countries,safety,safety_only,safety_route_only,"[""adolescents"", ""adults"", ""older_adults""]","[""self_harm"", ""suicidal_thoughts"", ""acute_crisis"", ""referral_guidance""]",zh-CN,pending,835,"changes in risk factors, information about repeated self-harm). The priority should be to begin with monitoring suicide mortality and then incorporating surveillance of self-harm. For countries which have poison centres, encouraging the sha",,
WHO_LIVE_LIFE_2021_8e6e10f8_00242_46321899b898,WHO_LIVE_LIFE_2021,LIVE LIFE: an implementation guide for suicide prevention in countries,safety,safety_only,safety_route_only,"[""adolescents"", ""adults"", ""older_adults""]","[""self_harm"", ""suicidal_thoughts"", ""acute_crisis"", ""referral_guidance""]",zh-CN,pending,780,"In contexts with a strong infrastructure for surveillance, real-time surveillance can be introduced where data are available for analysis immediately after a case of suicide or self- harm is recorded. 40 STEPwise approach to surveillance (S",,
WHO_LIVE_LIFE_2021_8e6e10f8_00243_84f5f793fb54,WHO_LIVE_LIFE_2021,LIVE LIFE: an implementation guide for suicide prevention in countries,safety,safety_only,safety_route_only,"[""adolescents"", ""adults"", ""older_adults""]","[""self_harm"", ""suicidal_thoughts"", ""acute_crisis"", ""referral_guidance""]",zh-CN,pending,704,"LIVE LIFE: PART A | 47 Surveillance systems help to inform LIVE LIFE implementation, for instance by highlighting trends in suicidal behaviour, subpopulation groups at risk, clusters of cases, or the emergence of new methods or contagion me",,
WHO_LIVE_LIFE_2021_8e6e10f8_00244_a008e9edd2c0,WHO_LIVE_LIFE_2021,LIVE LIFE: an implementation guide for suicide prevention in countries,safety,safety_only,safety_route_only,"[""adolescents"", ""adults"", ""older_adults""]","[""self_harm"", ""suicidal_thoughts"", ""acute_crisis"", ""referral_guidance""]",zh-CN,pending,837,"indicator of reduced suicide rates) and contribute to the evaluation and research of ongoing prevention strategies and interventions, such as long-term cohort studies of self-harm cases presenting to hospitals in Oxford, United Kingdom.43 I",,
WHO_LIVE_LIFE_2021_8e6e10f8_00245_a906ad4e2840,WHO_LIVE_LIFE_2021,LIVE LIFE: an implementation guide for suicide prevention in countries,safety,safety_only,safety_route_only,"[""adolescents"", ""adults"", ""older_adults""]","[""self_harm"", ""suicidal_thoughts"", ""acute_crisis"", ""referral_guidance""]",zh-CN,pending,783,"Data collection may take place in a dedicated registry for self-harm, or it be part of a wider system of national data on mortality or injuries. Where data are collected nationally, it is important to aim for consistency between regions/loc",,
WHO_LIVE_LIFE_2021_8e6e10f8_00246_df547ba526b9,WHO_LIVE_LIFE_2021,LIVE LIFE: an implementation guide for suicide prevention in countries,safety,safety_only,safety_route_only,"[""adolescents"", ""adults"", ""older_adults""]","[""self_harm"", ""suicidal_thoughts"", ""acute_crisis"", ""referral_guidance""]",zh-CN,pending,827,"However, where resources are very limited, surveillance may begin as an individual study of suicidal behaviour over a time-limited period in a specific area/population, which can then be scaled up to collect data continuously. Whether the s",,
WHO_LIVE_LIFE_2021_8e6e10f8_00247_109b96639349,WHO_LIVE_LIFE_2021,LIVE LIFE: an implementation guide for suicide prevention in countries,safety,safety_only,safety_route_only,"[""adolescents"", ""adults"", ""older_adults""]","[""self_harm"", ""suicidal_thoughts"", ""acute_crisis"", ""referral_guidance""]",zh-CN,pending,738,"Staff saw all poisoned patients on their admission to the study hospitals and aimed to identify the poison involved, test treatments, and record outcome. The pesticide was typically identified from the history; in a nested sample, mass spec",,
WHO_LIVE_LIFE_2021_8e6e10f8_00248_63bdb0d3d5b6,WHO_LIVE_LIFE_2021,LIVE LIFE: an implementation guide for suicide prevention in countries,safety,safety_only,safety_route_only,"[""adolescents"", ""adults"", ""older_adults""]","[""self_harm"", ""suicidal_thoughts"", ""acute_crisis"", ""referral_guidance""]",zh-CN,pending,382,"These pesticides were banned from agriculture in 2008–2011, contributing to the continued reduction in total and pesticide suicide numbers in Sri Lanka (Knipe et al., 2017). 43 The Oxford Monitoring System for Self-Harm. Oxford: University ",,
WHO_LIVE_LIFE_2021_8e6e10f8_00249_b610d2f7186c,WHO_LIVE_LIFE_2021,LIVE LIFE: an implementation guide for suicide prevention in countries,safety,safety_only,safety_route_only,"[""adolescents"", ""adults"", ""older_adults""]","[""self_harm"", ""suicidal_thoughts"", ""acute_crisis"", ""referral_guidance""]",zh-CN,pending,725,"48 | LIVE LIFE: PART A organizations or individuals that are best placed to collect and process the target data (e.g. medical professionals, mortuary staff, police, local health workers), and those with skills to plan and implement the syst",,
WHO_LIVE_LIFE_2021_8e6e10f8_00250_fe03266b99a1,WHO_LIVE_LIFE_2021,LIVE LIFE: an implementation guide for suicide prevention in countries,safety,safety_only,safety_route_only,"[""adolescents"", ""adults"", ""older_adults""]","[""self_harm"", ""suicidal_thoughts"", ""acute_crisis"", ""referral_guidance""]",zh-CN,pending,761,"To tackle this challenge and to enhance suicide monitoring and prevention within the mental health system, key health experts in Russia started collaboration with WHO’s Regional Office for Europe and the WHO Country Office in the Russian Fe",,
WHO_LIVE_LIFE_2021_8e6e10f8_00251_9d16e9410c27,WHO_LIVE_LIFE_2021,LIVE LIFE: an implementation guide for suicide prevention in countries,safety,safety_only,safety_route_only,"[""adolescents"", ""adults"", ""older_adults""]","[""self_harm"", ""suicidal_thoughts"", ""acute_crisis"", ""referral_guidance""]",zh-CN,pending,318,"As part of WHO, the Russian Federation’s collaboration under the Country Collaboration Strategy (CCS) is in line with the objectives of creating a comprehensive environment for prevention, for promoting health through a life-course approach",,
WHO_LIVE_LIFE_2021_8e6e10f8_00252_05c8d0cb4dc4,WHO_LIVE_LIFE_2021,LIVE LIFE: an implementation guide for suicide prevention in countries,safety,safety_only,safety_route_only,"[""adolescents"", ""adults"", ""older_adults""]","[""self_harm"", ""suicidal_thoughts"", ""acute_crisis"", ""referral_guidance""]",zh-CN,pending,700,"In consultation with the Serbsky Center, nominated as the key mental health institution in the Russian Federation and under Ministry of Health leadership, in 2018 experts from three Russian regions (the Ural Federal District, North Caucasia",,
WHO_LIVE_LIFE_2021_8e6e10f8_00253_cd9f67daec8a,WHO_LIVE_LIFE_2021,LIVE LIFE: an implementation guide for suicide prevention in countries,safety,safety_only,safety_route_only,"[""adolescents"", ""adults"", ""older_adults""]","[""self_harm"", ""suicidal_thoughts"", ""acute_crisis"", ""referral_guidance""]",zh-CN,pending,876,The initiative is aimed at creating a multicentred surveillance system on the basis of the Russian language version of the WHO tool to apply an online monitoring platform that can be used to gather and analyse high-quality data on self-harm,,
WHO_LIVE_LIFE_2021_8e6e10f8_00254_dc2692351790,WHO_LIVE_LIFE_2021,LIVE LIFE: an implementation guide for suicide prevention in countries,safety,safety_only,safety_route_only,"[""adolescents"", ""adults"", ""older_adults""]","[""self_harm"", ""suicidal_thoughts"", ""acute_crisis"", ""referral_guidance""]",zh-CN,pending,852,This set of WHO-recommended tools is harmonized with Russian health service standards at subnational level and has the capacity to be scaled up further. This initiative is intended to become an integral part of suicide and self-harm prevent,,
WHO_LIVE_LIFE_2021_8e6e10f8_00255_183db8ba3b7f,WHO_LIVE_LIFE_2021,LIVE LIFE: an implementation guide for suicide prevention in countries,safety,safety_only,safety_route_only,"[""adolescents"", ""adults"", ""older_adults""]","[""self_harm"", ""suicidal_thoughts"", ""acute_crisis"", ""referral_guidance""]",zh-CN,pending,898,"LIVE LIFE: PART A | 49 • Establish the group (see under Who? above and Annex 1 for sectors and stakeholders). • Consider a steering committee to provide continuing support; a technical advisory group to provide guidance on planning, impleme",,
WHO_LIVE_LIFE_2021_8e6e10f8_00256_17eb77b15a60,WHO_LIVE_LIFE_2021,LIVE LIFE: an implementation guide for suicide prevention in countries,safety,safety_only,safety_route_only,"[""adolescents"", ""adults"", ""older_adults""]","[""self_harm"", ""suicidal_thoughts"", ""acute_crisis"", ""referral_guidance""]",zh-CN,pending,815,"• Prepare a realistic budget of costs and resources required (e.g. for personnel, systems equipment, training, maintenance) and allocate primary and secondary funding options to sustain the system over time. • Identify processes for data co",,
WHO_LIVE_LIFE_2021_8e6e10f8_00257_ab0572658799,WHO_LIVE_LIFE_2021,LIVE LIFE: an implementation guide for suicide prevention in countries,safety,safety_only,safety_route_only,"[""adolescents"", ""adults"", ""older_adults""]","[""self_harm"", ""suicidal_thoughts"", ""acute_crisis"", ""referral_guidance""]",zh-CN,pending,768,"Prepare resources • Develop a data registration form or electronic data entry system, utilizing data coding and enabling the recording of data by event (as well as by person for suicide attempts). Include space for demographic details to en",,
WHO_LIVE_LIFE_2021_8e6e10f8_00258_8e5772591bd1,WHO_LIVE_LIFE_2021,LIVE LIFE: an implementation guide for suicide prevention in countries,safety,safety_only,safety_route_only,"[""adolescents"", ""adults"", ""older_adults""]","[""self_harm"", ""suicidal_thoughts"", ""acute_crisis"", ""referral_guidance""]",zh-CN,pending,759,Pilot and implement the system • Pilot the data registration and collection in one or two locations to identify and resolve any issues. • Begin using the system in more locations. • Analyse the data periodically (ideally quarterly) to enabl,,
WHO_LIVE_LIFE_2021_8e6e10f8_00259_5a5cb53bbb22,WHO_LIVE_LIFE_2021,LIVE LIFE: an implementation guide for suicide prevention in countries,safety,safety_only,safety_route_only,"[""adolescents"", ""adults"", ""older_adults""]","[""self_harm"", ""suicidal_thoughts"", ""acute_crisis"", ""referral_guidance""]",zh-CN,pending,776,"Stakeholders may include policy- makers, health-care services, the general public, and the media (though caution will need to be used when reporting in the media; see Interact with the media for responsible reporting of suicide). • Communic",,
WHO_LIVE_LIFE_2021_8e6e10f8_00260_f863bcdc8771,WHO_LIVE_LIFE_2021,LIVE LIFE: an implementation guide for suicide prevention in countries,safety,safety_only,safety_route_only,"[""adolescents"", ""adults"", ""older_adults""]","[""self_harm"", ""suicidal_thoughts"", ""acute_crisis"", ""referral_guidance""]",zh-CN,pending,722,"50 | LIVE LIFE: PART A the system is meeting objectives, to assess the accuracy of the data and quality of reporting, and to assess the usefulness of reports (see Monitoring and evaluation). Monitoring can include quality control exercises ",,
WHO_LIVE_LIFE_2021_8e6e10f8_00261_8ef20c0ac464,WHO_LIVE_LIFE_2021,LIVE LIFE: an implementation guide for suicide prevention in countries,safety,safety_only,safety_route_only,"[""adolescents"", ""adults"", ""older_adults""]","[""self_harm"", ""suicidal_thoughts"", ""acute_crisis"", ""referral_guidance""]",zh-CN,pending,864,"The self-harm and suicide registration system, Islamic Republic of Iran The Islamic Republic of Iran possesses a well-developed national self-harm and suicide registration system operating under the governance of the Ministry of Health and ",,
WHO_LIVE_LIFE_2021_8e6e10f8_00262_08951b61febd,WHO_LIVE_LIFE_2021,LIVE LIFE: an implementation guide for suicide prevention in countries,safety,safety_only,safety_route_only,"[""adolescents"", ""adults"", ""older_adults""]","[""self_harm"", ""suicidal_thoughts"", ""acute_crisis"", ""referral_guidance""]",zh-CN,pending,763,"In 2009, an experienced mental health expert from each university participated in a national training meeting. Subsequently, data were collected from the medical universities after one mental health officer from each had been trained. A cas",,
WHO_LIVE_LIFE_2021_8e6e10f8_00263_963594504e47,WHO_LIVE_LIFE_2021,LIVE LIFE: an implementation guide for suicide prevention in countries,safety,safety_only,safety_route_only,"[""adolescents"", ""adults"", ""older_adults""]","[""self_harm"", ""suicidal_thoughts"", ""acute_crisis"", ""referral_guidance""]",zh-CN,pending,874,The main sources of data on self-harm and suicide are official medical records from general hospitals and outpatient health facilities in cities and also from health houses and public health centres in villages. In rural areas some cases ma,,
WHO_LIVE_LIFE_2021_8e6e10f8_00264_573cf05c151b,WHO_LIVE_LIFE_2021,LIVE LIFE: an implementation guide for suicide prevention in countries,safety,safety_only,safety_route_only,"[""adolescents"", ""adults"", ""older_adults""]","[""self_harm"", ""suicidal_thoughts"", ""acute_crisis"", ""referral_guidance""]",zh-CN,pending,258,"In these cases, corpses are referred to local forensic medicine headquarters for verification of the cause of death and the data are then compiled and officially reported to medical universities. These data are also added to the MOH data on",,
WHO_LIVE_LIFE_2021_8e6e10f8_00265_ed745e5c1b59,WHO_LIVE_LIFE_2021,LIVE LIFE: an implementation guide for suicide prevention in countries,safety,safety_only,safety_route_only,"[""adolescents"", ""adults"", ""older_adults""]","[""self_harm"", ""suicidal_thoughts"", ""acute_crisis"", ""referral_guidance""]",zh-CN,pending,800,"LIVE LIFE: PART A | 51 Box 30. Surveillance, White Mountain Apache Tribe, USA Currently, Native American communities struggle with the highest rates of suicide of any US ethnic group, particularly young people aged 15–24 years. In response ",,
WHO_LIVE_LIFE_2021_8e6e10f8_00266_26669f40df00,WHO_LIVE_LIFE_2021,LIVE LIFE: an implementation guide for suicide prevention in countries,safety,safety_only,safety_route_only,"[""adolescents"", ""adults"", ""older_adults""]","[""self_harm"", ""suicidal_thoughts"", ""acute_crisis"", ""referral_guidance""]",zh-CN,pending,617,"The WMAT, with technical support from the Johns Hopkins Center for American Indian Health, is the first community to establish and implement a comprehensive system which has been able to address these limitations and can serve as a model fo",,
WHO_LIVE_LIFE_2021_8e6e10f8_00267_a128b5f8f82b,WHO_LIVE_LIFE_2021,LIVE LIFE: an implementation guide for suicide prevention in countries,safety,safety_only,safety_route_only,"[""adolescents"", ""adults"", ""older_adults""]","[""self_harm"", ""suicidal_thoughts"", ""acute_crisis"", ""referral_guidance""]",zh-CN,pending,809,"The Johns Hopkins Center for American Indian Health worked with the WMAT to revise the referral form, develop an in-person follow-up form, design a computerized data gathering system, and employ and train the Celebrating Life team, a local ",,
WHO_LIVE_LIFE_2021_8e6e10f8_00268_17c581229242,WHO_LIVE_LIFE_2021,LIVE LIFE: an implementation guide for suicide prevention in countries,safety,safety_only,safety_route_only,"[""adolescents"", ""adults"", ""older_adults""]","[""self_harm"", ""suicidal_thoughts"", ""acute_crisis"", ""referral_guidance""]",zh-CN,pending,369,"Although national rates remained stable or have increased slightly, the overall White Mountain Apache suicide death rates decreased when their suicide surveillance system and comprehensive programming were active. Suicide attempts have also",,
WHO_LIVE_LIFE_2021_8e6e10f8_00269_03e731e932d1,WHO_LIVE_LIFE_2021,LIVE LIFE: an implementation guide for suicide prevention in countries,safety,safety_only,safety_route_only,"[""adolescents"", ""adults"", ""older_adults""]","[""self_harm"", ""suicidal_thoughts"", ""acute_crisis"", ""referral_guidance""]",zh-CN,pending,849,"52 | LIVE LIFE: PART A Table 9. Tips for implementation of surveillance Under-reporting • Because of the stigma attached to suicide in many countries, many suicides and suicide attempts go unreported or are reclassified. Awareness-raising a",,
WHO_LIVE_LIFE_2021_8e6e10f8_00270_5125c2ec4bb0,WHO_LIVE_LIFE_2021,LIVE LIFE: an implementation guide for suicide prevention in countries,safety,safety_only,safety_route_only,"[""adolescents"", ""adults"", ""older_adults""]","[""self_harm"", ""suicidal_thoughts"", ""acute_crisis"", ""referral_guidance""]",zh-CN,pending,863,It will be important to draw upon other sources of information (e.g. verbal autopsy/community surveillance) and to implement a basic system for registering suicide mortality (e.g. by working with people who register deaths in the community ,,
WHO_LIVE_LIFE_2021_8e6e10f8_00271_e90665ae0e2b,WHO_LIVE_LIFE_2021,LIVE LIFE: an implementation guide for suicide prevention in countries,safety,safety_only,safety_route_only,"[""adolescents"", ""adults"", ""older_adults""]","[""self_harm"", ""suicidal_thoughts"", ""acute_crisis"", ""referral_guidance""]",zh-CN,pending,812,"• Where more than one organization is responsible for gathering suicide data, differences in practice may lead to discrepancies. It is important that representatives from different organizations are included in planning, and that common gui",,
WHO_LIVE_LIFE_2021_8e6e10f8_00272_f724983d33a5,WHO_LIVE_LIFE_2021,LIVE LIFE: an implementation guide for suicide prevention in countries,safety,safety_only,safety_route_only,"[""adolescents"", ""adults"", ""older_adults""]","[""self_harm"", ""suicidal_thoughts"", ""acute_crisis"", ""referral_guidance""]",zh-CN,pending,667,"• Monitor the effectiveness of primary outcomes with accurate data collection, thus enabling subsequent adjustments to be made to enhance effectiveness. • Work with interested academics to set up surveillance systems that can advise public ",,
WHO_LIVE_LIFE_2021_8e6e10f8_00273_1c7ff61c6a00,WHO_LIVE_LIFE_2021,LIVE LIFE: an implementation guide for suicide prevention in countries,safety,safety_only,safety_route_only,"[""adolescents"", ""adults"", ""older_adults""]","[""self_harm"", ""suicidal_thoughts"", ""acute_crisis"", ""referral_guidance""]",zh-CN,pending,856,LIVE LIFE: PART A | 53 Monitoring and evaluation are essential for assessing whether suicide prevention is working. Monitoring involves planned and continuous or regular measurement of information that will help to assess the progress of LI,,
WHO_LIVE_LIFE_2021_8e6e10f8_00274_0170387af32f,WHO_LIVE_LIFE_2021,LIVE LIFE: an implementation guide for suicide prevention in countries,safety,safety_only,safety_route_only,"[""adolescents"", ""adults"", ""older_adults""]","[""self_harm"", ""suicidal_thoughts"", ""acute_crisis"", ""referral_guidance""]",zh-CN,pending,887,Such studies may need to be large to provide clear and relevant evidence for policy decisions. • Implementation. Were services delivered as intended and how well were they delivered? What had a positive impact on implementation and what wer,,
WHO_LIVE_LIFE_2021_8e6e10f8_00275_c0544435bba9,WHO_LIVE_LIFE_2021,LIVE LIFE: an implementation guide for suicide prevention in countries,safety,safety_only,safety_route_only,"[""adolescents"", ""adults"", ""older_adults""]","[""self_harm"", ""suicidal_thoughts"", ""acute_crisis"", ""referral_guidance""]",zh-CN,pending,894,Examples may include: • enforced restriction of access to means of suicide; • more responsible reporting of suicide in the media; • more young people trained in emotional life skills; • an increased number of people utilizing and accessing ,,
WHO_LIVE_LIFE_2021_8e6e10f8_00276_6796cd817405,WHO_LIVE_LIFE_2021,LIVE LIFE: an implementation guide for suicide prevention in countries,safety,safety_only,safety_route_only,"[""adolescents"", ""adults"", ""older_adults""]","[""self_harm"", ""suicidal_thoughts"", ""acute_crisis"", ""referral_guidance""]",zh-CN,pending,155,"interviews with stakeholders and project workers, population surveys, focus groups, research studies). MONITORING AND EVALUATION © WHO / Volodymyr Shuvayev",,
WHO_LIVE_LIFE_2021_8e6e10f8_00277_42dc1841642b,WHO_LIVE_LIFE_2021,LIVE LIFE: an implementation guide for suicide prevention in countries,safety,safety_only,safety_route_only,"[""adolescents"", ""adults"", ""older_adults""]","[""self_harm"", ""suicidal_thoughts"", ""acute_crisis"", ""referral_guidance""]",zh-CN,pending,847,54 | LIVE LIFE: PART A Monitoring and evaluation are necessary to assess whether LIVE LIFE is achieving its desired result of reducing suicide and self-harm. Monitoring and evaluation can indicate whether LIVE LIFE is working in the country,,
WHO_LIVE_LIFE_2021_8e6e10f8_00278_395283262fe2,WHO_LIVE_LIFE_2021,LIVE LIFE: an implementation guide for suicide prevention in countries,safety,safety_only,safety_route_only,"[""adolescents"", ""adults"", ""older_adults""]","[""self_harm"", ""suicidal_thoughts"", ""acute_crisis"", ""referral_guidance""]",zh-CN,pending,893,Informing key stakeholders and the public of progress can also help to foster accountability and community support. These data can be a powerful tool to seek and secure additional resources to support ongoing efforts. In addition to monitor,,
WHO_LIVE_LIFE_2021_8e6e10f8_00279_710093f16a97,WHO_LIVE_LIFE_2021,LIVE LIFE: an implementation guide for suicide prevention in countries,safety,safety_only,safety_route_only,"[""adolescents"", ""adults"", ""older_adults""]","[""self_harm"", ""suicidal_thoughts"", ""acute_crisis"", ""referral_guidance""]",zh-CN,pending,821,"This should include persons with the skills to plan and implement monitoring and evaluation (e.g. health epidemiologists, statisticians, data collectors). It can also be helpful to partner with academic institutions where possible to suppor",,
WHO_LIVE_LIFE_2021_8e6e10f8_00280_ba8b426baa77,WHO_LIVE_LIFE_2021,LIVE LIFE: an implementation guide for suicide prevention in countries,safety,safety_only,safety_route_only,"[""adolescents"", ""adults"", ""older_adults""]","[""self_harm"", ""suicidal_thoughts"", ""acute_crisis"", ""referral_guidance""]",zh-CN,pending,865,"Identify outcomes • On the basis of the situation analysis, identify desired outcomes and what the implementation of interventions is hoping to achieve. These outcomes should contribute to the principal goal of reducing suicide. (See Annex ",,
WHO_LIVE_LIFE_2021_8e6e10f8_00281_85b4fa87a6a4,WHO_LIVE_LIFE_2021,LIVE LIFE: an implementation guide for suicide prevention in countries,safety,safety_only,safety_route_only,"[""adolescents"", ""adults"", ""older_adults""]","[""self_harm"", ""suicidal_thoughts"", ""acute_crisis"", ""referral_guidance""]",zh-CN,pending,205,"Collect the data • Where possible, collect data continuously to allow for continued feedback. • Aim to summarize the data regularly (ideally quarterly) with monitoring reports to inform ongoing activities.",,
WHO_LIVE_LIFE_2021_8e6e10f8_00282_0bc766c0c934,WHO_LIVE_LIFE_2021,LIVE LIFE: an implementation guide for suicide prevention in countries,safety,safety_only,safety_route_only,"[""adolescents"", ""adults"", ""older_adults""]","[""self_harm"", ""suicidal_thoughts"", ""acute_crisis"", ""referral_guidance""]",zh-CN,pending,844,LIVE LIFE: PART A | 55 7. Evaluate the data • Analyse the data periodically (ideally every 1–2 years) and use this to evaluate whether the interventions have achieved the desired outcomes. 8. Communicate findings and respond to lessons lear,,
WHO_LIVE_LIFE_2021_8e6e10f8_00283_d00904b51fdc,WHO_LIVE_LIFE_2021,LIVE LIFE: an implementation guide for suicide prevention in countries,safety,safety_only,safety_route_only,"[""adolescents"", ""adults"", ""older_adults""]","[""self_harm"", ""suicidal_thoughts"", ""acute_crisis"", ""referral_guidance""]",zh-CN,pending,885,• One of the objectives of monitoring and evaluation is likely to be to improve data on suicide. Such data can be used to monitor progress periodically and identify areas where data availability or quality could be improved and where additi,,
