chunk_id,source_id,title,collection,use_mode,risk_scope,population_tags,topic_tags,language,review_status,char_count,content_preview,review_decision,review_comment
MOE_HIGHER_ED_MH_GUIDE_2018_38480b39_00000_bd7d39eacd9f,MOE_HIGHER_ED_MH_GUIDE_2018,高等学校学生心理健康教育指导纲要,campus_support,agent_policy_only,normal,"[""university_students"", ""young_adults"", ""adults""]","[""university_students"", ""mental_health_education"", ""counselling_services"", ""campus_support""]",zh-CN,pending,115,中共教育部党组关于印发《高等学校学生心理健康教育指导纲要》的通知 - 中华人民共和国教育部政府门户网站  Languages English Русский 日本語 Deutsch Français Español العربية,,
MOE_HIGHER_ED_MH_GUIDE_2018_38480b39_00001_04c9d8678d86,MOE_HIGHER_ED_MH_GUIDE_2018,高等学校学生心理健康教育指导纲要,campus_support,agent_policy_only,normal,"[""university_students"", ""young_adults"", ""adults""]","[""university_students"", ""mental_health_education"", ""counselling_services"", ""campus_support""]",zh-CN,pending,27,登录 | 注册 个人登录 法人登录 个人注册 法人注册,,
MOE_HIGHER_ED_MH_GUIDE_2018_38480b39_00002_49d150988097,MOE_HIGHER_ED_MH_GUIDE_2018,高等学校学生心理健康教育指导纲要,campus_support,agent_policy_only,normal,"[""university_students"", ""young_adults"", ""adults""]","[""university_students"", ""mental_health_education"", ""counselling_services"", ""campus_support""]",zh-CN,pending,95,信息名称：  中共教育部党组关于印发《高等学校学生心理健康教育指导纲要》的通知  信息索引：  360A12-04-2018-0015-1  生成日期：  2018-07-06  发文机构：,,
MOE_HIGHER_ED_MH_GUIDE_2018_38480b39_00003_9152d5d6af32,MOE_HIGHER_ED_MH_GUIDE_2018,高等学校学生心理健康教育指导纲要,campus_support,agent_policy_only,normal,"[""university_students"", ""young_adults"", ""adults""]","[""university_students"", ""mental_health_education"", ""counselling_services"", ""campus_support""]",zh-CN,pending,25,发文字号：  教党〔2018〕41号  信息类别：,,
MOE_HIGHER_ED_MH_GUIDE_2018_38480b39_00004_00eecfd49198,MOE_HIGHER_ED_MH_GUIDE_2018,高等学校学生心理健康教育指导纲要,campus_support,agent_policy_only,normal,"[""university_students"", ""young_adults"", ""adults""]","[""university_students"", ""mental_health_education"", ""counselling_services"", ""campus_support""]",zh-CN,pending,219,内容概述：  中共教育部党组印发《高等学校学生心理健康教育指导纲要》。  中共教育部党组关于印发 《高等学校学生心理健康教育指导纲要》的通知  教党〔2018〕41号  各省、自治区、直辖市党委教育工作部门、教育厅（教委），新疆生产建设兵团教育局，部属各高等学校党委、部省合建各高等学校党委：  《高等学校学生心理健康教育指导纲要》已经部党组会议审议通过，现印发给你们，请结合实际认真贯彻执行。有关落实情况，请及时报告我部思想政治工作司。,,
MOE_HIGHER_ED_MH_GUIDE_2018_38480b39_00005_c182461ed0f8,MOE_HIGHER_ED_MH_GUIDE_2018,高等学校学生心理健康教育指导纲要,campus_support,agent_policy_only,normal,"[""university_students"", ""young_adults"", ""adults""]","[""university_students"", ""mental_health_education"", ""counselling_services"", ""campus_support""]",zh-CN,pending,231,心理健康教育是提高大学生心理素质、促进其身心健康和谐发展的教育，是高校人才培养体系的重要组成部分，也是高校思想政治工作的重要内容。为深入学习贯彻习近平新时代中国特色社会主义思想和党的十九大精神，推动全国高校思想政治工作会议精神落地生根，切实加强高校思想政治工作体系建设，进一步提升心理育人质量，根据原国家卫生计生委、教育部等22部门联合印发的《关于加强心理健康服务的指导意见》和中共教育部党组《高校思想政治工作质量提升工程实施纲要》的工作要求，特制定本指导纲要。,,
MOE_HIGHER_ED_MH_GUIDE_2018_38480b39_00006_7d03d845d681,MOE_HIGHER_ED_MH_GUIDE_2018,高等学校学生心理健康教育指导纲要,campus_support,agent_policy_only,normal,"[""university_students"", ""young_adults"", ""adults""]","[""university_students"", ""mental_health_education"", ""counselling_services"", ""campus_support""]",zh-CN,pending,220,深入学习贯彻习近平新时代中国特色社会主义思想，全面贯彻党的教育方针，把立德树人的成效作为检验学校一切工作的根本标准，着力培养德智体美全面发展的社会主义建设者和接班人。坚持育心与育德相统一，加强人文关怀和心理疏导，规范发展心理健康教育与咨询服务，更好地适应和满足学生心理健康教育服务需求，引导学生正确认识义和利、群和己、成和败、得和失，培育学生自尊自信、理性平和、积极向上的健康心态，促进学生心理健康素质与思想道德素质、科学文化素质协调发展。,,
MOE_HIGHER_ED_MH_GUIDE_2018_38480b39_00007_63c8c2323ba1,MOE_HIGHER_ED_MH_GUIDE_2018,高等学校学生心理健康教育指导纲要,campus_support,agent_policy_only,normal,"[""university_students"", ""young_adults"", ""adults""]","[""university_students"", ""mental_health_education"", ""counselling_services"", ""campus_support""]",zh-CN,pending,150,教育教学、实践活动、咨询服务、预防干预“四位一体”的心理健康教育工作格局基本形成。心理健康教育的覆盖面、受益面不断扩大，学生心理健康意识明显增强，心理健康素质普遍提升。常见精神障碍和心理行为问题预防、识别、干预能力和水平不断提高。学生心理健康问题关注及时、措施得当、效果明显，心理疾病发生率明显下降。,,
MOE_HIGHER_ED_MH_GUIDE_2018_38480b39_00008_5e869e2f81e8,MOE_HIGHER_ED_MH_GUIDE_2018,高等学校学生心理健康教育指导纲要,campus_support,agent_policy_only,normal,"[""university_students"", ""young_adults"", ""adults""]","[""university_students"", ""mental_health_education"", ""counselling_services"", ""campus_support""]",zh-CN,pending,398,——科学性与实效性相结合。根据学生身心发展规律和心理健康教育规律，科学开展心理健康教育工作，逐步完善心理健康教育和咨询服务体系，切实提高学生心理健康水平，有效解决学生思想、心理和行为问题。  ——普遍性与特殊性相结合。坚持心理健康教育工作面向全体学生开展，对每个学生心理健康发展负责，关注学生个体差异，注重方式方法创新，分层分类开展心理健康教育，满足不同学生群体心理健康服务需求。  ——主导性与主体性相结合。充分发挥心理健康教育教师、心理咨询师、辅导员、班主任等育人主体的主导作,,
MOE_HIGHER_ED_MH_GUIDE_2018_38480b39_00009_6f6b93f4be4f,MOE_HIGHER_ED_MH_GUIDE_2018,高等学校学生心理健康教育指导纲要,campus_support,agent_policy_only,normal,"[""university_students"", ""young_adults"", ""adults""]","[""university_students"", ""mental_health_education"", ""counselling_services"", ""campus_support""]",zh-CN,pending,289,1.推进知识教育。健全心理健康教育课程体系，结合实际，把心理健康教育课程纳入学校整体教学计划，规范课程设置，对新生开设心理健康教育公共必修课，大力倡导面向全体学生开设心理健康教育选修和辅修课程，实现大学生心理健康教育全覆盖。公共必修课程原则上应设置2个学分、32—36个学时。完善心理健康教育教材体系，组织编写大学生心理健康教育示范教材，科学规范教学内容。开发建设《大学生心理健康》等在线课程，丰富教育教学形式。创新心理健康教育教学手段，有效改进教学方法，通过线下线上、案例教学、,,
MOE_HIGHER_ED_MH_GUIDE_2018_38480b39_00010_89a1b8ca022c,MOE_HIGHER_ED_MH_GUIDE_2018,高等学校学生心理健康教育指导纲要,campus_support,agent_policy_only,normal,"[""university_students"", ""young_adults"", ""adults""]","[""university_students"", ""mental_health_education"", ""counselling_services"", ""campus_support""]",zh-CN,pending,419,2.开展宣传活动。加强宣传普及，通过举办心理健康教育月、“5·25”大学生心理健康节等形式多样的主题教育活动，组织开展各种有益于大学生身心健康的文体娱乐活动和心理素质拓展活动，不断增强心理健康教育吸引力和感染力。拓展传播渠道，充分利用广播、电视、书刊、影视、动漫等传播形式，组织创作、展示心理健康宣传教育精品和公益广告，传播自尊自信、乐观向上的现代文明理念和心理健康意识。创新宣传方式，主动占领网络心理健康教育新阵地，建设好融思想性、知识性、趣味性、服务性于一体的心理健康教育网站,,
MOE_HIGHER_ED_MH_GUIDE_2018_38480b39_00011_5fdbb3d875f1,MOE_HIGHER_ED_MH_GUIDE_2018,高等学校学生心理健康教育指导纲要,campus_support,agent_policy_only,normal,"[""university_students"", ""young_adults"", ""adults""]","[""university_students"", ""mental_health_education"", ""counselling_services"", ""campus_support""]",zh-CN,pending,307,3.强化咨询服务。优化心理咨询服务平台，加强硬件设施建设，设立心理发展辅导室、心理测评室、积极心理体验中心、团体活动室、综合素质训练室等，积极构建教育与指导、咨询与自助、自助与他助紧密结合的心理健康教育与咨询服务体系。完善体制机制，健全心理健康教育与咨询的值班、预约、转介、重点反馈等制度，通过个体咨询、团体辅导、电话咨询、网络咨询等多种形式，向学生提供经常、及时、有效的心理健康指导与咨询服务。实施分类引导，针对不同学段、不同专业学生，精准施策，因材施教，把解决思想问题、心理问,,
MOE_HIGHER_ED_MH_GUIDE_2018_38480b39_00012_97d82227bdaf,MOE_HIGHER_ED_MH_GUIDE_2018,高等学校学生心理健康教育指导纲要,campus_support,agent_policy_only,normal,"[""university_students"", ""young_adults"", ""adults""]","[""university_students"", ""mental_health_education"", ""counselling_services"", ""campus_support""]",zh-CN,pending,349,4.加强预防干预。完善心理测评方式，优化量表选用，禁止使用可能损害学生心理健康的方法和仪器。科学分析经济社会快速发展、互联网新媒体应用快速推进、个人成长历程、家庭环境等因素对学生心理健康的深刻影响，准确把握学生心理健康状况及变化规律，不断提高心理健康素质测评覆盖面和科学性。健全心理危机预防和快速反应机制，建立学校、院系、班级、宿舍“四级”预警防控体系，完善心理危机干预工作预案，做好对心理危机学生的跟踪服务，注重做好特殊时期、不同季节的心理危机预防与干预工作，定期开展案例督导和,,
MOE_HIGHER_ED_MH_GUIDE_2018_38480b39_00013_796208f0e9cd,MOE_HIGHER_ED_MH_GUIDE_2018,高等学校学生心理健康教育指导纲要,campus_support,agent_policy_only,normal,"[""university_students"", ""young_adults"", ""adults""]","[""university_students"", ""mental_health_education"", ""counselling_services"", ""campus_support""]",zh-CN,pending,486,1.队伍建设。各高校要建设一支以专职教师为骨干、以兼职教师为补充，专兼结合、专业互补、相对稳定、素质良好的心理健康教育师资队伍。心理健康教育专职教师要具有从事大学生心理健康教育的相关学历和专业资质，要按照师生比不低于1:4000配备，每校至少配备2名。心理健康教育师资队伍原则上应纳入高校思想政治工作队伍管理，要落实好职务（职称）评聘工作。设有教育学、心理学教学机构的高校，可同时纳入相应专业队伍管理。积极组织开展师资队伍培训，保证心理健康教育专职教师每年接受不低于40学时的专业,,
MOE_HIGHER_ED_MH_GUIDE_2018_38480b39_00014_41b8c0d45aa8,MOE_HIGHER_ED_MH_GUIDE_2018,高等学校学生心理健康教育指导纲要,campus_support,agent_policy_only,normal,"[""university_students"", ""young_adults"", ""adults""]","[""university_students"", ""mental_health_education"", ""counselling_services"", ""campus_support""]",zh-CN,pending,498,1.组织管理。各级教育工作部门要切实加强对学生心理健康教育工作的统一领导和统筹规划，积极支持开展大学生心理健康教育工作，要将心理健康教育工作作为高校思想政治工作测评和文明校园创建的重要内容。各高校要将心理健康教育纳入学校改革发展整体规划，纳入人才培养体系、思想政治工作体系和督导评估指标体系。要明确心理健康教育工作牵头负责职能部门，构建校内各部门统筹协调机制，研究制定心理健康教育的工作规划和相关制度。  2.评估督导。各级教育工作部门要研究制定大学生心理健康教育工作的评价与督导,,
MOE_HIGHER_ED_MH_GUIDE_2018_38480b39_00015_eb0a894639ec,MOE_HIGHER_ED_MH_GUIDE_2018,高等学校学生心理健康教育指导纲要,campus_support,agent_policy_only,normal,"[""university_students"", ""young_adults"", ""adults""]","[""university_students"", ""mental_health_education"", ""counselling_services"", ""campus_support""]",zh-CN,pending,37,全国民办高校和中外合作办学类高校学生心理健康教育工作，参照本指导纲要执行。,,
MOE_HIGHER_ED_MH_GUIDE_2018_38480b39_00016_706df1321999,MOE_HIGHER_ED_MH_GUIDE_2018,高等学校学生心理健康教育指导纲要,campus_support,agent_policy_only,normal,"[""university_students"", ""young_adults"", ""adults""]","[""university_students"", ""mental_health_education"", ""counselling_services"", ""campus_support""]",zh-CN,pending,83,版权所有：中华人民共和国教育部 中文域名：教育部.政务  京ICP备10028400号-1 京公网安备11010202007625号 网站标识码：bm05000001,,
MOE_STUDENT_MH_ACTION_2023_2025_d65ad4ad_00000_75f2cc517a19,MOE_STUDENT_MH_ACTION_2023_2025,全面加强和改进新时代学生心理健康工作专项行动计划（2023—2025年）,campus_support,agent_policy_only,normal,"[""university_students"", ""young_adults"", ""adults""]","[""student_mental_health"", ""prevention"", ""monitoring"", ""counselling"", ""intervention"", ""campus_support""]",zh-CN,pending,136,教育部等十七部门关于印发《全面加强和改进新时代学生心理健康工作专项行动计划（2023—2025年）》的通知 - 中华人民共和国教育部政府门户网站  Languages English Русский 日本語 Deutsch Français Español العربية,,
MOE_STUDENT_MH_ACTION_2023_2025_d65ad4ad_00001_04c9d8678d86,MOE_STUDENT_MH_ACTION_2023_2025,全面加强和改进新时代学生心理健康工作专项行动计划（2023—2025年）,campus_support,agent_policy_only,normal,"[""university_students"", ""young_adults"", ""adults""]","[""student_mental_health"", ""prevention"", ""monitoring"", ""counselling"", ""intervention"", ""campus_support""]",zh-CN,pending,27,登录 | 注册 个人登录 法人登录 个人注册 法人注册,,
MOE_STUDENT_MH_ACTION_2023_2025_d65ad4ad_00002_1ad3fa7cab15,MOE_STUDENT_MH_ACTION_2023_2025,全面加强和改进新时代学生心理健康工作专项行动计划（2023—2025年）,campus_support,agent_policy_only,normal,"[""university_students"", ""young_adults"", ""adults""]","[""student_mental_health"", ""prevention"", ""monitoring"", ""counselling"", ""intervention"", ""campus_support""]",zh-CN,pending,116,信息名称：  教育部等十七部门关于印发《全面加强和改进新时代学生心理健康工作专项行动计划（2023—2025年）》的通知  信息索引：  360A17-08-2023-0011-1  生成日期：  2023-04-27  发文机构：,,
MOE_STUDENT_MH_ACTION_2023_2025_d65ad4ad_00003_5d4b849a8d86,MOE_STUDENT_MH_ACTION_2023_2025,全面加强和改进新时代学生心理健康工作专项行动计划（2023—2025年）,campus_support,agent_policy_only,normal,"[""university_students"", ""young_adults"", ""adults""]","[""student_mental_health"", ""prevention"", ""monitoring"", ""counselling"", ""intervention"", ""campus_support""]",zh-CN,pending,25,发文字号：  教体艺〔2023〕1号  信息类别：,,
MOE_STUDENT_MH_ACTION_2023_2025_d65ad4ad_00004_33d3e6091432,MOE_STUDENT_MH_ACTION_2023_2025,全面加强和改进新时代学生心理健康工作专项行动计划（2023—2025年）,campus_support,agent_policy_only,normal,"[""university_students"", ""young_adults"", ""adults""]","[""student_mental_health"", ""prevention"", ""monitoring"", ""counselling"", ""intervention"", ""campus_support""]",zh-CN,pending,392,内容概述：  教育部等十七部门印发《全面加强和改进新时代学生心理健康工作专项行动计划（2023—2025年）》。  教育部等十七部门关于印发《全面加强和 改进新时代学生心理健康工作专项行动 计划（2023—2025年）》的通知  教体艺〔2023〕1号  各省、自治区、直辖市教育厅（教委）、检察院、党委宣传部、网信办、科技厅（局）、公安厅（局）、民政厅（局）、财政厅（局）、卫生健康委、广电局、体育局、妇儿工委办公室、团委、妇联、关工委、科协，新疆生产建设兵团教育局、检察院、党,,
MOE_STUDENT_MH_ACTION_2023_2025_d65ad4ad_00005_6d0a35921c3b,MOE_STUDENT_MH_ACTION_2023_2025,全面加强和改进新时代学生心理健康工作专项行动计划（2023—2025年）,campus_support,agent_policy_only,normal,"[""university_students"", ""young_adults"", ""adults""]","[""student_mental_health"", ""prevention"", ""monitoring"", ""counselling"", ""intervention"", ""campus_support""]",zh-CN,pending,189,专项行动计划（2023—2025年）  促进学生身心健康、全面发展，是党中央关心、人民群众关切、社会关注的重大课题。随着经济社会快速发展，学生成长环境不断变化，叠加新冠疫情影响，学生心理健康问题更加凸显。为认真贯彻党的二十大精神，贯彻落实《中国教育现代化2035》《国务院关于实施健康中国行动的意见》，全面加强和改进新时代学生心理健康工作，提升学生心理健康素养，制定本行动计划。,,
MOE_STUDENT_MH_ACTION_2023_2025_d65ad4ad_00006_a39b9c7d01e4,MOE_STUDENT_MH_ACTION_2023_2025,全面加强和改进新时代学生心理健康工作专项行动计划（2023—2025年）,campus_support,agent_policy_only,normal,"[""university_students"", ""young_adults"", ""adults""]","[""student_mental_health"", ""prevention"", ""monitoring"", ""counselling"", ""intervention"", ""campus_support""]",zh-CN,pending,434,（一）指导思想  以习近平新时代中国特色社会主义思想为指导，全面贯彻党的教育方针，坚持为党育人、为国育才，落实立德树人根本任务，坚持健康第一的教育理念，切实把心理健康工作摆在更加突出位置，统筹政策与制度、学科与人才、技术与环境，贯通大中小学各学段，贯穿学校、家庭、社会各方面，培育学生热爱生活、珍视生命、自尊自信、理性平和、乐观向上的心理品质和不懈奋斗、荣辱不惊、百折不挠的意志品质，促进学生思想道德素质、科学文化素质和身心健康素质协调发展，培养担当民族复兴大任的时代新人。  （,,
MOE_STUDENT_MH_ACTION_2023_2025_d65ad4ad_00007_54f891fdc53c,MOE_STUDENT_MH_ACTION_2023_2025,全面加强和改进新时代学生心理健康工作专项行动计划（2023—2025年）,campus_support,agent_policy_only,normal,"[""university_students"", ""young_adults"", ""adults""]","[""student_mental_health"", ""prevention"", ""monitoring"", ""counselling"", ""intervention"", ""campus_support""]",zh-CN,pending,324,——坚持提升能力。统筹教师、教材、课程、学科、专业等建设，加强学生心理健康工作体系建设，全方位强化学生心理健康教育，健全心理问题预防和监测机制，主动干预，增强学生心理健康工作科学性、针对性和有效性。  ——坚持系统治理。健全多部门联动和学校、家庭、社会协同育人机制，聚焦影响学生心理健康的核心要素、关键领域和重点环节，补短板、强弱项，系统强化学生心理健康工作。  （三）工作目标  健康教育、监测预警、咨询服务、干预处置“四位一体”的学生心理健康工作体系更加健全，学校、家庭、社会,,
MOE_STUDENT_MH_ACTION_2023_2025_d65ad4ad_00008_a176007921b7,MOE_STUDENT_MH_ACTION_2023_2025,全面加强和改进新时代学生心理健康工作专项行动计划（2023—2025年）,campus_support,agent_policy_only,normal,"[""university_students"", ""young_adults"", ""adults""]","[""student_mental_health"", ""prevention"", ""monitoring"", ""counselling"", ""intervention"", ""campus_support""]",zh-CN,pending,496,（一）五育并举促进心理健康  1.以德育心。将学生心理健康教育贯穿德育思政工作全过程，融入教育教学、管理服务和学生成长各环节，纳入“三全育人”大格局，坚定理想信念，厚植爱国情怀，引导学生扣好人生第一粒扣子，树立正确的世界观、人生观、价值观。  2.以智慧心。优化教育教学内容和方式，有效减轻义务教育阶段学生作业负担和校外培训负担。教师要注重学习掌握心理学知识，在学科教学中注重维护学生心理健康，既教书，又育人。  3.以体强心。发挥体育调节情绪、疏解压力作用，实施学校体育固本行动,,
MOE_STUDENT_MH_ACTION_2023_2025_d65ad4ad_00009_c2adb72983bf,MOE_STUDENT_MH_ACTION_2023_2025,全面加强和改进新时代学生心理健康工作专项行动计划（2023—2025年）,campus_support,agent_policy_only,normal,"[""university_students"", ""young_adults"", ""adults""]","[""student_mental_health"", ""prevention"", ""monitoring"", ""counselling"", ""intervention"", ""campus_support""]",zh-CN,pending,321,6.开设心理健康相关课程。中小学校要结合相关课程开展心理健康教育。中等职业学校按规定开足思想政治课“心理健康与职业生涯”模块学时。高等职业学校按规定将心理健康教育等课程列为公共基础必修或限定选修课。普通高校要开设心理健康必修课，原则上应设置2个学分（32—36学时），有条件的高校可开设更多样、更有针对性的心理健康选修课。举办高等学历继续教育的高校要按规定开设适合成人特点的心理健康课程。托幼机构应遵循儿童生理、心理特点，创设活动场景，培养积极心理品质。  7.发挥课堂教学作用。,,
MOE_STUDENT_MH_ACTION_2023_2025_d65ad4ad_00010_e0a6ebb9a418,MOE_STUDENT_MH_ACTION_2023_2025,全面加强和改进新时代学生心理健康工作专项行动计划（2023—2025年）,campus_support,agent_policy_only,normal,"[""university_students"", ""young_adults"", ""adults""]","[""student_mental_health"", ""prevention"", ""monitoring"", ""counselling"", ""intervention"", ""campus_support""]",zh-CN,pending,411,8.全方位开展心理健康教育。组织编写大中小学生心理健康读本，扎实推进心理健康教育普及。向家长、校长、班主任和辅导员等群体提供学生常见心理问题操作指南等心理健康“服务包”。依托“师生健康 中国健康”主题教育、“全国大中学生心理健康日”、职业院校“文明风采”活动、中考和高考等重要活动和时间节点，多渠道、多形式开展心理健康教育。发挥共青团、少先队、学生会（研究生会）、学生社团、学校聘请的社会工作者等作用，增强同伴支持，融洽师生同学关系。  （三）规范心理健康监测  9.加强心理健康,,
MOE_STUDENT_MH_ACTION_2023_2025_d65ad4ad_00011_febce5f08f37,MOE_STUDENT_MH_ACTION_2023_2025,全面加强和改进新时代学生心理健康工作专项行动计划（2023—2025年）,campus_support,agent_policy_only,normal,"[""university_students"", ""young_adults"", ""adults""]","[""student_mental_health"", ""prevention"", ""monitoring"", ""counselling"", ""intervention"", ""campus_support""]",zh-CN,pending,243,10.开展心理健康测评。坚持预防为主、关口前移，定期开展学生心理健康测评。县级教育部门要组织区域内中小学开展心理健康测评，用好开学重要时段，每学年面向小学高年级、初中、高中、中等职业学校等学生至少开展一次心理健康测评，指导学校科学规范运用测评结果，建立“一生一策”心理健康档案。高校每年应在新生入校后适时开展心理健康测评，鼓励有条件的高校合理增加测评频次和范围，科学分析、合理应用测评结果，分类制定心理健康教育方案。建立健全测评数据安全保护机制，防止信息泄露。  （四）完善心理预,,
MOE_STUDENT_MH_ACTION_2023_2025_d65ad4ad_00012_2ac4ac3e3c52,MOE_STUDENT_MH_ACTION_2023_2025,全面加强和改进新时代学生心理健康工作专项行动计划（2023—2025年）,campus_support,agent_policy_only,normal,"[""university_students"", ""young_adults"", ""adults""]","[""student_mental_health"", ""prevention"", ""monitoring"", ""counselling"", ""intervention"", ""campus_support""]",zh-CN,pending,495,11.健全预警体系。县级教育部门要依托有关单位建设区域性中小学生心理辅导中心，规范心理咨询辅导服务，定期面向区域内中小学提供业务指导、技能培训。中小学校要加强心理辅导室建设，开展预警和干预工作。鼓励高中、高校班级探索设置心理委员。高校要强化心理咨询服务平台建设，完善“学校—院系—班级—宿舍/个人”四级预警网络，辅导员、班主任定期走访学生宿舍，院系定期研判学生心理状况。重点关注面临学业就业压力、经济困难、情感危机、家庭变故、校园欺凌等风险因素以及校外实习、社会实践等学习生活环境,,
MOE_STUDENT_MH_ACTION_2023_2025_d65ad4ad_00013_240286f3deb8,MOE_STUDENT_MH_ACTION_2023_2025,全面加强和改进新时代学生心理健康工作专项行动计划（2023—2025年）,campus_support,agent_policy_only,normal,"[""university_students"", ""young_adults"", ""adults""]","[""student_mental_health"", ""prevention"", ""monitoring"", ""counselling"", ""intervention"", ""campus_support""]",zh-CN,pending,278,（五）建强心理人才队伍  13.提升人才培养质量。完善《心理学类教学质量国家标准》。加强心理学、应用心理学、社会工作等相关学科专业和心理学类拔尖学生培养基地建设。支持高校辅导员攻读心理学、社会工作等相关学科专业硕士学位，适当增加高校思想政治工作骨干在职攻读博士学位专项计划心理学相关专业名额。  14.配齐心理健康教师。高校按师生比例不低于1：4000配备专职心理健康教育教师，且每校至少配备2名。中小学每校至少配备1名专（兼）职心理健康教育教师，鼓励配备具有心理学专业背景的专职,,
MOE_STUDENT_MH_ACTION_2023_2025_d65ad4ad_00014_dbaa69f2cecc,MOE_STUDENT_MH_ACTION_2023_2025,全面加强和改进新时代学生心理健康工作专项行动计划（2023—2025年）,campus_support,agent_policy_only,normal,"[""university_students"", ""young_adults"", ""adults""]","[""student_mental_health"", ""prevention"", ""monitoring"", ""counselling"", ""intervention"", ""campus_support""]",zh-CN,pending,489,15.畅通教师发展渠道。组织研制心理健康教育教师专业标准，形成与心理健康教育教师资格制度、教师职称制度相互衔接的教师专业发展制度体系。心理健康教育教师职称评审可纳入思政、德育教师系列或单独评审。面向中小学校班主任和少先队辅导员、高校辅导员、研究生导师等开展个体心理发展、健康教育基本知识和技能全覆盖培训，定期对心理健康教育教师开展职业技能培训。多措并举加强教师心理健康工作，支持社会力量、专业医疗机构参与教师心理健康教育能力提升行动，用好家校社协同心理关爱平台，推进教师心理健康教,,
MOE_STUDENT_MH_ACTION_2023_2025_d65ad4ad_00015_5f5e2e33a47b,MOE_STUDENT_MH_ACTION_2023_2025,全面加强和改进新时代学生心理健康工作专项行动计划（2023—2025年）,campus_support,agent_policy_only,normal,"[""university_students"", ""young_adults"", ""adults""]","[""student_mental_health"", ""prevention"", ""monitoring"", ""counselling"", ""intervention"", ""campus_support""]",zh-CN,pending,429,18.提升社会心理服务能力。卫生健康部门加强儿童医院、精神专科医院和妇幼保健机构儿童心理咨询及专科门诊建设，完善医疗卫生机构儿童青少年心理健康服务标准规范，加强综合监管。民政、卫生健康、共青团和少先队、妇联等部门协同搭建社区心理服务平台，支持专业社工、志愿者等开展儿童青少年心理健康服务。对已建有热线的精神卫生医疗机构及12345政务服务便民热线（含12320公共卫生热线）、共青团12355青少年服务热线等工作人员开展儿童青少年心理健康知识培训，提供专业化服务，向儿童青少年广泛,,
MOE_STUDENT_MH_ACTION_2023_2025_d65ad4ad_00016_753dd551b370,MOE_STUDENT_MH_ACTION_2023_2025,全面加强和改进新时代学生心理健康工作专项行动计划（2023—2025年）,campus_support,agent_policy_only,normal,"[""university_students"", ""young_adults"", ""adults""]","[""student_mental_health"", ""prevention"", ""monitoring"", ""counselling"", ""intervention"", ""campus_support""]",zh-CN,pending,488,20.加强未成年人保护。文明办指导推动地方加强未成年人心理健康成长辅导中心建设，拓展服务内容，增强服务能力。检察机关推动建立集取证、心理疏导、身体检查等功能于一体的未成年被害人“一站式”办案区，在涉未成年人案件办理中全面推行“督促监护令”，会同有关部门全面开展家庭教育指导工作。关工委组织发挥广大“五老”优势作用，推动“五老”工作室建设，关注未成年人心理健康教育。  （八）营造健康成长环境  21.规范开展科普宣传。科协、教育、卫生健康等部门充分利用广播、电视、网络等媒体平台和,,
MOE_STUDENT_MH_ACTION_2023_2025_d65ad4ad_00017_9171a84b6851,MOE_STUDENT_MH_ACTION_2023_2025,全面加强和改进新时代学生心理健康工作专项行动计划（2023—2025年）,campus_support,agent_policy_only,normal,"[""university_students"", ""young_adults"", ""adults""]","[""student_mental_health"", ""prevention"", ""monitoring"", ""counselling"", ""intervention"", ""campus_support""]",zh-CN,pending,378,（一）加强组织领导。将学生心理健康工作纳入对省级人民政府履行教育职责的评价，纳入学校改革发展整体规划，纳入人才培养体系和督导评估指标体系，作为各级各类学校办学水平评估和领导班子年度考核重要内容。成立全国学生心理健康工作咨询委员会。各地要探索建立省级统筹、市为中心、县为基地、学校布点的学生心理健康分级管理体系，健全部门协作、社会动员、全民参与的学生心理健康工作机制。  （二）落实经费投入。各地要加大统筹力度，优化支出结构，切实加强学生心理健康工作经费保障。学校应将所需经费纳入预,,
MOE_STUDENT_MH_ACTION_2023_2025_d65ad4ad_00018_706df1321999,MOE_STUDENT_MH_ACTION_2023_2025,全面加强和改进新时代学生心理健康工作专项行动计划（2023—2025年）,campus_support,agent_policy_only,normal,"[""university_students"", ""young_adults"", ""adults""]","[""student_mental_health"", ""prevention"", ""monitoring"", ""counselling"", ""intervention"", ""campus_support""]",zh-CN,pending,83,版权所有：中华人民共和国教育部 中文域名：教育部.政务  京ICP备10028400号-1 京公网安备11010202007625号 网站标识码：bm05000001,,
WHO_DEMENTIA_ACTION_PLAN_2017_4a7a37c5_00000_5482fee0161e,WHO_DEMENTIA_ACTION_PLAN_2017,Global action plan on the public health response to dementia 2017-2025,professional_knowledge,psychoeducation_only,normal,"[""older_adults"", ""caregivers"", ""family_members_supporting_others""]","[""dementia"", ""caregiving_stress"", ""social_support""]",zh-CN,pending,72,Global action plan on the public health response to dementia 2017 - 2025,,
WHO_DEMENTIA_ACTION_PLAN_2017_4a7a37c5_00001_b64888a47a3c,WHO_DEMENTIA_ACTION_PLAN_2017,Global action plan on the public health response to dementia 2017-2025,professional_knowledge,psychoeducation_only,normal,"[""older_adults"", ""caregivers"", ""family_members_supporting_others""]","[""dementia"", ""caregiving_stress"", ""social_support""]",zh-CN,pending,775,"Global action plan on the public health response to dementia 2017–2025 ISBN 978–92–4–151348–7 © World Health Organization, 2017 Some rights reserved. This work is available under the Creative Commons Attribution-NonCommercial-ShareAlike 3.0",,
WHO_DEMENTIA_ACTION_PLAN_2017_4a7a37c5_00002_fcf7336fb787,WHO_DEMENTIA_ACTION_PLAN_2017,Global action plan on the public health response to dementia 2017-2025,professional_knowledge,psychoeducation_only,normal,"[""older_adults"", ""caregivers"", ""family_members_supporting_others""]","[""dementia"", ""caregiving_stress"", ""social_support""]",zh-CN,pending,855,"If you create a translation of this work, you should add the following disclaimer along with the suggested citation: “This translation was not created by the World Health Organization (WHO). WHO is not responsible for the content or accurac",,
WHO_DEMENTIA_ACTION_PLAN_2017_4a7a37c5_00003_f884edc130f9,WHO_DEMENTIA_ACTION_PLAN_2017,Global action plan on the public health response to dementia 2017-2025,professional_knowledge,psychoeducation_only,normal,"[""older_adults"", ""caregivers"", ""family_members_supporting_others""]","[""dementia"", ""caregiving_stress"", ""social_support""]",zh-CN,pending,843,"To submit requests for commercial use and queries on rights and licensing, see http:/ /www.who.int/about/licensing. Third-party materials. If you wish to reuse material from this work that is attributed to a third party, such as tables, fig",,
WHO_DEMENTIA_ACTION_PLAN_2017_4a7a37c5_00004_4ed895456a9f,WHO_DEMENTIA_ACTION_PLAN_2017,Global action plan on the public health response to dementia 2017-2025,professional_knowledge,psychoeducation_only,normal,"[""older_adults"", ""caregivers"", ""family_members_supporting_others""]","[""dementia"", ""caregiving_stress"", ""social_support""]",zh-CN,pending,828,Dotted and dashed lines on maps represent approximate border lines for which there may not yet be full agreement. The mention of specific companies or of certain manufacturers’ products does not imply that they are endorsed or recommended b,,
WHO_DEMENTIA_ACTION_PLAN_2017_4a7a37c5_00005_06312685fbb1,WHO_DEMENTIA_ACTION_PLAN_2017,Global action plan on the public health response to dementia 2017-2025,professional_knowledge,psychoeducation_only,normal,"[""older_adults"", ""caregivers"", ""family_members_supporting_others""]","[""dementia"", ""caregiving_stress"", ""social_support""]",zh-CN,pending,679,"Layout by blossoming.it Printed by the WHO Document Production Services, Geneva, Switzerland. FOREWORD Dementia is a major cause of disability and dependency among older adults worldwide, affecting memory, cognitive abilities, and behavior,",,
WHO_DEMENTIA_ACTION_PLAN_2017_4a7a37c5_00006_90aa8c8e8e22,WHO_DEMENTIA_ACTION_PLAN_2017,Global action plan on the public health response to dementia 2017-2025,professional_knowledge,psychoeducation_only,normal,"[""older_adults"", ""caregivers"", ""family_members_supporting_others""]","[""dementia"", ""caregiving_stress"", ""social_support""]",zh-CN,pending,590,"It is an important opportunity for individuals, communities and Member States to realize the vision of a world in which dementia is prevented and people with dementia and their carers receive the care and support they need to live a life wi",,
WHO_DEMENTIA_ACTION_PLAN_2017_4a7a37c5_00007_c3bc725b763f,WHO_DEMENTIA_ACTION_PLAN_2017,Global action plan on the public health response to dementia 2017-2025,professional_knowledge,psychoeducation_only,normal,"[""older_adults"", ""caregivers"", ""family_members_supporting_others""]","[""dementia"", ""caregiving_stress"", ""social_support""]",zh-CN,pending,900,"CONTENT Overview of the global situation Vision, goals and cross-cutting principles Actions and targets for Member States, the Secretariat and international, regional and national partners Action areas Action area 1: Dementia as a public he",,
WHO_DEMENTIA_ACTION_PLAN_2017_4a7a37c5_00008_aabe992a5b60,WHO_DEMENTIA_ACTION_PLAN_2017,Global action plan on the public health response to dementia 2017-2025,professional_knowledge,psychoeducation_only,normal,"[""older_adults"", ""caregivers"", ""family_members_supporting_others""]","[""dementia"", ""caregiving_stress"", ""social_support""]",zh-CN,pending,139,"lans, strategies and programmes List of other documents that are linked to the global action plan on the public health response to dementia",,
WHO_DEMENTIA_ACTION_PLAN_2017_4a7a37c5_00009_df1e18858269,WHO_DEMENTIA_ACTION_PLAN_2017,Global action plan on the public health response to dementia 2017-2025,professional_knowledge,psychoeducation_only,normal,"[""older_adults"", ""caregivers"", ""family_members_supporting_others""]","[""dementia"", ""caregiving_stress"", ""social_support""]",zh-CN,pending,803,"2 3 OVERVIEW OF THE GLOBAL SITUATION 1. Dementia is an umbrella term for several diseases that are mostly progressive, affecting memory, other cognitive abilities and behaviour, and that interfere significantly with a person’s ability to ma",,
WHO_DEMENTIA_ACTION_PLAN_2017_4a7a37c5_00010_bff4f4c13663,WHO_DEMENTIA_ACTION_PLAN_2017,Global action plan on the public health response to dementia 2017-2025,professional_knowledge,psychoeducation_only,normal,"[""older_adults"", ""caregivers"", ""family_members_supporting_others""]","[""dementia"", ""caregiving_stress"", ""social_support""]",zh-CN,pending,803,Recent reviews estimate that globally nearly 9.9 million people develop dementia each year; this figure translates into one new case every three seconds. Nearly 60% of people with dementia currently live in low- and middle-income countries ,,
WHO_DEMENTIA_ACTION_PLAN_2017_4a7a37c5_00011_e0fcc5d03f0d,WHO_DEMENTIA_ACTION_PLAN_2017,Global action plan on the public health response to dementia 2017-2025,professional_knowledge,psychoeducation_only,normal,"[""older_adults"", ""caregivers"", ""family_members_supporting_others""]","[""dementia"", ""caregiving_stress"", ""social_support""]",zh-CN,pending,896,"These risk factors include physical inactivity, obesity, unbalanced diets, tobacco use and harmful use of alcohol as well as diabetes mellitus and mid-life hypertension. Other potentially modifiable risk factors more specific to dementia in",,
WHO_DEMENTIA_ACTION_PLAN_2017_4a7a37c5_00012_c30aae706a74,WHO_DEMENTIA_ACTION_PLAN_2017,Global action plan on the public health response to dementia 2017-2025,professional_knowledge,psychoeducation_only,normal,"[""older_adults"", ""caregivers"", ""family_members_supporting_others""]","[""dementia"", ""caregiving_stress"", ""social_support""]",zh-CN,pending,721,"Prince M, Wimo A, Guerchet M, Ali GC, Wu Yutzu, Prina M. World Alzheimer Report 2015. The global impact of dementia: an analysis of prevalence, incidence, cost and trends. London: Alzheimer’s Disease International; 2015. 4. Alzheimer’s Dise",,
WHO_DEMENTIA_ACTION_PLAN_2017_4a7a37c5_00013_877f02508f4d,WHO_DEMENTIA_ACTION_PLAN_2017,Global action plan on the public health response to dementia 2017-2025,professional_knowledge,psychoeducation_only,normal,"[""older_adults"", ""caregivers"", ""family_members_supporting_others""]","[""dementia"", ""caregiving_stress"", ""social_support""]",zh-CN,pending,534,"Dementia accounts for 11.9% of the years lived with disability due to a noncommunicable disease.1 In light of the improved life expectancy globally, this figure is expected to increase further. 5. Dementia leads to increased costs for gover",,
WHO_DEMENTIA_ACTION_PLAN_2017_4a7a37c5_00014_83c725febf00,WHO_DEMENTIA_ACTION_PLAN_2017,Global action plan on the public health response to dementia 2017-2025,professional_knowledge,psychoeducation_only,normal,"[""older_adults"", ""caregivers"", ""family_members_supporting_others""]","[""dementia"", ""caregiving_stress"", ""social_support""]",zh-CN,pending,844,"By 2030, it is estimated that the cost of caring for people with dementia worldwide will have risen to US$ 2 trillion, a total that could undermine social and economic development globally and overwhelm health and social services, including",,
WHO_DEMENTIA_ACTION_PLAN_2017_4a7a37c5_00015_27e6a7ea1f62,WHO_DEMENTIA_ACTION_PLAN_2017,Global action plan on the public health response to dementia 2017-2025,professional_knowledge,psychoeducation_only,normal,"[""older_adults"", ""caregivers"", ""family_members_supporting_others""]","[""dementia"", ""caregiving_stress"", ""social_support""]",zh-CN,pending,796,"Currently, the gap is wide between the need for prevention, treatment and care for dementia and the actual provision of these services. Dementia is underdiagnosed worldwide, and, if a diagnosis is made, it is typically at a relatively late ",,
WHO_DEMENTIA_ACTION_PLAN_2017_4a7a37c5_00016_0bb246699c1e,WHO_DEMENTIA_ACTION_PLAN_2017,Global action plan on the public health response to dementia 2017-2025,professional_knowledge,psychoeducation_only,normal,"[""older_adults"", ""caregivers"", ""family_members_supporting_others""]","[""dementia"", ""caregiving_stress"", ""social_support""]",zh-CN,pending,878,"WHO and the World Bank estimate a need by 2030 for 40 million new health and social care jobs globally and about 18 million additional health workers, primarily in low-resource settings, in order to attain high and effective coverage with t",,
WHO_DEMENTIA_ACTION_PLAN_2017_4a7a37c5_00017_549f8f6ef271,WHO_DEMENTIA_ACTION_PLAN_2017,Global action plan on the public health response to dementia 2017-2025,professional_knowledge,psychoeducation_only,normal,"[""older_adults"", ""caregivers"", ""family_members_supporting_others""]","[""dementia"", ""caregiving_stress"", ""social_support""]",zh-CN,pending,220,"Prince M, Wimo A, Guerchet M, Ali GC, Wu Yutzu, Prina M. World Alzheimer Report 2015. The global impact of dementia: an analysis of prevalence, incidence, cost and trends. London: Alzheimer’s Disease International; 2015.",,
WHO_DEMENTIA_ACTION_PLAN_2017_4a7a37c5_00018_c9d1813b8a91,WHO_DEMENTIA_ACTION_PLAN_2017,Global action plan on the public health response to dementia 2017-2025,professional_knowledge,psychoeducation_only,normal,"[""older_adults"", ""caregivers"", ""family_members_supporting_others""]","[""dementia"", ""caregiving_stress"", ""social_support""]",zh-CN,pending,831,"VISION, GOALS AND CROSS- CUTTING PRINCIPLES Vision 8. The vision of the global action plan on the public health response to dementia is a world in which dementia is prevented and people with dementia and their carers live well and receive t",,
WHO_DEMENTIA_ACTION_PLAN_2017_4a7a37c5_00019_b0c819475722,WHO_DEMENTIA_ACTION_PLAN_2017,Global action plan on the public health response to dementia 2017-2025,professional_knowledge,psychoeducation_only,normal,"[""older_adults"", ""caregivers"", ""family_members_supporting_others""]","[""dementia"", ""caregiving_stress"", ""social_support""]",zh-CN,pending,561,"Achieving such collaboration requires engagement at the government level of all relevant public sectors, such as health (including alignment of existing noncommunicable disease, mental health and ageing efforts), social services, education,",,
WHO_DEMENTIA_ACTION_PLAN_2017_4a7a37c5_00020_4e2f9483ad55,WHO_DEMENTIA_ACTION_PLAN_2017,Global action plan on the public health response to dementia 2017-2025,professional_knowledge,psychoeducation_only,normal,"[""older_adults"", ""caregivers"", ""family_members_supporting_others""]","[""dementia"", ""caregiving_stress"", ""social_support""]",zh-CN,pending,712,"All efforts to implement public health responses to dementia must support gender equity and take a gender-sensitive perspective, keeping in mind all vulnerabilities specific to each national context, consistent with the 2030 Agenda for Sust",,
WHO_DEMENTIA_ACTION_PLAN_2017_4a7a37c5_00021_f7049b27e804,WHO_DEMENTIA_ACTION_PLAN_2017,Global action plan on the public health response to dementia 2017-2025,professional_knowledge,psychoeducation_only,normal,"[""older_adults"", ""caregivers"", ""family_members_supporting_others""]","[""dementia"", ""caregiving_stress"", ""social_support""]",zh-CN,pending,614,"Based on scientific evidence and/or best practice, it is important to develop strategies and interventions for dementia risk reduction and care that are person- centred, cost-effective, sustainable and affordable, and take public health pri",,
WHO_DEMENTIA_ACTION_PLAN_2017_4a7a37c5_00022_613779320a86,WHO_DEMENTIA_ACTION_PLAN_2017,Global action plan on the public health response to dementia 2017-2025,professional_knowledge,psychoeducation_only,normal,"[""older_adults"", ""caregivers"", ""family_members_supporting_others""]","[""dementia"", ""caregiving_stress"", ""social_support""]",zh-CN,pending,685,"Policies, plans, legislation, programmes, interventions and actions should be sensitive to the needs, expectations and human rights of people with dementia, consistent with the Convention on the Rights of Persons with Disabilities and other",,
WHO_DEMENTIA_ACTION_PLAN_2017_4a7a37c5_00023_6359cf2b9450,WHO_DEMENTIA_ACTION_PLAN_2017,Global action plan on the public health response to dementia 2017-2025,professional_knowledge,psychoeducation_only,normal,"[""older_adults"", ""caregivers"", ""family_members_supporting_others""]","[""dementia"", ""caregiving_stress"", ""social_support""]",zh-CN,pending,219,"6 7 11. Effective implementation of the global action plan on the public health response to dementia will require actions by Member States, the Secretariat and international, regional, national and subnational partners.",,
WHO_DEMENTIA_ACTION_PLAN_2017_4a7a37c5_00024_fc3fa6d38aa6,WHO_DEMENTIA_ACTION_PLAN_2017,Global action plan on the public health response to dementia 2017-2025,professional_knowledge,psychoeducation_only,normal,"[""older_adults"", ""caregivers"", ""family_members_supporting_others""]","[""dementia"", ""caregiving_stress"", ""social_support""]",zh-CN,pending,783,"Depending on national context, these partners include but are not limited to: ● development agencies, including international multilateral agencies (for example, OECD, United Nations development agencies and the World Bank), regional agenci",,
WHO_DEMENTIA_ACTION_PLAN_2017_4a7a37c5_00025_84d12cbde470,WHO_DEMENTIA_ACTION_PLAN_2017,Global action plan on the public health response to dementia 2017-2025,professional_knowledge,psychoeducation_only,normal,"[""older_adults"", ""caregivers"", ""family_members_supporting_others""]","[""dementia"", ""caregiving_stress"", ""social_support""]",zh-CN,pending,797,"The roles of these four groups often overlap and can include multiple actions cutting across the areas of governance, health and social care services, promotion of understanding and prevention in dementia, and information, evidence and rese",,
WHO_DEMENTIA_ACTION_PLAN_2017_4a7a37c5_00026_3fdc07963820,WHO_DEMENTIA_ACTION_PLAN_2017,Global action plan on the public health response to dementia 2017-2025,professional_knowledge,psychoeducation_only,normal,"[""older_adults"", ""caregivers"", ""family_members_supporting_others""]","[""dementia"", ""caregiving_stress"", ""social_support""]",zh-CN,pending,340,The global action plan recognizes that each Member State faces specific challenges in implementing these action areas and therefore suggests a range of proposed actions that each Member State will need to adapt to the national context. ACTI,,
WHO_DEMENTIA_ACTION_PLAN_2017_4a7a37c5_00027_0b2385acf537,WHO_DEMENTIA_ACTION_PLAN_2017,Global action plan on the public health response to dementia 2017-2025,professional_knowledge,psychoeducation_only,normal,"[""older_adults"", ""caregivers"", ""family_members_supporting_others""]","[""dementia"", ""caregiving_stress"", ""social_support""]",zh-CN,pending,352,"15. The global action plan comprises seven action areas, which form the underlying structural framework: Action areas 5 6 Dementia as a public health priority Dementia awareness and friendliness Support for dementia carers Information syste",,
WHO_DEMENTIA_ACTION_PLAN_2017_4a7a37c5_00028_d7f715be6f2c,WHO_DEMENTIA_ACTION_PLAN_2017,Global action plan on the public health response to dementia 2017-2025,professional_knowledge,psychoeducation_only,normal,"[""older_adults"", ""caregivers"", ""family_members_supporting_others""]","[""dementia"", ""caregiving_stress"", ""social_support""]",zh-CN,pending,798,"10 11 Dementia as a public health priority 16. Given the range of the population affected directly or indirectly by dementia and the complexity of this condition, dementia requires a whole- of-government, broad, multistakeholder, public hea",,
WHO_DEMENTIA_ACTION_PLAN_2017_4a7a37c5_00029_3116aff9c63c,WHO_DEMENTIA_ACTION_PLAN_2017,Global action plan on the public health response to dementia 2017-2025,professional_knowledge,psychoeducation_only,normal,"[""older_adults"", ""caregivers"", ""family_members_supporting_others""]","[""dementia"", ""caregiving_stress"", ""social_support""]",zh-CN,pending,889,"This approach is in line with the principle of universal health coverage and the standards outlined in the Convention on the Rights of Persons with Disabilities. 19. Develop, strengthen and implement national and/or subnational strategies, ",,
WHO_DEMENTIA_ACTION_PLAN_2017_4a7a37c5_00030_aab9c306bdf0,WHO_DEMENTIA_ACTION_PLAN_2017,Global action plan on the public health response to dementia 2017-2025,professional_knowledge,psychoeducation_only,normal,"[""older_adults"", ""caregivers"", ""family_members_supporting_others""]","[""dementia"", ""caregiving_stress"", ""social_support""]",zh-CN,pending,955,"Offer technical support, tools and guidance to Member States, and strengthen national capacity in: ● leadership within health ministries and other relevant sectors for the development, strengthening and implementation of evidence-based nati",,
WHO_DEMENTIA_ACTION_PLAN_2017_4a7a37c5_00031_0f6c8e4d8c96,WHO_DEMENTIA_ACTION_PLAN_2017,Global action plan on the public health response to dementia 2017-2025,professional_knowledge,psychoeducation_only,normal,"[""older_adults"", ""caregivers"", ""family_members_supporting_others""]","[""dementia"", ""caregiving_stress"", ""social_support""]",zh-CN,pending,781,"24. Compile and share knowledge and best practices on existing policy documents dealing with dementia, including codes of practice and mechanisms to monitor the protection of human rights and implementation of legislation, 20. Promote mecha",,
WHO_DEMENTIA_ACTION_PLAN_2017_4a7a37c5_00032_54da08e2a0f9,WHO_DEMENTIA_ACTION_PLAN_2017,Global action plan on the public health response to dementia 2017-2025,professional_knowledge,psychoeducation_only,normal,"[""older_adults"", ""caregivers"", ""family_members_supporting_others""]","[""dementia"", ""caregiving_stress"", ""social_support""]",zh-CN,pending,775,"Set up a focal point, unit or functional division responsible for dementia or a coordination mechanism within the entity responsible for noncommunicable diseases, mental health or ageing within the health ministry (or equivalent body), in o",,
WHO_DEMENTIA_ACTION_PLAN_2017_4a7a37c5_00033_01b9ce289207,WHO_DEMENTIA_ACTION_PLAN_2017,Global action plan on the public health response to dementia 2017-2025,professional_knowledge,psychoeducation_only,normal,"[""older_adults"", ""caregivers"", ""family_members_supporting_others""]","[""dementia"", ""caregiving_stress"", ""social_support""]",zh-CN,pending,680,"12 13 consistent with the Convention on the Rights of Persons with Disabilities and other international and regional human rights instruments. 25. Promote and support collaboration and partnerships with countries at international, regional ",,
WHO_DEMENTIA_ACTION_PLAN_2017_4a7a37c5_00034_d7329ed1407a,WHO_DEMENTIA_ACTION_PLAN_2017,Global action plan on the public health response to dementia 2017-2025,professional_knowledge,psychoeducation_only,normal,"[""older_adults"", ""caregivers"", ""family_members_supporting_others""]","[""dementia"", ""caregiving_stress"", ""social_support""]",zh-CN,pending,667,"Create and strengthen associations and organizations of people with dementia, their families and carers, and foster their collaboration with existing disability (or other) organizations as partners in the prevention and treatment of dementi",,
WHO_DEMENTIA_ACTION_PLAN_2017_4a7a37c5_00035_4f46d40229d8,WHO_DEMENTIA_ACTION_PLAN_2017,Global action plan on the public health response to dementia 2017-2025,professional_knowledge,psychoeducation_only,normal,"[""older_adults"", ""caregivers"", ""family_members_supporting_others""]","[""dementia"", ""caregiving_stress"", ""social_support""]",zh-CN,pending,309,"Support the development and application of national dementia policies, legislation, strategies and plans, and the creation of a formal role and authority for people with dementia and their carers to influence the process of designing, plann",,
WHO_DEMENTIA_ACTION_PLAN_2017_4a7a37c5_00036_a599ac3fbebf,WHO_DEMENTIA_ACTION_PLAN_2017,Global action plan on the public health response to dementia 2017-2025,professional_knowledge,psychoeducation_only,normal,"[""older_adults"", ""caregivers"", ""family_members_supporting_others""]","[""dementia"", ""caregiving_stress"", ""social_support""]",zh-CN,pending,432,"14 15 awareness and friendliness 29. There is a common misconception that dementia is a natural and inevitable part of ageing rather than a disease process, resulting in barriers to diagnosis and care. The lack of understanding also causes ",,
WHO_DEMENTIA_ACTION_PLAN_2017_4a7a37c5_00037_4f69cb8c8d88,WHO_DEMENTIA_ACTION_PLAN_2017,Global action plan on the public health response to dementia 2017-2025,professional_knowledge,psychoeducation_only,normal,"[""older_adults"", ""caregivers"", ""family_members_supporting_others""]","[""dementia"", ""caregiving_stress"", ""social_support""]",zh-CN,pending,841,Dementia-awareness programmes should: foster an accurate understanding of dementia and its various subtypes as clinical diseases; reduce stigmatization and discrimination associated with dementia; educate people about the human rights of pe,,
WHO_DEMENTIA_ACTION_PLAN_2017_4a7a37c5_00038_7ba5302c5a4d,WHO_DEMENTIA_ACTION_PLAN_2017,Global action plan on the public health response to dementia 2017-2025,professional_knowledge,psychoeducation_only,normal,"[""older_adults"", ""caregivers"", ""family_members_supporting_others""]","[""dementia"", ""caregiving_stress"", ""social_support""]",zh-CN,pending,564,"Shared key aspects of dementia friendly initiatives include safeguarding the human rights of people with dementia, tackling the stigmatization associated with dementia, promoting a greater involvement of people with dementia in society, and",,
WHO_DEMENTIA_ACTION_PLAN_2017_4a7a37c5_00039_42c07b5b0f76,WHO_DEMENTIA_ACTION_PLAN_2017,Global action plan on the public health response to dementia 2017-2025,professional_knowledge,psychoeducation_only,normal,"[""older_adults"", ""caregivers"", ""family_members_supporting_others""]","[""dementia"", ""caregiving_stress"", ""social_support""]",zh-CN,pending,790,Dementia-awareness campaigns and dementia-friendly programmes that are tailored to the cultural contexts and particular needs of a community can promote enhanced health and social outcomes that reflect the wishes and preferences of people w,,
WHO_DEMENTIA_ACTION_PLAN_2017_4a7a37c5_00040_fddc2e7659a4,WHO_DEMENTIA_ACTION_PLAN_2017,Global action plan on the public health response to dementia 2017-2025,professional_knowledge,psychoeducation_only,normal,"[""older_adults"", ""caregivers"", ""family_members_supporting_others""]","[""dementia"", ""caregiving_stress"", ""social_support""]",zh-CN,pending,736,"Global target 2.1: 100% of countries will have at least one functioning public awareness campaign on dementia to foster a dementia- inclusive society by 2025.1 36. In collaboration with people with dementia, their carers and the organizatio",,
WHO_DEMENTIA_ACTION_PLAN_2017_4a7a37c5_00041_23b8440e55ba,WHO_DEMENTIA_ACTION_PLAN_2017,Global action plan on the public health response to dementia 2017-2025,professional_knowledge,psychoeducation_only,normal,"[""older_adults"", ""caregivers"", ""family_members_supporting_others""]","[""dementia"", ""caregiving_stress"", ""social_support""]",zh-CN,pending,842,"Support changing all aspects of the social and built environments, including the provision of amenities, goods and services, in order to make them more inclusive and age- and dementia- friendly, promoting respect and acceptance in a manner ",,
WHO_DEMENTIA_ACTION_PLAN_2017_4a7a37c5_00042_09f509af9eb8,WHO_DEMENTIA_ACTION_PLAN_2017,Global action plan on the public health response to dementia 2017-2025,professional_knowledge,psychoeducation_only,normal,"[""older_adults"", ""caregivers"", ""family_members_supporting_others""]","[""dementia"", ""caregiving_stress"", ""social_support""]",zh-CN,pending,307,"Offer technical support to Member States in strengthening global, regional and national capacity: ● to engage and include people with dementia, their carers and organizations that represent them in decision-making within WHO’s own processes",,
WHO_DEMENTIA_ACTION_PLAN_2017_4a7a37c5_00043_76d3965c4970,WHO_DEMENTIA_ACTION_PLAN_2017,Global action plan on the public health response to dementia 2017-2025,professional_knowledge,psychoeducation_only,normal,"[""older_adults"", ""caregivers"", ""family_members_supporting_others""]","[""dementia"", ""caregiving_stress"", ""social_support""]",zh-CN,pending,861,16 17 implementation and dissemination of best practices for awareness- raising and reduction of stigmatization and discrimination towards people with dementia. 40. Building upon the WHO Global Network of Age-friendly Cities and Communities,,
WHO_DEMENTIA_ACTION_PLAN_2017_4a7a37c5_00044_96f46d093397,WHO_DEMENTIA_ACTION_PLAN_2017,Global action plan on the public health response to dementia 2017-2025,professional_knowledge,psychoeducation_only,normal,"[""older_adults"", ""caregivers"", ""family_members_supporting_others""]","[""dementia"", ""caregiving_stress"", ""social_support""]",zh-CN,pending,842,"Encourage all stakeholders to: ● raise awareness of the magnitude of the social and economic impact of dementia; ● include people with dementia, their carers and families in all aspects of developing and strengthening services that support ",,
WHO_DEMENTIA_ACTION_PLAN_2017_4a7a37c5_00045_67c741ce310c,WHO_DEMENTIA_ACTION_PLAN_2017,Global action plan on the public health response to dementia 2017-2025,professional_knowledge,psychoeducation_only,normal,"[""older_adults"", ""caregivers"", ""family_members_supporting_others""]","[""dementia"", ""caregiving_stress"", ""social_support""]",zh-CN,pending,839,"18 19 Dementia risk reduction 46. Growing evidence suggests an interrelationship between dementia on one side and noncommunicable disease and lifestyle-related risk factors on the other. These risk factors include physical inactivity, obesi",,
WHO_DEMENTIA_ACTION_PLAN_2017_4a7a37c5_00046_c2273b139d12,WHO_DEMENTIA_ACTION_PLAN_2017,Global action plan on the public health response to dementia 2017-2025,professional_knowledge,psychoeducation_only,normal,"[""older_adults"", ""caregivers"", ""family_members_supporting_others""]","[""dementia"", ""caregiving_stress"", ""social_support""]",zh-CN,pending,893,"There is growing consensus that the following measures are protective and can reduce the risk of cognitive decline and dementia: increasing physical activity, preventing and reducing obesity, promotion of balanced and healthy diets, cessati",,
WHO_DEMENTIA_ACTION_PLAN_2017_4a7a37c5_00047_7b0189101436,WHO_DEMENTIA_ACTION_PLAN_2017,Global action plan on the public health response to dementia 2017-2025,professional_knowledge,psychoeducation_only,normal,"[""older_adults"", ""caregivers"", ""family_members_supporting_others""]","[""dementia"", ""caregiving_stress"", ""social_support""]",zh-CN,pending,867,Global target 3: The relevant global targets defined in the Global action plan for prevention and control of noncommunicable diseases 2013–2020 and any future revisions are achieved for risk reduction and reported.1 1. See document WHA66/20,,
WHO_DEMENTIA_ACTION_PLAN_2017_4a7a37c5_00048_11c2f65ac2aa,WHO_DEMENTIA_ACTION_PLAN_2017,Global action plan on the public health response to dementia 2017-2025,professional_knowledge,psychoeducation_only,normal,"[""older_adults"", ""caregivers"", ""family_members_supporting_others""]","[""dementia"", ""caregiving_stress"", ""social_support""]",zh-CN,pending,442,"Develop, deliver and promote evidence- based, age-, gender-, disability- and culturally sensitive interventions and training to health professionals, especially within the primary health care system, to improve knowledge and practices of su",,
WHO_DEMENTIA_ACTION_PLAN_2017_4a7a37c5_00049_f05c266122da,WHO_DEMENTIA_ACTION_PLAN_2017,Global action plan on the public health response to dementia 2017-2025,professional_knowledge,psychoeducation_only,normal,"[""older_adults"", ""caregivers"", ""family_members_supporting_others""]","[""dementia"", ""caregiving_stress"", ""social_support""]",zh-CN,pending,866,"Linking to the actions specified in the global action plan for the prevention and control of noncommunicable diseases 2013-2020, offer technical support and strengthen global, regional and national capacities and capabilities to: ● raise aw",,
WHO_DEMENTIA_ACTION_PLAN_2017_4a7a37c5_00050_0cba24afa8f8,WHO_DEMENTIA_ACTION_PLAN_2017,Global action plan on the public health response to dementia 2017-2025,professional_knowledge,psychoeducation_only,normal,"[""older_adults"", ""caregivers"", ""family_members_supporting_others""]","[""dementia"", ""caregiving_stress"", ""social_support""]",zh-CN,pending,728,"20 21 54. Encourage all stakeholders to engage in activities to: ● promote and mainstream population health strategies that are age- inclusive, gender-sensitive and equity-based at national, regional and international levels in order to sup",,
WHO_DEMENTIA_ACTION_PLAN_2017_4a7a37c5_00051_ce28e9113594,WHO_DEMENTIA_ACTION_PLAN_2017,Global action plan on the public health response to dementia 2017-2025,professional_knowledge,psychoeducation_only,normal,"[""older_adults"", ""caregivers"", ""family_members_supporting_others""]","[""dementia"", ""caregiving_stress"", ""social_support""]",zh-CN,pending,857,"22 23 diagnosis, treatment, care and support 55. Dementia is associated with complex needs and high levels of dependency and morbidity in its later stages, requiring a range of health and social care, including long-term-care services. Peop",,
WHO_DEMENTIA_ACTION_PLAN_2017_4a7a37c5_00052_3d0a88c60826,WHO_DEMENTIA_ACTION_PLAN_2017,Global action plan on the public health response to dementia 2017-2025,professional_knowledge,psychoeducation_only,normal,"[""older_adults"", ""caregivers"", ""family_members_supporting_others""]","[""dementia"", ""caregiving_stress"", ""social_support""]",zh-CN,pending,779,"To ensure that people with dementia can maintain a level of functional ability consistent with their basic rights, fundamental freedoms and human dignity, they need integrated, person-centred, accessible, affordable health and social care, ",,
WHO_DEMENTIA_ACTION_PLAN_2017_4a7a37c5_00053_9511bfbc033d,WHO_DEMENTIA_ACTION_PLAN_2017,Global action plan on the public health response to dementia 2017-2025,professional_knowledge,psychoeducation_only,normal,"[""older_adults"", ""caregivers"", ""family_members_supporting_others""]","[""dementia"", ""caregiving_stress"", ""social_support""]",zh-CN,pending,824,"The global action plan proposes some principles for organizing and developing health and social care, including long- term care systems for dementia. Providing sustainable care across the continuum from diagnosis to the end of life requires",,
WHO_DEMENTIA_ACTION_PLAN_2017_4a7a37c5_00054_fb8da87cb53d,WHO_DEMENTIA_ACTION_PLAN_2017,Global action plan on the public health response to dementia 2017-2025,professional_knowledge,psychoeducation_only,normal,"[""older_adults"", ""caregivers"", ""family_members_supporting_others""]","[""dementia"", ""caregiving_stress"", ""social_support""]",zh-CN,pending,889,"The continuity of care between different care providers, multiple sectors and system levels and active collaboration between paid and unpaid carers are crucial, from the first symptoms of dementia until the end of life. Integrated, evidence",,
WHO_DEMENTIA_ACTION_PLAN_2017_4a7a37c5_00055_79f5be056c68,WHO_DEMENTIA_ACTION_PLAN_2017,Global action plan on the public health response to dementia 2017-2025,professional_knowledge,psychoeducation_only,normal,"[""older_adults"", ""caregivers"", ""family_members_supporting_others""]","[""dementia"", ""caregiving_stress"", ""social_support""]",zh-CN,pending,894,"Develop a pathway of efficient, coordinated care for people with dementia that is embedded in the health and social care system (including long- term care), to provide integrated, person- centred care as and when it is required. The pathway",,
WHO_DEMENTIA_ACTION_PLAN_2017_4a7a37c5_00056_394253e40bb2,WHO_DEMENTIA_ACTION_PLAN_2017,Global action plan on the public health response to dementia 2017-2025,professional_knowledge,psychoeducation_only,normal,"[""older_adults"", ""caregivers"", ""family_members_supporting_others""]","[""dementia"", ""caregiving_stress"", ""social_support""]",zh-CN,pending,699,"(Mechanisms may include teaching the core competences of dementia diagnosis, treatment and care in undergraduate and graduate medical and paramedical training, and continuing training programmes for all health and social care professionals,",,
WHO_DEMENTIA_ACTION_PLAN_2017_4a7a37c5_00057_5235514fbd3b,WHO_DEMENTIA_ACTION_PLAN_2017,Global action plan on the public health response to dementia 2017-2025,professional_knowledge,psychoeducation_only,normal,"[""older_adults"", ""caregivers"", ""family_members_supporting_others""]","[""dementia"", ""caregiving_stress"", ""social_support""]",zh-CN,pending,854,"24 25 professionals, or include such budgets and resources in specific programmes. 63. Improve the quality of care towards the end of life by: recognizing advanced dementia as a condition requiring palliative care; promoting awareness about",,
WHO_DEMENTIA_ACTION_PLAN_2017_4a7a37c5_00058_c09c570ecebd,WHO_DEMENTIA_ACTION_PLAN_2017,Global action plan on the public health response to dementia 2017-2025,professional_knowledge,psychoeducation_only,normal,"[""older_adults"", ""caregivers"", ""family_members_supporting_others""]","[""dementia"", ""caregiving_stress"", ""social_support""]",zh-CN,pending,799,"Enhance access to a range of person-centred, gender-sensitive, culturally-appropriate and responsive services including liaison with local nongovernmental organizations and other stakeholders in order to provide information that empowers pe",,
WHO_DEMENTIA_ACTION_PLAN_2017_4a7a37c5_00059_ac547f992011,WHO_DEMENTIA_ACTION_PLAN_2017,Global action plan on the public health response to dementia 2017-2025,professional_knowledge,psychoeducation_only,normal,"[""older_adults"", ""caregivers"", ""family_members_supporting_others""]","[""dementia"", ""caregiving_stress"", ""social_support""]",zh-CN,pending,877,"Develop and implement guidelines, tools and training materials, such as model training curricula, covering core competencies relating to dementia for health and social care workers in the field. Provide support to Member States in the formu",,
WHO_DEMENTIA_ACTION_PLAN_2017_4a7a37c5_00060_c178605a6a44,WHO_DEMENTIA_ACTION_PLAN_2017,Global action plan on the public health response to dementia 2017-2025,professional_knowledge,psychoeducation_only,normal,"[""older_adults"", ""caregivers"", ""family_members_supporting_others""]","[""dementia"", ""caregiving_stress"", ""social_support""]",zh-CN,pending,788,"Support people with dementia and their families and carers, for example, by developing evidence-based, user- friendly information and training tools concerning dementia and available services to allow timely diagnosis and enhance the contin",,
WHO_DEMENTIA_ACTION_PLAN_2017_4a7a37c5_00061_54fb1dde9c76,WHO_DEMENTIA_ACTION_PLAN_2017,Global action plan on the public health response to dementia 2017-2025,professional_knowledge,psychoeducation_only,normal,"[""older_adults"", ""caregivers"", ""family_members_supporting_others""]","[""dementia"", ""caregiving_stress"", ""social_support""]",zh-CN,pending,340,Promote community-based rehabilitation as an effective strategy to enable and support people with dementia in preserving their autonomy and rights and ensuring that the person with dementia remains at the centre of all discussions on diagno,,
WHO_DEMENTIA_ACTION_PLAN_2017_4a7a37c5_00062_fbdc3f368bd7,WHO_DEMENTIA_ACTION_PLAN_2017,Global action plan on the public health response to dementia 2017-2025,professional_knowledge,psychoeducation_only,normal,"[""older_adults"", ""caregivers"", ""family_members_supporting_others""]","[""dementia"", ""caregiving_stress"", ""social_support""]",zh-CN,pending,875,"26 27 Support for dementia carers 72. Carers can be defined by their relationship to the person with dementia and their care input. Many dementia carers are relatives or extended family members, but close friends, neighbours and paid lay pe",,
WHO_DEMENTIA_ACTION_PLAN_2017_4a7a37c5_00063_1944ffa735f3,WHO_DEMENTIA_ACTION_PLAN_2017,Global action plan on the public health response to dementia 2017-2025,professional_knowledge,psychoeducation_only,normal,"[""older_adults"", ""caregivers"", ""family_members_supporting_others""]","[""dementia"", ""caregiving_stress"", ""social_support""]",zh-CN,pending,772,It should be noted that being a carer for someone with dementia may affect the carer’s physical and mental health and well-being and social relationships. Health systems must consider both the substantial need of people with dementia for he,,
WHO_DEMENTIA_ACTION_PLAN_2017_4a7a37c5_00064_bdcd51e7ea02,WHO_DEMENTIA_ACTION_PLAN_2017,Global action plan on the public health response to dementia 2017-2025,professional_knowledge,psychoeducation_only,normal,"[""older_adults"", ""caregivers"", ""family_members_supporting_others""]","[""dementia"", ""caregiving_stress"", ""social_support""]",zh-CN,pending,851,"Global target 5: 75% of countries provide support and training programmes for carers and families of people with dementia by 2025.1 76. Provide accessible and evidence-based information, training programmes, respite services and other resou",,
WHO_DEMENTIA_ACTION_PLAN_2017_4a7a37c5_00065_58da952676ec,WHO_DEMENTIA_ACTION_PLAN_2017,Global action plan on the public health response to dementia 2017-2025,professional_knowledge,psychoeducation_only,normal,"[""older_adults"", ""caregivers"", ""family_members_supporting_others""]","[""dementia"", ""caregiving_stress"", ""social_support""]",zh-CN,pending,613,"Involve carers in the planning of care, with attention being given to the wishes and preferences of people with dementia and their families. 80. Build evidence on and articulate the importance of carers in the lives of people with dementia,",,
WHO_DEMENTIA_ACTION_PLAN_2017_4a7a37c5_00066_d81de67ffc97,WHO_DEMENTIA_ACTION_PLAN_2017,Global action plan on the public health response to dementia 2017-2025,professional_knowledge,psychoeducation_only,normal,"[""older_adults"", ""caregivers"", ""family_members_supporting_others""]","[""dementia"", ""caregiving_stress"", ""social_support""]",zh-CN,pending,528,"Facilitate access to affordable, evidence- based resources for carers to improve knowledge and skills, reduce emotional stress and improve coping, self-efficacy and health by making use of information and communication technologies such as ",,
WHO_DEMENTIA_ACTION_PLAN_2017_4a7a37c5_00067_f1316cc9259a,WHO_DEMENTIA_ACTION_PLAN_2017,Global action plan on the public health response to dementia 2017-2025,professional_knowledge,psychoeducation_only,normal,"[""older_adults"", ""caregivers"", ""family_members_supporting_others""]","[""dementia"", ""caregiving_stress"", ""social_support""]",zh-CN,pending,667,"28 29 82. Increase awareness of the involvement, and its consequences, of carers and families in the lives of people with dementia, protecting them from discrimination, supporting their ability to continue their caregiving in a gender-sensi",,
WHO_DEMENTIA_ACTION_PLAN_2017_4a7a37c5_00068_1ba7f5700ced,WHO_DEMENTIA_ACTION_PLAN_2017,Global action plan on the public health response to dementia 2017-2025,professional_knowledge,psychoeducation_only,normal,"[""older_adults"", ""caregivers"", ""family_members_supporting_others""]","[""dementia"", ""caregiving_stress"", ""social_support""]",zh-CN,pending,742,"30 31 Information systems for 84. Systematic, routine population-level monitoring of a core set of dementia indicators provides the data needed to guide evidence-based actions to improve services and to measure progress towards implementing",,
WHO_DEMENTIA_ACTION_PLAN_2017_4a7a37c5_00069_46ffd66609c2,WHO_DEMENTIA_ACTION_PLAN_2017,Global action plan on the public health response to dementia 2017-2025,professional_knowledge,psychoeducation_only,normal,"[""older_adults"", ""caregivers"", ""family_members_supporting_others""]","[""dementia"", ""caregiving_stress"", ""social_support""]",zh-CN,pending,778,"Systematic monitoring and evaluation of the usage of health and social care systems can provide the best available evidence for policy development and service delivery, and can improve prevention and the accessibility and coordination of ca",,
WHO_DEMENTIA_ACTION_PLAN_2017_4a7a37c5_00070_25d806a12d2a,WHO_DEMENTIA_ACTION_PLAN_2017,Global action plan on the public health response to dementia 2017-2025,professional_knowledge,psychoeducation_only,normal,"[""older_adults"", ""caregivers"", ""family_members_supporting_others""]","[""dementia"", ""caregiving_stress"", ""social_support""]",zh-CN,pending,706,Enable access to health and social care data and map available services and resources at national and regional levels in order to improve service delivery and coverage across the care continuum from prevention through risk reduction to the ,,
WHO_DEMENTIA_ACTION_PLAN_2017_4a7a37c5_00071_cb4e86705f06,WHO_DEMENTIA_ACTION_PLAN_2017,Global action plan on the public health response to dementia 2017-2025,professional_knowledge,psychoeducation_only,normal,"[""older_adults"", ""caregivers"", ""family_members_supporting_others""]","[""dementia"", ""caregiving_stress"", ""social_support""]",zh-CN,pending,717,"Offer technical support to Members States as they: ● develop and/or reform national data collection systems, including health information systems, in order to strengthen multisectoral dementia data collection; ● build national capacity and ",,
WHO_DEMENTIA_ACTION_PLAN_2017_4a7a37c5_00072_f8cf09d3fb82,WHO_DEMENTIA_ACTION_PLAN_2017,Global action plan on the public health response to dementia 2017-2025,professional_knowledge,psychoeducation_only,normal,"[""older_adults"", ""caregivers"", ""family_members_supporting_others""]","[""dementia"", ""caregiving_stress"", ""social_support""]",zh-CN,pending,561,"WHO’s Global Dementia Observatory provides the mechanism to monitor systematically and facilitate the use of data from these core indicators, offering a platform for the exchange of data and knowledge in order to support evidence-based serv",,
WHO_DEMENTIA_ACTION_PLAN_2017_4a7a37c5_00073_52d777563982,WHO_DEMENTIA_ACTION_PLAN_2017,Global action plan on the public health response to dementia 2017-2025,professional_knowledge,psychoeducation_only,normal,"[""older_adults"", ""caregivers"", ""family_members_supporting_others""]","[""dementia"", ""caregiving_stress"", ""social_support""]",zh-CN,pending,495,Provide support to Member States and the Secretariat in developing tools and strengthening capacity for surveillance and information systems that: capture data on core indicators on dementia; monitor usage of health and social care and supp,,
WHO_DEMENTIA_ACTION_PLAN_2017_4a7a37c5_00074_0534dd4f7d0c,WHO_DEMENTIA_ACTION_PLAN_2017,Global action plan on the public health response to dementia 2017-2025,professional_knowledge,psychoeducation_only,normal,"[""older_adults"", ""caregivers"", ""family_members_supporting_others""]","[""dementia"", ""caregiving_stress"", ""social_support""]",zh-CN,pending,735,"32 33 Dementia research and innovation 95. If the incidence of dementia is to be reduced and the lives of people with dementia are to be improved, research and innovation are crucial, as is their translation into daily practice. It is impor",,
WHO_DEMENTIA_ACTION_PLAN_2017_4a7a37c5_00075_583297f739b7,WHO_DEMENTIA_ACTION_PLAN_2017,Global action plan on the public health response to dementia 2017-2025,professional_knowledge,psychoeducation_only,normal,"[""older_adults"", ""caregivers"", ""family_members_supporting_others""]","[""dementia"", ""caregiving_stress"", ""social_support""]",zh-CN,pending,783,"Research is needed to find a cure for dementia, but research is equally needed into prevention, risk reduction, diagnosis, treatment and care, including the disciplines of social science, public health and implementation research. 96. Colla",,
WHO_DEMENTIA_ACTION_PLAN_2017_4a7a37c5_00076_8291e78baf14,WHO_DEMENTIA_ACTION_PLAN_2017,Global action plan on the public health response to dementia 2017-2025,professional_knowledge,psychoeducation_only,normal,"[""older_adults"", ""caregivers"", ""family_members_supporting_others""]","[""dementia"", ""caregiving_stress"", ""social_support""]",zh-CN,pending,687,"These innovations aim to improve knowledge, skills and coping mechanisms in order to facilitate and support the daily lives of people with dementia and their carers while meeting, in particular, identified needs in an evidence-based and age",,
WHO_DEMENTIA_ACTION_PLAN_2017_4a7a37c5_00077_97e97faead15,WHO_DEMENTIA_ACTION_PLAN_2017,Global action plan on the public health response to dementia 2017-2025,professional_knowledge,psychoeducation_only,normal,"[""older_adults"", ""caregivers"", ""family_members_supporting_others""]","[""dementia"", ""caregiving_stress"", ""social_support""]",zh-CN,pending,762,"Develop, implement and monitor the realization of a national research agenda on prevention, diagnosis, treatment and care of people with dementia in collaboration with academic and research institutions; this work could be stand-alone or in",,
WHO_DEMENTIA_ACTION_PLAN_2017_4a7a37c5_00078_9cc7836939b3,WHO_DEMENTIA_ACTION_PLAN_2017,Global action plan on the public health response to dementia 2017-2025,professional_knowledge,psychoeducation_only,normal,"[""older_adults"", ""caregivers"", ""family_members_supporting_others""]","[""dementia"", ""caregiving_stress"", ""social_support""]",zh-CN,pending,487,"Increase investment in dementia research and innovative health technologies and improve research governance as an integral component of the national response to dementia. In particular, allocate budgets to promote projects that: support col",,
WHO_DEMENTIA_ACTION_PLAN_2017_4a7a37c5_00079_8a1e5c50aa89,WHO_DEMENTIA_ACTION_PLAN_2017,Global action plan on the public health response to dementia 2017-2025,professional_knowledge,psychoeducation_only,normal,"[""older_adults"", ""caregivers"", ""family_members_supporting_others""]","[""dementia"", ""caregiving_stress"", ""social_support""]",zh-CN,pending,864,"Foster the development of technological innovations that, in terms of design and evaluation, respond to the physical, psychological and social needs of people with dementia, their carers or people at risk of developing dementia; these innov",,
WHO_DEMENTIA_ACTION_PLAN_2017_4a7a37c5_00080_7d29f31bbeaf,WHO_DEMENTIA_ACTION_PLAN_2017,Global action plan on the public health response to dementia 2017-2025,professional_knowledge,psychoeducation_only,normal,"[""older_adults"", ""caregivers"", ""family_members_supporting_others""]","[""dementia"", ""caregiving_stress"", ""social_support""]",zh-CN,pending,272,"Advocate increased investment in dementia research, capacities, methods and collaboration in the fields of biomedical and social sciences research, inter alia, through a network of WHO collaborating centres, countries from all WHO regions, ",,
WHO_DEMENTIA_ACTION_PLAN_2017_4a7a37c5_00081_1b6703b3eb1d,WHO_DEMENTIA_ACTION_PLAN_2017,Global action plan on the public health response to dementia 2017-2025,professional_knowledge,psychoeducation_only,normal,"[""older_adults"", ""caregivers"", ""family_members_supporting_others""]","[""dementia"", ""caregiving_stress"", ""social_support""]",zh-CN,pending,775,"34 35 107. Support Member States and the Secretariat, where appropriate, by collaborating in setting priorities for dementia research, promoting increased governmental investment, mobilizing and increasing financial support, and disseminati",,
WHO_DEMENTIA_ACTION_PLAN_2017_4a7a37c5_00082_bb8530a7a8e3,WHO_DEMENTIA_ACTION_PLAN_2017,Global action plan on the public health response to dementia 2017-2025,professional_knowledge,psychoeducation_only,normal,"[""older_adults"", ""caregivers"", ""family_members_supporting_others""]","[""dementia"", ""caregiving_stress"", ""social_support""]",zh-CN,pending,681,"Promote the use of information and communications technology to improve programme implementation, health outcomes, health promotion, monitoring and reporting and surveillance systems, and to disseminate, as appropriate, information on affor",,
WHO_DEMENTIA_ACTION_PLAN_2017_4a7a37c5_00083_f98b948fd6a7,WHO_DEMENTIA_ACTION_PLAN_2017,Global action plan on the public health response to dementia 2017-2025,professional_knowledge,psychoeducation_only,normal,"[""older_adults"", ""caregivers"", ""family_members_supporting_others""]","[""dementia"", ""caregiving_stress"", ""social_support""]",zh-CN,pending,563,"Engage relevant stakeholders, including people with dementia and their organizations, in the development and promotion of a global dementia research programme; facilitate global networks for research collaboration; and carry out multisector",,
WHO_DEMENTIA_ACTION_PLAN_2017_4a7a37c5_00084_af543da7a1a3,WHO_DEMENTIA_ACTION_PLAN_2017,Global action plan on the public health response to dementia 2017-2025,professional_knowledge,psychoeducation_only,normal,"[""older_adults"", ""caregivers"", ""family_members_supporting_others""]","[""dementia"", ""caregiving_stress"", ""social_support""]",zh-CN,pending,340,Support the inclusion of technological innovation in national and subnational policies and plans on dementia and offer technical support to Member States in developing and strengthening the provision of assistive and innovative technologies,,
WHO_DEMENTIA_ACTION_PLAN_2017_4a7a37c5_00085_63b6da233cdb,WHO_DEMENTIA_ACTION_PLAN_2017,Global action plan on the public health response to dementia 2017-2025,professional_knowledge,psychoeducation_only,normal,"[""older_adults"", ""caregivers"", ""family_members_supporting_others""]","[""dementia"", ""caregiving_stress"", ""social_support""]",zh-CN,pending,839,36 37 APPENDICES INDICATORS FOR MEASURING PROGRESS TOWARDS THE DEFINED TARGETS OF THE GLOBAL ACTION PLAN ON THE PUBLIC HEALTH RESPONSE TO DEMENTIA AND MEANS OF VERIFICATION The indicators offer measures to meet a subset of the information a,,
WHO_DEMENTIA_ACTION_PLAN_2017_4a7a37c5_00086_799cb263dc74,WHO_DEMENTIA_ACTION_PLAN_2017,Global action plan on the public health response to dementia 2017-2025,professional_knowledge,psychoeducation_only,normal,"[""older_adults"", ""caregivers"", ""family_members_supporting_others""]","[""dementia"", ""caregiving_stress"", ""social_support""]",zh-CN,pending,838,"WHO’s Global Dementia Observatory provides the mechanism to monitor and facilitate the use of data through a platform for exchanging data and knowledge in order to support evidence- based service planning, sharing of best practices, and str",,
WHO_DEMENTIA_ACTION_PLAN_2017_4a7a37c5_00087_5148e45ace17,WHO_DEMENTIA_ACTION_PLAN_2017,Global action plan on the public health response to dementia 2017-2025,professional_knowledge,psychoeducation_only,normal,"[""older_adults"", ""caregivers"", ""family_members_supporting_others""]","[""dementia"", ""caregiving_stress"", ""social_support""]",zh-CN,pending,539,"to urge Member States2 to develop, as soon as practicable, ambitious national responses to the overall implementation of the global action plan on the public health response to dementia 2017-2025; 3. to request the Director-General to submi",,
WHO_DEMENTIA_ACTION_PLAN_2017_4a7a37c5_00088_37fae2a1d87f,WHO_DEMENTIA_ACTION_PLAN_2017,Global action plan on the public health response to dementia 2017-2025,professional_knowledge,psychoeducation_only,normal,"[""older_adults"", ""caregivers"", ""family_members_supporting_others""]","[""dementia"", ""caregiving_stress"", ""social_support""]",zh-CN,pending,617,"38 39 Inventory of currently implemented dementia-awareness campaigns and dementia/age-friendly initiatives, described project by project. The relevant global targets defined in, and in keeping with, the Global action plan for prevention an",,
WHO_DEMENTIA_ACTION_PLAN_2017_4a7a37c5_00089_8c3b24e5a298,WHO_DEMENTIA_ACTION_PLAN_2017,Global action plan on the public health response to dementia 2017-2025,professional_knowledge,psychoeducation_only,normal,"[""older_adults"", ""caregivers"", ""family_members_supporting_others""]","[""dementia"", ""caregiving_stress"", ""social_support""]",zh-CN,pending,386,"Awareness-raising campaigns may - and preferably should - cover both universal, population-level strategies (for example, mass media campaigns against dementia stigmatization and discrimination) and those aimed at locally-identified vulnera",,
WHO_DEMENTIA_ACTION_PLAN_2017_4a7a37c5_00090_687041e31556,WHO_DEMENTIA_ACTION_PLAN_2017,Global action plan on the public health response to dementia 2017-2025,professional_knowledge,psychoeducation_only,normal,"[""older_adults"", ""caregivers"", ""family_members_supporting_others""]","[""dementia"", ""caregiving_stress"", ""social_support""]",zh-CN,pending,886,Key aspects of these campaigns include: fostering an accurate understanding of dementia and its various subtypes as clinical diseases; reducing stigmatization and discrimination associated with dementia; improving knowledge about the human ,,
WHO_DEMENTIA_ACTION_PLAN_2017_4a7a37c5_00091_716ba8b12230,WHO_DEMENTIA_ACTION_PLAN_2017,Global action plan on the public health response to dementia 2017-2025,professional_knowledge,psychoeducation_only,normal,"[""older_adults"", ""caregivers"", ""family_members_supporting_others""]","[""dementia"", ""caregiving_stress"", ""social_support""]",zh-CN,pending,865,"A “dementia-friendly” society is one that has an inclusive and accessible community environment that optimizes opportunities for health, participation and security for all people, in order to ensure quality of life and dignity for people wi",,
WHO_DEMENTIA_ACTION_PLAN_2017_4a7a37c5_00092_e7bcd179d090,WHO_DEMENTIA_ACTION_PLAN_2017,Global action plan on the public health response to dementia 2017-2025,professional_knowledge,psychoeducation_only,normal,"[""older_adults"", ""caregivers"", ""family_members_supporting_others""]","[""dementia"", ""caregiving_stress"", ""social_support""]",zh-CN,pending,728,"The successful implementation of dementia-friendly initiatives requires a multisectoral approach involving governments, civil society and the private sector. Action area 3: Dementia risk reduction Action area 1: Dementia as a public health ",,
WHO_DEMENTIA_ACTION_PLAN_2017_4a7a37c5_00093_d705bea6a4db,WHO_DEMENTIA_ACTION_PLAN_2017,Global action plan on the public health response to dementia 2017-2025,professional_knowledge,psychoeducation_only,normal,"[""older_adults"", ""caregivers"", ""family_members_supporting_others""]","[""dementia"", ""caregiving_stress"", ""social_support""]",zh-CN,pending,875,"For countries with a federated system, the indicator will refer to the availability of dementia policies or plans for 50% or more of the states or provinces within the country. Physical availability of the policy or plan that incorporates t",,
WHO_DEMENTIA_ACTION_PLAN_2017_4a7a37c5_00094_aa5d227d7482,WHO_DEMENTIA_ACTION_PLAN_2017,Global action plan on the public health response to dementia 2017-2025,professional_knowledge,psychoeducation_only,normal,"[""older_adults"", ""caregivers"", ""family_members_supporting_others""]","[""dementia"", ""caregiving_stress"", ""social_support""]",zh-CN,pending,868,The key principles of dementia care will be in line with the cross- cutting principles and actions of the global action plan. Action area 2: Dementia awareness and friendliness 2.1 100% of countries will have at least one functioning public,,
WHO_DEMENTIA_ACTION_PLAN_2017_4a7a37c5_00095_30cbe9bf7952,WHO_DEMENTIA_ACTION_PLAN_2017,Global action plan on the public health response to dementia 2017-2025,professional_knowledge,psychoeducation_only,normal,"[""older_adults"", ""caregivers"", ""family_members_supporting_others""]","[""dementia"", ""caregiving_stress"", ""social_support""]",zh-CN,pending,711,40 41 Numerator: number of people with dementia in a country who have presented to services and received a dementia diagnosis. Denominator: estimated population-based prevalence of dementia for a country as calculated by WHO as part of the ,,
WHO_DEMENTIA_ACTION_PLAN_2017_4a7a37c5_00096_dd5e56f146fb,WHO_DEMENTIA_ACTION_PLAN_2017,Global action plan on the public health response to dementia 2017-2025,professional_knowledge,psychoeducation_only,normal,"[""older_adults"", ""caregivers"", ""family_members_supporting_others""]","[""dementia"", ""caregiving_stress"", ""social_support""]",zh-CN,pending,704,"Types of programmes or support for carers can include respite care, counselling, and educational training on subjects such as care techniques, non-verbal communication and patient -carer relationship development. For countries with a federa",,
WHO_DEMENTIA_ACTION_PLAN_2017_4a7a37c5_00097_509dea76b5ec,WHO_DEMENTIA_ACTION_PLAN_2017,Global action plan on the public health response to dementia 2017-2025,professional_knowledge,psychoeducation_only,normal,"[""older_adults"", ""caregivers"", ""family_members_supporting_others""]","[""dementia"", ""caregiving_stress"", ""social_support""]",zh-CN,pending,931,Action area 5: Support for dementia carers A 10% relative reduction in prevalence of insufficient physical activity A 30% relative reduction in prevalence of current tobacco use in persons aged 15 years and older At least a 10% relative red,,
WHO_DEMENTIA_ACTION_PLAN_2017_4a7a37c5_00098_6e0828cffed8,WHO_DEMENTIA_ACTION_PLAN_2017,Global action plan on the public health response to dementia 2017-2025,professional_knowledge,psychoeducation_only,normal,"[""older_adults"", ""caregivers"", ""family_members_supporting_others""]","[""dementia"", ""caregiving_stress"", ""social_support""]",zh-CN,pending,850,"There is growing consensus that the following measures are protective and can reduce the risk of cognitive decline and dementia: reduction of physical inactivity and obesity, cessation of tobacco use and the harmful use of alcohol, preventi",,
WHO_DEMENTIA_ACTION_PLAN_2017_4a7a37c5_00099_adc5d1ca3019,WHO_DEMENTIA_ACTION_PLAN_2017,Global action plan on the public health response to dementia 2017-2025,professional_knowledge,psychoeducation_only,normal,"[""older_adults"", ""caregivers"", ""family_members_supporting_others""]","[""dementia"", ""caregiving_stress"", ""social_support""]",zh-CN,pending,158,"See document WHA66/2013/REC/1, Annex 4, available at http:/ /apps.who.int/gb/ebwha/pdf_files/WHA66-REC1/ A66_REC1-en. pdf#page=87, accessed 20 September 2017.",,
WHO_DEMENTIA_ACTION_PLAN_2017_4a7a37c5_00100_07a4c6a278c9,WHO_DEMENTIA_ACTION_PLAN_2017,Global action plan on the public health response to dementia 2017-2025,professional_knowledge,psychoeducation_only,normal,"[""older_adults"", ""caregivers"", ""family_members_supporting_others""]","[""dementia"", ""caregiving_stress"", ""social_support""]",zh-CN,pending,863,"42 43 LINKS TO OTHER GLOBAL ACTION PLANS, STRATEGIES AND PROGRAMMES 1 ● Political Declaration of the High-level Meeting of the General Assembly on the Prevention and Control of Non-communicable Diseases, available at: http:/ /www.un.org/ga/",,
WHO_DEMENTIA_ACTION_PLAN_2017_4a7a37c5_00101_31e7b12eaf55,WHO_DEMENTIA_ACTION_PLAN_2017,Global action plan on the public health response to dementia 2017-2025,professional_knowledge,psychoeducation_only,normal,"[""older_adults"", ""caregivers"", ""family_members_supporting_others""]","[""dementia"", ""caregiving_stress"", ""social_support""]",zh-CN,pending,695,"option=com_ docman&task=doc_download&gid=31496&Itemid=270&lang=en ● Global strategy and action plan on ageing and health (2016-2020), WHA69/2016/REC/1, Annex 1 available at: http:/ /apps.who. int/gb/or/ (document WHA69/2016/REC/1, Annex 1) ",,
WHO_DEMENTIA_ACTION_PLAN_2017_4a7a37c5_00102_85a775b55fcd,WHO_DEMENTIA_ACTION_PLAN_2017,Global action plan on the public health response to dementia 2017-2025,professional_knowledge,psychoeducation_only,normal,"[""older_adults"", ""caregivers"", ""family_members_supporting_others""]","[""dementia"", ""caregiving_stress"", ""social_support""]",zh-CN,pending,768,"Diagnosis of dementia, available at: http:/ /www.who.int/mental_health/mhgap/ evidence/dementia/q6/en/ ● WHO iSupport: e-programme for caregivers of people living with dementia, available at: http:/ /www.who.int/mental_health/ neurology/dem",,
WHO_DEMENTIA_ACTION_PLAN_2017_4a7a37c5_00103_a636b31b2d2a,WHO_DEMENTIA_ACTION_PLAN_2017,Global action plan on the public health response to dementia 2017-2025,professional_knowledge,psychoeducation_only,normal,"[""older_adults"", ""caregivers"", ""family_members_supporting_others""]","[""dementia"", ""caregiving_stress"", ""social_support""]",zh-CN,pending,796,"Global age-friendly cities: a guide (2007), available at: http:/ /www.who.int/ageing/publications/Global_age_friendly_ cities_Guide_English.pdf ● WHO. Tobacco use knowledge summaries: tobacco use and dementia, available at: http:/ /www.who.",,
WHO_DEMENTIA_ACTION_PLAN_2017_4a7a37c5_00104_53b00ef94fe8,WHO_DEMENTIA_ACTION_PLAN_2017,Global action plan on the public health response to dementia 2017-2025,professional_knowledge,psychoeducation_only,normal,"[""older_adults"", ""caregivers"", ""family_members_supporting_others""]","[""dementia"", ""caregiving_stress"", ""social_support""]",zh-CN,pending,877,"Routine reporting and submission of a core dementia indicator set to the Global Dementia Observatory every two years. Centrally-conducted literature search, stratified by country of origin, every two years. Core dementia indicators include ",,
WHO_DEMENTIA_ACTION_PLAN_2017_4a7a37c5_00105_e4f8e4bfad92,WHO_DEMENTIA_ACTION_PLAN_2017,Global action plan on the public health response to dementia 2017-2025,professional_knowledge,psychoeducation_only,normal,"[""older_adults"", ""caregivers"", ""family_members_supporting_others""]","[""dementia"", ""caregiving_stress"", ""social_support""]",zh-CN,pending,238,"Data will be collected, analysed and reported by WHO on a global and regional basis (as part of the work of WHO’s Global Dementia Observatory). Action area 6: Information system for dementia Action area 7: Dementia research and innovation",,
WHO_DEMENTIA_ACTION_PLAN_2017_4a7a37c5_00106_9768e59208fb,WHO_DEMENTIA_ACTION_PLAN_2017,Global action plan on the public health response to dementia 2017-2025,professional_knowledge,psychoeducation_only,normal,"[""older_adults"", ""caregivers"", ""family_members_supporting_others""]","[""dementia"", ""caregiving_stress"", ""social_support""]",zh-CN,pending,472,"● Reports of the WHO global forums on innovation for ageing populations (Kobe, Japan, 10-12 December 2013 and 7-9 October 2015), available at: http:/ /www.who.int/kobe_centre/publications/GFIAP_report.pdf; http:/ /www.who.int/kobe_centre/ag",,
WHO_DEMENTIA_ACTION_PLAN_2017_4a7a37c5_00107_c4fb60468d8f,WHO_DEMENTIA_ACTION_PLAN_2017,Global action plan on the public health response to dementia 2017-2025,professional_knowledge,psychoeducation_only,normal,"[""older_adults"", ""caregivers"", ""family_members_supporting_others""]","[""dementia"", ""caregiving_stress"", ""social_support""]",zh-CN,pending,702,"The Global action plan on the public health response to dementia 2017-2025 aims to improve the lives of people with dementia, their carers and families, while decreasing the impact of dementia on communities and countries. It provides a set",,
WHO_DEMENTIA_ACTION_PLAN_2017_c903a599_00000_b8a6bfd851cf,WHO_DEMENTIA_ACTION_PLAN_2017,Global action plan on the public health response to dementia 2017-2025,professional_knowledge,psychoeducation_only,normal,"[""older_adults"", ""caregivers"", ""family_members_supporting_others""]","[""dementia"", ""caregiving_stress"", ""social_support""]",zh-CN,pending,72,Global action plan on the public health response to dementia 2017 - 2025,,
WHO_DEMENTIA_ACTION_PLAN_2017_c903a599_00001_0db9a1aa73a5,WHO_DEMENTIA_ACTION_PLAN_2017,Global action plan on the public health response to dementia 2017-2025,professional_knowledge,psychoeducation_only,normal,"[""older_adults"", ""caregivers"", ""family_members_supporting_others""]","[""dementia"", ""caregiving_stress"", ""social_support""]",zh-CN,pending,437,"The Global action plan on the public health response to dementia 2017-2025 aims to improve the lives of people with dementia, their carers and families, while decreasing the impact of dementia on communities and countries. It provides a set",,
WHO_DEMENTIA_ACTION_PLAN_2017_c903a599_00002_879470ed5db0,WHO_DEMENTIA_ACTION_PLAN_2017,Global action plan on the public health response to dementia 2017-2025,professional_knowledge,psychoeducation_only,normal,"[""older_adults"", ""caregivers"", ""family_members_supporting_others""]","[""dementia"", ""caregiving_stress"", ""social_support""]",zh-CN,pending,246,"Areas for action include: increasing prioritization and awareness of dementia; reducing the risk of dementia; diagnosis, treatment and care; support for dementia carers; strengthening information systems for dementia; and research and innov",,
WHO_DEMENTIA_ACTION_PLAN_2017_c903a599_00003_bf6b9256f153,WHO_DEMENTIA_ACTION_PLAN_2017,Global action plan on the public health response to dementia 2017-2025,professional_knowledge,psychoeducation_only,normal,"[""older_adults"", ""caregivers"", ""family_members_supporting_others""]","[""dementia"", ""caregiving_stress"", ""social_support""]",zh-CN,pending,40,Access action plan in other UN languages,,
WHO_DEMENTIA_ACTION_PLAN_2017_c903a599_00004_879b052234ee,WHO_DEMENTIA_ACTION_PLAN_2017,Global action plan on the public health response to dementia 2017-2025,professional_knowledge,psychoeducation_only,normal,"[""older_adults"", ""caregivers"", ""family_members_supporting_others""]","[""dementia"", ""caregiving_stress"", ""social_support""]",zh-CN,pending,36,Towards a dementia plan: a WHO guide,,
WHO_DEMENTIA_ACTION_PLAN_2017_c903a599_00005_0b0dc8d61874,WHO_DEMENTIA_ACTION_PLAN_2017,Global action plan on the public health response to dementia 2017-2025,professional_knowledge,psychoeducation_only,normal,"[""older_adults"", ""caregivers"", ""family_members_supporting_others""]","[""dementia"", ""caregiving_stress"", ""social_support""]",zh-CN,pending,189,Information sheet for civil society  Information sheet for policy makers  Information sheet for health and social care providers  Information sheet for people with dementia and their carers,,
WHO_DWM_STRESS_2020_738a9f11_00000_6b136cc68d33,WHO_DWM_STRESS_2020,Doing What Matters in Times of Stress: An Illustrated Guide,interventions,direct_user_support,normal,"[""adolescents"", ""young_adults"", ""adults"", ""older_adults""]","[""stress"", ""grounding"", ""acceptance"", ""self_compassion"", ""emotion_regulation""]",zh-CN,pending,287,የአማራ ህብረተሰብ ጤና ኢንስቲትዩት በጭንቀት ወቅት አስፈላጊውን ነገር ማድረግ በስእል የተደገፈ መመሪያ ሰከን ማለት፣ ራስን ነጻማድረግ፣ እሴቶችዎን መተግበር፣ ደግ መሆን፣ ቦታ መስጠት  ምስጋና ይህ ራስን መርዳት+ መፅሐፍ የአማርኛ ትርጉም እና ዲዛይን ከዓለም ጤና ድርጅት(WHO)፣ ሴንተራል ኢመርጀንሲ ፈንድ(CERF) እና ከአውሮፓ ህብረት(EU) በተገኘ የገንዘብ ድጋፍ የተዘጋጀ,,
WHO_DWM_STRESS_2020_738a9f11_00001_61ca060ba54d,WHO_DWM_STRESS_2020,Doing What Matters in Times of Stress: An Illustrated Guide,interventions,direct_user_support,normal,"[""adolescents"", ""young_adults"", ""adults"", ""older_adults""]","[""stress"", ""grounding"", ""acceptance"", ""self_compassion"", ""emotion_regulation""]",zh-CN,pending,893,"በጭንቀት ወቅት አስፈላጊውን ነገር ማድረግ በስእል የተደገፈ መመሪያ @ አማራ ብሄራዊ ክልላዊ መንግስት ህብረተሰብ ጤና ኢንስቲቱት (APHI) እና @ ጤና ቢሮ (RHB), 2025 ይህ ትርጉም የተሰራው በዓለም ጤና ድርጅት አይደለም፡፡ የዓለም ጤና ድርጅት ለትርጉሙ ይዘት ወይም ትክክለኝነት ኃላፊነት አይወስድም፡፡ ዋነኛው Doing what matters in times of stress:",,
WHO_DWM_STRESS_2020_738a9f11_00002_7996754f10e7,WHO_DWM_STRESS_2020,Doing What Matters in Times of Stress: An Illustrated Guide,interventions,direct_user_support,normal,"[""adolescents"", ""young_adults"", ""adults"", ""older_adults""]","[""stress"", ""grounding"", ""acceptance"", ""self_compassion"", ""emotion_regulation""]",zh-CN,pending,265,int/publications/i/item/9789240003927. The works is available under the Creative Commons Attribution- Non Commercial -ShareAlike 3.0 IGO license (CC BY-NCSA 3.0 IGO; https://creativecommons.org/license/by-nc-sa/3.0/ igo) which shall be bind,,
WHO_DWM_STRESS_2020_738a9f11_00003_7453cca7b3ba,WHO_DWM_STRESS_2020,Doing What Matters in Times of Stress: An Illustrated Guide,interventions,direct_user_support,normal,"[""adolescents"", ""young_adults"", ""adults"", ""older_adults""]","[""stress"", ""grounding"", ""acceptance"", ""self_compassion"", ""emotion_regulation""]",zh-CN,pending,900,ማውጫ መቅድም ���������������������������������������������������������������������������������������������������������������������������������������������� 07 ምስጋና ��������������������������������������������������������������������������������,,
WHO_DWM_STRESS_2020_738a9f11_00004_614c9cce2c62,WHO_DWM_STRESS_2020,Doing What Matters in Times of Stress: An Illustrated Guide,interventions,direct_user_support,normal,"[""adolescents"", ""young_adults"", ""adults"", ""older_adults""]","[""stress"", ""grounding"", ""acceptance"", ""self_compassion"", ""emotion_regulation""]",zh-CN,pending,777,ፍል 5፡ ቦታ መስጠት ��������������������������������������������������������������������������������������������������������� 122 መሳሪያ 1፡ ሰከን ማለት ����������������������������������������������������������������������������������������������������,,
WHO_DWM_STRESS_2020_738a9f11_00005_45050736e747,WHO_DWM_STRESS_2020,Doing What Matters in Times of Stress: An Illustrated Guide,interventions,direct_user_support,normal,"[""adolescents"", ""young_adults"", ""adults"", ""older_adults""]","[""stress"", ""grounding"", ""acceptance"", ""self_compassion"", ""emotion_regulation""]",zh-CN,pending,899,መቅድም በጭንቀት ወቅት አስፈላጊውን ነገር ማድረግ አስቸጋሪ ነገሮችን ለመቋቋም እንዲያስችል በዓለም ጤና ድርጅት የተዘጋጀ የጭንቀት ማስተዳደሪያ ሰነድ ነው፡፡ ይህ በስእል የተደገፈ መመሪያ በጭንቀት ወቅት ሊደረጉ ይገባሉ ብሎ የዓለም ጤና ድርጅት የሚሰጣቸው ሀሳቦች እንዲተገበሩ ያግዛል፡፡ ጭንቀትን የሚያስከትሉ በርካታ ምክንያቶች አሉ፡፡ እነዚህም የግል ችግሮች (ለምሳሌ ከሚወዷቸው,,
WHO_DWM_STRESS_2020_738a9f11_00006_145a3ebf0854,WHO_DWM_STRESS_2020,Doing What Matters in Times of Stress: An Illustrated Guide,interventions,direct_user_support,normal,"[""adolescents"", ""young_adults"", ""adults"", ""older_adults""]","[""stress"", ""grounding"", ""acceptance"", ""self_compassion"", ""emotion_regulation""]",zh-CN,pending,161,ሆንም የሰዎችን የአእምሮ ጤና መደገፍም ግድ ይላል፡፡ (ይህ መጽሐፍ እንዴት ጥቅም ላይ እንደዋለ ማወቅና ከአጠቃቀሙም ትምህርት መውሰድ እንፈልጋለን፡፡ እባክዎትን ያልዎትን አስተያየት psych_interventions@ who.int በሚለው አድራሻ ያጋሩን፡፡),,
WHO_DWM_STRESS_2020_738a9f11_00007_f5d8ea29b520,WHO_DWM_STRESS_2020,Doing What Matters in Times of Stress: An Illustrated Guide,interventions,direct_user_support,normal,"[""adolescents"", ""young_adults"", ""adults"", ""older_adults""]","[""stress"", ""grounding"", ""acceptance"", ""self_compassion"", ""emotion_regulation""]",zh-CN,pending,832,"ምስጋና ከዋናው የሰነዱ ቅጽ ላይ የተወሰዱ ምስጋናዎች Doing What Matters in Times of Stress: An Illustrated Guide is a com- ponent of a forthcoming WHO stress management course, Self-Help Plus (SH+),1-2 initiated by Mark van Ommeren (Mental Health Unit, Depart",,
WHO_DWM_STRESS_2020_738a9f11_00008_c131fa42d0f8,WHO_DWM_STRESS_2020,Doing What Matters in Times of Stress: An Illustrated Guide,interventions,direct_user_support,normal,"[""adolescents"", ""young_adults"", ""adults"", ""older_adults""]","[""stress"", ""grounding"", ""acceptance"", ""self_compassion"", ""emotion_regulation""]",zh-CN,pending,845,"Project development group (alphabetical, with affiliations at time of contributions) At different stages of this project, T eresa Au (WHO), Felicity Brown (WHO), Kenneth Carswell (WHO), JoAnne Epping-Jordan (Seattle, USA), Claudette Foley (",,
WHO_DWM_STRESS_2020_738a9f11_00009_edf3b36e7fd4,WHO_DWM_STRESS_2020,Doing What Matters in Times of Stress: An Illustrated Guide,interventions,direct_user_support,normal,"[""adolescents"", ""young_adults"", ""adults"", ""older_adults""]","[""stress"", ""grounding"", ""acceptance"", ""self_compassion"", ""emotion_regulation""]",zh-CN,pending,671,"Epping-Jordan JE, Harris R, Brown FL, Carswell K, Foley C, García-Moreno C, Kogan C, van Ommeren M. Self- Help Plus (SH+): a new WHO stress management package. World Psychiatry. 2016 Oct;15(3):295-6. 2. T ol WA, Leku MR, Lakin DP , Carswell",,
WHO_DWM_STRESS_2020_738a9f11_00010_8cc7ad47feae,WHO_DWM_STRESS_2020,Doing What Matters in Times of Stress: An Illustrated Guide,interventions,direct_user_support,normal,"[""adolescents"", ""young_adults"", ""adults"", ""older_adults""]","[""stress"", ""grounding"", ""acceptance"", ""self_compassion"", ""emotion_regulation""]",zh-CN,pending,1836,"Book review (with affiliation at time of review) Book reviewers included Mona Alqazzaz (WHO), Ebert Beate (Aschaffenburg, Germany), Cécile Bizouerne (Action Contre la Faim), Margriet Blaauw (War Trauma Foundation), Kate Cavanagh, (Universit",,
WHO_DWM_STRESS_2020_738a9f11_00011_0f67019fe5a8,WHO_DWM_STRESS_2020,Doing What Matters in Times of Stress: An Illustrated Guide,interventions,direct_user_support,normal,"[""adolescents"", ""young_adults"", ""adults"", ""older_adults""]","[""stress"", ""grounding"", ""acceptance"", ""self_compassion"", ""emotion_regulation""]",zh-CN,pending,697,"Alderman Program), Nana Wiedemann (International Federation of Red Cross and Red Crescent Societies), Inka Weissbecker (International Medical Corps), Mike Wessells (Columbia University), Ross White (University of Glasgow), Eyad Yanes (WHO) ",,
WHO_DWM_STRESS_2020_738a9f11_00012_6b6069ea41f9,WHO_DWM_STRESS_2020,Doing What Matters in Times of Stress: An Illustrated Guide,interventions,direct_user_support,normal,"[""adolescents"", ""young_adults"", ""adults"", ""older_adults""]","[""stress"", ""grounding"", ""acceptance"", ""self_compassion"", ""emotion_regulation""]",zh-CN,pending,730,"Hopkins Bloomberg School of Public Health, Médecins du Monde, the University of Verona and other members of the RE-DEFINE con- sortium, and the WHO Country Office in Syria. Acknowledgements of the contributions of colleagues involved in the",,
WHO_DWM_STRESS_2020_738a9f11_00013_b45d61a3a0c1,WHO_DWM_STRESS_2020,Doing What Matters in Times of Stress: An Illustrated Guide,interventions,direct_user_support,normal,"[""adolescents"", ""young_adults"", ""adults"", ""older_adults""]","[""stress"", ""grounding"", ""acceptance"", ""self_compassion"", ""emotion_regulation""]",zh-CN,pending,177,"ወደ አማርኛ ትርጉም፦ የአማራ ህብረተሰብ ጤና ኢንስቲትዩት T o avoid duplication of translations, please consider contacting WHO at http://www.who.int/about/licensing prior to starting an adaptation.",,
WHO_DWM_STRESS_2020_738a9f11_00014_e3f1f6545d4a,WHO_DWM_STRESS_2020,Doing What Matters in Times of Stress: An Illustrated Guide,interventions,direct_user_support,normal,"[""adolescents"", ""young_adults"", ""adults"", ""older_adults""]","[""stress"", ""grounding"", ""acceptance"", ""self_compassion"", ""emotion_regulation""]",zh-CN,pending,269,ጭንቀት ካጋጠመዎ ከሆነ እርስዎ ብቸኛው ሰው አይደሉም፡፡ በአሁኑ ሰዓት በማህበረሰብዎ ውስጥም ሆነ በዓለም ዙሪያ ከጭንቀት ጋር ትግል ውስጥ ያሉ በርካታ ሰዎች አሉ፡፡ ጭንቀትን መቋቋምና መፍታት የሚችሉባቸው ተግባር ተኮር ክህሎቶችን እንዲማሩ እናግዝዎታለን፡፡ የሚያስፈልጉዎትን ክህሎቶች ሁሉ ስናስተምርዎ በመጽሐፉ ገጾች ሁሉ ይመለከቱናል፡፡ በጭንቀት ወቅት አስፈላጊውን ነገር ስለማድ,,
WHO_DWM_STRESS_2020_738a9f11_00015_60f79ee813c8,WHO_DWM_STRESS_2020,Doing What Matters in Times of Stress: An Illustrated Guide,interventions,direct_user_support,normal,"[""adolescents"", ""young_adults"", ""adults"", ""older_adults""]","[""stress"", ""grounding"", ""acceptance"", ""self_compassion"", ""emotion_regulation""]",zh-CN,pending,667,የዚህ መጽሐፍ አጠቃቀም መመሪያ ይህ መጽሐፍ አምስት ክፍሎች አሉት፤ እያንዳንዱ ክፍል አዳዲስ ሀሳቦችንና ዘዴዎችን/ መንገዶችን ይዟል፡፡ ሀሳቦቹና ቴክኒኮቹ ለመማር ቀላል ሲሆኑ በቀን ውስጥ ለተወሰኑ ደቂቃዎች ብቻ በመጠቀም ጭንቀትዎ እንዲቀንስ ሊረዱዎት ይችላሉ፡፡ በየተወሰነ ቀኑ አንዱን ክፍል ማንበብ እና በመሀከል ባሉት ቀናት ደግሞ መልመጃዎቹን መስራትና የተማሩትን መተግበር ይች,,
WHO_DWM_STRESS_2020_738a9f11_00016_1a9a82b60cb2,WHO_DWM_STRESS_2020,Doing What Matters in Times of Stress: An Illustrated Guide,interventions,direct_user_support,normal,"[""adolescents"", ""young_adults"", ""adults"", ""older_adults""]","[""stress"", ""grounding"", ""acceptance"", ""self_compassion"", ""emotion_regulation""]",zh-CN,pending,308,ክፍል 1 ሰከን ማለት  «ጭንቀት» ማለት የመረበሽ ስሜት ወይም በህይወት ተስፋ የማጣት ስሜት ነው፡፡ አንድ ሰውዬ መጥፎ ነገር ፈጸመብኝ ይህ መጽሐፍ ጭንቀት በሚያጋጥምዎ ጊዜ እገዛ የሚያደርግልዎት ነው፡፡ ጭንቀት በትልልቅ ችግሮች ምክንያት ሊከሰት ይችላል… የቤተሰብ ግጭት ህመም የትምህርት ቤት መዘጋት/አለመኖር ቤተሰብን ለማስተዳደር መቸገር ከቤት መፈናቀል  በማህበረሰብዎ ውስጥ ,,
WHO_DWM_STRESS_2020_738a9f11_00017_7cb183863fcc,WHO_DWM_STRESS_2020,Doing What Matters in Times of Stress: An Illustrated Guide,interventions,direct_user_support,normal,"[""adolescents"", ""young_adults"", ""adults"", ""older_adults""]","[""stress"", ""grounding"", ""acceptance"", ""self_compassion"", ""emotion_regulation""]",zh-CN,pending,424,ነገር ግን በጣም ከፍተኛ ጭንቀት ሰውነት ላይ ተጽእኖ ያደርጋል፡፡ በርካታ ሰዎች ጥሩ ያልሆነ ስሜት ይሰማቸዋል፡፡ ሁሉም ሰው በየጊዜው ጭንቀት ያጋጥመዋል ፡፡ ጥቂት ጭንቀት ብዙም እንደችግር አይታይም፡፡ ሌሎች ሰዎች ደግሞ አካላዊ ህመም እንደ የቆዳ ላይ ሽፍታ፣ በተዋሃሲያን መጠቃት፣ ህመሞች ወይም የሆድ ችግሮች  በርካታ ሰዎች ሲጨነቁ … ...ትኩረታቸውን መሰብሰብ አይችሉም …በቀ,,
WHO_DWM_STRESS_2020_738a9f11_00018_c66f54d5163a,WHO_DWM_STRESS_2020,Doing What Matters in Times of Stress: An Illustrated Guide,interventions,direct_user_support,normal,"[""adolescents"", ""young_adults"", ""adults"", ""older_adults""]","[""stress"", ""grounding"", ""acceptance"", ""self_compassion"", ""emotion_regulation""]",zh-CN,pending,498,እነዚህ ኃይለኛ ሀሳቦችና ስሜቶች የጭንቀት ዋነኛ አካላት ናቸው፡፡ በእነዚህ ሀሳቦችና ስሜቶች ተወጥረን ስንያዝ ችግሮች ሊከሰቱ ይችላሉ፡፡ “ተወጥሮ መያዝ” ምን ማለት ነው? በርካታ ወጥረው የሚይዙ የመንጠቆ ዓይነቶች አሉ፡፡ ሀሳቦችና ስሜቶች  አንድ ነገር መንጠቆ ውስጥ ሲገባ ማምለጥ አይችልም፡፡ መንጠቆው ወጥሮ ይዞ መንገዶቹን ሁሉ ይዘጋበታል፡፡ ተመሳሳይ መልኩ እኛም በአስቸጋሪ ,,
WHO_DWM_STRESS_2020_738a9f11_00019_d8a56bba511b,WHO_DWM_STRESS_2020,Doing What Matters in Times of Stress: An Illustrated Guide,interventions,direct_user_support,normal,"[""adolescents"", ""young_adults"", ""adults"", ""older_adults""]","[""stress"", ""grounding"", ""acceptance"", ""self_compassion"", ""emotion_regulation""]",zh-CN,pending,425,እሴቶች ምንድናቸው? እሴቶች ማለት እንደዚህ ዓይነት ሰው መሆን እፈልጋለሁ ብለው ለራሳዎት ያለዎት ጥልቅ ምኞት ነው፡፡ እነዚህ አስቸጋሪ ሀሳቦችና ስሜቶች ወጥረው ይይዙናል፤ ከእሴቶቻችንም ይነጥሉናል፡፡  ለምሳሌ ወላጅ ከሆኑ ወይንም ሌሎችን የመንከባከብ ኃላፊነቶች ቢኖርብዎት ምን ዓይነት ሰው መሆን ይፈልጋሉ? ) በፍቅር የተሞሉ ) ብልህ ) ነገሮችን በትጋትና በትኩረት የሚያከናውኑ,,
WHO_DWM_STRESS_2020_738a9f11_00020_e7c6ef93587d,WHO_DWM_STRESS_2020,Doing What Matters in Times of Stress: An Illustrated Guide,interventions,direct_user_support,normal,"[""adolescents"", ""young_adults"", ""adults"", ""older_adults""]","[""stress"", ""grounding"", ""acceptance"", ""self_compassion"", ""emotion_regulation""]",zh-CN,pending,328,አዎ፡፡ ይህንን መጽሐፍ የማነበው ስለቤተሰቤ ስለማስብ ነው፡፡ አዎ፡፡ ስለራሴ ደህንነትም አስባለሁ፡፡ ትክክል ነው፡፡ ይህ ማለት ለበርካ ቶች እጅግ አስፈላጊ የሆነ አንድ እሴትን በህይወትዎ እየተገበሩ ነው ማለት ነው፡፡ ለሌሎች ማሰብ ይህንን መጽሐፍ ማንበብዎ በራሱ የተወሰኑትን እሴቶችዎን እየተገበሩ እንደሆነ የሚያሳዩ ናቸው፡፡ እንዴት እንደሆነ ይታይዎታል?  በአስጨናቂ ሁኔታዎች ,,
WHO_DWM_STRESS_2020_738a9f11_00021_3d68deff664f,WHO_DWM_STRESS_2020,Doing What Matters in Times of Stress: An Illustrated Guide,interventions,direct_user_support,normal,"[""adolescents"", ""young_adults"", ""adults"", ""older_adults""]","[""stress"", ""grounding"", ""acceptance"", ""self_compassion"", ""emotion_regulation""]",zh-CN,pending,452,ወጥረው ሊይዙን የሚችሉ በርካታ ዓይነት አስቸጋሪ ሀሳቦችና ስሜቶች አሉ፡፡ ተስፋ የመቁረጥ ሀሳቦች… በቃኝ! ሁሉ ነገር በጣም ከባድ ነው ሌሎችን ጥፋተኛ የማድረግ ሀሳቦች… ለራሳችን የከፋ እሳቤ መያዝ… እንደዚያ ማድረግ አልነበረበትም እኔ ደካማ ነኝ፡፡ እኔ እኮ የማደርገውን አላውቅም፡፡የእርሱ ጥፋት ነው፡፡ በተለይም ስለአስቸጋሪ ሁኔታዎች ያሉ ትውስታዎች/ ትዝታዎች… ስለወደፊቱ ጊ,,
WHO_DWM_STRESS_2020_738a9f11_00022_c9f41b55ae3a,WHO_DWM_STRESS_2020,Doing What Matters in Times of Stress: An Illustrated Guide,interventions,direct_user_support,normal,"[""adolescents"", ""young_adults"", ""adults"", ""older_adults""]","[""stress"", ""grounding"", ""acceptance"", ""self_compassion"", ""emotion_regulation""]",zh-CN,pending,484,ወይም ደግሞ ራሳችንን አግልለን ከምንወዳቸው ሰዎች ራሳችንን ልናርቅ እንችላለን፡፡ ወይም ደግሞ አልጋ ላይ በመጋደም ረጅም ጊዜ ልናሳልፍ እንችላለን፡፡ « የመራቅ ጉዞዎች / የመነጠል እርምጃዎች» እንላቸዋለን፤ ምክንያቱም ባህርያችን እንደዚህ ባለው መልኩ በሚሆንበት ጊዜ ከእሴቶቻችን እየራቅን እንሄዳለን፡፡  ስለዚህ ምን ማድረግ እንችላለን? መጀመሪያ እንዴት ማተኮር፣ ከቀልብዎ ሆነ,,
WHO_DWM_STRESS_2020_738a9f11_00023_077f3054ba17,WHO_DWM_STRESS_2020,Doing What Matters in Times of Stress: An Illustrated Guide,interventions,direct_user_support,normal,"[""adolescents"", ""young_adults"", ""adults"", ""older_adults""]","[""stress"", ""grounding"", ""acceptance"", ""self_compassion"", ""emotion_regulation""]",zh-CN,pending,480,“ከቀልብ ሆኖ አንድን ነገር ማድረግ” የተባለው ነገር አልገባኝም፡፡ “አንድ ነገር ከቀልብ ሆኖ ማድረግ” ማለት ለዛ ነገር ሙሉ ትኩረትዎን መስጠት ማለት ነው፡፡ አንድን ነገር ሲጠጡ ሙሉ ትኩረትዎን ይሰጡታል? መአዛውንና ጣእሙን ያጣጥማሉ? ሙዚቃ ሲያዳምጡ ሙሉ ትኩረትዎን ይሰጡታል? እያዳመጡ ይደሰቱበታል?  ለአንድ ስራ ሙሉ ትኩረትዎን ሲሰጡት“ከቀልብዎ ሆነው አደረጉት” እንላለን፡፡,,
WHO_DWM_STRESS_2020_738a9f11_00024_c07e52d53f51,WHO_DWM_STRESS_2020,Doing What Matters in Times of Stress: An Illustrated Guide,interventions,direct_user_support,normal,"[""adolescents"", ""young_adults"", ""adults"", ""older_adults""]","[""stress"", ""grounding"", ""acceptance"", ""self_compassion"", ""emotion_regulation""]",zh-CN,pending,499,ስለዚህ እንዴት የበለጠ ከቀልብዎ መሆን እንዳለብዎትና ማተኮር እንዳለብዎት ከተማሩ ጭንቀትን በተሻለ መቋቋም ይችላሉ፡፡ ለምሳሌ ከሌሎች ጋር ያለዎት ግንኙነቶች የሚያረኩ ይሆኑልዎታል፡፡ እንደዚሁም ጠቃሚ የሆኑ ነገሮችን በተሻለ ሁኔታ መከወን ይችላሉ፡፡  ታዲያ ይህንን እንዴት መማር እንችላለን? በህይወት ውስጥ ከቀልብ ሆኖ መንቀሳቀስንና በሚሰሩት ስራ ላይ ማተኮርን መለማመጃ በርካታ,,
WHO_DWM_STRESS_2020_738a9f11_00025_513992be8dcc,WHO_DWM_STRESS_2020,Doing What Matters in Times of Stress: An Illustrated Guide,interventions,direct_user_support,normal,"[""adolescents"", ""young_adults"", ""adults"", ""older_adults""]","[""stress"", ""grounding"", ""acceptance"", ""self_compassion"", ""emotion_regulation""]",zh-CN,pending,293,በተቻለ መጠን ቀስ ብለው ይጠጡት፣ ያጣጥሙት፣ የትኩስነቱን መጠን ያስተውሉ፡፡ ሲውጡት በጉሮሮዎ ሲወርድ እየዋጡት እያለ ጣእሙ ቀስ እያለ ከምላስዎ ላይ ሲጠፋ ያስተውሉ፡፡ እያንዳንዱን የሚጎነጩትን ሻይ ወይም ቡና በተመሳሳይ መንገድ ይጠጡ፡- በእርጋታ፣ በማስተዋል እና በማጣጣም፡፡ እናም በሀሳቦችና ስሜቶች በሚወጠሩበት ጊዜ … ትኩረቴን ወደምጠጣው ነገር እመልሳለሁ፡፡ ትክክል! ከቀል,,
WHO_DWM_STRESS_2020_738a9f11_00026_b0356f2905f8,WHO_DWM_STRESS_2020,Doing What Matters in Times of Stress: An Illustrated Guide,interventions,direct_user_support,normal,"[""adolescents"", ""young_adults"", ""adults"", ""older_adults""]","[""stress"", ""grounding"", ""acceptance"", ""self_compassion"", ""emotion_regulation""]",zh-CN,pending,900,በሙሉ ቀልብ እያስተዋሉ መጠጣት ሰዎች ጭንቀትን በተሻለ ሁኔታ መቋቋም እንዲችሉ የሚያደርጋቸው አንዱ ነገር ሀሳቦቻቸውና ስሜቶቻቸው ትኩረቶቻቸውን እንዳይሰርቁት እንዴት ማድረግ እንዳለባቸው፣ ትኩታቸውን እንዴት መልሶ መሰብሰብ እንዳለባቸው፣ እንዲሁም በሚሰሩት ነገር ላይ እንዴት ሙሉ ትኩረታቸውን ማድረግ እንዳለባቸው መማር ነው፡፡ ማንኛውንም ስራ በሙሉ ቀልብዎ ሲሰሩ እና ሙሉ ትኩረት,,
WHO_DWM_STRESS_2020_738a9f11_00027_5e9e246d3f36,WHO_DWM_STRESS_2020,Doing What Matters in Times of Stress: An Illustrated Guide,interventions,direct_user_support,normal,"[""adolescents"", ""young_adults"", ""adults"", ""older_adults""]","[""stress"", ""grounding"", ""acceptance"", ""self_compassion"", ""emotion_regulation""]",zh-CN,pending,572,፣ የመዋጥን ስሜት በሙሉ ማስተዋል ነው፡፡ ልክ ትኩረትዎ መሰረቁን ባስተዋሉ ጊዜ በእርጋታ መልሰው ሀሳብዎን ወደሚጠጣው ነገር ይመልሱ፡፡ ) ከፊትዎ ምንም የሚጠጣ ነገር ከሌለዎት እንደ ውሃ፣ ሻይ፣ ወይም ቡና ያለ አልኮልነት የሌለው መጠጥ ያምጡ፡፡ የሚጠጡትን ካዘጋጁ በኋላ ቀጥ ብለው ይቀመጡና ልምምዱን በጸጥታ ይስሩ፡፡ ) ጠርሙሱን ወይም ብርጭቆውን ይያዙና ልክ እንደዚህ ዓይነት ,,
WHO_DWM_STRESS_2020_738a9f11_00028_dcd600b66f52,WHO_DWM_STRESS_2020,Doing What Matters in Times of Stress: An Illustrated Guide,interventions,direct_user_support,normal,"[""adolescents"", ""young_adults"", ""adults"", ""older_adults""]","[""stress"", ""grounding"", ""acceptance"", ""self_compassion"", ""emotion_regulation""]",zh-CN,pending,886,በሙሉ ቀልብ እያስተዋሉ መጠጣት ) የሚጠጡት ሻይ፣ ቡና ወይም የራሱ የሆነ ሽታ ያለው ሌላ መጠጥ ከሆነ ሽታውን ጥሩ አድርገው ይማጉትና መአዛውን ያስተውሉት….(5 ሰከንድ ዝምታ) ) አሁን ጠርሙሱን ወይም ብርጭቆውን ብድግ ያድርጉትና በከንፈርዎ ላይ ያሳርፉት፤ ከመጠጣትዎ በፊትም ትንሽ ቆም ይበሉ…(2 ሰከንድ ዝምታ) ) ሳይጠጡ በአፍዎ ውስጥ ምን እየሆነ እንዳለ ያስተውሉ….ምራቅ አ,,
WHO_DWM_STRESS_2020_738a9f11_00029_71a5319f3c28,WHO_DWM_STRESS_2020,Doing What Matters in Times of Stress: An Illustrated Guide,interventions,direct_user_support,normal,"[""adolescents"", ""young_adults"", ""adults"", ""older_adults""]","[""stress"", ""grounding"", ""acceptance"", ""self_compassion"", ""emotion_regulation""]",zh-CN,pending,155,(2 ሰከንድ ዝምታ) ) የት እንዳሉና ምን እየሰሩ እንደሆነ ያስተውሉ፡፡ (2 ሰከንድ ዝምታ) ) እጅዎትን ይክፈቱና የተቀመጡበትን ነገር በዝግታ በጣትዎት ያዳስሱ፡፡(2 ሰከንድ ዝምታ) ) በጣትዎ ስር ያለውን ስሜት ያስተዉሉ፡፡ (3 ሰከንድ ዝምታ),,
WHO_DWM_STRESS_2020_738a9f11_00030_e3dd49320bcf,WHO_DWM_STRESS_2020,Doing What Matters in Times of Stress: An Illustrated Guide,interventions,direct_user_support,normal,"[""adolescents"", ""young_adults"", ""adults"", ""older_adults""]","[""stress"", ""grounding"", ""acceptance"", ""self_compassion"", ""emotion_regulation""]",zh-CN,pending,174,በሙሉ ቀልብ እያስተዋሉ መጠጣት በሚቀጥለው ጊዜ ልክ በሀሳቦችዎና ስሜቶችዎ ሲወጠሩና አብሮዎት ላለው ሰው ወይም እየሰሩ ላሉት ስራ ትኩረት እየሰጡ ካልሆነ ልክ በዚህ ልምምድ ላይ እንዳደረጉት ሁሉ ሙሉ ቀልብዎን በሚሰሩት ስራ ላይ ለማድረግ ይሞክሩና ምን እንደሚፈጠር ያስተውሉ፡፡,,
WHO_DWM_STRESS_2020_738a9f11_00031_370cc0d255cb,WHO_DWM_STRESS_2020,Doing What Matters in Times of Stress: An Illustrated Guide,interventions,direct_user_support,normal,"[""adolescents"", ""young_adults"", ""adults"", ""older_adults""]","[""stress"", ""grounding"", ""acceptance"", ""self_compassion"", ""emotion_regulation""]",zh-CN,pending,441,ከቤተሰብዎችዎ ወይም ጓደኞችዎ ጋር ሲያወሩ ይህንን መለማመድ ይችላሉ፡፡ ሌሎች የሚናገሩትን፣ የድምጻቸውን አጣጣል እንዲሁም በፊታቸው ላይ ያለውን ገጽታ ያስተውሉ፡፡ ሙሉ ትኩረትዎን ይስጧቸው፡ ከልጆች ጋር ሲጫወቱ ወይም ሌሎች እንደማስተማር ወይም ማንበብ ያሉ ነገሮችን እያደረጉ እነዚህን ነገሮች መለማመድ ይችላሉ፡፡ ለልጆቹና ለጨዋታው ሙሉ ትኩረትዎን ይስጡ፡፡ ሲያጥቡ፣ ሲያበስሉ ወይ,,
WHO_DWM_STRESS_2020_738a9f11_00032_7c3392e1bc52,WHO_DWM_STRESS_2020,Doing What Matters in Times of Stress: An Illustrated Guide,interventions,direct_user_support,normal,"[""adolescents"", ""young_adults"", ""adults"", ""older_adults""]","[""stress"", ""grounding"", ""acceptance"", ""self_compassion"", ""emotion_regulation""]",zh-CN,pending,416,አንዳንዴ ግን ስሜቶቼና ታሪኮቼ በጣም የሚያሳምሙ ናቸው፡፡ አዎ! አንዳንድ ጊዜ ኃይላቸው በርትቶ ወደ “የስሜት ማእበል” ሊቀየሩ ይችላሉ፡፡ “የስሜት ማእበል” ማለት አስቸጋሪ ሀሳቦችንና ስሜቶችን እጅግ በኃይለኛው ማስተናገድ ማለት ነው፡፡ እንደከባድ ማእበል እጅግ ጠንካራ ከመሆናቸው የተነሳ በቀላሉ ሊያሸንፉዎት ይችላሉ፡፡ የስሜት ማእበል በሚከሰትበት ጊዜ እንዴት “ራሳችንን ሰከን ,,
WHO_DWM_STRESS_2020_738a9f11_00033_3aee5c992f0f,WHO_DWM_STRESS_2020,Doing What Matters in Times of Stress: An Illustrated Guide,interventions,direct_user_support,normal,"[""adolescents"", ""young_adults"", ""adults"", ""older_adults""]","[""stress"", ""grounding"", ""acceptance"", ""self_compassion"", ""emotion_regulation""]",zh-CN,pending,387,መሬት ላይ ሲሆኑ ደህንነትዎ እጅግ በተሻለ ሁኔታ የተጠበቀ ነው፡፡ መሬት ላይ ሳሉ ሌሎችንም ማገዝ ይችላሉ፡፡ ለምሳሌ አውሎ ንፋሱ እያፏጨ ባለበት ሰዓት ሌሎችን ማረጋጋት ይችላሉ፡፡ ሊደበቁና አውሎ ነፋሱን ሊያሳልፉ የሚችሉበት ቦታም ካለ እዚያ መድረስ የሚችሉት መሬት ላይ ከወረዱ በኋላ ነው፡፡  እንዴት? መጀመሪያ ማድረግ ያለብዎት ምን እየተሰማዎት እንደሆነና ምን እያሰቡ እንደሆነ,,
WHO_DWM_STRESS_2020_738a9f11_00034_8fe839305db8,WHO_DWM_STRESS_2020,Doing What Matters in Times of Stress: An Illustrated Guide,interventions,direct_user_support,normal,"[""adolescents"", ""young_adults"", ""adults"", ""older_adults""]","[""stress"", ""grounding"", ""acceptance"", ""self_compassion"", ""emotion_regulation""]",zh-CN,pending,442,ከዚያም በኋላ ረጋ ይበሉና ሰውነትዎን ያዳምጡ፡፡ የአተነፋፈስዎን ፍጥነት ይቀንሱ፡፡ ሳምባዎችዎን ሙሉ ለሙሉ ባዶ ያድርጓቸው፡፡ ከዚያም በተቻለ ዝግታ መልሰው በአየር እንዲሞሉ ያድርጓቸው፡፡ ቀስ ብለው በእግሮችዎ መሬቱን ይጫኑት፡፡ ቀስ ብለው እጅዎትን ይዘርጉ ወይም እጆችዎን በዝግታ አንድ ላይ ይጫኗቸው፡፡  የሚሰሟቸው ሶስት ወይም አራት ነገሮች ምንድናቸው? ሰከን በማለት ላይ ቀጥ,,
WHO_DWM_STRESS_2020_738a9f11_00035_a59ae15d1655,WHO_DWM_STRESS_2020,Doing What Matters in Times of Stress: An Illustrated Guide,interventions,direct_user_support,normal,"[""adolescents"", ""young_adults"", ""adults"", ""older_adults""]","[""stress"", ""grounding"", ""acceptance"", ""self_compassion"", ""emotion_regulation""]",zh-CN,pending,201,አስቸጋሪ ሀሳቦችና ስሜቶች እየመጡብዎ መሆኑን ያስተውሉ… …በዙሪያዎም ደግሞ ሊያዩት፣ ሊያዳምጡት፣ ሊነኩት፣ ሊያሸቱትና ሊቀምሱት የሚችሉት ዓለም እንዳለ ይመልከቱ፡፡ እጆችዎን፣ እግሮችዎን እና አፍዎን ሊያንቀሳቅሱ እንደሚችሉም ያስተውሉ፡፡ እናም እርስዎ ከፈለጉ ከእሴትዎችዎ ጋር በሚሄድ መልኩ ነገሮችን ማድረግ ይችላሉ፡፡,,
WHO_DWM_STRESS_2020_738a9f11_00036_8026fe45d6a5,WHO_DWM_STRESS_2020,Doing What Matters in Times of Stress: An Illustrated Guide,interventions,direct_user_support,normal,"[""adolescents"", ""young_adults"", ""adults"", ""older_adults""]","[""stress"", ""grounding"", ""acceptance"", ""self_compassion"", ""emotion_regulation""]",zh-CN,pending,931,ሰከን የማለት ልምምድ 1 (5 ደቂቃ) ሰከን ማለት ባለንበት ቅጽበት ላይ እንድንቆይ የሚረዳን ልምምድ ነው፡፡ ወደዚህና ወደአሁን እንድንመለስ ይረዳናል፡፡ ሰከን ማለት በተለይም የሚረዳን የስሜት ማእበል ሲከሰት ለመቋቋም ነው፡፡ ምክንያቱም የስሜት ማእበሎች ሲከሰቱ በሀሳብና በስሜት ጭልጥ ብለን ሄደን የት እንዳለን ይጠፋብናል፡፡ ስለዚህ እስኪ አጠር ያለ ሰከን የማለት ልምምድ እንስ,,
WHO_DWM_STRESS_2020_738a9f11_00037_9b670eda4aa9,WHO_DWM_STRESS_2020,Doing What Matters in Times of Stress: An Illustrated Guide,interventions,direct_user_support,normal,"[""adolescents"", ""young_adults"", ""adults"", ""older_adults""]","[""stress"", ""grounding"", ""acceptance"", ""self_compassion"", ""emotion_regulation""]",zh-CN,pending,260,(5 ሰከንድ ዝምታ) ) መስማት የቻሏቸው ሶስት ወይም አራት ነገሮች ምንድናቸው? (5 ሰከንድ ዝምታ) ) አየር ወደውስጥ ይሳቡ፡፡ አየሩ እንዴት ያለ ነው--ሞቃት፣ ቀዝቃዛ፣ ንጹህ፣ የተበከለ፣ ደረቅ ወይስ እርጥበታማ? በአየሩ ውስጥ ምን ይሸትዎታል? (5 ሰከንድ ዝምታ) ) የት እንዳሉና ምን እየሰሩ እንደሆነ ያስተውሉ፡፡ ) ተንጠራርተው የሆነ ነገር ይንኩና በጣቶችዎ ስር ምን ዓይ,,
WHO_DWM_STRESS_2020_738a9f11_00038_a9d48ba9e7da,WHO_DWM_STRESS_2020,Doing What Matters in Times of Stress: An Illustrated Guide,interventions,direct_user_support,normal,"[""adolescents"", ""young_adults"", ""adults"", ""older_adults""]","[""stress"", ""grounding"", ""acceptance"", ""self_compassion"", ""emotion_regulation""]",zh-CN,pending,733,ሰከን የማለት ልምምድ 1 (5 ደቂቃ) ) (5 ሰከንድ ዝምታ) ) በሆነ መንገድ ሰውነትዎን ያንጠራሩ፡፡ እጆችዎን ወይም እግሮችዎን ወይም ጀርባዎን ወይም አንገትዎን፡፡ (5 ሰከንድ ዝምታ) ) አስቸጋሪ ሀሳቦችና ስሜቶች እየመጡብዎ ቢሆንም በዙሪያዎ ሊያዩት፣ ሊሰሙት፣ሊያሸቱትና ሊዳስሱት የሚችሉት ዓለም መኖሩን ያስተውሉ፡፡ ) አሁን በፈለጉት ሁኔታ መንቀሳቀስ እንደሚችሉ፣ የሚናገሯቸው,,
WHO_DWM_STRESS_2020_738a9f11_00039_fb52368ad9e5,WHO_DWM_STRESS_2020,Doing What Matters in Times of Stress: An Illustrated Guide,interventions,direct_user_support,normal,"[""adolescents"", ""young_adults"", ""adults"", ""older_adults""]","[""stress"", ""grounding"", ""acceptance"", ""self_compassion"", ""emotion_regulation""]",zh-CN,pending,246,ሰከን ማለት የስሜት ማእበሎችዎ ብን ብለው እንዲጠፉ አያደርጋቸውም፡፡ ማእበሉ እስኪያልፍ ግን ደህንነትዎ ተጠብቆ እንዲቆዩ ያደርጎታል፡፡ አንዳንድ ማእበሎች ለረጅም ጊዜ ይቆያሉ፡፡ ሌሎቹ ደግሞ በፍጥነት ያልፋሉ፡፡ እነዚህ ራስን በሀሳብና በስሜት ከመወጠር ነጻ የማድረግና ሰከን የማለት ልምምዶች አስቸጋሪ ሀሳቦቼንና ስሜቶቼን አያጠፉልኝም ማለት ነው? ትክክል! ዓላማቸውም እንደዚያ አ,,
WHO_DWM_STRESS_2020_738a9f11_00040_88b398b66ec4,WHO_DWM_STRESS_2020,Doing What Matters in Times of Stress: An Illustrated Guide,interventions,direct_user_support,normal,"[""adolescents"", ""young_adults"", ""adults"", ""older_adults""]","[""stress"", ""grounding"", ""acceptance"", ""self_compassion"", ""emotion_regulation""]",zh-CN,pending,529,ራስን በሀሳብና በስሜት ከመወጠር ነጻ የማድረግና ሰከን የማለት ልምምዶች ዓላማ ህይወትን “ከቀልብዎ ሆነው እንዲኖሯት” ለማገዝ ነው፡፡ ለምሳሌ ለቤተሰቦችዎና ለጓደኞችዎ ሙሉ ትኩረትዎን እንዲሰጡ ማድረግ ወደእሴቶችዎ ማለትም ለራስዎ መሆን ወደሚፈልጉት ማንነት እንዲጠጉ ያግዙዎታል፡፡ እንዲሁም የሚሰሩትን ነገር በጥሩ ሁኔታ እንዲሰሩ ትኩረትዎን እንዲሰበስቡ ይረዳዎታል፡፡ ለማንኛውም ስ,,
WHO_DWM_STRESS_2020_738a9f11_00041_4bedd5c9707e,WHO_DWM_STRESS_2020,Doing What Matters in Times of Stress: An Illustrated Guide,interventions,direct_user_support,normal,"[""adolescents"", ""young_adults"", ""adults"", ""older_adults""]","[""stress"", ""grounding"", ""acceptance"", ""self_compassion"", ""emotion_regulation""]",zh-CN,pending,364,ከቀልብ ሆኖ ነገሮችን ማድረግ፣ ትኩረት ማድረግና ሰከን ማለት እነዚህን ሁሉ ነገሮች እንድናከናውን ያግዘናል፡፡ ግን በጣም ከባድ ይመስላል… እንደማንኛውም አዲስ ክህሎት ልምምድ ይፈልጋል፡፡ ብዙ በተለማመድን ቁጥር… …የበለጠ እየተሻሻልን እንሄዳለን! ልክ የበለጠ ፈጣን ሯጭ ለመሆን ወይም ከበድ ያሉ ክብደቶችን ለማንሳት ጡንቻችንን እንደምናፈረጥመው ዓይነት ነው፡፡ በልምምድ ጡንቻዎች,,
WHO_DWM_STRESS_2020_738a9f11_00042_9582fe1eed30,WHO_DWM_STRESS_2020,Doing What Matters in Times of Stress: An Illustrated Guide,interventions,direct_user_support,normal,"[""adolescents"", ""young_adults"", ""adults"", ""older_adults""]","[""stress"", ""grounding"", ""acceptance"", ""self_compassion"", ""emotion_regulation""]",zh-CN,pending,469,እነዚህን ከቀልብ የመሆንና ሰከን የማለት ክህሎቶች የምንለማመድባቸው በርካታ መንገዶች አሉ፡፡ አሁን እንለማመዳቸዋለን! ይህንን መጽሐፍ ሲያነቡ ትእዛዞቹን ይከተሉ፡፡ ዝም ብለው አያንቡት፤ ይተግብሩት! መጀመሪያ ምን እየተሰማዎት እንደሆነና ምን እያሰቡ እንደሆነ ያስተውሉ፡፡ ከዚያም ረጋ ብለው ሰውነትዎን ያዳምጡ፡፡ በዝግታ ወደውጪ ይተንፍሱ፡፡ በዝግታ ይንጠራሩ፡፡ በዝግታ በእግሮችዎ,,
WHO_DWM_STRESS_2020_738a9f11_00043_5b9c80818337,WHO_DWM_STRESS_2020,Doing What Matters in Times of Stress: An Illustrated Guide,interventions,direct_user_support,normal,"[""adolescents"", ""young_adults"", ""adults"", ""older_adults""]","[""stress"", ""grounding"", ""acceptance"", ""self_compassion"", ""emotion_regulation""]",zh-CN,pending,428,ሰከን የማለት ልምምድ 2 (2 ደቂቃ) አሁን አጠር ያለ ሰከን የማለት ልምምድ እንሰራለን፡፡ ) ቀጥ ብለው ይቀመጡ፣ በጸጥታ፣ ዐይንዎን ገልጠው ወይም ጨፍነው ምን ምን ሀሳቦችና ስሜቶች እንዳሉ ያስተውሉ፡፡ (10 ሰከንድ ዝምታ) ) አሁን ዝግ ይበሉ፡፡ ይተንፍሱ፣ እግርዎን ወደታች ይጫኑ፣ እጆችዎን ይዘርጉ ወይም ጀርባዎን ቀጥ ያድርጉ፡፡ (10 ሰከንድ ዝምታ) ) አሁን በዙሪያዎ ያለ,,
WHO_DWM_STRESS_2020_738a9f11_00044_a51993d8e954,WHO_DWM_STRESS_2020,Doing What Matters in Times of Stress: An Illustrated Guide,interventions,direct_user_support,normal,"[""adolescents"", ""young_adults"", ""adults"", ""older_adults""]","[""stress"", ""grounding"", ""acceptance"", ""self_compassion"", ""emotion_regulation""]",zh-CN,pending,459,ረዘም ያለ ሰከን የማለት ልምምድ ደግሞ ይኸውልዎ፡ ፡ መጀመሪያ ምን እየተሰማዎት እንደሆነና ምን እያሰቡ እንደሆነ ያስተውሉ፡፡ ከዚያም ረጋ በማለት ሰውነትዎን ያዳምጡ፡፡ በዝግታ ወደውጪ ይተንፍሱ፡፡ በቀስታ ይንጠራሩ፡፡ ቀስ ብለው በእግሮችዎ ወለሉን ይግፉት፡፡ አሁን ደግሞ አተነፋፈስዎን የበለጠ ዝግ እንዲል ያድርጉት፡ ፡ ቀስ ብለው ሳምባዎችዎን ባዶ ያድርጉ፡፡ በዝግታና በእርጋታ ,,
WHO_DWM_STRESS_2020_738a9f11_00045_2a9fca47d842,WHO_DWM_STRESS_2020,Doing What Matters in Times of Stress: An Illustrated Guide,interventions,direct_user_support,normal,"[""adolescents"", ""young_adults"", ""adults"", ""older_adults""]","[""stress"", ""grounding"", ""acceptance"", ""self_compassion"", ""emotion_regulation""]",zh-CN,pending,489,ስለዚህ መፍዘዝ ወይም ማዞር ወይንም ደረትዎ ላይ የመክበድ ስሜት ከተሰማዎት አተነፋፈስዎን ዝግ እንዲል ያድርጉ፡፡ በእርጋታ ወደውጪ ይተንፍሱ፤ ከዚያም በተቻለዎት መጠን በዝግታና በስሱ ወደውስጥ ይተንፍሱ፡፡ (በጥልቀት አይተንፍሱ፡፡ ማዞሩን/መፍዘዙን ያብስብዎታል) አሁን ልክ መተንፈስ የሚባለው ነገር ለመጀመሪያ ጊዜ ያጋጠመዎት ይመስል አተነፋፈስዎን በጉጉት አሁን በበለጠ ዝግታ ወደ,,
WHO_DWM_STRESS_2020_738a9f11_00046_e7ae3fca28ce,WHO_DWM_STRESS_2020,Doing What Matters in Times of Stress: An Illustrated Guide,interventions,direct_user_support,normal,"[""adolescents"", ""young_adults"", ""adults"", ""older_adults""]","[""stress"", ""grounding"", ""acceptance"", ""self_compassion"", ""emotion_regulation""]",zh-CN,pending,237,ልክ እየተከሰተ ያለውን እንዳዩ ትኩረትዎን ወደአተነፋፈስዎ መልሰው ይሰብስቡ፡፡ ሙሉ ትኩረትዎን ይስጡት፡፡ በአፍንጫዎችዎ ቀዳዳዎች አየር ሲገባና ሲወጣ ያስተውሉ፡፡ ትከሻዎችዎ በዝግታ ሲንቀሳቀሱ ደረትዎ ወደውስጥና ወደውጭ ሲንቀሳቀስ ሆድዎ እንዴት ወደውስጥና ወደውጪ እንደ ሚንቀሳቀስ ያስተውሉ፡፡ በተደጋጋሚ በሀሳቦችና ስሜቶች ይወጠራሉ፡፡ ልክ የተከሰተውን ነገር እንዳስተዋሉ …,,
WHO_DWM_STRESS_2020_738a9f11_00047_406ff75df90f,WHO_DWM_STRESS_2020,Doing What Matters in Times of Stress: An Illustrated Guide,interventions,direct_user_support,normal,"[""adolescents"", ""young_adults"", ""adults"", ""older_adults""]","[""stress"", ""grounding"", ""acceptance"", ""self_compassion"", ""emotion_regulation""]",zh-CN,pending,367,…ትኩረትዎን ወደአተነፋፈስዎ ይመልሱ፡፡ ሀሳቦችዎና ስሜቶችዎ 1000 ጊዜ ከወጠሩዎት… ራሳችንን 1000 ጊዜ ነጻ እናወጣለን! ትክክል! ከዚያም ትኩረታ ችሁን ወደአተነፋፈሳችሁ ትመልሳላችሁ፡፡ በተደጋጋሚ ትኩረትዎን ወደአተነፋፈስዎ ይመልሱ፤ በአግራሞትና በጉጉትም ያስተውሉት፡፡ ለምን ያህል ጊዜ ነው ይህንን የምንሰራው? እንማንኛውም ክህሎት ብዙ በተለማመዱ ቁጥር የተሻለ ይሆናል፡፡ ስ,,
WHO_DWM_STRESS_2020_738a9f11_00048_e2b82e1f1535,WHO_DWM_STRESS_2020,Doing What Matters in Times of Stress: An Illustrated Guide,interventions,direct_user_support,normal,"[""adolescents"", ""young_adults"", ""adults"", ""older_adults""]","[""stress"", ""grounding"", ""acceptance"", ""self_compassion"", ""emotion_regulation""]",zh-CN,pending,323,ዝግ ይበሉ፡፡ በዝግታ ወደውጪ ይተንፍሱ፡፡ ቀስ ብለው ይንጠራሩ፡፡ በቀስታ በእግሮችዎ መሬቱን ይግፉ፡፡ ከዚያም መልሰው ትኩረትዎን በመሰብሰብ ሙሉ ቀልብዎን አካባቢዎ ላይ ያድርጉ፡፡ በጉጉት ለእነዚህ ትኩረት ይስጡ… የት እንዳሉ፣ እነማን ከእርስዎ ጋር እንዳሉ እና እርስዎም ምን እያደረጉ እንደሆነ እናም ይህንን ልምምድ በሚሰሩበት ጊዜ ሁሉ ቆም ብለው ለእነዚህ ነገሮች እውቅና ይስጡ,,
WHO_DWM_STRESS_2020_738a9f11_00049_99d2237ba7d2,WHO_DWM_STRESS_2020,Doing What Matters in Times of Stress: An Illustrated Guide,interventions,direct_user_support,normal,"[""adolescents"", ""young_adults"", ""adults"", ""older_adults""]","[""stress"", ""grounding"", ""acceptance"", ""self_compassion"", ""emotion_regulation""]",zh-CN,pending,862,ሰከን የማለት ልምምድ 3 (9 ደቂቃ) አሁን ደግሞ ረዘም ያለ ሰከን የማለት ልምምድ ይሰራሉ፡፡ ወደ ልምምዱ! (ይህንን ልምምድ በጸጥታ ይስሩ፡፡) ) ቀጥ ብለው ይቀመጡ፡፡ እንደምርጫዎ ዐይኖችዎን ይጨፍኑ ወይም እይታዎን አንድ ነገር ላይ ይትከሉ፡፡ ቆም ብለው በአንክሮ ምን ምን ሀሳቦችና ስሜቶች እንዳሉ ያስተውሉ፡፡ (5 ሰከንድ ዝምታ) ) ከዚያም አተነፋፈስዎ ዝግ እንዲል ያድርጉ፡,,
WHO_DWM_STRESS_2020_738a9f11_00050_83e7e4007dbd,WHO_DWM_STRESS_2020,Doing What Matters in Times of Stress: An Illustrated Guide,interventions,direct_user_support,normal,"[""adolescents"", ""young_adults"", ""adults"", ""older_adults""]","[""stress"", ""grounding"", ""acceptance"", ""self_compassion"", ""emotion_regulation""]",zh-CN,pending,200,(5 ሰከንድ ዝምታ) ) ደረትዎስ ምን ዓይነት እንቅስቃሴና ስሜት አለው? (5 ሰከንድ ዝምታ) ) ሆድዎስ ምን ዓይነት እንቅስቃሴና ስሜት አለው? (5 ሰከንድ ዝምታ) ) ትንፋሽዎን ማስተዋልዎን ይቀጥሉ፡፡ ሲገባና ሲወጣ ይከታተሉት፡፡ (5 ሰከንድ ዝምታ) ) በተደጋጋሚ በሀሳቦችና በስሜቶች እየተወጠሩ ትኩረትዎን ያጣሉ፡፡,,
WHO_DWM_STRESS_2020_738a9f11_00051_e0a3d8f197cf,WHO_DWM_STRESS_2020,Doing What Matters in Times of Stress: An Illustrated Guide,interventions,direct_user_support,normal,"[""adolescents"", ""young_adults"", ""adults"", ""older_adults""]","[""stress"", ""grounding"", ""acceptance"", ""self_compassion"", ""emotion_regulation""]",zh-CN,pending,538,ሰከን የማለት ልምምድ 3 ) ልክ ይሄ መከሰቱን ሲያውቁ፣ ያስተውሉት፣ ራስዎን ነጻ ያድርጉ፣ ከዚያም ትኩረትዎን መልሰው ይሰብስቡ፡፡ (10 ሰከንድ ዝምታ) ) ከዚያም ቀስ ብለው ጀርባዎን ቀጥ አድርገው ይንጠራሩ፡፡ በደንብ አድርገው እጆችዎን በመዘርጋት ምን ዓይነት ስሜት እንዳለው ያስተውሉ፡፡ መንጠራራት ካልፈለጉ ዝም ብለው ጀርባዎንና ትከሻዎችዎን ቀጥ ያድርጉ፣ ጭንቅላትዎን ከፍ ያ,,
WHO_DWM_STRESS_2020_738a9f11_00052_a8e84f3e336d,WHO_DWM_STRESS_2020,Doing What Matters in Times of Stress: An Illustrated Guide,interventions,direct_user_support,normal,"[""adolescents"", ""young_adults"", ""adults"", ""older_adults""]","[""stress"", ""grounding"", ""acceptance"", ""self_compassion"", ""emotion_regulation""]",zh-CN,pending,572,(5 ሰከንድ ዝምታ) ) የት እንዳሉና ምን እያደረጉ እንደሆነ ያስተውሉ፡፡ (5 ሰከንድ ዝምታ) ) እጆችዎን ከፍተው በተቀመጡበት ነገር ላይ ጣቶችዎን ያስኪዱ፡፡ በጣቶችዎ ስር ያለውን ስሜት ያስተውሉ፡፡ (5 ሰከንድ ዝምታ) ) ስለዚህ የሚያዩትን፣ የሚሰሙትን፣ የሚነኩትን፣ የሚያሸቱትን፣ የሚያስቡትን፣ የሚሰማዎትንና የሚያደርጉትን ማስተዋል የሚችል ክፍል አለዎት ማለት ነው፡፡ ) ይህ,,
WHO_DWM_STRESS_2020_738a9f11_00053_99a4bab3528b,WHO_DWM_STRESS_2020,Doing What Matters in Times of Stress: An Illustrated Guide,interventions,direct_user_support,normal,"[""adolescents"", ""young_adults"", ""adults"", ""older_adults""]","[""stress"", ""grounding"", ""acceptance"", ""self_compassion"", ""emotion_regulation""]",zh-CN,pending,90,ሰከን የማለት ልምምድ 3 ) አሁን ይቀመጡ፡፡ (5 ሰከንድ ዝምታ) ) በጣም ጥሩ፡፡ አስፈላጊ ክህሎቶችዎን እያሳደጉ ነው፡፡ (3 ሰከንድ ዝምታ),,
WHO_DWM_STRESS_2020_738a9f11_00054_ee61c45b7bd7,WHO_DWM_STRESS_2020,Doing What Matters in Times of Stress: An Illustrated Guide,interventions,direct_user_support,normal,"[""adolescents"", ""young_adults"", ""adults"", ""older_adults""]","[""stress"", ""grounding"", ""acceptance"", ""self_compassion"", ""emotion_regulation""]",zh-CN,pending,528,ትክክል! ምክንያቱም እነዚህ ክህሎቶች ከቀልብዎ እንዲሆኑ፣ ትኩረት እንዲሰጡ እና ራስዎን በሀሳቦችና ስሜቶች ከመወጠር ነጻ እንዲያወጡ ያግዙዎታል… ��� ወደእሴቶችዎ መጠጋት ይችሉ ዘንድ፡፡ ስለዚህ በቀንዎ ውስጥ ባገኙት አጋጣሚ ሁሉ እነዚህን ክህሎቶች መለማመድን ያስታውሱ፡፡ እቅድ እንዲያወጡ ያግዝዎታል፡፡ ለምሳሌ በየቀኑ መቼ፣ የትና ስንት ጊዜ ሰከን ማለትን መለማመድ እንደሚፈልጉ,,
WHO_DWM_STRESS_2020_738a9f11_00055_2304af7060e7,WHO_DWM_STRESS_2020,Doing What Matters in Times of Stress: An Illustrated Guide,interventions,direct_user_support,normal,"[""adolescents"", ""young_adults"", ""adults"", ""older_adults""]","[""stress"", ""grounding"", ""acceptance"", ""self_compassion"", ""emotion_regulation""]",zh-CN,pending,438,ክፍል 2 ራስን ነጻ ማድረግ  እንኳን ተመልሰው በደህና መጡ፡፡ ለህይወት ሙሉ ቀልብን መስጠትን፣ በሚሰሯቸው ነገሮች ላይ ማተኮርን እና በስሜት ማእበሎች ወቅት ራስዎን ሰከን ማድረግን እንደተለማመዱ ተስፋ አደርጋለሁ፡፡ ካስተዋሉ ቀደም ሲል ስለ “መራቅ“ እና “መቅረብ” ተነጋግረን ነበር። መቅረብ  በአስቸጋሪ ሀሳቦችና ስሜቶች ስንወጠር ከእሴቶቻችን የመራቅ አዝማሚያ እናሳያለን፡፡ ወ,,
WHO_DWM_STRESS_2020_738a9f11_00056_17a690d0b00e,WHO_DWM_STRESS_2020,Doing What Matters in Times of Stress: An Illustrated Guide,interventions,direct_user_support,normal,"[""adolescents"", ""young_adults"", ""adults"", ""older_adults""]","[""stress"", ""grounding"", ""acceptance"", ""self_compassion"", ""emotion_regulation""]",zh-CN,pending,494,ህይወቴ በጣም ከባድ ነው፡፡ አስቸጋሪ ሀሳቦቼና ስሜቶቼ ብን ብለው ይጠፉልኝ ይሆን? ጥሩ ጥያቄ ነው፡፡ ብን ብለው እንዲጠፉ ማሰብዎ ስሜት የሚሰጥ ነገር ነው፡፡ ግን ደግሞ እንዲያው ዝም ብለው ይጠፋሉ ብሎ ማሰብ ከእውነታው ጋር የሚሄድ ነው? ልክ እንደቆሻሻ ልናቃጥላቸው እንችላለን? ልንቆልፍባቸውና ልንደብቃቸው እንችላለን? ጉድጓድ ውስጥ ልንቀብራቸው እንችላለን? ትተናቸው ልንጠፋ ,,
WHO_DWM_STRESS_2020_738a9f11_00057_44c781c2d4a1,WHO_DWM_STRESS_2020,Doing What Matters in Times of Stress: An Illustrated Guide,interventions,direct_user_support,normal,"[""adolescents"", ""young_adults"", ""adults"", ""older_adults""]","[""stress"", ""grounding"", ""acceptance"", ""self_compassion"", ""emotion_regulation""]",zh-CN,pending,292,እርግጥ ነው ከእነዚህ ዘዴዎች አብዛኞቹ ሀሳቦቹና ስሜቶቹ እንዲጠፉ ያደርጓቸዋል፡፡ ግን ለረጅም ጊዜ አያጠፏቸውም! ወዲያው ተመልሰው ይመጣሉ! ከእነዚህ ዘዴዎች ምን ያህሉ የወጡ ናቸው? አብዛኞቹ! ትክክል! ስለዚህ እነዚህን ሀሳቦችና ስሜቶች ለማጥፋት ስንሞክር… …ህይወታችን አብዛኛውን ጊዜ የበለጠ መጥፎ ይሆናል፡፡ ስለዚህ አዲስ ዘዴ ለመማር ራስዎን ክፍት አድርገዋል? አስቸጋሪ ሀሳ,,
WHO_DWM_STRESS_2020_738a9f11_00058_c8481a028dd0,WHO_DWM_STRESS_2020,Doing What Matters in Times of Stress: An Illustrated Guide,interventions,direct_user_support,normal,"[""adolescents"", ""young_adults"", ""adults"", ""older_adults""]","[""stress"", ""grounding"", ""acceptance"", ""self_compassion"", ""emotion_regulation""]",zh-CN,pending,346,አስቸጋሪ ሀሳቦችንና ስሜቶችን ማስተናገጃ አዲስ ዘዴ ነው፡፡ ገፍቶ ለማስወጣት ከመሞከር ይልቅ… ከእነርሱ ጋር መታገልዎን ያቁሙ፡፡ ሀሳቦቹና ስሜቶቹ ወጥረው ሲይዙዎት… …ራስዎን መልሰው ነጻ ያድርጉ ያንን እንዴት ማድረግ እንችላለን? እሱን ትንሽ ቆይቼ አሳይዎታለሁ፡፡ ነገር ግን መጀመሪያ ምን ዓይነት ሀሳቦችና ስሜቶች ወጥረው እንደያዝዎት እንለይ፡፡ አዲስ መንገድ  የወጠሩዎት ሀሳቦ,,
WHO_DWM_STRESS_2020_738a9f11_00059_70dd42137a24,WHO_DWM_STRESS_2020,Doing What Matters in Times of Stress: An Illustrated Guide,interventions,direct_user_support,normal,"[""adolescents"", ""young_adults"", ""adults"", ""older_adults""]","[""stress"", ""grounding"", ""acceptance"", ""self_compassion"", ""emotion_regulation""]",zh-CN,pending,477,ራስን ነጻ ለማድረግ የመጀመሪያዎቹ ሁለቱ እርምጃዎች መጀመሪያ ሀሳብ ወይም ስሜት ወጥሮ እንደያዘዎት ማስተዋል አለብዎት፡፡ ከዚያም ስም ይሰጡታል፡፡ ስም ለመስጠት የሚከተሉት ዓይነት ነገሮችን ለራስዎ ይበሉ… ደረቴ ላይ መክበድ ይሰማኛል ግንባሬ ላይ የሆነ ግፊት ነገር ይሰማኛል የሚያሳምም ትውስታ መጣብኝ ስለወደፊቱ ፍርሃቶቼ መጡ  ስላለፈው ጊዜ አስቸጋሪ ሀሳቦች መጡብኝ ንዴት ተሰማ,,
WHO_DWM_STRESS_2020_738a9f11_00060_eff32a0b2041,WHO_DWM_STRESS_2020,Doing What Matters in Times of Stress: An Illustrated Guide,interventions,direct_user_support,normal,"[""adolescents"", ""young_adults"", ""adults"", ""older_adults""]","[""stress"", ""grounding"", ""acceptance"", ""self_compassion"", ""emotion_regulation""]",zh-CN,pending,271,ሆዴ ውስጥ የተቋጠረ ነገር ሲሰማኝ ስለምፈራው ነገር ሀሳብ ሲመጣብኝ አስተዋልኩ፡ እባክዎትን ማንበብዎን ከመቀጠልዎ በፊት ይህንን ነገር ይሞክሩት፡፡ ዛሬ ላይ የመጣብዎትን ወይም የተሰማዎትን ሀሳብ ወይም ስሜት ያስተውሉ እና ስም ይስጡት ማስተዋልና ስም መስጠት የሚ ረዳን እንዴት ነው? ሀሳቦችና ስሜቶች ወጥረው የሚይዙን ሳናውቃቸው ስንቀር ነው፡፡ የሆነ ጊዜ ከጓደኛዎ ጋር እያወሩ በ,,
WHO_DWM_STRESS_2020_738a9f11_00061_919e3290e7b1,WHO_DWM_STRESS_2020,Doing What Matters in Times of Stress: An Illustrated Guide,interventions,direct_user_support,normal,"[""adolescents"", ""young_adults"", ""adults"", ""older_adults""]","[""stress"", ""grounding"", ""acceptance"", ""self_compassion"", ""emotion_regulation""]",zh-CN,pending,532,ማስተዋልና ስም መስጠት አስቸጋሪ ሀሳቦችና ስሜቶች በጭንቀት ወቅቶች ፍጹም ተፈጥሯዊ ናቸው፡፡ እንዲውም ጭንቀት ውስጥም ባልሆንንበት ጊዜ ይከሰታሉ፡፡ ነገር ግን በጭንቀት ጊዜ የሚከሰቱት በስፋት ነው፡፡ ይህም ህይወትን አስቸጋሪ ያደርጋል፡፡ ስለዚህ ራስዎን ከእነዚህ ሀሳቦችና ስሜቶች ነጻ ለማድረግ የሚያግዙዎት ቀላል መንገዶችን እያናለን፡፡ ትንሽ ግር ሊል ቢችልም በቀላሉ እነዚህ ሀ,,
WHO_DWM_STRESS_2020_738a9f11_00062_bb9dbcfdd100,WHO_DWM_STRESS_2020,Doing What Matters in Times of Stress: An Illustrated Guide,interventions,direct_user_support,normal,"[""adolescents"", ""young_adults"", ""adults"", ""older_adults""]","[""stress"", ""grounding"", ""acceptance"", ""self_compassion"", ""emotion_regulation""]",zh-CN,pending,899,ከሌለ በክህሎቱ ላይ ልምምድ ለማድረግ እንዲያስችልዎት ማንኛውንም አንድ ሀሳብ ወይም ስሜት ይምረጡና አስቸጋሪ እንደሆነ ያስመስሉት፡፡ ) የመጀመሪያው የሚያደርጉት ነገር እነዚህን ሀሳቦችና ስሜቶች በአንክሮ ማስተዋል ነው፡፡ ልክ ከዚህ በፊት እንደዚህ ዓይነት ነገር አይተው እንደማያውቁ ሁሉ፤ ወይም ልክ ፈጽሞ አዲስ የሆነ ነገር እንዳጋጠመው አንድ አዋቂ ሰው፣ ምናልባትም አዲስ ዓይነ,,
WHO_DWM_STRESS_2020_738a9f11_00063_2fc458567b61,WHO_DWM_STRESS_2020,Doing What Matters in Times of Stress: An Illustrated Guide,interventions,direct_user_support,normal,"[""adolescents"", ""young_adults"", ""adults"", ""older_adults""]","[""stress"", ""grounding"", ""acceptance"", ""self_compassion"", ""emotion_regulation""]",zh-CN,pending,858,ማስተዋልና ስም መስጠት ) ለምሳሌ ለራሳችን እንዲህ እንላለን ”በደረቴ ላይ ውጥር የሚያደርግ ነገር እያስተዋልኩ ነው” ወይም ”የሚያሙ ትውስታዎች እያስተዋልኩ ነው” ወይም ”ሆዴ ውስጥ የህመም ስሜት እያስተዋልኩ ነው”፡፡ ) ሀሳቡን ወይም ስሜቱን ካስተዋሉትና ስም ከሰጡት በኋላ በዙሪያዎ ያሉትን ማየት፣ መስማት፣ መንካት፣ መቅመስ እና ማሽተት የሚችሏቸውን ነገሮች በማየት ትኩረትዎን,,
WHO_DWM_STRESS_2020_738a9f11_00064_09683f779fc7,WHO_DWM_STRESS_2020,Doing What Matters in Times of Stress: An Illustrated Guide,interventions,direct_user_support,normal,"[""adolescents"", ""young_adults"", ""adults"", ""older_adults""]","[""stress"", ""grounding"", ""acceptance"", ""self_compassion"", ""emotion_regulation""]",zh-CN,pending,194,…እና ድንገት በሀሳብ ወይም በስሜት ይወጠራሉ፡፡  ድንገት ጓደኛዎን ማዳመጡን ትተውታል፡፡ አሁንም ከጓደኛዎ ጋር እያወሩ ሊሆን ይችላል… …ግን ቀልብዎ ንግግሩ ላይ አይደለም፡፡ እያዳመጡ ያሉት በግማሽ ልብዎ ነው፡፡ ሙሉ ትኩረትዎን እየሰጧት አይደለም፡፡ ለምን? ምክንያቱም በሀሳቦችዎና በስሜቶችዎ ተወጥረዋል፡፡,,
WHO_DWM_STRESS_2020_738a9f11_00065_9582bd7b0f5b,WHO_DWM_STRESS_2020,Doing What Matters in Times of Stress: An Illustrated Guide,interventions,direct_user_support,normal,"[""adolescents"", ""young_adults"", ""adults"", ""older_adults""]","[""stress"", ""grounding"", ""acceptance"", ""self_compassion"", ""emotion_regulation""]",zh-CN,pending,393,“ራስዎን ነጻ ለማድረግ” የመጀመሪያው እርምጃ ተወጥረው መያዝዎን ማስተዋል ነው፡፡ ሁለተኛው እርምጃ ደግሞ ለወጠረዎት ነገር ስም መስጠት ነው፡፡ ለራስዎ ይህንን ይላሉ… በትውስታዎቼ መወጠሬን አስቸጋሪ ሀሳብ መጣብኝ ደረቴን ሲከብደኝ የሚቀጥለው እርምጃ ደግሞ እየሰሩ ወደነበሩት ስራ ትኩረትዎን መልሶ ማምጣት ነው፡፡ እያበሰሉ ወይም እየበሉም ቢሆን ወይም እየተጫወቱም ቢሆን ወይም የሆ,,
WHO_DWM_STRESS_2020_738a9f11_00066_405770d7b22a,WHO_DWM_STRESS_2020,Doing What Matters in Times of Stress: An Illustrated Guide,interventions,direct_user_support,normal,"[""adolescents"", ""young_adults"", ""adults"", ""older_adults""]","[""stress"", ""grounding"", ""acceptance"", ""self_compassion"", ""emotion_regulation""]",zh-CN,pending,457,በሀሳብና በስሜት በተወጠርንና ለህይወት ሙሉ ቀልባችንን መስጠት ባቆምን ቁጥር ይህንን ነገር እየደጋገምን መስራት እንችላለን፡፡ የንዴት ስሜቶች ቢሰሙኝም ትኩረቴንና ሙሉ ቀልቤን ለቤተሰቤ በመስጠት ለሌሎች የማሰብ እሴቴን መተግበርን መርጫለሁ፡፡ የንዴት ስሜቶች እያስተዋልኩ ነው፡፡  አስቸጋሪ ሀሳብ መጥቶብኛል፡፡ እነዚህ አስቸጋሪ ሀሳቦች እየመጡብኝ ቢሆንም ልጆቼን በንቃት የመከታተል,,
WHO_DWM_STRESS_2020_738a9f11_00067_87def9536fbc,WHO_DWM_STRESS_2020,Doing What Matters in Times of Stress: An Illustrated Guide,interventions,direct_user_support,normal,"[""adolescents"", ""young_adults"", ""adults"", ""older_adults""]","[""stress"", ""grounding"", ""acceptance"", ""self_compassion"", ""emotion_regulation""]",zh-CN,pending,464,1. ሀሳቦችዎንና ስሜቶችዎን ያስተውሉ 2. ለራስዎ ለሀሳቦቹና ስሜቶቹ ስም ይስጧቸው 3. እያደረጉ ወዳለው ነገር ትኩረትዎን ይመልሱ  በጭንቀት ላይ ሲሆኑ በሀሳቦችና ስሜቶች መወጠር ተፈጥሯዊ ነገር መሆኑን ያስታውሱ፡፡ በማንኛውም ሰው ላይ የሚከሰት ነገር ነው፡፡  አንድን ሀሳብ አንድ ጊዜ ካስተዋልነው በኋላ ስም ለመስጠት በርካታ መንገዶች አሉ፡፡ ይኸው እንደዚህ ዓይነት ሀሳብ… ይ,,
WHO_DWM_STRESS_2020_738a9f11_00068_2899f163a688,WHO_DWM_STRESS_2020,Doing What Matters in Times of Stress: An Illustrated Guide,interventions,direct_user_support,normal,"[""adolescents"", ""young_adults"", ""adults"", ""older_adults""]","[""stress"", ""grounding"", ""acceptance"", ""self_compassion"", ""emotion_regulation""]",zh-CN,pending,327,አሁን የመጀመሪያዎቹን ሁለት መሳሪያዎች አግኝተዋል፡፡ እናም ደግሞ በማንኛውም ጊዜና ቦታ እነዚህን መሳሪያዎች በመጠቀም ልንለማመድ እንችላለን፡፡ መሳሪያ 1 ”በስሜት ማእበሎች” ወቅት ራስዎን ሰከን ያድርጉ፡፡ ምን እየተሰማዎት እንደሆነ ያስተውሉ፡፡ ረጋ ብለው ሰውነትዎን ያዳምጡት፡፡ ትኩረትዎንና ሙሉ ቀልብዎን በዙሪያዎ ላለው ዓለም/አካባቢ ይስጡ፡፡ መሳሪያ 2 ሀሳቦችዎንና ስሜቶችዎ,,
WHO_DWM_STRESS_2020_738a9f11_00069_558528a7b6d8,WHO_DWM_STRESS_2020,Doing What Matters in Times of Stress: An Illustrated Guide,interventions,direct_user_support,normal,"[""adolescents"", ""young_adults"", ""adults"", ""older_adults""]","[""stress"", ""grounding"", ""acceptance"", ""self_compassion"", ""emotion_regulation""]",zh-CN,pending,473,እርግጥ ነው አንዳንድ ሰዎች ልምምድ ማድረጉን ሊረሱ ስለዚህ በመደበኛነት እነዚህን ክህሎቶች ለመለማመድ ጊዜ ይመድቡ፡፡ ለምሳሌ በአልጋዎ ውስጥ ሲሆኑ ወይም ከምግብ በፊትና በኋላ ለመደበኛ ልምምድ የሚሆኑ ጊዜያት፣ ቦታዎች ወይም ስራዎችን ያስቡ፡፡ ምሽት ላይ በአልጋዎ ውስጥ እንቅልፍ አልወስድ ባልዎት ሰዓት ሁሉ ዝግ ማለትንና ሰውነትዎን ማዳመጥን ይለማመዱ፡፡ እንቅልፍ እንዲወስድዎት,,
WHO_DWM_STRESS_2020_738a9f11_00070_7c03c037588e,WHO_DWM_STRESS_2020,Doing What Matters in Times of Stress: An Illustrated Guide,interventions,direct_user_support,normal,"[""adolescents"", ""young_adults"", ""adults"", ""older_adults""]","[""stress"", ""grounding"", ""acceptance"", ""self_compassion"", ""emotion_regulation""]",zh-CN,pending,192,ስለዚህ ደጋግመው ራስዎን ያስታውሱ… ልክ አዲስ ቋንቋ እንደመማር ነው፡፡ ብዙ ልምምድ ይፈልጋል! በማይጠቅሙ ሀሳቦችም ሊወጠሩ ይችላሉ፡፡ ፈጽሞ የማይረባ ነገር ነው! ጠቃሚ አይደለም! ምንም አይፈይድም! ስራ በጣም ይበዛብኛል! ምንም የሚገኝበት ነገር የለም! ዝም ብሎ ጊዜ ማባከን ነው! ላደርገው አልችልም!,,
WHO_DWM_STRESS_2020_738a9f11_00071_c5e90602ef6c,WHO_DWM_STRESS_2020,Doing What Matters in Times of Stress: An Illustrated Guide,interventions,direct_user_support,normal,"[""adolescents"", ""young_adults"", ""adults"", ""older_adults""]","[""stress"", ""grounding"", ""acceptance"", ""self_compassion"", ""emotion_regulation""]",zh-CN,pending,398,ልክ እነዚህ ስሜቶች እንደወጠሩዎት ሲያስተውሉ… እያንዳንዷ የሚያደርጓት ትንሽ ልምምድ ለውጥ ታመጣለች፡፡ በተለማመድን ቁጥር ደግሞ ለሰዎች የማሰብ እሴታችንን እየተገበርን ነው ማለት ነው! አዎን ትክክል ነው፡፡ በሚቀጥለው የመጽሐፉ ክፍል እሴቶችን በጥልቀት እንፈትሻለን፡፡ በመጽሐፉ መጨረሻ ላይ የተማሯቸው ሁሉም ክህሎቶች አጭር መግለጫ እንዳለም ያስታውሱ! ነገር ግን ወደሚቀጥለው የ,,
WHO_DWM_STRESS_2020_738a9f11_00072_85ad75c255c3,WHO_DWM_STRESS_2020,Doing What Matters in Times of Stress: An Illustrated Guide,interventions,direct_user_support,normal,"[""adolescents"", ""young_adults"", ""adults"", ""older_adults""]","[""stress"", ""grounding"", ""acceptance"", ""self_compassion"", ""emotion_regulation""]",zh-CN,pending,360,እንኳን ተመልሰው በደህና መጡ፡፡ ራስን ነጻ ማድረግንና ሰከን ማለትን ተለማመዱ? እነዚህን ልምምዶች መስራት ማንኛውንም አዲስ ክህሎት እንደመማር መሆኑን ያስታውሱ፡፡ በተለማመዱ ቁጥር እርስዎ እየተሻሻሉ ነገሩም እየቀለለ ይመጣል፡፡ አሁን እሴቶችን ጠለቅ ብለን ልንመለከት ነው፡፡ እሴቶች ከግቦች ጋራ ተመሳሳይ ናቸው? አይደሉም! እሴቶችዎ ምን ዓይነት ሰው መሆን እንደሚፈልጉ፣ ሌሎችን,,
WHO_DWM_STRESS_2020_738a9f11_00073_3bcbb1b004d4,WHO_DWM_STRESS_2020,Doing What Matters in Times of Stress: An Illustrated Guide,interventions,direct_user_support,normal,"[""adolescents"", ""young_adults"", ""adults"", ""older_adults""]","[""stress"", ""grounding"", ""acceptance"", ""self_compassion"", ""emotion_regulation""]",zh-CN,pending,161,ለምሳሌ ግብዎ የሚወዷቸውን ሰዎች መደገፍ የሚያስችሎት ስራ ማግኘት ሊሆን ይችላል፡፡ እሴቶችዎ ደግሞ (ማለትም በቤተሰብዎ፣ ጓደኞችዎ፣ ወይም ዙሪያዎ ባሉ ሰዎች ዘንድ መሆን የሚፈልጉት) ሩህሩህ መሆን፣ ለሰው ማሰብ፣ መውደድ እና ደጋፊ መሆን ሊሆን ይችላል፡፡,,
WHO_DWM_STRESS_2020_738a9f11_00074_100f0dae2cf7,WHO_DWM_STRESS_2020,Doing What Matters in Times of Stress: An Illustrated Guide,interventions,direct_user_support,normal,"[""adolescents"", ""young_adults"", ""adults"", ""older_adults""]","[""stress"", ""grounding"", ""acceptance"", ""self_compassion"", ""emotion_regulation""]",zh-CN,pending,394,ግብዎን ማሳካት በጣም ከባድ ሊሆን ይችላል… …ነገር ግን ለቤተሰብዎ፣ ጓደኞችዎ ወይም ዙሪያዎ ላሉ ሰዎች ደግ፣አሳቢ፣ አፍቃሪ፣ እና ደጋፊ የመሆን እሴትዎን ግን ሊተገብሩ ይችላሉ፡፡ አስቸጋሪ ሁኔታ ገጥሞዎት ከቤተሰብዎ እና ጓደኞችዎ ጋር ቢነጣጠሉ እንኳን ደግ፣ አሳቢ፣ አፍቃሪና ደጋፊ የመሆን እሴቶችዎን ሊኖሯቸው ይችላሉ፡፡ በዙሪያዎ ባሉ ሰዎች ዘንድ በእሴቶችዎ መሰረት ሊኖሩ የሚች,,
WHO_DWM_STRESS_2020_738a9f11_00075_b6f846f4e355,WHO_DWM_STRESS_2020,Doing What Matters in Times of Stress: An Illustrated Guide,interventions,direct_user_support,normal,"[""adolescents"", ""young_adults"", ""adults"", ""older_adults""]","[""stress"", ""grounding"", ""acceptance"", ""self_compassion"", ""emotion_regulation""]",zh-CN,pending,388,ምክንያቱም በዙሪያዎ ባለው ዓለም ላይ ተጽእኖ ማሳረፍ የሚችሉት በድርጊቶችዎ አማካኝነት ነው፡፡ ”ድርጊቶች” ማለት በእጆችዎና በእግሮችዎ የሚያደርጓቸው በአፍዎ የሚናገሯቸው ነገሮች ናቸው፡፡ በድርጊቶችዎ ላይ ባተኮሩ ቁጥር… …በዙሪያዎ ባለው ዓለም ላይ ማለትም በየቀኑ በሚያገኟቸው ሰዎችና ሁኔታዎች ላይ የበለጠ ተጽእኖ ማሳረፍ ይችላሉ፡፡  ሀገርዎ ጦርነት ላይ ብትሆን ውጊያውን ማስቆ,,
WHO_DWM_STRESS_2020_738a9f11_00076_50158953a095,WHO_DWM_STRESS_2020,Doing What Matters in Times of Stress: An Illustrated Guide,interventions,direct_user_support,normal,"[""adolescents"", ""young_adults"", ""adults"", ""older_adults""]","[""stress"", ""grounding"", ""acceptance"", ""self_compassion"", ""emotion_regulation""]",zh-CN,pending,479,ስለዚህ ይህንን ጥያቄ ራሳችንን ደጋግመን መጠየቅ አለብን ድርጊቶቼ ከእሴቶቼ ጋር የሚሄዱ ናቸው? አዎ፡፡ ድርጊቶችዎ ወደእሴቶችዎ እያቀረቡዎት ነው ወይስ ከእሴቶችዎ እያራቁዎት? እሴቶችዎን በተመለከተ እይታዎን ለማጥራት የሚረዳዎት ዝርዝር እነሆ! እነዚህ ”ትክክለኞቹ” ወይም ”ምርጦቹ” እሴቶች አይደሉም፡፡ የተለመዱት ዓይነት እሴቶች ናቸው፡፡ ሩህሩህ መሆን ለሰዎች ማሰብ ደግ መሆን ,,
WHO_DWM_STRESS_2020_738a9f11_00077_30e7ec447726,WHO_DWM_STRESS_2020,Doing What Matters in Times of Stress: An Illustrated Guide,interventions,direct_user_support,normal,"[""adolescents"", ""young_adults"", ""adults"", ""older_adults""]","[""stress"", ""grounding"", ""acceptance"", ""self_compassion"", ""emotion_regulation""]",zh-CN,pending,403,ከእነዚህ ውስጥ ለእርስዎ በጣም አስፈላጊ ያሏቸውን ሶስት ወይም አራት እሴቶች ከታች ባለው ሳጥን ውስጥ ይጻፉ፡፡ አሁን ሌላ ልምምድ እንሰራለን፡፡ በማህበረሰብዎ ውስጥ እንደአርአያ የሚመለከቷቸውን ሰው ያስቡ፡፡ እርስዎ የሚያደንቁት እኚህ ግለሰብ የሚሉት ወይም የሚያደርጉት ነገር ምንድነው? እኚህ ግለሰብ በድርጊቶቻቸው የሚያሳይዋቸው ምንድናቸው? እኚህ ሰው ሌሎችን በሚደነቅ መልኩ ይ,,
WHO_DWM_STRESS_2020_738a9f11_00078_300fdc4f650d,WHO_DWM_STRESS_2020,Doing What Matters in Times of Stress: An Illustrated Guide,interventions,direct_user_support,normal,"[""adolescents"", ""young_adults"", ""adults"", ""older_adults""]","[""stress"", ""grounding"", ""acceptance"", ""self_compassion"", ""emotion_regulation""]",zh-CN,pending,340,እሴቶች በሁለቱም መንገዶች ሊሄዱ ይችላሉ:-ወደእርስዎም ወደሌሎችም ስለዚህ እሴቶችዎ ለሰዎች ማሰብና ደግነት ከሆኑ… ራስ ራስ ሌሎች ሌሎች ለሰዎች ማሰብና ደግነት  …እነዚህን እሴቶች በራስዎም ላይ በሌሎችም ላይ ለመተግበር ያልሙ፡፡ ይህ በጣም አስፈላጊ ነው! ራስዎን ካልተንከባከቡ… …ሌሎችን መንከባከብ ሊከብደን ይችላል! አሁን እሴቶችዎን ወደተግባር መለወጫ ጊዜ አስፈላጊ የሚሉትን,,
WHO_DWM_STRESS_2020_738a9f11_00079_782ce87b8976,WHO_DWM_STRESS_2020,Doing What Matters in Times of Stress: An Illustrated Guide,interventions,direct_user_support,normal,"[""adolescents"", ""young_adults"", ""adults"", ""older_adults""]","[""stress"", ""grounding"", ""acceptance"", ""self_compassion"", ""emotion_regulation""]",zh-CN,pending,320,ለምሳሌ ልጅዎን መረጡ እንበል፡፡ መተግበር የሚፈልጓቸው እሴቶች የሚሆኑት፡- ስለዚህ ማድረግ የሚችሉት አንዱ ትንሹ ነገር በየቀኑ ለ10 ደቂቃ ከልጅዎ ጋር መጫወት ወይም ለልጅዎ ማንበብ ሊሆን ይችላል፡፡ ወይም ዘመድዎን መረጡ እንበል፡፡ መተግበር የሚፈልጓቸው እሴቶች የሚሆኑት፡- አጎቴ ላደረክልኝ ድጋፍ አመሰግናለሁ፡፡ ማድረግ የሚችሉት አንዱ ትንሹ ነገር እኒያን ሰው ሞቅ አድርጎ መ,,
WHO_DWM_STRESS_2020_738a9f11_00080_73693b118a11,WHO_DWM_STRESS_2020,Doing What Matters in Times of Stress: An Illustrated Guide,interventions,direct_user_support,normal,"[""adolescents"", ""young_adults"", ""adults"", ""older_adults""]","[""stress"", ""grounding"", ""acceptance"", ""self_compassion"", ""emotion_regulation""]",zh-CN,pending,364,ጥቃቅን እንኳን የሚባሉት ድርጊቶች ብዙ ትርጉም ይሰጣሉ፡- ትልቅ ዛፍ የሚበቅለው ከትንሽ ዘር ተነስቶ ነው፡፡ በጣም ከባድና አስጨናቂ በሆኑት ጊዜያትም እንኳን ቢሆን በእሴቶችዎ መሰረት ለመኖር የሚያስችሉዎት ትናንሽ ድርጊቶችን ማድረግ ይችላሉ፡፡ በእሴቶችዎ መሰረት ሲኖሩ የሚያረካና ደስ የሚያሰኝ ህይወት መኖር ይጀምራሉ፡፡  እቅድዎን አሁን ያውጡ፡፡ በእሴቶችዎ መሰረት ለመኖር በሚቀ,,
WHO_DWM_STRESS_2020_738a9f11_00081_5d9d7bbe9c0c,WHO_DWM_STRESS_2020,Doing What Matters in Times of Stress: An Illustrated Guide,interventions,direct_user_support,normal,"[""adolescents"", ""young_adults"", ""adults"", ""older_adults""]","[""stress"", ""grounding"", ""acceptance"", ""self_compassion"", ""emotion_regulation""]",zh-CN,pending,433,እቅድዎ ከባድ ከሆነ ማለትም አደርገ ዋለሁ ብለው ካላመኑ አነስ ያለ ወይም ቀለል ያለ ሌላ ነገር ይምረጡ፡፡ እሺ! ባክዎን ንባብዎን ከመቀጠልዎ በፊት ይህንን እቅድ ያውጡ፡፡ በጣም አስፈላጊ ነው! እቅድዎ የሚያስኬድ ሆኖ አገኙት? ካልሆነ አነስ ያለ ወይም ቀለል ያለ ሌላ ነገር ይምረጡ፡፡ አስፈላጊ የሚሉትን ግንኙነት ይምረጡ፡፡ በጣም የሚሳሱለት ወይም ደጋግመው የሚያገኙት ሰው ማነው,,
WHO_DWM_STRESS_2020_738a9f11_00082_742e53874fe4,WHO_DWM_STRESS_2020,Doing What Matters in Times of Stress: An Illustrated Guide,interventions,direct_user_support,normal,"[""adolescents"", ""young_adults"", ""adults"", ""older_adults""]","[""stress"", ""grounding"", ""acceptance"", ""self_compassion"", ""emotion_regulation""]",zh-CN,pending,466,እነዚህ ድርጊቶች ወደእሴቶችዎ ያቀርቡዎታል ወይስ ከእሴቶችዎ ያርቁዎታል? አዎ በእሴቶቻችሁ መሰረት የመኖር አንዱ ጥቅሙ ይሄ ነው፡፡ ያስተውሉ! አስቸጋሪ ሀሳቦችና ስሜቶች ወጥረው ይዘው ያወጡትን እቅድ እንዳይተገብሩ እያስቆሙዎት ነው? አብዛኛውን ጊዜ እንዲህ እናደርጋለን ብለን ማሰብ ስንጀምር አስቸጋሪ ሀሳቦችና ስሜቶች ብቅ ይሉና በቀላሉ ወጥረው ይይዙናል፡ ዓላማ ወይም ትርጉም ያለ,,
WHO_DWM_STRESS_2020_738a9f11_00083_fb6af3159780,WHO_DWM_STRESS_2020,Doing What Matters in Times of Stress: An Illustrated Guide,interventions,direct_user_support,normal,"[""adolescents"", ""young_adults"", ""adults"", ""older_adults""]","[""stress"", ""grounding"", ""acceptance"", ""self_compassion"", ""emotion_regulation""]",zh-CN,pending,304,እያንዳንዱን ቀን ሊተገብሩ የሚያስቧቸውን ሁለት ወይም ሶስት እሴቶች በማሰብ ይጀምሩ፡፡ በአልጋዎ ውስጥ እያሉ ወይም እየተነሱ እያለ በቀንዎትም ውስጥ ጭምር… እሴቶችዎን የሚተገብሩባቸው መንገዶች ይፈልጉ አዎ! በጣም ጥቃቅን የሚባሉ ድርጊቶች ዋጋ አላቸው! የ1000 ማይሎች ጉዞ በአንድ እርምጃ ይጀመራል! ቀጣዩ መሳሪያዎት ይሄ ነው መሳሪያ 3፡ እሴቶችዎን ይተግብሩ መሆን የምፈልገውን,,
WHO_DWM_STRESS_2020_738a9f11_00084_271377c8ffa0,WHO_DWM_STRESS_2020,Doing What Matters in Times of Stress: An Illustrated Guide,interventions,direct_user_support,normal,"[""adolescents"", ""young_adults"", ""adults"", ""older_adults""]","[""stress"", ""grounding"", ""acceptance"", ""self_compassion"", ""emotion_regulation""]",zh-CN,pending,373,ግን እኮ በጣም ብዙ ችግሮች ናቸው ያሉብን! አዎ! በማንኛውም አስቸጋሪ ሁኔታ ወቅት ሶስት መንገዶች አሉ፡ ምን ምን ናቸው? አንዳንዴ ግን ጥለው መሄድ አይችሉም…ለምሳሌ እስር ቤት ውስጥ ከሆኑ ወይም ጥሎ መሄድ እዚያው ከመቆየት የሚብስ ከሆነ እውነት ነው! እንደዚያ ከሆነ ከአማራጭ ሁለት ወይም ሶስት አንዱን መምረጥ ይኖርብዎታል 1.ጥለው ይሂዱ 2. መለወጥ የሚችሉትን ይለውጡ፤ መለ,,
WHO_DWM_STRESS_2020_738a9f11_00085_9c1dc60101ca,WHO_DWM_STRESS_2020,Doing What Matters in Times of Stress: An Illustrated Guide,interventions,direct_user_support,normal,"[""adolescents"", ""young_adults"", ""adults"", ""older_adults""]","[""stress"", ""grounding"", ""acceptance"", ""self_compassion"", ""emotion_regulation""]",zh-CN,pending,434,ግን እኮ ተስፋ መቁረጥና ከእሴቶቼ መራቅ አልፈልግም፡፡ እኔም አልፈልግም፡፡ እሴቶቼ ለእኔ በጣም አስፈላጊዎቼ ናቸው፡፡ ስለዚህ አማራጭ ሁለት ብቻ ቀረ፡፡ መለወጥ የሚችሉትን ይለውጡ… እጆችዎን፣ እግሮችዎን እና አንደበትዎን ተጠቅመው ትንሽም እንኳን ብትሆን ሁኔታውን ማሻሻል የምትችል አንድ ነገር ያድርጉ መለወጥ የማይችሉትን ህመም ይቀበሉት… አስቸጋሪ ሁኔታዎች ሲገጥሙዎት በርካታ አ,,
WHO_DWM_STRESS_2020_738a9f11_00086_d46e06dc4bd7,WHO_DWM_STRESS_2020,Doing What Matters in Times of Stress: An Illustrated Guide,interventions,direct_user_support,normal,"[""adolescents"", ""young_adults"", ""adults"", ""older_adults""]","[""stress"", ""grounding"", ""acceptance"", ""self_compassion"", ""emotion_regulation""]",zh-CN,pending,521,በእሴቶቻችን መሰረትም እንኖራለን፡፡ ስለዚህ ነገሩን ለማሻሻል ሊያደርጉት የሚችሉት ነገር ከሌለ… አዎ! ስለዚህ ይህንን በአእምሮዎ ውስጥ ያስቀምጡና ችግሮችዎን ለመጋፈጥ ይጠቀሙበት አሁን ደግሞ ጊዜው አንድን አስቸጋሪ ሁኔታ ትንሽም እንኳን ቢሆን ሊያሻሽል የሚችል ሊያደርጉት የሚችሉት ነገር አለ፡ ምንድነው እሱ? ጥሩ ጥያቄ ነው! በሚቀጥለው የመጽሐፉ ክፍል የምናየው ያንን ነው፡፡ መ,,
WHO_DWM_STRESS_2020_738a9f11_00087_86246ff1e9fd,WHO_DWM_STRESS_2020,Doing What Matters in Times of Stress: An Illustrated Guide,interventions,direct_user_support,normal,"[""adolescents"", ""young_adults"", ""adults"", ""older_adults""]","[""stress"", ""grounding"", ""acceptance"", ""self_compassion"", ""emotion_regulation""]",zh-CN,pending,339,ክፍል 4 ደግ መሆን  ሁኔታው ምንም ያህል የከፋ ቢሆን አደጋም ላይ ቢሆኑ… በቤተሰብ ጭቅጭቅ ውስጥም ቢሆኑ… ገቢም ቢያጡ… …አጠገብዎ ጓደኛ ካለዎት ለእርስዎ የተሻለ ይሆናል፡፡ ሩህሩህ የሆነ፣ የሚያስብልዎትና የሚረዳዎት… በስቃይ/ችግር ላይ ሲሆኑ መልካም ነገሮችን የሚልዎት ይሁን እንጂ አብዛኞቻችን አስቸጋሪ ሁኔታ ውስጥ ስንሆን ለራሳችን ደግ/ ሩህሩህ አይደለንም፡፡ ይሄ ለእርስዎ,,
WHO_DWM_STRESS_2020_738a9f11_00088_39589ab1197b,WHO_DWM_STRESS_2020,Doing What Matters in Times of Stress: An Illustrated Guide,interventions,direct_user_support,normal,"[""adolescents"", ""young_adults"", ""adults"", ""older_adults""]","[""stress"", ""grounding"", ""acceptance"", ""self_compassion"", ""emotion_regulation""]",zh-CN,pending,305,ደግነት የጎደላቸው ሀሳቦች ተፈጥሯዊና ደጋግመው የሚከሰቱ ናቸው፤ ምንም ማለት አይደለም፡፡ ነገር ግን በእነዚህ ሀሳቦች መወጠር ጥሩ ነገር አይደለም፡፡ ምክንያቱም… …በእነዚህ ዓይነት ሀሳቦች ስንወጠር ከእሴቶቻችን ተጎትተን እንርቃለን፡፡ ስለዚህ ራሳችንን ነጻ ለማድረግ ልናስተውላቸውና ስም ልንሰጣቸው ይገባል፡፡ እስኪ አሁን ይሞክሩት፡፡ ስለራስዎ ያለዎትን አንድ ደግነት የጎደለው ሀ,,
WHO_DWM_STRESS_2020_738a9f11_00089_e6d4ce0ecbeb,WHO_DWM_STRESS_2020,Doing What Matters in Times of Stress: An Illustrated Guide,interventions,direct_user_support,normal,"[""adolescents"", ""young_adults"", ""adults"", ""older_adults""]","[""stress"", ""grounding"", ""acceptance"", ""self_compassion"", ""emotion_regulation""]",zh-CN,pending,224,በጸጥታ ለራስዎ ይህንን ይበሉ… ደግነት የጎለው ሀሳብ መጣብኝ፡፡ ወይም… ራሴ ላይ ጭክን ያለ ፍርድ ሰጠሁ፡፡ እስኪ ”አስተዋልኩ” የሚለውን ቃል ደግሞ ይጨምሩበት፡፡ ደግነት የጎደለው ሀሳብ ሲመጣብኝ ራሴ ላይ ጭክን ብዬ ስፈርድ አስተዋልኩ ከዚያም ራስዎን ሰከን ያድርጉና በዙሪያዎ ላለው ዓለም ሙሉ ቀልብዎን ይስጡ፡፡ ይመልከቱ ያዳምጡ ይቅመሱ ያሽትቱ ይዳስሱ,,
WHO_DWM_STRESS_2020_738a9f11_00090_b9f14ed3cb48,WHO_DWM_STRESS_2020,Doing What Matters in Times of Stress: An Illustrated Guide,interventions,direct_user_support,normal,"[""adolescents"", ""young_adults"", ""adults"", ""older_adults""]","[""stress"", ""grounding"", ""acceptance"", ""self_compassion"", ""emotion_regulation""]",zh-CN,pending,420,ራስዎን ደግነት ከጎደላቸው ሀሳቦች ነጻ ማድረግ ለራሳችንና ለሌሎች ደግ መሆን በጣም አስፈላጊ ነው፡፡ ምንም ቢሆን ራስዎን በየትኛውም ዓይነት አስቸጋሪ ሁኔታ ውስጥ ቢያገኙት ሁኔታውን በተሻለ መልኩ መቋቋም የሚችሉት አጠገብዎ የሚረዳዎት ጓደኛ ከኖረዎት ነው፡፡ ከጎንዎ እንዲኖር የሚፈልጉት ምን ዓይነት ጓደኛ ነው? ሩህሩህ፣ አሳቢ እና ደጋፊ ወይስ ክፉ፣ ግድየለሽ እና ምንም የማያግዝ,,
WHO_DWM_STRESS_2020_738a9f11_00091_22c8d0b1885d,WHO_DWM_STRESS_2020,Doing What Matters in Times of Stress: An Illustrated Guide,interventions,direct_user_support,normal,"[""adolescents"", ""young_adults"", ""adults"", ""older_adults""]","[""stress"", ""grounding"", ""acceptance"", ""self_compassion"", ""emotion_regulation""]",zh-CN,pending,864,በእርግጠኝነት፡፡ ሁሉም ሰው እንደዚህ ዓይነት ሀሳቦች ይኖሩታል፡፡ ያለ ነገር ነው፡፡ ነገር ግን በእነዚህ ሀሳቦች መወጠር ምንም አይረዳንም፡፡ በእነዚህ ሀሳቦች በብዛት በተወጠሩ ቁጥር እሴትዎችን መተግበር፣ በነገሮች ላይ ትኩረት ማድረግ እና በዙሪያዎ ላሉ ሰዎች ቀልብዎን መስጠት በጣም አስቸጋሪ እየሆነ ይሄዳል፡፡ እነዚህ ሀሳቦች እንዳይመጡ ማድረግ አንችልም፤ ራሳችንን ነጻ ማድረግ,,
WHO_DWM_STRESS_2020_738a9f11_00092_32883aa75c6f,WHO_DWM_STRESS_2020,Doing What Matters in Times of Stress: An Illustrated Guide,interventions,direct_user_support,normal,"[""adolescents"", ""young_adults"", ""adults"", ""older_adults""]","[""stress"", ""grounding"", ""acceptance"", ""self_compassion"", ""emotion_regulation""]",zh-CN,pending,349,በችግርና በስቃይ ውስጥ ሆነው አንድ ሰው በርህራሄና በማሰብና በመረዳት ሲቀርብዎ ምን ይሰማዎታል? በጣም አስቸጋሪ በሆኑ ሁኔታዎች ውስጥም ቢሆን የርህራሄና ለሰው የማሰብ እሴቶቻችንን ልንተገብርባቸው የምንችልባቸው መንገዶች አሉ፡፡ በጣም ትንሽ የሆኑ ድርጊቶችም እንኳን ለውጥ ሊያመጡ ይችላሉ፡፡ ይህም ደግነት የተሞሉ ቃላትን ያጠቃልላል፡፡ በጣም የሚያም ነገር ነው፡፡ እኔ አለሁልህ/,,
WHO_DWM_STRESS_2020_738a9f11_00093_ab063cdbbb72,WHO_DWM_STRESS_2020,Doing What Matters in Times of Stress: An Illustrated Guide,interventions,direct_user_support,normal,"[""adolescents"", ""young_adults"", ""adults"", ""older_adults""]","[""stress"", ""grounding"", ""acceptance"", ""self_compassion"", ""emotion_regulation""]",zh-CN,pending,274,ለራሳችንም ደግ/ ሩህሩህ መሆን እንችላለን፡፡ ስለዚህ እንደዚህ ከሚሉ ሀሳቦች ራስዎን ነጻ ያድረጉ… ርህራሄ አይገባኝም ፍላጎቶቼ ዋጋ የላቸውም፡ ፡ ሁሉም ሰው ወዳጅ ያስፈልገዋል፤ ሁሉም ሰው ርህራሄ/ደግነት ይፈልጋል፡፡ ለራስዎ ደግ ከሆኑ… …ሌሎችን የሚረዱበት ኃይል ያገኛሉ፣ ለሌሎች ደግ ለመሆን ይበረታታሉ፡፡ ስለዚህ ሁሉም ሰው ከዚህ ያተርፋል፡፡ እንደሁሉም ዓይነት እሴቶች ርህራ,,
WHO_DWM_STRESS_2020_738a9f11_00094_9f00f55497d8,WHO_DWM_STRESS_2020,Doing What Matters in Times of Stress: An Illustrated Guide,interventions,direct_user_support,normal,"[""adolescents"", ""young_adults"", ""adults"", ""older_adults""]","[""stress"", ""grounding"", ""acceptance"", ""self_compassion"", ""emotion_regulation""]",zh-CN,pending,332,አዎ! ትክክል ነው! አሁን ደግሞ በመጽሐፉ የመጨረሻ ክፍል በጭንቀት ወቅት ሊያግዘን የሚችል አንድ ተጨማሪ ክህሎት እንማራለን፡፡ ስለዚህ ራስዎትን በርህራሄ ያነጋግሩ፡፡ ከባድ ነው፡፡ ያማል፡፡ አሁንም ቢሆን ለራሴና ለሌሎች ማሰብ እችላለሁ፡፡ ወደመጨረሻው የመጽሐፉ ክፈል ከመሄድዎት በፊት አንድ ወይም ሁለት ቀን ወስደው በዚህ ምእራፍ የተማርናቸውን ነገሮች ይለማመዱ፡፡ በመጽሐፉ መጨ,,
WHO_DWM_STRESS_2020_738a9f11_00095_fca01e5a4a9d,WHO_DWM_STRESS_2020,Doing What Matters in Times of Stress: An Illustrated Guide,interventions,direct_user_support,normal,"[""adolescents"", ""young_adults"", ""adults"", ""older_adults""]","[""stress"", ""grounding"", ""acceptance"", ""self_compassion"", ""emotion_regulation""]",zh-CN,pending,491,በገጽ 56-57 ላይ ከሀሳቦችና ስሜቶች ጋር በምንታገልበት ጊዜ የሚከሰቱ የተለመዱ ችግሮችን አይተናል፤ ልንገፋቸው መሞከር፣ ልንተዋቸው መሞከር ወይም ለማስወገድ መሞከር፡፡ እባክዎትን ረስተዋቸው ከሆነ ንባብዎን ከመቀጠልዎ በፊት መልሰው ያንብቧቸው፡፡ ከሀሳቦች እና ስሜቶች ጋር የሚደረግ ትግልን ለማስቆም አንዱ መንገድ ራስን ከመወጠር ነጻ ማድረግ ነው፡፡ ይህንን ለማድረግ ሌላም ዘዴ,,
WHO_DWM_STRESS_2020_738a9f11_00096_15a3f31a5134,WHO_DWM_STRESS_2020,Doing What Matters in Times of Stress: An Illustrated Guide,interventions,direct_user_support,normal,"[""adolescents"", ""young_adults"", ""adults"", ""older_adults""]","[""stress"", ""grounding"", ""acceptance"", ""self_compassion"", ""emotion_regulation""]",zh-CN,pending,431,እስኪ አሁን ይሞክሩት፡፡ መጀመሪያ በጸጥታ ያስተውሉ እና ስም ይስጡ፡፡ በደረቴና በሆዴ ላይ ህመም እያስተዋልኩ አስቸጋሪ ሀሳቦች እየመጡብኝ ሀሳቦቹንና ስሜቶቹን በተመስጦ ያስተውሏቸው፡፡ ከዚያም እነዚህን ሀሳቦችና ስሜቶች እንደአየር ጸባዩ ይቁጠሯቸው … ራስዎን ደግሞ እንደ ሰማዩ የአየሩን ሁኔታ ለማስተናገድ���� …አድርገው ይቁጠሩ ትኩረትዎን በአስቸጋሪው ሀሳብ ወይም ስሜት ላይ ,,
WHO_DWM_STRESS_2020_738a9f11_00097_56a58d34faf2,WHO_DWM_STRESS_2020,Doing What Matters in Times of Stress: An Illustrated Guide,interventions,direct_user_support,normal,"[""adolescents"", ""young_adults"", ""adults"", ""older_adults""]","[""stress"", ""grounding"", ""acceptance"", ""self_compassion"", ""emotion_regulation""]",zh-CN,pending,443,በፈለጉት መንገድ በምናብዎ ይሳሉት፡፡ ወደውጪ እየተነፈሱ ሳምባዎችዎን ባዶ ማድረግ… በዝግታ ወደውስጥ መተንፈስ… ወደህመምዎ ውስጥና እና በህመምዎ ዙሪያ አየር ማዘዋወር… ክፍት አድርጎ ማስተናገጃ ቦታ መስጠት… እዚያው እንዲቆይ መፍቀድ… የሚያሳምም ስሜት አስቸጋሪ ሀሳብ  የሚያሰቃይ ስሜትን ልክ እንደ አንድ እቃ ማሰብ ጥሩ ነው፡፡ መጠን፣ ቅርጽ፣ ቀለም እና ሙቀት እንዳለው አድርገ,,
WHO_DWM_STRESS_2020_738a9f11_00098_9b121bfb23eb,WHO_DWM_STRESS_2020,Doing What Matters in Times of Stress: An Illustrated Guide,interventions,direct_user_support,normal,"[""adolescents"", ""young_adults"", ""adults"", ""older_adults""]","[""stress"", ""grounding"", ""acceptance"", ""self_compassion"", ""emotion_regulation""]",zh-CN,pending,236,…ከዚያም በመጽሐፍ ገጾች ላይ እንዳሉ ቃላትና ምስሎች አድርገው ያስቡት፡፡ …ከዚያም ቀስ እያለ እቅፍዎ ላይ ሲያርፍ በምናብዎ ይሳሉ፡፡… … ከዚያም ዙሪያዎ ላለው ዓለም ሙሉ ቀልብዎን ይስጡ፡፡ መጽሐፉን በክንድዎ ስር ሸጉጠው ከራስዎ ጋር ይዘውት ሲሄዱም ማሰብ ይችላሉ፡፡ ስለዚህ ሀሳቡ አሁንም ከእርስዎ ጋር ነው፤ ነገር ግን በዙሪያዎ ላለው ዓለም/አካባቢ ሙሉ ቀልብዎን መስጠት,,
WHO_DWM_STRESS_2020_738a9f11_00099_b5ba4f0981e1,WHO_DWM_STRESS_2020,Doing What Matters in Times of Stress: An Illustrated Guide,interventions,direct_user_support,normal,"[""adolescents"", ""young_adults"", ""adults"", ""older_adults""]","[""stress"", ""grounding"", ""acceptance"", ""self_compassion"", ""emotion_regulation""]",zh-CN,pending,377,ለመጀመሪያ ጊዜ ይሄ ልምምድ የተወሰኑ ደቂቃዎችን ብቻ ይፈጃል፡፡ ነገር ግን ልክ ማንኛውንም አዲስ ክህሎት እንደሚማሩት ሁሉ… በተለማመዱት ቁጥር እየቀለለ ይመጣል! በጣም በፍጥነት! ስለዚህ ንባብዎን ከመቀጠልዎ በፊት እነዚህን ልምምዶች ይስሯቸው፡፡ አስቸጋሪ ሀሳቦችና ስሜቶች ባጋጠሙዎት ጊዜ ሁሉ በቀንዎ ውስጥ ሊለማመዷቸው ልክ አዲስ ክህሎት እንደመማር እንደሆነ ያስታውሱ! ለሀሳቡ ,,
WHO_DWM_STRESS_2020_738a9f11_00100_6a5390e27519,WHO_DWM_STRESS_2020,Doing What Matters in Times of Stress: An Illustrated Guide,interventions,direct_user_support,normal,"[""adolescents"", ""young_adults"", ""adults"", ""older_adults""]","[""stress"", ""grounding"", ""acceptance"", ""self_compassion"", ""emotion_regulation""]",zh-CN,pending,278,ስለዚህ ሌላ አዲስ መሳሪያ አገኙ ማለት መለማመድ፣ መለማመድ፣ አሁንም መለማመድ እንዳለብዎ ያስታውሱ በተለይም አልጋ ውስጥ ከሆኑና እንቅልፍ አልወስድ ካለዎት ቦታ መስጠትን ከአተነፋፈስ ልምምዱ ጋር አዋህደው መስራት ይችላሉ፡፡ መሳሪያ #5 አስቸጋሪ ሀሳቦችንና ስሜቶችን ቦታ ይስጧቸው፡፡  ወደአስቸጋሪ ሀሳቦቹና ስሜቶቹ ውስጥ ይተንፍሱባቸው… …አየሩም በውስጣቸውና በዙሪያቸው ይዘዋወር,,
WHO_DWM_STRESS_2020_738a9f11_00101_d8ca19f1a4ba,WHO_DWM_STRESS_2020,Doing What Matters in Times of Stress: An Illustrated Guide,interventions,direct_user_support,normal,"[""adolescents"", ""young_adults"", ""adults"", ""older_adults""]","[""stress"", ""grounding"", ""acceptance"", ""self_compassion"", ""emotion_regulation""]",zh-CN,pending,273,ቅርጹን፣ መጠኑን፣ ሙቀቱን ሁሉ ያስተው … …የሚፈጠረውን ነገርም በአትኩሮት ይከታተሉ፡፡ ህመምዎ እየጨመረ ወይም እየቀነሰ ሊመጣ ይችላል፤ ሊሄድም ሊቆይም ይችላል፡፡ ዓላማዎ ማስተናገጃ ቦታ መስጠት ነው፣ እንዲቆይ መፍቀድ ነው፣ መታገሉን አቁመው የሚቀመጥበት ቦታ መስጠት ነው፡፡ አስቸጋሪ ሀሳብ ወይም ስሜት ወጥሮ ከልምምድ ባስወጣዎት ጊዜ… ያስተውሉ እና በስሙ ይጥሩት… …ከዚያም ት,,
WHO_DWM_STRESS_2020_738a9f11_00102_97c6e2150880,WHO_DWM_STRESS_2020,Doing What Matters in Times of Stress: An Illustrated Guide,interventions,direct_user_support,normal,"[""adolescents"", ""young_adults"", ""adults"", ""older_adults""]","[""stress"", ""grounding"", ""acceptance"", ""self_compassion"", ""emotion_regulation""]",zh-CN,pending,363,አሁን እንግዲህ ወደመጽሐፉ ማብቂያ እየተጠጋን ነው፡፡ ለመጨረሻ ልምምዳችን የሚሆን ጊዜ ቀርቶናል፡፡ ልምምዱም ለራስዎ ደግ መሆንና ለህመሞችዎ ማስተናገጃ ቦታ መስጠት ላይ ያተኩራሉ፡፡ አልጋ ውስጥ ብቻዎን ሲሆኑ ለመስራት የሚመች ጥሩ ልምምድ ነው፡፡ አንድ እጅዎን ይዘርጉና በደግነት ሲሞሉት በዐይነ ህሊናዎ ይሳሉ… አሁን ቀስ ብለው ያንን እጅ በሰውነትዎ ላይ አንድ ቦታ ያስቀምጡት፤ ,,
WHO_DWM_STRESS_2020_738a9f11_00103_5304ffb308e4,WHO_DWM_STRESS_2020,Doing What Matters in Times of Stress: An Illustrated Guide,interventions,direct_user_support,normal,"[""adolescents"", ""young_adults"", ""adults"", ""older_adults""]","[""stress"", ""grounding"", ""acceptance"", ""self_compassion"", ""emotion_regulation""]",zh-CN,pending,246,ከፈለጉ ሁለቱንም እጆችዎን መጠቀም ይችላሉ፡ ራስዎን በርህራሄ ይያዙ… አልጋ ውስጥ ከሆኑና መተኛት ካቃተዎት ይህንን ልምምድ ከአተነፋፈስና ቦታ ከመስጠት ልምምድዎ ጋር አብረው ቢሰሩት ጥሩ ሊሆን ይችላል፡፡ በሚያሰቃይዎት ስሜት ላይ እጅዎትን ይጫኑበት፡፡ በእጅዎ አማካኝነት በሚያሰቃይዎት ስሜት ላይ እየተነፈሱበት እንደሆነ በዐይነ ህሊናዎ በመሳል ለራስዎ ደግ መሆን ይችሉ እንደሆነ ይ,,
WHO_DWM_STRESS_2020_738a9f11_00104_3b093d20b91f,WHO_DWM_STRESS_2020,Doing What Matters in Times of Stress: An Illustrated Guide,interventions,direct_user_support,normal,"[""adolescents"", ""young_adults"", ""adults"", ""older_adults""]","[""stress"", ""grounding"", ""acceptance"", ""self_compassion"", ""emotion_regulation""]",zh-CN,pending,796,ለራስዎ ደግ መሆን ሁሉም ሰው ደግ፣ አሳቢና ደጋፊ ጓደኛ ከጎኑ ቢኖረው ይጠቀማል፡፡ ሁላችንም እንደዚህ ዓይነት ጓደኞች፣ ቤተሰብ፣ እና ጎረቤቶች ይኖሩናል ተብሎ ይገመታል፡፡ አንዳንድ ጊዜ ግን ያ አይሆንም፡፡ አንዳንድ ጊዜ ሩህሩህ የሆነ ጓደኛ ስንፈልግ በፈለግነው ጊዜ ማንንም ላናገኝ እንችላለን፡፡ በእንደነዚህ ዓይነት ጊዜያት ራሳችንን ጓደኛ ማድረግ አለብን፡፡ ራሳችንን ጓደኛ ለማ,,
WHO_DWM_STRESS_2020_738a9f11_00105_ca0264253465,WHO_DWM_STRESS_2020,Doing What Matters in Times of Stress: An Illustrated Guide,interventions,direct_user_support,normal,"[""adolescents"", ""young_adults"", ""adults"", ""older_adults""]","[""stress"", ""grounding"", ""acceptance"", ""self_compassion"", ""emotion_regulation""]",zh-CN,pending,737,በጣም አስቸጋሪ ነው… ቢሆንም ግን አሁንና እዚሁ ለራሴም ሆነ ለሌሎች ማሰብ እችላለሁ፡፡” (5 ሰከንድ ዝምታ) ) ለራስዎ ደግ መሆን ምን ዓይነት ስሜት እንደሚሰጥ ያስተውሉ፡፡ (10 ሰከንድ ዝምታ) ) አንዱን እጅዎን መዳፍዎን ወዳላይ አድርገው ያንሱትና አንድን ሰው በርህራሄና በማሰብ መንካት ምን ስሜት እንደሚሰጥ ያስቡ፡፡ በህይወትዎ የሆነ ወቅት ላይ ይህንን እጅዎን ሌሎች ሰዎች,,
WHO_DWM_STRESS_2020_738a9f11_00106_fdef742af228,WHO_DWM_STRESS_2020,Doing What Matters in Times of Stress: An Illustrated Guide,interventions,direct_user_support,normal,"[""adolescents"", ""young_adults"", ""adults"", ""older_adults""]","[""stress"", ""grounding"", ""acceptance"", ""self_compassion"", ""emotion_regulation""]",zh-CN,pending,1071,ለራስዎ ደግ መሆን ) ይህንን ማድረግ ካልፈለጉ ዝም ብለው ሲያደርጉት በሀሳብዎ ይሳሉት፡፡ ) ስለዚህ ያንን እጅ ያንሱና በደግነትና ርህራሄ ሞልተውት በሰውነትዎ አንዱ ክፍል ላይ ያሳርፉት፡፡ ) እጅዎትን የት ላይ ማሳረፍ እንዳለብዎት ሃሳቡ ካልመጣልዎት ዝም ብለው በልብዎ ላይ ያሳርፉት፡፡ የተለያዩ የግፊት መጠኖችን ለመጠቀም ይሞክሩ፡፡አንዳንድ ሰዎች በደንብ ጫን ያለ ግፊት ይመርጣ,,
WHO_DWM_STRESS_2020_738a9f11_00107_576fd73c9c92,WHO_DWM_STRESS_2020,Doing What Matters in Times of Stress: An Illustrated Guide,interventions,direct_user_support,normal,"[""adolescents"", ""young_adults"", ""adults"", ""older_adults""]","[""stress"", ""grounding"", ""acceptance"", ""self_compassion"", ""emotion_regulation""]",zh-CN,pending,221,(10 ሰከንድ ዝምታ) ) ይህ ልምምድ በተወሰነ መልኩ ግር የሚል ወይም የሚያስቅ ሊሆን ይችላል፡፡ ነገር ግን አንድ ነገር ያስታውሱ፡፡ ራስዎን ጓደኛ ሲያደርጉ በህይወትዎ ውስጥ ያለው ሰው ሁሉ ተጠቃሚ ይሆናል፡፡ ምክንያቱም ለራስዎ ደግና አሳቢ በሆኑ መጠን ሌሎችን ለማገዝና ለሌሎች ለማሰብ ተጨማሪ ጉልበትና ተነሳሽነት ይኖርዎታል፡፡ (3 ሰከንድ ዝምታ),,
WHO_DWM_STRESS_2020_738a9f11_00108_8dd30098e1e8,WHO_DWM_STRESS_2020,Doing What Matters in Times of Stress: An Illustrated Guide,interventions,direct_user_support,normal,"[""adolescents"", ""young_adults"", ""adults"", ""older_adults""]","[""stress"", ""grounding"", ""acceptance"", ""self_compassion"", ""emotion_regulation""]",zh-CN,pending,475,እርግጥ ነው በዚህ መጽሐፍ ላይ ያለ ማንኛውንም ልምምድ በሚሰሩበት ጊዜ… … ለራሳችንና ለሌሎች የደግነት ስራ እየሰራን ነው! ልክ ጡንቻዎችን እንደማፈርጠም እንደሆነ ያስታውሱ፡፡ ብዙ በተለማመዱ ቁጥር የተሻለ ውጤት ይገኛል፡፡ በመጽሐፉ ውስጥ ያሉትን ሀሳቦችና ክህሎቶች የበለጠ ለመረዳት መጽሐፉን መልሶ ማንበብን ያጢኑ፡፡ እያንዳንዷ ጥቃቅን እርምጃ ዋጋ አላት፡፡ ትንሽ ዘር ወደ ግዙ,,
WHO_DWM_STRESS_2020_738a9f11_00109_56a5124ed663,WHO_DWM_STRESS_2020,Doing What Matters in Times of Stress: An Illustrated Guide,interventions,direct_user_support,normal,"[""adolescents"", ""young_adults"", ""adults"", ""older_adults""]","[""stress"", ""grounding"", ""acceptance"", ""self_compassion"", ""emotion_regulation""]",zh-CN,pending,621,መሳሪያ 1፡ ሰከን ማለት በስሜት ማእበል ወቅት ሀሳቦችዎንና ስሜቶችዎን በማስተዋል፣ ረጋ በማለት እና ሰውነትዎን በማዳመጥ፣ በዝግታ በእግሮችዎ መሬቱን በመጫን፣ በመንጠራራት እና በመተንፈስ፣ ከዚያም ዙሪያዎ ወዳለው ዓለም ትኩረትዎን በመመለስ እና ሙሉ ቀልብዎን በመስጠት ሰከን ማለት ይችላሉ፡፡ ምን ማየት፣ መስማት፣ መንካት፣ መቅመስ እና ማሽተት ይችላሉ? ከፊትዎ ያለውን ነገር በከ,,
WHO_DWM_STRESS_2020_738a9f11_00110_146381d5df03,WHO_DWM_STRESS_2020,Doing What Matters in Times of Stress: An Illustrated Guide,interventions,direct_user_support,normal,"[""adolescents"", ""young_adults"", ""adults"", ""older_adults""]","[""stress"", ""grounding"", ""acceptance"", ""self_compassion"", ""emotion_regulation""]",zh-CN,pending,415,መሳሪያ 2፡ ራስን ነጻ ማድረግ እነዚህን ሶስት ነገሮች በመጠቀም ራስዎን ነጻ ያድርጉ፡ 1) አስቸጋሪ ሀሳብ ወይም ስሜት እንደወጠረዎት ያስተውሉ፡፡ በአስቸጋሪ ሀሳብ ወይም ስሜት ሀሳብዎ እየተሰረቀ መሆኑን ይመልከቱ፤ በአንክሮም ይከታተሉት፡፡ 2) ከዚያም ለአስቸጋሪው ሀሳብ ወይም ስሜት ስም ይስጡት፤ ለምሳሌ፡- ”አስቸጋሪ ስሜት ተሰማኝ” ”ደረቴ ላይ ጭንቅ የሚል ስሜት ተሰማኝ” ”,,
WHO_DWM_STRESS_2020_738a9f11_00111_0d9355b85eb5,WHO_DWM_STRESS_2020,Doing What Matters in Times of Stress: An Illustrated Guide,interventions,direct_user_support,normal,"[""adolescents"", ""young_adults"", ""adults"", ""older_adults""]","[""stress"", ""grounding"", ""acceptance"", ""self_compassion"", ""emotion_regulation""]",zh-CN,pending,431,መሳሪያ 3፡ እሴቶችዎን መተግበር በጣም አስፈላጊ የሚሏቸውን እሴቶች ይምረጡ፡፡ ለምሳሌ፡- • ደግና ለሰው አሳቢ መሆን • አጋዥ መሆን • ደፋር መሆን • ጠንካራ ሰራተኛ መሆን የትኞቹ እሴቶች ለእርስዎ አስፈላጊ እንደሆኑ የሚወስኑት ራስዎ ነዎት፡፡ ከዚያም በሚቀጥለው ሳምንት በእሴትዎ መሰረት ሊተገብሩት የሚችሉት አንድ አነስ ያለ ነገር ይምረጡ፡፡ ምን ያደርጋሉ? ምን ይላሉ? በጣም,,
WHO_DWM_STRESS_2020_738a9f11_00112_0fbffee37121,WHO_DWM_STRESS_2020,Doing What Matters in Times of Stress: An Illustrated Guide,interventions,direct_user_support,normal,"[""adolescents"", ""young_adults"", ""adults"", ""older_adults""]","[""stress"", ""grounding"", ""acceptance"", ""self_compassion"", ""emotion_regulation""]",zh-CN,pending,421,መሳሪያ 4፡ ደግ መሆን ደግ ይሁኑ፡፡ በውስጥዎ እና በሌሎችም ውስጥ ያለውን ህመም በማስተዋል በርህራሄ ምላሽ ይስጡ፡፡ በማስተዋልና ስም በመስጠት ደግነት ከጎዳላቸው ሀሳቦች ራስዎን ነጻ ያድርጉ፡፡ ራስዎትን በደግነት ለማነጋገር ይሞክሩ፡፡ ለራስዎ ደግ ከሆኑ ሌሎችን ለመርዳት የበለጠ ጉልበት ይኖርዎታል፤ ለሌሎችም ደግ ለመሆን የበለጠ የሚያነሳሳዎት ነገር ያገኛሉ፡፡ ስለዚህም ሁሉም ,,
WHO_DWM_STRESS_2020_738a9f11_00113_8e0585814035,WHO_DWM_STRESS_2020,Doing What Matters in Times of Stress: An Illustrated Guide,interventions,direct_user_support,normal,"[""adolescents"", ""young_adults"", ""adults"", ""older_adults""]","[""stress"", ""grounding"", ""acceptance"", ""self_compassion"", ""emotion_regulation""]",zh-CN,pending,671,መሳሪያ 5፡ ቦታ መስጠት አብዛኛውን ጊዜ አስቸጋሪ ሀሳቦችንና ስሜቶችን ለመግፋት መሞከር ብዙም አይሰራም፡፡ ስለዚህ ቦታ ይስጧቸው፡፡ 1) አስቸጋሪውን ሀሳብ ወይም ስሜት በአንክሮ ያስተውሉ፡፡ ትኩረትዎን በእሱ ላይ ያድርጉ፡፡ አስቸጋሪውን ስሜት እንደ እቃ ይቁጠሩት፤ ስለዚህ መጠኑን፣ ቅርጹን፣ ቀለሙንና ሙቀቱን ያስተውሉ፡፡ 2) ለአስቸጋሪው ሀሳብ ወይም ስሜት ስም ይስጡት፡፡ ለምሳ,,
WHO_DWM_STRESS_2020_738a9f11_00114_f4241eb0164e,WHO_DWM_STRESS_2020,Doing What Matters in Times of Stress: An Illustrated Guide,interventions,direct_user_support,normal,"[""adolescents"", ""young_adults"", ""adults"", ""older_adults""]","[""stress"", ""grounding"", ""acceptance"", ""self_compassion"", ""emotion_regulation""]",zh-CN,pending,899,ቦታ መስጠት ለአስቸጋሪ ሀሳቦቻችንና ስሜቶቻችን ከመታገል ይልቅ ማስተናገጃ ቦታ መስጠት ሶስት ቀላል ደረጃዎችን ይፈልጋል፡- ማስተዋል፣ ስም መስጠት፣ እና ቦታ መስጠት፡፡ ሁለቱን ደረጃዎች ማለትም ማስተዋልንና ስም መስጠትን አውቀዋቸዋል፡፡ እነዚህ ከአስቸጋሪ ሀሳቦችዎና ስሜቶችዎ ራስዎን ነጻ የሚያደርጉባቸው ሂደቶች ናቸው፡፡ ለሶስተኛው ደረጃ ማለትም ቦታ ለመስጠት ስለ ሰማይና ስለአ,,
WHO_DWM_STRESS_2020_738a9f11_00115_7eda18d92228,WHO_DWM_STRESS_2020,Doing What Matters in Times of Stress: An Illustrated Guide,interventions,direct_user_support,normal,"[""adolescents"", ""young_adults"", ""adults"", ""older_adults""]","[""stress"", ""grounding"", ""acceptance"", ""self_compassion"", ""emotion_regulation""]",zh-CN,pending,691,ች ሊሰሙዎት ይችላሉ፡፡ ) የመጡብዎትን ሀሳቦችና ስሜቶች ልክ አንድ ሊቅ ነገሮችን እንደሚመረምረው አድርገው ያስተውሏቸው፡፡ ) እነዚህን ስሜቶች እያስተዋሉ በጣም የሚረብሽዎትን አንዱን ይምረጡ፡፡ ከዚያም በጸጥታ ስም ይስጡት፡ ) ፡ በጸጥታ ለራስዎ ”ደረቴ ላይ አስጨናቂ ስሜት እያስተዋልኩ ነው” ወይም ”አስቸጋሪ ሀሳብ ሲመጣብኝ እያስተዋልኩ ነው” (5 ሰከንድ ዝምታ) ) እስኪ አሁ,,
WHO_DWM_STRESS_2020_738a9f11_00116_9d41a07aa1de,WHO_DWM_STRESS_2020,Doing What Matters in Times of Stress: An Illustrated Guide,interventions,direct_user_support,normal,"[""adolescents"", ""young_adults"", ""adults"", ""older_adults""]","[""stress"", ""grounding"", ""acceptance"", ""self_compassion"", ""emotion_regulation""]",zh-CN,pending,534,ቦታ መስጠት ) ይህንን እያደረጉ ያስገቡት አየር በህመምዎ ውስጥና በዙሪያው ሲሽከረከር በዐይነ ህሊናዎ ይሳሉ፡፡ (5 ሰከንድ ዝምታ) ) ልክ የሆነ ነገር ከፍተው ዙሪያውን ቦታ እንደሰጡት ዓይነት ማለት ነው፡፡ (5 ሰከንድ ዝምታ) ) ይህንን ምስል በምንም ዓይነት መንገድ ቢያስቡት ወይም ቢረዱት ችግር የለውም፡፡ ምንም ዓይነት ትክክል ወይም ስህተት የሆነ መንገድ የለውም፡፡ ) ዋና,,
WHO_DWM_STRESS_2020_738a9f11_00117_51c286ef3e35,WHO_DWM_STRESS_2020,Doing What Matters in Times of Stress: An Illustrated Guide,interventions,direct_user_support,normal,"[""adolescents"", ""young_adults"", ""adults"", ""older_adults""]","[""stress"", ""grounding"", ""acceptance"", ""self_compassion"", ""emotion_regulation""]",zh-CN,pending,13,:  :  :  :  :,,
WHO_DWM_STRESS_2020_1abda7b4_00000_e2277f6d2f54,WHO_DWM_STRESS_2020,Doing What Matters in Times of Stress: An Illustrated Guide,interventions,direct_user_support,normal,"[""adolescents"", ""young_adults"", ""adults"", ""older_adults""]","[""stress"", ""grounding"", ""acceptance"", ""self_compassion"", ""emotion_regulation""]",zh-CN,pending,194,Doing What Matters in Times of Stress: An Illustrated Guide GROUNDING UNHOOKING ACTING ON YOUR VALUES MAKING ROOM ENGAGING BEING KIND  Doing What Matters in Times of Stress: An Illustrated Guide,,
WHO_DWM_STRESS_2020_1abda7b4_00001_34b4129eb778,WHO_DWM_STRESS_2020,Doing What Matters in Times of Stress: An Illustrated Guide,interventions,direct_user_support,normal,"[""adolescents"", ""young_adults"", ""adults"", ""older_adults""]","[""stress"", ""grounding"", ""acceptance"", ""self_compassion"", ""emotion_regulation""]",zh-CN,pending,822,Doing what matters in times of stress: an illustrated guide ISBN 978-92-4-000391-0 (electronic version) ISBN 978-92-4-000392-7 (print version) © World Health Organization 2020 Some rights reserved. This work is available under the Creative ,,
WHO_DWM_STRESS_2020_1abda7b4_00002_a514a5181528,WHO_DWM_STRESS_2020,Doing What Matters in Times of Stress: An Illustrated Guide,interventions,direct_user_support,normal,"[""adolescents"", ""young_adults"", ""adults"", ""older_adults""]","[""stress"", ""grounding"", ""acceptance"", ""self_compassion"", ""emotion_regulation""]",zh-CN,pending,843,"If you create a translation of this work, you should add the following disclaimer along with the suggested citation: “This translation was not created by the World Health Organization (WHO). WHO is not responsible for the content or accurac",,
WHO_DWM_STRESS_2020_1abda7b4_00003_ec940dcd8637,WHO_DWM_STRESS_2020,Doing What Matters in Times of Stress: An Illustrated Guide,interventions,direct_user_support,normal,"[""adolescents"", ""young_adults"", ""adults"", ""older_adults""]","[""stress"", ""grounding"", ""acceptance"", ""self_compassion"", ""emotion_regulation""]",zh-CN,pending,843,"To submit requests for commercial use and queries on rights and licensing, see http://www.who.int/about/licensing. Third-party materials. If you wish to reuse material from this work that is attributed to a third party, such as tables, figu",,
WHO_DWM_STRESS_2020_1abda7b4_00004_7da1887e4c01,WHO_DWM_STRESS_2020,Doing What Matters in Times of Stress: An Illustrated Guide,interventions,direct_user_support,normal,"[""adolescents"", ""young_adults"", ""adults"", ""older_adults""]","[""stress"", ""grounding"", ""acceptance"", ""self_compassion"", ""emotion_regulation""]",zh-CN,pending,683,"The mention of specific companies or of certain manufacturers’ products does not imply that they are endorsed or recommended by WHO in preference to others of a similar nature that are not mentioned. Errors and omissions excepted, the names",,
WHO_DWM_STRESS_2020_1abda7b4_00005_de6939c6372a,WHO_DWM_STRESS_2020,Doing What Matters in Times of Stress: An Illustrated Guide,interventions,direct_user_support,normal,"[""adolescents"", ""young_adults"", ""adults"", ""older_adults""]","[""stress"", ""grounding"", ""acceptance"", ""self_compassion"", ""emotion_regulation""]",zh-CN,pending,899,Contents Preface . . . . . . . . . . . . . . . . . . . . . . . . . . . . . . . . . . . . . . . . . . . . . . . . . . . . . . . . . . . . . . . . . . . . . . . . . . . . . . . . 5 Acknowledgements . . . . . . . . . . . . . . . . . . . . . . ,,
WHO_DWM_STRESS_2020_1abda7b4_00006_be64e630f3c8,WHO_DWM_STRESS_2020,Doing What Matters in Times of Stress: An Illustrated Guide,interventions,direct_user_support,normal,"[""adolescents"", ""young_adults"", ""adults"", ""older_adults""]","[""stress"", ""grounding"", ""acceptance"", ""self_compassion"", ""emotion_regulation""]",zh-CN,pending,899,. . . . . . . . . . . . . . . . . . . . . 99 Part 5: MAKING ROOM . . . . . . . . . . . . . . . . . . . . . . . . . . . . . . . . . . . . . . . . . . . . . . . . . . . . . . . . . . . . . . . 107 Tool 1: GROUNDING . . . . . . . . . . . . . .,,
WHO_DWM_STRESS_2020_1abda7b4_00007_c9193e99aa59,WHO_DWM_STRESS_2020,Doing What Matters in Times of Stress: An Illustrated Guide,interventions,direct_user_support,normal,"[""adolescents"", ""young_adults"", ""adults"", ""older_adults""]","[""stress"", ""grounding"", ""acceptance"", ""self_compassion"", ""emotion_regulation""]",zh-CN,pending,853,"Preface Doing What Matters in Times of Stress is a WHO stress management guide for coping with adversity. This illustrated guide supports implementation of WHO’s recommendation for stress management. There are many causes of stress, includi",,
WHO_DWM_STRESS_2020_1abda7b4_00008_4c6304dd86ed,WHO_DWM_STRESS_2020,Doing What Matters in Times of Stress: An Illustrated Guide,interventions,direct_user_support,normal,"[""adolescents"", ""young_adults"", ""adults"", ""older_adults""]","[""stress"", ""grounding"", ""acceptance"", ""self_compassion"", ""emotion_regulation""]",zh-CN,pending,369,"Informed by available evidence and extensive field testing, the guide provides information and practical skills to help people cope with adversity. While the causes of adversity must be addressed, there is also a need to support people’s me",,
WHO_DWM_STRESS_2020_1abda7b4_00009_2ed4e885a793,WHO_DWM_STRESS_2020,Doing What Matters in Times of Stress: An Illustrated Guide,interventions,direct_user_support,normal,"[""adolescents"", ""young_adults"", ""adults"", ""older_adults""]","[""stress"", ""grounding"", ""acceptance"", ""self_compassion"", ""emotion_regulation""]",zh-CN,pending,236,Dévora Kestel Director Department of Mental Health and Substance Use World Health Organization  (This version of Doing What Matters in Times of Stress is a field test version. Please provide any feedback to: psych_interventions@who.int),,
WHO_DWM_STRESS_2020_1abda7b4_00010_9abb241177cb,WHO_DWM_STRESS_2020,Doing What Matters in Times of Stress: An Illustrated Guide,interventions,direct_user_support,normal,"[""adolescents"", ""young_adults"", ""adults"", ""older_adults""]","[""stress"", ""grounding"", ""acceptance"", ""self_compassion"", ""emotion_regulation""]",zh-CN,pending,812,"Acknowledgements Doing What Matters in Times of Stress: An Illustrated Guide is a component of a forthcoming WHO stress management course, Self-Help Plus (SH+), 1-2 initiated by Mark van Ommeren (Mental Health Unit, Department of Mental Hea",,
WHO_DWM_STRESS_2020_1abda7b4_00011_722e7c1341f2,WHO_DWM_STRESS_2020,Doing What Matters in Times of Stress: An Illustrated Guide,interventions,direct_user_support,normal,"[""adolescents"", ""young_adults"", ""adults"", ""older_adults""]","[""stress"", ""grounding"", ""acceptance"", ""self_compassion"", ""emotion_regulation""]",zh-CN,pending,857,"Project development group (alphabetical, with affiliations at time of contributions) At different stages of this project, Teresa Au (WHO), Felicity Brown (WHO), Kenneth Carswell (WHO), JoAnne Epping-Jordan (Seattle, USA), Claudette Foley (M",,
WHO_DWM_STRESS_2020_1abda7b4_00012_6a30db836d3d,WHO_DWM_STRESS_2020,Doing What Matters in Times of Stress: An Illustrated Guide,interventions,direct_user_support,normal,"[""adolescents"", ""young_adults"", ""adults"", ""older_adults""]","[""stress"", ""grounding"", ""acceptance"", ""self_compassion"", ""emotion_regulation""]",zh-CN,pending,622,"1 Epping-Jordan JE, Harris R, Brown FL, Carswell K, Foley C, García-Moreno C, Kogan C, van Ommeren M. Self-Help Plus (SH+): a new WHO stress management package. World Psychiatry. 2016 Oct;15(3):295-6. 2 Tol WA, Leku MR, Lakin DP , Carswell ",,
WHO_DWM_STRESS_2020_1abda7b4_00013_c0df2b323acf,WHO_DWM_STRESS_2020,Doing What Matters in Times of Stress: An Illustrated Guide,interventions,direct_user_support,normal,"[""adolescents"", ""young_adults"", ""adults"", ""older_adults""]","[""stress"", ""grounding"", ""acceptance"", ""self_compassion"", ""emotion_regulation""]",zh-CN,pending,1834,"Book review (with affiliation at time of review) Book reviewers included Mona Alqazzaz (WHO), Ebert Beate (Aschaffenburg, Germany), Cécile Bizouerne (Action Contre la Faim), Margriet Blaauw (War Trauma Foundation), Kate Cavanagh, (Universit",,
WHO_DWM_STRESS_2020_1abda7b4_00014_4fa342f5826e,WHO_DWM_STRESS_2020,Doing What Matters in Times of Stress: An Illustrated Guide,interventions,direct_user_support,normal,"[""adolescents"", ""young_adults"", ""adults"", ""older_adults""]","[""stress"", ""grounding"", ""acceptance"", ""self_compassion"", ""emotion_regulation""]",zh-CN,pending,867,"Alderman Program), Nana Wiedemann (International Federation of Red Cross and Red Crescent Societies), Inka Weissbecker (International Medical Corps), Mike Wessells (Columbia University), Ross White (University of Glasgow), Eyad Yanes (WHO) ",,
WHO_DWM_STRESS_2020_1abda7b4_00015_78cb97e3ad61,WHO_DWM_STRESS_2020,Doing What Matters in Times of Stress: An Illustrated Guide,interventions,direct_user_support,normal,"[""adolescents"", ""young_adults"", ""adults"", ""older_adults""]","[""stress"", ""grounding"", ""acceptance"", ""self_compassion"", ""emotion_regulation""]",zh-CN,pending,697,Acknowledgements of the contributions of colleagues involved in the testing of the SH+ course will be included in the publication of the course and articles describing its evaluation. Funding (alphabetical) European Commission; Research for,,
WHO_DWM_STRESS_2020_1abda7b4_00016_8ec5594fd166,WHO_DWM_STRESS_2020,Doing What Matters in Times of Stress: An Illustrated Guide,interventions,direct_user_support,normal,"[""adolescents"", ""young_adults"", ""adults"", ""older_adults""]","[""stress"", ""grounding"", ""acceptance"", ""self_compassion"", ""emotion_regulation""]",zh-CN,pending,386,"If you are experiencing stress, you are not alone. Right now, there are many other people in your community and all around the world who are also struggling with stress. We will help you to learn practical skills for dealing with stress. Yo",,
WHO_DWM_STRESS_2020_1abda7b4_00017_c7c4a4541185,WHO_DWM_STRESS_2020,Doing What Matters in Times of Stress: An Illustrated Guide,interventions,direct_user_support,normal,"[""adolescents"", ""young_adults"", ""adults"", ""older_adults""]","[""stress"", ""grounding"", ""acceptance"", ""self_compassion"", ""emotion_regulation""]",zh-CN,pending,739,"How to use this book This book has five sections, each containing a new idea and technique. These are easy to learn and can be used for just a few minutes each day to help you reduce stress. You can read one section every few days and take ",,
WHO_DWM_STRESS_2020_1abda7b4_00018_a72f73ca6ec0,WHO_DWM_STRESS_2020,Doing What Matters in Times of Stress: An Illustrated Guide,interventions,direct_user_support,normal,"[""adolescents"", ""young_adults"", ""adults"", ""older_adults""]","[""stress"", ""grounding"", ""acceptance"", ""self_compassion"", ""emotion_regulation""]",zh-CN,pending,625,"If you find that doing the exercises in this book is not enough for you to cope with intolerable stress, then please seek help from relevant health or social services, or from trusted people in your community. If you have a device for acces",,
WHO_DWM_STRESS_2020_1abda7b4_00019_6a92183d96ef,WHO_DWM_STRESS_2020,Doing What Matters in Times of Stress: An Illustrated Guide,interventions,direct_user_support,normal,"[""adolescents"", ""young_adults"", ""adults"", ""older_adults""]","[""stress"", ""grounding"", ""acceptance"", ""self_compassion"", ""emotion_regulation""]",zh-CN,pending,399,This book is to help you manage STRESS. Stress can be due to major threats… “Stress” means feeling troubled or threatened by life. 1A 1C 1D 1F 1E FAMILY VIOLENCE NO SCHOOLILLNESS One man did something really bad to me 1B  …or smaller proble,,
WHO_DWM_STRESS_2020_1abda7b4_00020_b61d6eaef528,WHO_DWM_STRESS_2020,Doing What Matters in Times of Stress: An Illustrated Guide,interventions,direct_user_support,normal,"[""adolescents"", ""young_adults"", ""adults"", ""older_adults""]","[""stress"", ""grounding"", ""acceptance"", ""self_compassion"", ""emotion_regulation""]",zh-CN,pending,385,"But very high stress often affects the body. Many people get unpleasant feelings. Everyone experiences stress at times. A little bit of stress is not a problem. Other people find their body gets sick – skin rashes, infections, illnesses or ",,
WHO_DWM_STRESS_2020_1abda7b4_00021_8c170c3a169f,WHO_DWM_STRESS_2020,Doing What Matters in Times of Stress: An Illustrated Guide,interventions,direct_user_support,normal,"[""adolescents"", ""young_adults"", ""adults"", ""older_adults""]","[""stress"", ""grounding"", ""acceptance"", ""self_compassion"", ""emotion_regulation""]",zh-CN,pending,316,"When they are stressed, many people … …have changes in appetite. 3B 3C 3D 3E 3F 3G 3H 3I ...cannot focus …get angry easily …cannot sit still …have difficulty sleeping …feel sad or guilty …worry …cry …feel very tired And many of us think a l",,
WHO_DWM_STRESS_2020_1abda7b4_00022_d3f55a12cc4b,WHO_DWM_STRESS_2020,Doing What Matters in Times of Stress: An Illustrated Guide,interventions,direct_user_support,normal,"[""adolescents"", ""young_adults"", ""adults"", ""older_adults""]","[""stress"", ""grounding"", ""acceptance"", ""self_compassion"", ""emotion_regulation""]",zh-CN,pending,468,"These powerful thoughts and feelings are a natural part of stress. But problems can occur if we get “hooked” by them. What does “hooked” mean? Well, there are many types of hooks. 3L 3M  4A 4B 4C When something is on a hook, it cannot get a",,
WHO_DWM_STRESS_2020_1abda7b4_00023_c56e9cbabf09,WHO_DWM_STRESS_2020,Doing What Matters in Times of Stress: An Illustrated Guide,interventions,direct_user_support,normal,"[""adolescents"", ""young_adults"", ""adults"", ""older_adults""]","[""stress"", ""grounding"", ""acceptance"", ""self_compassion"", ""emotion_regulation""]",zh-CN,pending,401,"One moment, you might be enjoying sharing a meal… 5A 5B … and the next moment, you might be hooked by angry thoughts and feelings. You may feel as if you are being pulled away by anger, even if you are still there.  So these difficult thoug",,
WHO_DWM_STRESS_2020_1abda7b4_00024_1d2ec1e52058,WHO_DWM_STRESS_2020,Doing What Matters in Times of Stress: An Illustrated Guide,interventions,direct_user_support,normal,"[""adolescents"", ""young_adults"", ""adults"", ""older_adults""]","[""stress"", ""grounding"", ""acceptance"", ""self_compassion"", ""emotion_regulation""]",zh-CN,pending,369,"For example, if you are a parent or if you have responsibilities caring for others, what kind of person do you want to be? • Loving • Wise • Attentive • Committed • Persistent • Responsible • Calm • Caring • Protective • Courageous So value",,
WHO_DWM_STRESS_2020_1abda7b4_00025_fbb695929220,WHO_DWM_STRESS_2020,Doing What Matters in Times of Stress: An Illustrated Guide,interventions,direct_user_support,normal,"[""adolescents"", ""young_adults"", ""adults"", ""older_adults""]","[""stress"", ""grounding"", ""acceptance"", ""self_compassion"", ""emotion_regulation""]",zh-CN,pending,494,"Just reading this book means you are likely acting on some of your values. Do you see how? 6E That is correct. So likely you are acting on one value that is important to many people: CARING. 6F CARING FOR YOURSELF, CARING FOR OTHERS Yes, an",,
WHO_DWM_STRESS_2020_1abda7b4_00026_367c88bdf0a2,WHO_DWM_STRESS_2020,Doing What Matters in Times of Stress: An Illustrated Guide,interventions,direct_user_support,normal,"[""adolescents"", ""young_adults"", ""adults"", ""older_adults""]","[""stress"", ""grounding"", ""acceptance"", ""self_compassion"", ""emotion_regulation""]",zh-CN,pending,390,"There are many kinds of difficult thoughts and feelings that can hook us. Thoughts about giving up… 7.5A 7.5D 7.5E Thoughts that blame others… Harsh judgements about ourselves… Memories, especially about difficult events… Thoughts about the",,
WHO_DWM_STRESS_2020_1abda7b4_00027_310326baaf70,WHO_DWM_STRESS_2020,Doing What Matters in Times of Stress: An Illustrated Guide,interventions,direct_user_support,normal,"[""adolescents"", ""young_adults"", ""adults"", ""older_adults""]","[""stress"", ""grounding"", ""acceptance"", ""self_compassion"", ""emotion_regulation""]",zh-CN,pending,456,"Thoughts where we worry about others. 7.5F When we get hooked, our behaviour changes. We often start doing things that make our lives worse. We might get into fights, arguments or disagreements. 7.5H 7.5G Is she okay? Where is he now?  Or w",,
WHO_DWM_STRESS_2020_1abda7b4_00028_c0539bbb4ead,WHO_DWM_STRESS_2020,Doing What Matters in Times of Stress: An Illustrated Guide,interventions,direct_user_support,normal,"[""adolescents"", ""young_adults"", ""adults"", ""older_adults""]","[""stress"", ""grounding"", ""acceptance"", ""self_compassion"", ""emotion_regulation""]",zh-CN,pending,281,"8A 8B Have patience! I will explain. 8C When we are stressed, we find it hard to engage in life. 8D So what can we do? This book is here to help you! First you learn how to focus, engage and pay attention better. How will that help us? And ",,
WHO_DWM_STRESS_2020_1abda7b4_00029_4fb0a1c8edd0,WHO_DWM_STRESS_2020,Doing What Matters in Times of Stress: An Illustrated Guide,interventions,direct_user_support,normal,"[""adolescents"", ""young_adults"", ""adults"", ""older_adults""]","[""stress"", ""grounding"", ""acceptance"", ""self_compassion"", ""emotion_regulation""]",zh-CN,pending,326,"When you listen to music, do you give it your full attention? Do you listen to it and enjoy it? To “engage” in something means to give it your full attention. 8F 8G 8H I do not understand what you mean by “engage” . 8E When you are drinking",,
WHO_DWM_STRESS_2020_1abda7b4_00030_e8aa30029139,WHO_DWM_STRESS_2020,Doing What Matters in Times of Stress: An Illustrated Guide,interventions,direct_user_support,normal,"[""adolescents"", ""young_adults"", ""adults"", ""older_adults""]","[""stress"", ""grounding"", ""acceptance"", ""self_compassion"", ""emotion_regulation""]",zh-CN,pending,442,"When you give your full attention to any activity, we say you are “engaged” with it. But when hooked by thoughts or feelings, you are “disengaged” or “distracted” . 9B 9A When you give your full attention to any activity, we say you are “fo",,
WHO_DWM_STRESS_2020_1abda7b4_00031_cb40d097774e,WHO_DWM_STRESS_2020,Doing What Matters in Times of Stress: An Illustrated Guide,interventions,direct_user_support,normal,"[""adolescents"", ""young_adults"", ""adults"", ""older_adults""]","[""stress"", ""grounding"", ""acceptance"", ""self_compassion"", ""emotion_regulation""]",zh-CN,pending,236,"So, if you can learn to be more engaged, and focus better, then you will handle stress better. For example, you will find your relationships with others more satisfying. And, you will be able to do important things much better. 9G 9F 9E",,
WHO_DWM_STRESS_2020_1abda7b4_00032_7abb5c5a2054,WHO_DWM_STRESS_2020,Doing What Matters in Times of Stress: An Illustrated Guide,interventions,direct_user_support,normal,"[""adolescents"", ""young_adults"", ""adults"", ""older_adults""]","[""stress"", ""grounding"", ""acceptance"", ""self_compassion"", ""emotion_regulation""]",zh-CN,pending,510,"There are many ways to practise engaging in life or focusing on what you are doing 10A 10B You can practise these skills with any activity you do. For example, if you are drinking tea or coffee… …focus your full attention on it. You notice ",,
WHO_DWM_STRESS_2020_1abda7b4_00033_7f18de117458,WHO_DWM_STRESS_2020,Doing What Matters in Times of Stress: An Illustrated Guide,interventions,direct_user_support,normal,"[""adolescents"", ""young_adults"", ""adults"", ""older_adults""]","[""stress"", ""grounding"", ""acceptance"", ""self_compassion"", ""emotion_regulation""]",zh-CN,pending,439,"You drink it as slowly as possible, savouring the taste, noticing the temperature. You notice the movements of your throat as you swallow. You notice the taste fading from your tongue, as you swallow. And you drink each mouthful in the same",,
WHO_DWM_STRESS_2020_1abda7b4_00034_e33eec824747,WHO_DWM_STRESS_2020,Doing What Matters in Times of Stress: An Illustrated Guide,interventions,direct_user_support,normal,"[""adolescents"", ""young_adults"", ""adults"", ""older_adults""]","[""stress"", ""grounding"", ""acceptance"", ""self_compassion"", ""emotion_regulation""]",zh-CN,pending,229,"I refocus on the drink.  Go ahead and practise this now. Get some water, tea or coffee, and follow the pictures and instructions above. Y ou can also go to this LINK and listen to, or download the Awareness of Drinking exercise.",,
WHO_DWM_STRESS_2020_1abda7b4_00035_b3a9d2af78d7,WHO_DWM_STRESS_2020,Doing What Matters in Times of Stress: An Illustrated Guide,interventions,direct_user_support,normal,"[""adolescents"", ""young_adults"", ""adults"", ""older_adults""]","[""stress"", ""grounding"", ""acceptance"", ""self_compassion"", ""emotion_regulation""]",zh-CN,pending,526,"You could practise while talking to family or friends. Notice what others are saying, their tones of voice and their facial expressions. Give them your full attention. You could practise this while playing a game or doing some other activit",,
WHO_DWM_STRESS_2020_1abda7b4_00036_020220e5fc2c,WHO_DWM_STRESS_2020,Doing What Matters in Times of Stress: An Illustrated Guide,interventions,direct_user_support,normal,"[""adolescents"", ""young_adults"", ""adults"", ""older_adults""]","[""stress"", ""grounding"", ""acceptance"", ""self_compassion"", ""emotion_regulation""]",zh-CN,pending,139,12F 12E We unhook by refocusing and engaging in what we are doing. Okay! I can do that when my thoughts and feelings are not too difficult.,,
WHO_DWM_STRESS_2020_1abda7b4_00037_4721794d3488,WHO_DWM_STRESS_2020,Doing What Matters in Times of Stress: An Illustrated Guide,interventions,direct_user_support,normal,"[""adolescents"", ""young_adults"", ""adults"", ""older_adults""]","[""stress"", ""grounding"", ""acceptance"", ""self_compassion"", ""emotion_regulation""]",zh-CN,pending,534,"An “emotional storm” means that you experience intensely difficult thoughts and feelings. They are so strong they are like a mighty storm, and they can easily overpower you. 13A 13B 13C But sometimes my feelings and stories are just so pain",,
WHO_DWM_STRESS_2020_1abda7b4_00038_943c19a2f8cf,WHO_DWM_STRESS_2020,Doing What Matters in Times of Stress: An Illustrated Guide,interventions,direct_user_support,normal,"[""adolescents"", ""young_adults"", ""adults"", ""older_adults""]","[""stress"", ""grounding"", ""acceptance"", ""self_compassion"", ""emotion_regulation""]",zh-CN,pending,459,"Imagine you are high in a tree when a storm begins. Would you want to stay in the tree? While you are in the tree, you are in great danger! You need to get down to the ground as quickly as possible! 14A 14B 14C 14D  And on the ground, you c",,
WHO_DWM_STRESS_2020_1abda7b4_00039_e26a80e68914,WHO_DWM_STRESS_2020,Doing What Matters in Times of Stress: An Illustrated Guide,interventions,direct_user_support,normal,"[""adolescents"", ""young_adults"", ""adults"", ""older_adults""]","[""stress"", ""grounding"", ""acceptance"", ""self_compassion"", ""emotion_regulation""]",zh-CN,pending,245,"16A Again, through engaging with the world around you, and focusing on what you are doing. 16B 16C The first step is to NOTICE how you are feeling and what you are thinking. So we need to “ground ourselves” when our emotional storms appear.",,
WHO_DWM_STRESS_2020_1abda7b4_00040_428684673db6,WHO_DWM_STRESS_2020,Doing What Matters in Times of Stress: An Illustrated Guide,interventions,direct_user_support,normal,"[""adolescents"", ""young_adults"", ""adults"", ""older_adults""]","[""stress"", ""grounding"", ""acceptance"", ""self_compassion"", ""emotion_regulation""]",zh-CN,pending,271,"Slowly press your feet into the floor. Slowly stretch your arms, or slowly press your hands together. 17A 17B 17C 17D 17E 17F 17G 17H Next, SLOW DOWN and CONNECT with your body. Slow your breathing. Empty your lungs completely. Then let the",,
WHO_DWM_STRESS_2020_1abda7b4_00041_286c653e9104,WHO_DWM_STRESS_2020,Doing What Matters in Times of Stress: An Illustrated Guide,interventions,direct_user_support,normal,"[""adolescents"", ""young_adults"", ""adults"", ""older_adults""]","[""stress"", ""grounding"", ""acceptance"", ""self_compassion"", ""emotion_regulation""]",zh-CN,pending,396,18A 18B 18C 18D The next step in grounding is to REFOCUS on the world around you. Notice where you are. What are five things you can see? What are three or four things you can hear? Breathe the air. What can you smell? Notice where you are ,,
WHO_DWM_STRESS_2020_1abda7b4_00042_b3e1bb3a9996,WHO_DWM_STRESS_2020,Doing What Matters in Times of Stress: An Illustrated Guide,interventions,direct_user_support,normal,"[""adolescents"", ""young_adults"", ""adults"", ""older_adults""]","[""stress"", ""grounding"", ""acceptance"", ""self_compassion"", ""emotion_regulation""]",zh-CN,pending,425,"And you can also move your arms and legs and mouth – so if you want to, you can act in line with your values. So notice there are difficult thoughts and feelings appearing… 19A 19C …and there is also a world around you that you can see and ",,
WHO_DWM_STRESS_2020_1abda7b4_00043_9e16e8a7f6bb,WHO_DWM_STRESS_2020,Doing What Matters in Times of Stress: An Illustrated Guide,interventions,direct_user_support,normal,"[""adolescents"", ""young_adults"", ""adults"", ""older_adults""]","[""stress"", ""grounding"", ""acceptance"", ""self_compassion"", ""emotion_regulation""]",zh-CN,pending,315,"Some storms last a long time. Others pass quickly. Grounding does not make your emotional storms disappear. It just keeps you safe, until the storm passes. 20A 20B 20C 20D Do you mean these unhooking and grounding exercises will not get rid",,
WHO_DWM_STRESS_2020_1abda7b4_00044_e2ab08c6d814,WHO_DWM_STRESS_2020,Doing What Matters in Times of Stress: An Illustrated Guide,interventions,direct_user_support,normal,"[""adolescents"", ""young_adults"", ""adults"", ""older_adults""]","[""stress"", ""grounding"", ""acceptance"", ""self_compassion"", ""emotion_regulation""]",zh-CN,pending,359,"21A 21C 21D 21E 21B The purpose of the unhooking and grounding exercises is to help you ”engage” in life. For example, to help you give your full attention to family and friends. It is also to help you move towards your values; to help you ",,
WHO_DWM_STRESS_2020_1abda7b4_00045_5d5e293a700a,WHO_DWM_STRESS_2020,Doing What Matters in Times of Stress: An Illustrated Guide,interventions,direct_user_support,normal,"[""adolescents"", ""young_adults"", ""adults"", ""older_adults""]","[""stress"", ""grounding"", ""acceptance"", ""self_compassion"", ""emotion_regulation""]",zh-CN,pending,436,"When you pay attention and engage fully in any activity you may also find it more satisfying. This is true even with activities that are boring or frustrating. But for now, please just keep practising those new skills. And remember they are",,
WHO_DWM_STRESS_2020_1abda7b4_00046_4b33b0f10fbc,WHO_DWM_STRESS_2020,Doing What Matters in Times of Stress: An Illustrated Guide,interventions,direct_user_support,normal,"[""adolescents"", ""young_adults"", ""adults"", ""older_adults""]","[""stress"", ""grounding"", ""acceptance"", ""self_compassion"", ""emotion_regulation""]",zh-CN,pending,429,"When we engage in life, pay attention to others, focus on what we’re doing and live by our values, we manage stress much better. It is like building your muscles to run faster or to lift heavier loads. With practice, your muscles get bigger",,
WHO_DWM_STRESS_2020_1abda7b4_00047_a94f0f63de82,WHO_DWM_STRESS_2020,Doing What Matters in Times of Stress: An Illustrated Guide,interventions,direct_user_support,normal,"[""adolescents"", ""young_adults"", ""adults"", ""older_adults""]","[""stress"", ""grounding"", ""acceptance"", ""self_compassion"", ""emotion_regulation""]",zh-CN,pending,508,"There are many ways to practise these engaging and grounding skills. We will practise them now! As you read this book, follow the instructions. Do not simply read about it; actually do it! First, NOTICE how you are feeling and what you are ",,
WHO_DWM_STRESS_2020_1abda7b4_00048_8ae59e052f5d,WHO_DWM_STRESS_2020,Doing What Matters in Times of Stress: An Illustrated Guide,interventions,direct_user_support,normal,"[""adolescents"", ""young_adults"", ""adults"", ""older_adults""]","[""stress"", ""grounding"", ""acceptance"", ""self_compassion"", ""emotion_regulation""]",zh-CN,pending,439,"That exercise should take you about 30 seconds. You can do it anytime, anywhere. 22.5E 22.5F 22.5G Now have a good stretch. Engage with the world. Notice where you are, who is with you, and what you are doing.  Y ou can go to this LINK and",,
WHO_DWM_STRESS_2020_1abda7b4_00049_ccc42258bbdd,WHO_DWM_STRESS_2020,Doing What Matters in Times of Stress: An Illustrated Guide,interventions,direct_user_support,normal,"[""adolescents"", ""young_adults"", ""adults"", ""older_adults""]","[""stress"", ""grounding"", ""acceptance"", ""self_compassion"", ""emotion_regulation""]",zh-CN,pending,647,"Now here is a longer grounding exercise to practise. First, NOTICE how you are feeling and what you are thinking. If you breathe too hard or too quickly, it could make you feel panicky, anxious, dizzy or short of breath. If you start to fee",,
WHO_DWM_STRESS_2020_1abda7b4_00050_889c3fe04a36,WHO_DWM_STRESS_2020,Doing What Matters in Times of Stress: An Illustrated Guide,interventions,direct_user_support,normal,"[""adolescents"", ""young_adults"", ""adults"", ""older_adults""]","[""stress"", ""grounding"", ""acceptance"", ""self_compassion"", ""emotion_regulation""]",zh-CN,pending,727,"Now notice your breathing with CURIOSITY – as if it is the first time you have ever encountered breathing. Now breathe out even more SLOWLY . And after your lungs are empty, silently count to three before you breathe in again. Then let your",,
WHO_DWM_STRESS_2020_1abda7b4_00051_93898e2f7c71,WHO_DWM_STRESS_2020,Doing What Matters in Times of Stress: An Illustrated Guide,interventions,direct_user_support,normal,"[""adolescents"", ""young_adults"", ""adults"", ""older_adults""]","[""stress"", ""grounding"", ""acceptance"", ""self_compassion"", ""emotion_regulation""]",zh-CN,pending,395,"As soon as you realize this has happened, REFOCUS on your breathing. Give it your full attention. Notice the air as it flows in and out of your nostrils. Notice the gentle movements of your shoulders. Notice your chest moving in and out. No",,
WHO_DWM_STRESS_2020_1abda7b4_00052_7e154f737293,WHO_DWM_STRESS_2020,Doing What Matters in Times of Stress: An Illustrated Guide,interventions,direct_user_support,normal,"[""adolescents"", ""young_adults"", ""adults"", ""older_adults""]","[""stress"", ""grounding"", ""acceptance"", ""self_compassion"", ""emotion_regulation""]",zh-CN,pending,520,"24F …refocus on your breathing. And if your thoughts and feelings hook you 1000 times… That is correct! And then you refocus on your breath. Again and again and again, you bring your attention back to your breath, noticing it with curiosity",,
WHO_DWM_STRESS_2020_1abda7b4_00053_269bee210cff,WHO_DWM_STRESS_2020,Doing What Matters in Times of Stress: An Illustrated Guide,interventions,direct_user_support,normal,"[""adolescents"", ""young_adults"", ""adults"", ""older_adults""]","[""stress"", ""grounding"", ""acceptance"", ""self_compassion"", ""emotion_regulation""]",zh-CN,pending,638,"To finish the exercise, once again ground yourself. SLOW down. Slowly breathe out. Slowly stretch. Slowly push your feet into the floor. Then REFOCUS and ENGAGE with the world. Pay attention with curiosity to what you can… Notice where you ",,
WHO_DWM_STRESS_2020_1abda7b4_00054_aaf4f4aafed6,WHO_DWM_STRESS_2020,Doing What Matters in Times of Stress: An Illustrated Guide,interventions,direct_user_support,normal,"[""adolescents"", ""young_adults"", ""adults"", ""older_adults""]","[""stress"", ""grounding"", ""acceptance"", ""self_compassion"", ""emotion_regulation""]",zh-CN,pending,749,"That’s right! Because these skills help you to engage, focus and unhook from difficult thoughts and feelings… 26G ... so you can move towards your values. 26H So remember, practise these skills throughout the day, at every chance you get. I",,
WHO_DWM_STRESS_2020_1abda7b4_00055_2db4e9088a1e,WHO_DWM_STRESS_2020,Doing What Matters in Times of Stress: An Illustrated Guide,interventions,direct_user_support,normal,"[""adolescents"", ""young_adults"", ""adults"", ""older_adults""]","[""stress"", ""grounding"", ""acceptance"", ""self_compassion"", ""emotion_regulation""]",zh-CN,pending,450,"Welcome back. I hope you practised engaging in life, focusing on your activities and grounding yourself during emotional storms. 27A 27B Part 2: UNHOOKING Earlier, you may remember, we talked about “towards” and “away” moves. VALUES TOWARDS",,
WHO_DWM_STRESS_2020_1abda7b4_00056_44dcf8c647b2,WHO_DWM_STRESS_2020,Doing What Matters in Times of Stress: An Illustrated Guide,interventions,direct_user_support,normal,"[""adolescents"", ""young_adults"", ""adults"", ""older_adults""]","[""stress"", ""grounding"", ""acceptance"", ""self_compassion"", ""emotion_regulation""]",zh-CN,pending,232,"Or we might withdraw and stay away from people we love. Or we might spend a lot of time lying in bed. 27E 27F 27G Part 2: UNHOOKING So today, we are going to learn more about unhooking ourselves from difficult thoughts and feelings.",,
WHO_DWM_STRESS_2020_1abda7b4_00057_836eb27d5d33,WHO_DWM_STRESS_2020,Doing What Matters in Times of Stress: An Illustrated Guide,interventions,direct_user_support,normal,"[""adolescents"", ""young_adults"", ""adults"", ""older_adults""]","[""stress"", ""grounding"", ""acceptance"", ""self_compassion"", ""emotion_regulation""]",zh-CN,pending,506,"28F Can we burn them like rubbish? Can we lock them up, hide them away? Can we bury them in a hole? Can we run off and leave them behind? 28A 28B 28C 28D 28E Take a moment to think about all the ways you have tried to get rid of these thoug",,
WHO_DWM_STRESS_2020_1abda7b4_00058_76d17cabd3f7,WHO_DWM_STRESS_2020,Doing What Matters in Times of Stress: An Illustrated Guide,interventions,direct_user_support,normal,"[""adolescents"", ""young_adults"", ""adults"", ""older_adults""]","[""stress"", ""grounding"", ""acceptance"", ""self_compassion"", ""emotion_regulation""]",zh-CN,pending,346,"Most people try at least some of these strategies: Yelling! Trying not to think about it Avoiding people, places or situations Staying in bed Isolating yourself Giving up Alcohol Tobacco Illicit drugs Starting arguments Blaming or criticizi",,
WHO_DWM_STRESS_2020_1abda7b4_00059_58e6102a8785,WHO_DWM_STRESS_2020,Doing What Matters in Times of Stress: An Illustrated Guide,interventions,direct_user_support,normal,"[""adolescents"", ""young_adults"", ""adults"", ""older_adults""]","[""stress"", ""grounding"", ""acceptance"", ""self_compassion"", ""emotion_regulation""]",zh-CN,pending,272,"30B 30C Take a moment to think about or write down the things you have tried for getting rid of difficult thoughts and feelings. 29N 30A Of course, many of these methods make thoughts and feelings go away. But not for long! They soon come b",,
WHO_DWM_STRESS_2020_1abda7b4_00060_9094b4338d4f,WHO_DWM_STRESS_2020,Doing What Matters in Times of Stress: An Illustrated Guide,interventions,direct_user_support,normal,"[""adolescents"", ""young_adults"", ""adults"", ""older_adults""]","[""stress"", ""grounding"", ""acceptance"", ""self_compassion"", ""emotion_regulation""]",zh-CN,pending,199,VALUES And how many of these methods pull away from your values? Most of them! Exactly! So when we try to get rid of thoughts and feelings… …our life usually gets worse! So are you open to a new way?,,
WHO_DWM_STRESS_2020_1abda7b4_00061_337ee14005a5,WHO_DWM_STRESS_2020,Doing What Matters in Times of Stress: An Illustrated Guide,interventions,direct_user_support,normal,"[""adolescents"", ""young_adults"", ""adults"", ""older_adults""]","[""stress"", ""grounding"", ""acceptance"", ""self_compassion"", ""emotion_regulation""]",zh-CN,pending,331,It is a new way of handling difficult and feelings. Instead of trying to push them away… You stop struggling with them. And whenever you get hooked by them… 31A 31B 31C 31D …you unhook yourself again. 31E 31F A NEW WAY How do we do that? I ,,
WHO_DWM_STRESS_2020_1abda7b4_00062_7c52f78bce87,WHO_DWM_STRESS_2020,Doing What Matters in Times of Stress: An Illustrated Guide,interventions,direct_user_support,normal,"[""adolescents"", ""young_adults"", ""adults"", ""older_adults""]","[""stress"", ""grounding"", ""acceptance"", ""self_compassion"", ""emotion_regulation""]",zh-CN,pending,321,Are you being hooked by thoughts about… Write some of the thoughts that hook you: 32A 32B 32C Are you being hooked by feelings in your body? Mark where these feelings are located: Bad things that happened in the past Bad things that might h,,
WHO_DWM_STRESS_2020_1abda7b4_00063_a4b682f46a18,WHO_DWM_STRESS_2020,Doing What Matters in Times of Stress: An Illustrated Guide,interventions,direct_user_support,normal,"[""adolescents"", ""young_adults"", ""adults"", ""older_adults""]","[""stress"", ""grounding"", ""acceptance"", ""self_compassion"", ""emotion_regulation""]",zh-CN,pending,415,"32B The first two steps in unhooking are: 33A 33B 33C 33D First you NOTICE that a thought or feeling has hooked you. Then you NAME it. To name it, you silently say to yourself something like… 1. NOTICE 2. NAME tightness in my chest. pressur",,
WHO_DWM_STRESS_2020_1abda7b4_00064_00e63032bc75,WHO_DWM_STRESS_2020,Doing What Matters in Times of Stress: An Illustrated Guide,interventions,direct_user_support,normal,"[""adolescents"", ""young_adults"", ""adults"", ""older_adults""]","[""stress"", ""grounding"", ""acceptance"", ""self_compassion"", ""emotion_regulation""]",zh-CN,pending,296,"However, if we then add the phrase, “I notice” , we usually find it unhooks us a bit more. Try this now and see what happens. So naming begins by silently saying, “Here is a thought” or “Here is a feeling” . 34A 34B 34C 34D 34E 34F I notice",,
WHO_DWM_STRESS_2020_1abda7b4_00065_267794c5966a,WHO_DWM_STRESS_2020,Doing What Matters in Times of Stress: An Illustrated Guide,interventions,direct_user_support,normal,"[""adolescents"", ""young_adults"", ""adults"", ""older_adults""]","[""stress"", ""grounding"", ""acceptance"", ""self_compassion"", ""emotion_regulation""]",zh-CN,pending,536,"Well, thoughts and feelings hook us when we are unaware of them. 35A Please try this now before you read any more. NOTICE and NAME a thought or feeling that has been present for you today. One moment you are talking to a friend, interested ",,
WHO_DWM_STRESS_2020_1abda7b4_00066_1e1489dfc701,WHO_DWM_STRESS_2020,Doing What Matters in Times of Stress: An Illustrated Guide,interventions,direct_user_support,normal,"[""adolescents"", ""young_adults"", ""adults"", ""older_adults""]","[""stress"", ""grounding"", ""acceptance"", ""self_compassion"", ""emotion_regulation""]",zh-CN,pending,360,"…and then in the next moment, you are hooked. 35F  Suddenly, you are no longer really listening to your friend. …but you are not really ”engaged” in the conversation. You are only half-listening. You are not giving her your full attention. ",,
WHO_DWM_STRESS_2020_1abda7b4_00067_a2b1a9a8a403,WHO_DWM_STRESS_2020,Doing What Matters in Times of Stress: An Illustrated Guide,interventions,direct_user_support,normal,"[""adolescents"", ""young_adults"", ""adults"", ""older_adults""]","[""stress"", ""grounding"", ""acceptance"", ""self_compassion"", ""emotion_regulation""]",zh-CN,pending,515,"The first step in “unhooking” yourself is to NOTICE that you have been hooked. The second step is to NAME what hooked you. You silently say to yourself… The next step is to REFOCUS on what you are doing – whether you are cooking, or eating,",,
WHO_DWM_STRESS_2020_1abda7b4_00068_06f825ebdcd7,WHO_DWM_STRESS_2020,Doing What Matters in Times of Stress: An Illustrated Guide,interventions,direct_user_support,normal,"[""adolescents"", ""young_adults"", ""adults"", ""older_adults""]","[""stress"", ""grounding"", ""acceptance"", ""self_compassion"", ""emotion_regulation""]",zh-CN,pending,341,FEELINGS I am noticing a painful feeling in my throat. Part 2: UNHOOKING  We can do the same thing every time we get hooked and stop engaging in life. 38A 38B 38C I am noticing feelings of anger. And even though I am having feelings of ange,,
WHO_DWM_STRESS_2020_1abda7b4_00069_6f910dcd7867,WHO_DWM_STRESS_2020,Doing What Matters in Times of Stress: An Illustrated Guide,interventions,direct_user_support,normal,"[""adolescents"", ""young_adults"", ""adults"", ""older_adults""]","[""stress"", ""grounding"", ""acceptance"", ""self_compassion"", ""emotion_regulation""]",zh-CN,pending,216,"38D 38E THOUGHTS AND FEELINGS Here is a difficult thought. THOUGHTS AND FEELINGS And even with this difficult thought, I choose to act on my values of being attentive and caring towards my children. Part 2: UNHOOKING",,
WHO_DWM_STRESS_2020_1abda7b4_00070_1fc94f55a63c,WHO_DWM_STRESS_2020,Doing What Matters in Times of Stress: An Illustrated Guide,interventions,direct_user_support,normal,"[""adolescents"", ""young_adults"", ""adults"", ""older_adults""]","[""stress"", ""grounding"", ""acceptance"", ""self_compassion"", ""emotion_regulation""]",zh-CN,pending,292,"So to unhook from thoughts and feelings… The more you practise this, the better you will get. See if you can practise this over and over again, all day long as you’re going about your daily activities. Every time you notice that you have be",,
WHO_DWM_STRESS_2020_1abda7b4_00071_5caec5774763,WHO_DWM_STRESS_2020,Doing What Matters in Times of Stress: An Illustrated Guide,interventions,direct_user_support,normal,"[""adolescents"", ""young_adults"", ""adults"", ""older_adults""]","[""stress"", ""grounding"", ""acceptance"", ""self_compassion"", ""emotion_regulation""]",zh-CN,pending,279,FEELINGS 1. NOTICE YOUR DIFFICULT THOUGHTS AND FEELINGS 2. NAME THE THOUGHTS (SILENTLY). 3. REFOCUS ON WHAT YOU ARE DOING.  And remember it is natural to have difficult thoughts and feelings appear when we are stressed.  This happens to eve,,
WHO_DWM_STRESS_2020_1abda7b4_00072_92e42c24fff7,WHO_DWM_STRESS_2020,Doing What Matters in Times of Stress: An Illustrated Guide,interventions,direct_user_support,normal,"[""adolescents"", ""young_adults"", ""adults"", ""older_adults""]","[""stress"", ""grounding"", ""acceptance"", ""self_compassion"", ""emotion_regulation""]",zh-CN,pending,422,"There are many ways to NAME a thought or feeling, after we NOTICE it. 41A 41B 41C Here is a thought about… Here is a memory of… I notice here is sadness. I notice here is a heaviness in my chest. I notice I have been hooked by a pain in my ",,
WHO_DWM_STRESS_2020_1abda7b4_00073_4b4ef70dc63f,WHO_DWM_STRESS_2020,Doing What Matters in Times of Stress: An Illustrated Guide,interventions,direct_user_support,normal,"[""adolescents"", ""young_adults"", ""adults"", ""older_adults""]","[""stress"", ""grounding"", ""acceptance"", ""self_compassion"", ""emotion_regulation""]",zh-CN,pending,388,42A So now you have your first two tools for your tool kit. TOOL 1 GROUND YOURSELF DURING “EMOTIONAL STORMS”. NOTICE HOW YOU ARE FEELING. SLOW DOWN AND CONNECT WITH YOUR BODY. REFOCUS AND ENGAGE WITH THE WORLD AROUND YOU. TOOL 2 UNHOOK YOUR,,
WHO_DWM_STRESS_2020_1abda7b4_00074_43ae8e657c4e,WHO_DWM_STRESS_2020,Doing What Matters in Times of Stress: An Illustrated Guide,interventions,direct_user_support,normal,"[""adolescents"", ""young_adults"", ""adults"", ""older_adults""]","[""stress"", ""grounding"", ""acceptance"", ""self_compassion"", ""emotion_regulation""]",zh-CN,pending,335,"So set times aside to regularly practise these skills. For example, in bed, or before or after a meal. Of course, some people forget to practise. Think of some times, places or activities for regular practice. And whenever you are lying awa",,
WHO_DWM_STRESS_2020_1abda7b4_00075_c1f5c4553e34,WHO_DWM_STRESS_2020,Doing What Matters in Times of Stress: An Illustrated Guide,interventions,direct_user_support,normal,"[""adolescents"", ""young_adults"", ""adults"", ""older_adults""]","[""stress"", ""grounding"", ""acceptance"", ""self_compassion"", ""emotion_regulation""]",zh-CN,pending,284,"It probably will not make you sleep (although sometimes it does), but it will help you feel rested. 42B 42C 42D 42E  Y ou can go to this LINK to listen to, or download all of the exercises you have learned so far. Or, you can simply follow",,
WHO_DWM_STRESS_2020_1abda7b4_00076_3cbcdc6d1d6e,WHO_DWM_STRESS_2020,Doing What Matters in Times of Stress: An Illustrated Guide,interventions,direct_user_support,normal,"[""adolescents"", ""young_adults"", ""adults"", ""older_adults""]","[""stress"", ""grounding"", ""acceptance"", ""self_compassion"", ""emotion_regulation""]",zh-CN,pending,217,Maybe you feel too tired... Other things can also get in the way of practising with these tools. Maybe you feel too sad or angry or scared… Maybe you just can’t be bothered… 43A 43B 43C 43D Too tired! This is useless!,,
WHO_DWM_STRESS_2020_1abda7b4_00077_18477690d005,WHO_DWM_STRESS_2020,Doing What Matters in Times of Stress: An Illustrated Guide,interventions,direct_user_support,normal,"[""adolescents"", ""young_adults"", ""adults"", ""older_adults""]","[""stress"", ""grounding"", ""acceptance"", ""self_compassion"", ""emotion_regulation""]",zh-CN,pending,292,So remind yourself over and over… 43E This is like learning a new language. It takes a lot of practice! 43F You can also be hooked by unhelpful thoughts. 43G THIS IS ALL SO STUPID! IT IS NOT IMPORTANT! IT WILL NOT HELP! I AM TOO BUSY! THERE,,
WHO_DWM_STRESS_2020_1abda7b4_00078_31beaa47d482,WHO_DWM_STRESS_2020,Doing What Matters in Times of Stress: An Illustrated Guide,interventions,direct_user_support,normal,"[""adolescents"", ""young_adults"", ""adults"", ""older_adults""]","[""stress"", ""grounding"", ""acceptance"", ""self_compassion"", ""emotion_regulation""]",zh-CN,pending,534,"44A 44B 44C 44D Yes, that’s right. And in the next part of this book, we will explore values in more depth. But before continuing with the next part, please take a day or two to practise what we’ve covered in this chapter. And remember, at ",,
WHO_DWM_STRESS_2020_1abda7b4_00079_ee07c5c2fd0b,WHO_DWM_STRESS_2020,Doing What Matters in Times of Stress: An Illustrated Guide,interventions,direct_user_support,normal,"[""adolescents"", ""young_adults"", ""adults"", ""older_adults""]","[""stress"", ""grounding"", ""acceptance"", ""self_compassion"", ""emotion_regulation""]",zh-CN,pending,89,"44B NOTICE, NAME AND REFOCUS Part 3 ACTING ON YOUR VALUES TOWARDS VALUES AWAY FROM VALUES",,
WHO_DWM_STRESS_2020_1abda7b4_00080_8fcd3d9bf8f3,WHO_DWM_STRESS_2020,Doing What Matters in Times of Stress: An Illustrated Guide,interventions,direct_user_support,normal,"[""adolescents"", ""young_adults"", ""adults"", ""older_adults""]","[""stress"", ""grounding"", ""acceptance"", ""self_compassion"", ""emotion_regulation""]",zh-CN,pending,504,"Welcome back. Have you been practising unhooking and grounding? Remember, doing these exercises is like learning any new skill. With practice, you get better and it becomes easier. Now we are going to look at values in more depth. Your valu",,
WHO_DWM_STRESS_2020_1abda7b4_00081_bb8d055564f1,WHO_DWM_STRESS_2020,Doing What Matters in Times of Stress: An Illustrated Guide,interventions,direct_user_support,normal,"[""adolescents"", ""young_adults"", ""adults"", ""older_adults""]","[""stress"", ""grounding"", ""acceptance"", ""self_compassion"", ""emotion_regulation""]",zh-CN,pending,258,"45D 45F Suppose your goal is to get a job so you can support the people you care about. And suppose your values – the way you want to be with your family, friends or people around you – are to be kind, to be caring, to be loving and to be s",,
WHO_DWM_STRESS_2020_1abda7b4_00082_9b17761fd94c,WHO_DWM_STRESS_2020,Doing What Matters in Times of Stress: An Illustrated Guide,interventions,direct_user_support,normal,"[""adolescents"", ""young_adults"", ""adults"", ""older_adults""]","[""stress"", ""grounding"", ""acceptance"", ""self_compassion"", ""emotion_regulation""]",zh-CN,pending,589,"It might be impossible to achieve your goal… …but you can still live your values of being kind, caring, loving and supportive towards your family, friends or people around you. Many of your goals might be impossible right now. 46A 46B 46C 4",,
WHO_DWM_STRESS_2020_1abda7b4_00083_a32dd7c96b0e,WHO_DWM_STRESS_2020,Doing What Matters in Times of Stress: An Illustrated Guide,interventions,direct_user_support,normal,"[""adolescents"", ""young_adults"", ""adults"", ""older_adults""]","[""stress"", ""grounding"", ""acceptance"", ""self_compassion"", ""emotion_regulation""]",zh-CN,pending,346,"46C 46F Because the way you influence the world around you is through your ACTIONS. “ACTIONS” are what you do with your arms and hands and legs and feet, and what you say with your mouth. 46G The more you focus on your own actions… …the mor",,
WHO_DWM_STRESS_2020_1abda7b4_00084_53090c3754b1,WHO_DWM_STRESS_2020,Doing What Matters in Times of Stress: An Illustrated Guide,interventions,direct_user_support,normal,"[""adolescents"", ""young_adults"", ""adults"", ""older_adults""]","[""stress"", ""grounding"", ""acceptance"", ""self_compassion"", ""emotion_regulation""]",zh-CN,pending,262,"If your country is at war, you can’t stop all the fighting… …but you can stop arguing with people in your community… …and instead, act on your values And notice: you may influence the people around you through your ACTIONS. 47B 47C 47D 47E ",,
WHO_DWM_STRESS_2020_1abda7b4_00085_6d55e8456276,WHO_DWM_STRESS_2020,Doing What Matters in Times of Stress: An Illustrated Guide,interventions,direct_user_support,normal,"[""adolescents"", ""young_adults"", ""adults"", ""older_adults""]","[""stress"", ""grounding"", ""acceptance"", ""self_compassion"", ""emotion_regulation""]",zh-CN,pending,693,"47C 47E To help you clarify your values, here is a list. These are not the “right” values or the “best” ones – they are simply some common ones. To be kind To be caring To be generous To be supportive To be helpful To be patient To be respo",,
WHO_DWM_STRESS_2020_1abda7b4_00086_db542cc6f29d,WHO_DWM_STRESS_2020,Doing What Matters in Times of Stress: An Illustrated Guide,interventions,direct_user_support,normal,"[""adolescents"", ""young_adults"", ""adults"", ""older_adults""]","[""stress"", ""grounding"", ""acceptance"", ""self_compassion"", ""emotion_regulation""]",zh-CN,pending,639,"Now we will do another exercise. Think of a role model in your community; someone you look up to. Now select three or four of those values that seem most important to you, and write them in the box below. What does this person say or do tha",,
WHO_DWM_STRESS_2020_1abda7b4_00087_6cac667683e4,WHO_DWM_STRESS_2020,Doing What Matters in Times of Stress: An Illustrated Guide,interventions,direct_user_support,normal,"[""adolescents"", ""young_adults"", ""adults"", ""older_adults""]","[""stress"", ""grounding"", ""acceptance"", ""self_compassion"", ""emotion_regulation""]",zh-CN,pending,162,49B 49F So if your values are caring and kindness… 50A 50B 50C Values go both ways: towards yourself and towards others. OTHERSSELF OTHERSSELF CARING AND KINDNESS,,
WHO_DWM_STRESS_2020_1abda7b4_00088_1f90a0c1a80f,WHO_DWM_STRESS_2020,Doing What Matters in Times of Stress: An Illustrated Guide,interventions,direct_user_support,normal,"[""adolescents"", ""young_adults"", ""adults"", ""older_adults""]","[""stress"", ""grounding"", ""acceptance"", ""self_compassion"", ""emotion_regulation""]",zh-CN,pending,409,…then you aim to live those values towards both yourself and others. So now it is time to put your values into action. What values do you want to live by in this relationship? 50D 50E Pick an important relationship; choose someone you care ,,
WHO_DWM_STRESS_2020_1abda7b4_00089_63f1b23a98ef,WHO_DWM_STRESS_2020,Doing What Matters in Times of Stress: An Illustrated Guide,interventions,direct_user_support,normal,"[""adolescents"", ""young_adults"", ""adults"", ""older_adults""]","[""stress"", ""grounding"", ""acceptance"", ""self_compassion"", ""emotion_regulation""]",zh-CN,pending,465,"For example, suppose you choose your child. 51A And the values you want to act on are: Then a small step might be to play with or to read to your child for 10 minutes every day. And the values you want to act on are: Then a small step might",,
WHO_DWM_STRESS_2020_1abda7b4_00090_35a6c4504d1a,WHO_DWM_STRESS_2020,Doing What Matters in Times of Stress: An Illustrated Guide,interventions,direct_user_support,normal,"[""adolescents"", ""young_adults"", ""adults"", ""older_adults""]","[""stress"", ""grounding"", ""acceptance"", ""self_compassion"", ""emotion_regulation""]",zh-CN,pending,284,"Remember, even the tiniest actions matter. A giant tree grows from a tiny seed. And even in the hardest or most stressful of times, you can take small ACTIONS to live by your values. When you act on your values, you will begin to create a m",,
WHO_DWM_STRESS_2020_1abda7b4_00091_c34e0c29778e,WHO_DWM_STRESS_2020,Doing What Matters in Times of Stress: An Illustrated Guide,interventions,direct_user_support,normal,"[""adolescents"", ""young_adults"", ""adults"", ""older_adults""]","[""stress"", ""grounding"", ""acceptance"", ""self_compassion"", ""emotion_regulation""]",zh-CN,pending,316,Think in terms of ACTIONS. What will you say with your mouth? What will you do with your hands and arms and legs and feet? 52C 52A 52B ACTIONS So create your action plan now. What will you do in the next week to act on your values? Pick som,,
WHO_DWM_STRESS_2020_1abda7b4_00092_d096db4dc93b,WHO_DWM_STRESS_2020,Doing What Matters in Times of Stress: An Illustrated Guide,interventions,direct_user_support,normal,"[""adolescents"", ""young_adults"", ""adults"", ""older_adults""]","[""stress"", ""grounding"", ""acceptance"", ""self_compassion"", ""emotion_regulation""]",zh-CN,pending,668,"52D Please make this action plan now, before reading further. It is important! 53A Does your plan seem realistic to you? If not, choose something smaller, simpler and easier. Pick an important relationship. Who is someone you care about, wh",,
WHO_DWM_STRESS_2020_1abda7b4_00093_0e6c872488b7,WHO_DWM_STRESS_2020,Doing What Matters in Times of Stress: An Illustrated Guide,interventions,direct_user_support,normal,"[""adolescents"", ""young_adults"", ""adults"", ""older_adults""]","[""stress"", ""grounding"", ""acceptance"", ""self_compassion"", ""emotion_regulation""]",zh-CN,pending,524,"Now notice: are difficult thoughts starting to hook you and stop you from following your action plan? Often, as soon as we start thinking about taking action, difficult thoughts and feelings appear, and easily hook us. Will these actions ta",,
WHO_DWM_STRESS_2020_1abda7b4_00094_7080c6024e21,WHO_DWM_STRESS_2020,Doing What Matters in Times of Stress: An Illustrated Guide,interventions,direct_user_support,normal,"[""adolescents"", ""young_adults"", ""adults"", ""older_adults""]","[""stress"", ""grounding"", ""acceptance"", ""self_compassion"", ""emotion_regulation""]",zh-CN,pending,294,"And ENGAGE with the world around you. 53I SEE TASTE SMELL HEAR TOUCH NOTICE and NAME them. 53H I notice here is a painful feeling in my belly. I notice here is a difficult thought that it is all too hard. If so, you know what to do. 53G It ",,
WHO_DWM_STRESS_2020_1abda7b4_00095_b3649e8e060d,WHO_DWM_STRESS_2020,Doing What Matters in Times of Stress: An Illustrated Guide,interventions,direct_user_support,normal,"[""adolescents"", ""young_adults"", ""adults"", ""older_adults""]","[""stress"", ""grounding"", ""acceptance"", ""self_compassion"", ""emotion_regulation""]",zh-CN,pending,499,"Aim to start each day thinking of two or three values you want to live by. While you are still in bed, or while you are getting up. This is the next tool in your toolkit. The journey of 1000 miles begins with one step! And throughout the da",,
WHO_DWM_STRESS_2020_1abda7b4_00096_cd0c73e22729,WHO_DWM_STRESS_2020,Doing What Matters in Times of Stress: An Illustrated Guide,interventions,direct_user_support,normal,"[""adolescents"", ""young_adults"", ""adults"", ""older_adults""]","[""stress"", ""grounding"", ""acceptance"", ""self_compassion"", ""emotion_regulation""]",zh-CN,pending,523,"1. LEAVE. 2. CHANGE WHAT CAN BE CHANGED, ACCEPT THE PAIN THAT CANNOT BE CHANGED, AND LIVE BY YOUR VALUES. 3. GIVE UP AND MOVE AWAY FROM YOUR VALUES. 55A 55B 55C SO YOU NOW HAVE THREE POWERFUL TOOLS: * UNHOOKING * GROUNDING * ACTING ON YOUR ",,
WHO_DWM_STRESS_2020_1abda7b4_00097_257e4839af77,WHO_DWM_STRESS_2020,Doing What Matters in Times of Stress: An Illustrated Guide,interventions,direct_user_support,normal,"[""adolescents"", ""young_adults"", ""adults"", ""older_adults""]","[""stress"", ""grounding"", ""acceptance"", ""self_compassion"", ""emotion_regulation""]",zh-CN,pending,626,"So then option two is what is left. CHANGE WHAT CAN BE CHANGED, ACCEPT THE PAIN THAT CANNOT BE CHANGED, AND LIVE BY YOUR VALUES. CHANGE WHAT CAN BE CHANGED… Many difficult thoughts and feelings appear when you face difficult situations – es",,
WHO_DWM_STRESS_2020_1abda7b4_00098_a391457932dd,WHO_DWM_STRESS_2020,Doing What Matters in Times of Stress: An Illustrated Guide,interventions,direct_user_support,normal,"[""adolescents"", ""young_adults"", ""adults"", ""older_adults""]","[""stress"", ""grounding"", ""acceptance"", ""self_compassion"", ""emotion_regulation""]",zh-CN,pending,733,"CHANGE WHAT CAN BE CHANGED, ACCEPT THE PAIN THAT CANNOT BE CHANGED, AND LIVE BY YOUR VALUES. So if there is nothing you can do to improve the situation… AND LIVE BY YOUR VALUES. There IS something you can do that will improve any difficult ",,
WHO_DWM_STRESS_2020_1abda7b4_00099_20453fa51364,WHO_DWM_STRESS_2020,Doing What Matters in Times of Stress: An Illustrated Guide,interventions,direct_user_support,normal,"[""adolescents"", ""young_adults"", ""adults"", ""older_adults""]","[""stress"", ""grounding"", ""acceptance"", ""self_compassion"", ""emotion_regulation""]",zh-CN,pending,415,Someone who says kind things when you are in pain. Whether you are in danger… Yet many of us are not kind to ourselves when we are in difficult situations. No matter how bad your situation 58A 58B 58C 58D 58E 58F 58G 58H Or in a family argu,,
WHO_DWM_STRESS_2020_1abda7b4_00100_c56b9f0ed6f8,WHO_DWM_STRESS_2020,Doing What Matters in Times of Stress: An Illustrated Guide,interventions,direct_user_support,normal,"[""adolescents"", ""young_adults"", ""adults"", ""older_adults""]","[""stress"", ""grounding"", ""acceptance"", ""self_compassion"", ""emotion_regulation""]",zh-CN,pending,175,"Often, we get hooked by unkind thoughts. 59A 59B I am weak I am crazy I am bad I did the wrong thing. 59C It is my fault I can never forgive myself I should not have done that",,
WHO_DWM_STRESS_2020_1abda7b4_00101_8b971ca38553,WHO_DWM_STRESS_2020,Doing What Matters in Times of Stress: An Illustrated Guide,interventions,direct_user_support,normal,"[""adolescents"", ""young_adults"", ""adults"", ""older_adults""]","[""stress"", ""grounding"", ""acceptance"", ""self_compassion"", ""emotion_regulation""]",zh-CN,pending,401,"…when we get hooked by these unkind thoughts, we get pulled away from our values. 59E UNKIND THOUGHTS TOWARDS VALUES AWAY FROM VALUES Try this now. Choose an unkind thought about yourself.So we need to NOTICE and NAME them, to unhook from t",,
WHO_DWM_STRESS_2020_1abda7b4_00102_851830addca0,WHO_DWM_STRESS_2020,Doing What Matters in Times of Stress: An Illustrated Guide,interventions,direct_user_support,normal,"[""adolescents"", ""young_adults"", ""adults"", ""older_adults""]","[""stress"", ""grounding"", ""acceptance"", ""self_compassion"", ""emotion_regulation""]",zh-CN,pending,473,"And silently say to yourself… Then add the words “I notice” . Or… 60C 60D 60E Then GROUND yourself and ENGAGE with the world around you.  Y ou can go to this LINK and listen to, or download the Unhooking from Unkind Thoughts exercise. Or, ",,
WHO_DWM_STRESS_2020_1abda7b4_00103_3dbf9458621a,WHO_DWM_STRESS_2020,Doing What Matters in Times of Stress: An Illustrated Guide,interventions,direct_user_support,normal,"[""adolescents"", ""young_adults"", ""adults"", ""older_adults""]","[""stress"", ""grounding"", ""acceptance"", ""self_compassion"", ""emotion_regulation""]",zh-CN,pending,540,"How do you feel when you are struggling, suffering, in pain, and someone reaches out to you with kindness, caring and understanding? Even in the most difficult situations, there are ways we can act on our values of kindness and caring. Even",,
WHO_DWM_STRESS_2020_1abda7b4_00104_c00371210c9a,WHO_DWM_STRESS_2020,Doing What Matters in Times of Stress: An Illustrated Guide,interventions,direct_user_support,normal,"[""adolescents"", ""young_adults"", ""adults"", ""older_adults""]","[""stress"", ""grounding"", ""acceptance"", ""self_compassion"", ""emotion_regulation""]",zh-CN,pending,423,"105105 So unhook from thoughts like… And we should be kind to ourselves, too. Remember: like all values, kindness goes both ways. 62A 62B 62D 62E 62F Everyone needs a friend. Everyone needs kindness. 62C …you will have more energy to help o",,
WHO_DWM_STRESS_2020_1abda7b4_00105_91d5d145159c,WHO_DWM_STRESS_2020,Doing What Matters in Times of Stress: An Illustrated Guide,interventions,direct_user_support,normal,"[""adolescents"", ""young_adults"", ""adults"", ""older_adults""]","[""stress"", ""grounding"", ""acceptance"", ""self_compassion"", ""emotion_regulation""]",zh-CN,pending,489,"So speak to yourself kindly. Yes! That is correct! And now in the final section of the book, we will learn one more really useful skill to help with stress. 62G 62I Before continuing with the final section, please remember to take at least ",,
WHO_DWM_STRESS_2020_1abda7b4_00106_25032e5c5272,WHO_DWM_STRESS_2020,Doing What Matters in Times of Stress: An Illustrated Guide,interventions,direct_user_support,normal,"[""adolescents"", ""young_adults"", ""adults"", ""older_adults""]","[""stress"", ""grounding"", ""acceptance"", ""self_compassion"", ""emotion_regulation""]",zh-CN,pending,385,"So UNHOOKING is one way to stop struggling with our thoughts and feelings. On pages 56–57, we looked at the common problems that happen when we struggle with our thoughts and feelings: trying to push them away, avoid them or get rid of them",,
WHO_DWM_STRESS_2020_1abda7b4_00107_9c1ffcf12f41,WHO_DWM_STRESS_2020,Doing What Matters in Times of Stress: An Illustrated Guide,interventions,direct_user_support,normal,"[""adolescents"", ""young_adults"", ""adults"", ""older_adults""]","[""stress"", ""grounding"", ""acceptance"", ""self_compassion"", ""emotion_regulation""]",zh-CN,pending,522,"To learn this skill, it is useful to think about the sky. …the sky has room for it! …or freezing cold. And we can learn to be like the sky, and make room for the “bad weather” of our difficult thoughts and feelings without being hurt by it.",,
WHO_DWM_STRESS_2020_1abda7b4_00108_db257a8887d5,WHO_DWM_STRESS_2020,Doing What Matters in Times of Stress: An Illustrated Guide,interventions,direct_user_support,normal,"[""adolescents"", ""young_adults"", ""adults"", ""older_adults""]","[""stress"", ""grounding"", ""acceptance"", ""self_compassion"", ""emotion_regulation""]",zh-CN,pending,643,"Notice these thoughts and feelings with CURIOSITY . And imagine these thoughts and feelings are like the weather … And you are like the sky… …for the weather. Focus your attention on a difficult thought or feeling. NOTICE and NAME it, then ",,
WHO_DWM_STRESS_2020_1abda7b4_00109_1c24beae6eec,WHO_DWM_STRESS_2020,Doing What Matters in Times of Stress: An Illustrated Guide,interventions,direct_user_support,normal,"[""adolescents"", ""young_adults"", ""adults"", ""older_adults""]","[""stress"", ""grounding"", ""acceptance"", ""self_compassion"", ""emotion_regulation""]",zh-CN,pending,242,"Imagine this any way you like. Breathing in slowly… Opening up and making room for it… Breathing out, emptying your lungs… Breathing into and around your pain… Allowing it to be there… 66A 66B 66C 66D 66E 66F PAINFUL FEELING DIFFICULT THOUG",,
WHO_DWM_STRESS_2020_1abda7b4_00110_6bd6386712d3,WHO_DWM_STRESS_2020,Doing What Matters in Times of Stress: An Illustrated Guide,interventions,direct_user_support,normal,"[""adolescents"", ""young_adults"", ""adults"", ""older_adults""]","[""stress"", ""grounding"", ""acceptance"", ""self_compassion"", ""emotion_regulation""]",zh-CN,pending,579,Imagine it has a size and a shape and a colour and a temperature. And imagine breathing into and around this object – making room for it. …as words or pictures on the pages of a book. Notice your difficult thought… And it often helps to ima,,
WHO_DWM_STRESS_2020_1abda7b4_00111_a6b55c8570ac,WHO_DWM_STRESS_2020,Doing What Matters in Times of Stress: An Illustrated Guide,interventions,direct_user_support,normal,"[""adolescents"", ""young_adults"", ""adults"", ""older_adults""]","[""stress"", ""grounding"", ""acceptance"", ""self_compassion"", ""emotion_regulation""]",zh-CN,pending,326,"…and imagine it as words and pictures on the pages of a book. … and ENGAGE with the world around you. So the thought is still with you, but you can ENGAGE with the world around you. …and imagine it gently resting it on your lap… You can als",,
WHO_DWM_STRESS_2020_1abda7b4_00112_b0fff4deac55,WHO_DWM_STRESS_2020,Doing What Matters in Times of Stress: An Illustrated Guide,interventions,direct_user_support,normal,"[""adolescents"", ""young_adults"", ""adults"", ""older_adults""]","[""stress"", ""grounding"", ""acceptance"", ""self_compassion"", ""emotion_regulation""]",zh-CN,pending,570,"And after you MAKE ROOM, you then ENGAGE with the world around you. NOTICE where you are, who is with you, and give your full attention to the activity you are doing. Remember: it is like learning any new skill. So please go back and practi",,
WHO_DWM_STRESS_2020_1abda7b4_00113_0804c20674ab,WHO_DWM_STRESS_2020,Doing What Matters in Times of Stress: An Illustrated Guide,interventions,direct_user_support,normal,"[""adolescents"", ""young_adults"", ""adults"", ""older_adults""]","[""stress"", ""grounding"", ""acceptance"", ""self_compassion"", ""emotion_regulation""]",zh-CN,pending,436,"Especially if you are in bed and can’t sleep; you can combine MAKING ROOM with your breathing exercises. And remember: practise, practise, practise. 69A 69B 69C So now you have another tool for your toolkit. TOOL #5 MAKE ROOM FOR DIFFICULT ",,
WHO_DWM_STRESS_2020_1abda7b4_00114_61963a31dd12,WHO_DWM_STRESS_2020,Doing What Matters in Times of Stress: An Illustrated Guide,interventions,direct_user_support,normal,"[""adolescents"", ""young_adults"", ""adults"", ""older_adults""]","[""stress"", ""grounding"", ""acceptance"", ""self_compassion"", ""emotion_regulation""]",zh-CN,pending,402,"Notice its shape, size, and temperature … And whenever you get HOOKED and pulled out of the exercise … 70D 70E 70F …and notice with curiosity what happens. Your pain might get bigger or smaller; it might stay or it might go. Your aim is sim",,
WHO_DWM_STRESS_2020_1abda7b4_00115_6ddca7ebf178,WHO_DWM_STRESS_2020,Doing What Matters in Times of Stress: An Illustrated Guide,interventions,direct_user_support,normal,"[""adolescents"", ""young_adults"", ""adults"", ""older_adults""]","[""stress"", ""grounding"", ""acceptance"", ""self_compassion"", ""emotion_regulation""]",zh-CN,pending,550,An exercise in being kind to yourself and making room for your pain. So now we are nearing the end of the book. We have time for one last exercise. This is a good exercise to practise in bed or when you are alone. Take one of your hands and,,
WHO_DWM_STRESS_2020_1abda7b4_00116_d7a5f342a14d,WHO_DWM_STRESS_2020,Doing What Matters in Times of Stress: An Illustrated Guide,interventions,direct_user_support,normal,"[""adolescents"", ""young_adults"", ""adults"", ""older_adults""]","[""stress"", ""grounding"", ""acceptance"", ""self_compassion"", ""emotion_regulation""]",zh-CN,pending,496,"You can use two hands, if you prefer. Place a hand over the painful feeling. See if you can be kind to yourself by imagining you are breathing through your hand to this painful feeling. Hold yourself kindly… 72A 72B 72C 72D If you are in be",,
WHO_DWM_STRESS_2020_1abda7b4_00117_27fe24392654,WHO_DWM_STRESS_2020,Doing What Matters in Times of Stress: An Illustrated Guide,interventions,direct_user_support,normal,"[""adolescents"", ""young_adults"", ""adults"", ""older_adults""]","[""stress"", ""grounding"", ""acceptance"", ""self_compassion"", ""emotion_regulation""]",zh-CN,pending,324,"And the journey of 1000 miles begins with one step. Remember, too: it is like building muscles. The more you practise, the better. 73A 73B 73C 73D And every tiny step matters. A tiny seed grows into a mighty tree. And of course every time y",,
WHO_DWM_STRESS_2020_1abda7b4_00118_291303cd155e,WHO_DWM_STRESS_2020,Doing What Matters in Times of Stress: An Illustrated Guide,interventions,direct_user_support,normal,"[""adolescents"", ""young_adults"", ""adults"", ""older_adults""]","[""stress"", ""grounding"", ""acceptance"", ""self_compassion"", ""emotion_regulation""]",zh-CN,pending,217,Enjoy your ongoing journey! Try to practise and consider re-reading this book again to help you understand the ideas and skills even more. Thank you for your time and please share this book if you found it useful. 73E,,
WHO_DWM_STRESS_2020_1abda7b4_00119_5af3e24a80a7,WHO_DWM_STRESS_2020,Doing What Matters in Times of Stress: An Illustrated Guide,interventions,direct_user_support,normal,"[""adolescents"", ""young_adults"", ""adults"", ""older_adults""]","[""stress"", ""grounding"", ""acceptance"", ""self_compassion"", ""emotion_regulation""]",zh-CN,pending,746,"Tool 1: GROUNDING GROUND YOURSELF during emotional storms by NOTICING your thoughts and feelings, SLOWING DOWN and CONNECTING with your body by slowly pushing your feet into the floor, stretching and breathing, and then REFOCUSING and ENGAG",,
WHO_DWM_STRESS_2020_1abda7b4_00120_49f77c4ac21b,WHO_DWM_STRESS_2020,Doing What Matters in Times of Stress: An Illustrated Guide,interventions,direct_user_support,normal,"[""adolescents"", ""young_adults"", ""adults"", ""older_adults""]","[""stress"", ""grounding"", ""acceptance"", ""self_compassion"", ""emotion_regulation""]",zh-CN,pending,257,"If you practise during these times, you may find that boring activities become more enjoyable, and it will be easier to use grounding later in more difficult situations.  Y ou can download or listen to Grounding exercises of different leng",,
WHO_DWM_STRESS_2020_1abda7b4_00121_cce5f383dab1,WHO_DWM_STRESS_2020,Doing What Matters in Times of Stress: An Illustrated Guide,interventions,direct_user_support,normal,"[""adolescents"", ""young_adults"", ""adults"", ""older_adults""]","[""stress"", ""grounding"", ""acceptance"", ""self_compassion"", ""emotion_regulation""]",zh-CN,pending,689,"Tool 2: UNHOOKING UNHOOK YOURSELF with these three steps: 1) NOTICE that a difficult thought or feeling has hooked you. Realize that you are distracted by a difficult thought or feeling, and notice it with curiosity. 2) Then silently NAME t",,
WHO_DWM_STRESS_2020_1abda7b4_00122_7adcdbb0ff5c,WHO_DWM_STRESS_2020,Doing What Matters in Times of Stress: An Illustrated Guide,interventions,direct_user_support,normal,"[""adolescents"", ""young_adults"", ""adults"", ""older_adults""]","[""stress"", ""grounding"", ""acceptance"", ""self_compassion"", ""emotion_regulation""]",zh-CN,pending,621,Tool 3: ACTING ON YOUR VALUES Choose the values that are most important to you. For example: • being kind and caring • being helpful • being brave • being hardworking. You get to decide which values are most important to you! Then pick one ,,
WHO_DWM_STRESS_2020_1abda7b4_00123_74b34b7cbe1e,WHO_DWM_STRESS_2020,Doing What Matters in Times of Stress: An Illustrated Guide,interventions,direct_user_support,normal,"[""adolescents"", ""young_adults"", ""adults"", ""older_adults""]","[""stress"", ""grounding"", ""acceptance"", ""self_compassion"", ""emotion_regulation""]",zh-CN,pending,692,"Tool 4: BEING KIND BE KIND. Notice pain in yourself and others and respond with kindness. Unhook from unkind thoughts by NOTICING and NAMING them. Then, try speaking to yourself kindly. If you are kind to yourself you will have more energy ",,
WHO_DWM_STRESS_2020_1abda7b4_00124_334b810f8b45,WHO_DWM_STRESS_2020,Doing What Matters in Times of Stress: An Illustrated Guide,interventions,direct_user_support,normal,"[""adolescents"", ""young_adults"", ""adults"", ""older_adults""]","[""stress"", ""grounding"", ""acceptance"", ""self_compassion"", ""emotion_regulation""]",zh-CN,pending,804,"Tool 5: MAKING ROOM Trying to push away difficult thoughts and feelings often does not work very well. So instead, MAKE ROOM for them: 1) NOTICE the difficult thought or feeling with curiosity. Focus your attention on it. Imagine the painfu",,
WHO_DWM_STRESS_2020_1abda7b4_00125_e4d89cad1051,WHO_DWM_STRESS_2020,Doing What Matters in Times of Stress: An Illustrated Guide,interventions,direct_user_support,normal,"[""adolescents"", ""young_adults"", ""adults"", ""older_adults""]","[""stress"", ""grounding"", ""acceptance"", ""self_compassion"", ""emotion_regulation""]",zh-CN,pending,231,"If you are not fighting with the weather, then you will have more time and energy to engage with the world around you and do things that are important to you.  Y ou can download or listen to the Making Room exercises at this LINK.",,
WHO_DWM_STRESS_2020_1abda7b4_00126_0e9bc247128f,WHO_DWM_STRESS_2020,Doing What Matters in Times of Stress: An Illustrated Guide,interventions,direct_user_support,normal,"[""adolescents"", ""young_adults"", ""adults"", ""older_adults""]","[""stress"", ""grounding"", ""acceptance"", ""self_compassion"", ""emotion_regulation""]",zh-CN,pending,463,"Doing What Matters in Times of Stress: An Illustrated Guide If you are experiencing stress, this guide is for you. The guide contains information and practical skills to help you cope. Even in the face of tremendous adversity, you can find ",,
WHO_DWM_STRESS_2020_f5c22ee6_00000_987c61c07426,WHO_DWM_STRESS_2020,Doing What Matters in Times of Stress: An Illustrated Guide,interventions,direct_user_support,normal,"[""adolescents"", ""young_adults"", ""adults"", ""older_adults""]","[""stress"", ""grounding"", ""acceptance"", ""self_compassion"", ""emotion_regulation""]",zh-CN,pending,37,Doing What Matters in Times of Stress,,
WHO_DWM_STRESS_2020_f5c22ee6_00001_e53269187c57,WHO_DWM_STRESS_2020,Doing What Matters in Times of Stress: An Illustrated Guide,interventions,direct_user_support,normal,"[""adolescents"", ""young_adults"", ""adults"", ""older_adults""]","[""stress"", ""grounding"", ""acceptance"", ""self_compassion"", ""emotion_regulation""]",zh-CN,pending,488,Doing What Matters in Times of Stress: An Illustrated Guide is a stress management guide for coping with adversity. The guide aims to equip people with practical skills to help cope with stress. A few minutes each day are enough to practice,,
WHO_DWM_STRESS_2020_f5c22ee6_00002_1b8006b69185,WHO_DWM_STRESS_2020,Doing What Matters in Times of Stress: An Illustrated Guide,interventions,direct_user_support,normal,"[""adolescents"", ""young_adults"", ""adults"", ""older_adults""]","[""stress"", ""grounding"", ""acceptance"", ""self_compassion"", ""emotion_regulation""]",zh-CN,pending,79,Audio exercises (please refer to the Guide for information on how to use these),,
WHO_DWM_STRESS_2020_f5c22ee6_00003_acb64263be36,WHO_DWM_STRESS_2020,Doing What Matters in Times of Stress: An Illustrated Guide,interventions,direct_user_support,normal,"[""adolescents"", ""young_adults"", ""adults"", ""older_adults""]","[""stress"", ""grounding"", ""acceptance"", ""self_compassion"", ""emotion_regulation""]",zh-CN,pending,47,https://who.canto.global/b/KCTU3  Arabic - Juba,,
WHO_DWM_STRESS_2020_f5c22ee6_00004_80fe9fe1a4f6,WHO_DWM_STRESS_2020,Doing What Matters in Times of Stress: An Illustrated Guide,interventions,direct_user_support,normal,"[""adolescents"", ""young_adults"", ""adults"", ""older_adults""]","[""stress"", ""grounding"", ""acceptance"", ""self_compassion"", ""emotion_regulation""]",zh-CN,pending,32,https://who.canto.global/b/VH6TI,,
WHO_DWM_STRESS_2020_f5c22ee6_00005_f0f597fb624c,WHO_DWM_STRESS_2020,Doing What Matters in Times of Stress: An Illustrated Guide,interventions,direct_user_support,normal,"[""adolescents"", ""young_adults"", ""adults"", ""older_adults""]","[""stress"", ""grounding"", ""acceptance"", ""self_compassion"", ""emotion_regulation""]",zh-CN,pending,32,https://who.canto.global/b/OVE24,,
WHO_DWM_STRESS_2020_f5c22ee6_00006_e4e1daa74508,WHO_DWM_STRESS_2020,Doing What Matters in Times of Stress: An Illustrated Guide,interventions,direct_user_support,normal,"[""adolescents"", ""young_adults"", ""adults"", ""older_adults""]","[""stress"", ""grounding"", ""acceptance"", ""self_compassion"", ""emotion_regulation""]",zh-CN,pending,89,https://who.canto.global/b/UQ8KS  Chinese - Traditional  https://who.canto.global/b/HR4QL,,
WHO_DWM_STRESS_2020_f5c22ee6_00007_15d95b558827,WHO_DWM_STRESS_2020,Doing What Matters in Times of Stress: An Illustrated Guide,interventions,direct_user_support,normal,"[""adolescents"", ""young_adults"", ""adults"", ""older_adults""]","[""stress"", ""grounding"", ""acceptance"", ""self_compassion"", ""emotion_regulation""]",zh-CN,pending,32,https://who.canto.global/b/HFEQ9,,
WHO_DWM_STRESS_2020_f5c22ee6_00008_84992db84aad,WHO_DWM_STRESS_2020,Doing What Matters in Times of Stress: An Illustrated Guide,interventions,direct_user_support,normal,"[""adolescents"", ""young_adults"", ""adults"", ""older_adults""]","[""stress"", ""grounding"", ""acceptance"", ""self_compassion"", ""emotion_regulation""]",zh-CN,pending,116,https://who.canto.global/b/UCG20  English (adapted for the Caribbean)  English (with images adapted for South Sudan),,
WHO_DWM_STRESS_2020_f5c22ee6_00009_bac870446cff,WHO_DWM_STRESS_2020,Doing What Matters in Times of Stress: An Illustrated Guide,interventions,direct_user_support,normal,"[""adolescents"", ""young_adults"", ""adults"", ""older_adults""]","[""stress"", ""grounding"", ""acceptance"", ""self_compassion"", ""emotion_regulation""]",zh-CN,pending,32,https://who.canto.global/b/Q3UT3,,
WHO_DWM_STRESS_2020_f5c22ee6_00010_a1f0c8107e3e,WHO_DWM_STRESS_2020,Doing What Matters in Times of Stress: An Illustrated Guide,interventions,direct_user_support,normal,"[""adolescents"", ""young_adults"", ""adults"", ""older_adults""]","[""stress"", ""grounding"", ""acceptance"", ""self_compassion"", ""emotion_regulation""]",zh-CN,pending,32,https://who.canto.global/b/QKVJ5,,
WHO_DWM_STRESS_2020_f5c22ee6_00011_8c84d2c24263,WHO_DWM_STRESS_2020,Doing What Matters in Times of Stress: An Illustrated Guide,interventions,direct_user_support,normal,"[""adolescents"", ""young_adults"", ""adults"", ""older_adults""]","[""stress"", ""grounding"", ""acceptance"", ""self_compassion"", ""emotion_regulation""]",zh-CN,pending,32,https://who.canto.global/b/LDH6A,,
WHO_DWM_STRESS_2020_f5c22ee6_00012_bb47f4ea6661,WHO_DWM_STRESS_2020,Doing What Matters in Times of Stress: An Illustrated Guide,interventions,direct_user_support,normal,"[""adolescents"", ""young_adults"", ""adults"", ""older_adults""]","[""stress"", ""grounding"", ""acceptance"", ""self_compassion"", ""emotion_regulation""]",zh-CN,pending,32,https://who.canto.global/b/N32NB,,
WHO_DWM_STRESS_2020_f5c22ee6_00013_8ec26d36719a,WHO_DWM_STRESS_2020,Doing What Matters in Times of Stress: An Illustrated Guide,interventions,direct_user_support,normal,"[""adolescents"", ""young_adults"", ""adults"", ""older_adults""]","[""stress"", ""grounding"", ""acceptance"", ""self_compassion"", ""emotion_regulation""]",zh-CN,pending,32,https://who.canto.global/b/JCOO2,,
WHO_DWM_STRESS_2020_f5c22ee6_00014_b6b8beaf366f,WHO_DWM_STRESS_2020,Doing What Matters in Times of Stress: An Illustrated Guide,interventions,direct_user_support,normal,"[""adolescents"", ""young_adults"", ""adults"", ""older_adults""]","[""stress"", ""grounding"", ""acceptance"", ""self_compassion"", ""emotion_regulation""]",zh-CN,pending,32,https://who.canto.global/b/H2AH3,,
WHO_DWM_STRESS_2020_f5c22ee6_00015_6a0e02dba34f,WHO_DWM_STRESS_2020,Doing What Matters in Times of Stress: An Illustrated Guide,interventions,direct_user_support,normal,"[""adolescents"", ""young_adults"", ""adults"", ""older_adults""]","[""stress"", ""grounding"", ""acceptance"", ""self_compassion"", ""emotion_regulation""]",zh-CN,pending,32,https://who.canto.global/b/SDSQ5,,
WHO_DWM_STRESS_2020_f5c22ee6_00016_2d675403ca86,WHO_DWM_STRESS_2020,Doing What Matters in Times of Stress: An Illustrated Guide,interventions,direct_user_support,normal,"[""adolescents"", ""young_adults"", ""adults"", ""older_adults""]","[""stress"", ""grounding"", ""acceptance"", ""self_compassion"", ""emotion_regulation""]",zh-CN,pending,32,https://who.canto.global/b/RLIRC,,
WHO_DWM_STRESS_2020_f5c22ee6_00017_cac1510613e2,WHO_DWM_STRESS_2020,Doing What Matters in Times of Stress: An Illustrated Guide,interventions,direct_user_support,normal,"[""adolescents"", ""young_adults"", ""adults"", ""older_adults""]","[""stress"", ""grounding"", ""acceptance"", ""self_compassion"", ""emotion_regulation""]",zh-CN,pending,32,https://who.canto.global/b/N6AQH,,
WHO_DWM_STRESS_2020_f5c22ee6_00018_037434472967,WHO_DWM_STRESS_2020,Doing What Matters in Times of Stress: An Illustrated Guide,interventions,direct_user_support,normal,"[""adolescents"", ""young_adults"", ""adults"", ""older_adults""]","[""stress"", ""grounding"", ""acceptance"", ""self_compassion"", ""emotion_regulation""]",zh-CN,pending,65,Portuguese (adapted for Brazil)  https://who.canto.global/b/GGGJ3,,
WHO_DWM_STRESS_2020_f5c22ee6_00019_63641555cc97,WHO_DWM_STRESS_2020,Doing What Matters in Times of Stress: An Illustrated Guide,interventions,direct_user_support,normal,"[""adolescents"", ""young_adults"", ""adults"", ""older_adults""]","[""stress"", ""grounding"", ""acceptance"", ""self_compassion"", ""emotion_regulation""]",zh-CN,pending,32,https://who.canto.global/b/PD0KD,,
WHO_DWM_STRESS_2020_f5c22ee6_00020_100d38fceef7,WHO_DWM_STRESS_2020,Doing What Matters in Times of Stress: An Illustrated Guide,interventions,direct_user_support,normal,"[""adolescents"", ""young_adults"", ""adults"", ""older_adults""]","[""stress"", ""grounding"", ""acceptance"", ""self_compassion"", ""emotion_regulation""]",zh-CN,pending,32,https://who.canto.global/b/LKMT4,,
WHO_DWM_STRESS_2020_f5c22ee6_00021_16705ed83966,WHO_DWM_STRESS_2020,Doing What Matters in Times of Stress: An Illustrated Guide,interventions,direct_user_support,normal,"[""adolescents"", ""young_adults"", ""adults"", ""older_adults""]","[""stress"", ""grounding"", ""acceptance"", ""self_compassion"", ""emotion_regulation""]",zh-CN,pending,32,https://who.canto.global/b/GU95V,,
WHO_DWM_STRESS_2020_f5c22ee6_00022_9109246a5535,WHO_DWM_STRESS_2020,Doing What Matters in Times of Stress: An Illustrated Guide,interventions,direct_user_support,normal,"[""adolescents"", ""young_adults"", ""adults"", ""older_adults""]","[""stress"", ""grounding"", ""acceptance"", ""self_compassion"", ""emotion_regulation""]",zh-CN,pending,32,https://who.canto.global/b/LQ3N2,,
WHO_DWM_STRESS_2020_f5c22ee6_00023_fd888d8160d9,WHO_DWM_STRESS_2020,Doing What Matters in Times of Stress: An Illustrated Guide,interventions,direct_user_support,normal,"[""adolescents"", ""young_adults"", ""adults"", ""older_adults""]","[""stress"", ""grounding"", ""acceptance"", ""self_compassion"", ""emotion_regulation""]",zh-CN,pending,32,https://who.canto.global/b/S7VEH,,
WHO_DWM_STRESS_2020_f5c22ee6_00024_df3a124d646f,WHO_DWM_STRESS_2020,Doing What Matters in Times of Stress: An Illustrated Guide,interventions,direct_user_support,normal,"[""adolescents"", ""young_adults"", ""adults"", ""older_adults""]","[""stress"", ""grounding"", ""acceptance"", ""self_compassion"", ""emotion_regulation""]",zh-CN,pending,32,https://who.canto.global/b/L3M72,,
WHO_LIVE_LIFE_2021_8e6e10f8_00000_644e42e678eb,WHO_LIVE_LIFE_2021,LIVE LIFE: an implementation guide for suicide prevention in countries,safety,safety_only,safety_route_only,"[""adolescents"", ""adults"", ""older_adults""]","[""self_harm"", ""suicidal_thoughts"", ""acute_crisis"", ""referral_guidance""]",zh-CN,pending,130,AN IMPLEMENTATION GUIDE FOR SUICIDE PREVENTION IN COUNTRIES  LIVE LIFE An implementation guide for suicide prevention in countries,,
WHO_LIVE_LIFE_2021_8e6e10f8_00001_7d9fc061dcf9,WHO_LIVE_LIFE_2021,LIVE LIFE: an implementation guide for suicide prevention in countries,safety,safety_only,safety_route_only,"[""adolescents"", ""adults"", ""older_adults""]","[""self_harm"", ""suicidal_thoughts"", ""acute_crisis"", ""referral_guidance""]",zh-CN,pending,834,Live life: an implementation guide for suicide prevention in countries ISBN 978-92-4-002662-9 (electronic version) ISBN 978-92-4-002663-6 (print version) © World Health Organization 2021 Some rights reserved. This work is available under th,,
WHO_LIVE_LIFE_2021_8e6e10f8_00002_7da9e8de4c33,WHO_LIVE_LIFE_2021,LIVE LIFE: an implementation guide for suicide prevention in countries,safety,safety_only,safety_route_only,"[""adolescents"", ""adults"", ""older_adults""]","[""self_harm"", ""suicidal_thoughts"", ""acute_crisis"", ""referral_guidance""]",zh-CN,pending,900,"If you create a translation of this work, you should add the following disclaimer along with the suggested citation: “This translation was not created by the World Health Organization (WHO). WHO is not responsible for the content or accurac",,
WHO_LIVE_LIFE_2021_8e6e10f8_00003_2c6e58d8e3e1,WHO_LIVE_LIFE_2021,LIVE LIFE: an implementation guide for suicide prevention in countries,safety,safety_only,safety_route_only,"[""adolescents"", ""adults"", ""older_adults""]","[""self_harm"", ""suicidal_thoughts"", ""acute_crisis"", ""referral_guidance""]",zh-CN,pending,843,"To submit requests for commercial use and queries on rights and licensing, see http://www.who.int/about/licensing. Third-party materials. If you wish to reuse material from this work that is attributed to a third party, such as tables, figu",,
WHO_LIVE_LIFE_2021_8e6e10f8_00004_9959f6faf102,WHO_LIVE_LIFE_2021,LIVE LIFE: an implementation guide for suicide prevention in countries,safety,safety_only,safety_route_only,"[""adolescents"", ""adults"", ""older_adults""]","[""self_harm"", ""suicidal_thoughts"", ""acute_crisis"", ""referral_guidance""]",zh-CN,pending,797,Dotted and dashed lines on maps represent approximate border lines for which there may not yet be full agreement. The mention of specific companies or of certain manufacturers’ products does not imply that they are endorsed or recommended b,,
WHO_LIVE_LIFE_2021_8e6e10f8_00005_f9240285a20a,WHO_LIVE_LIFE_2021,LIVE LIFE: an implementation guide for suicide prevention in countries,safety,safety_only,safety_route_only,"[""adolescents"", ""adults"", ""older_adults""]","[""self_harm"", ""suicidal_thoughts"", ""acute_crisis"", ""referral_guidance""]",zh-CN,pending,236,"Credit for cover photos (in this order): WHO/Anna Karia, WHO/ Tom Pietrasik, WHO/Heehaw, WHO/Tom Pietrasik, WHO/Lianne Gutcher, WHO/Lianne Gutcher, WHO/Anna Kari and WHO/ Sergey Volkov Graphic design and layout: Kellie Hopley Design Ltd",,
WHO_LIVE_LIFE_2021_8e6e10f8_00006_87f04c81b0eb,WHO_LIVE_LIFE_2021,LIVE LIFE: an implementation guide for suicide prevention in countries,safety,safety_only,safety_route_only,"[""adolescents"", ""adults"", ""older_adults""]","[""self_harm"", ""suicidal_thoughts"", ""acute_crisis"", ""referral_guidance""]",zh-CN,pending,819,LIVE LIFE | iii CONTENTS Index of boxes iv Foreword vii Acknowledgements viii Executive summary x Introduction 1 PART A. LIVE LIFE CORE PILLARS 6 Situation analysis 7 Multisectoral collaboration 13 Awareness-raising and advocacy 25 Capacity,,
WHO_LIVE_LIFE_2021_8e6e10f8_00007_eb8b83d5f72d,WHO_LIVE_LIFE_2021,LIVE LIFE: an implementation guide for suicide prevention in countries,safety,safety_only,safety_route_only,"[""adolescents"", ""adults"", ""older_adults""]","[""self_harm"", ""suicidal_thoughts"", ""acute_crisis"", ""referral_guidance""]",zh-CN,pending,855,"iv | LIVE LIFE INDEX OF BOXES Box 1. Forming a Steering Committee and working groups 3 Box 2. Suicide prevention in emergencies 4 Box 3. A situation analysis of suicide prevention, Czechia 10 Box 4. National suicide study, Namibia 11 Box 5.",,
WHO_LIVE_LIFE_2021_8e6e10f8_00008_12c31fc00f71,WHO_LIVE_LIFE_2021,LIVE LIFE: an implementation guide for suicide prevention in countries,safety,safety_only,safety_route_only,"[""adolescents"", ""adults"", ""older_adults""]","[""self_harm"", ""suicidal_thoughts"", ""acute_crisis"", ""referral_guidance""]",zh-CN,pending,880,"Presidential task force for suicide prevention, Sri Lanka 23 Box 15. Raising awareness creates demand for services, Kenya 26 Box 16. National suicide awareness month, Japan 26 Box 17. See Me – addressing stigma, Scotland 27 Box 18. Determin",,
WHO_LIVE_LIFE_2021_8e6e10f8_00009_6c3663e520a8,WHO_LIVE_LIFE_2021,LIVE LIFE: an implementation guide for suicide prevention in countries,safety,safety_only,safety_route_only,"[""adolescents"", ""adults"", ""older_adults""]","[""self_harm"", ""suicidal_thoughts"", ""acute_crisis"", ""referral_guidance""]",zh-CN,pending,217,"The self-harm and suicide registration system, Islamic Republic of Iran 50 Box 30. Surveillance, White Mountain Apache Tribe, USA 51 Box 31. Monitoring and evaluating a national suicide prevention strategy, Ireland 55",,
WHO_LIVE_LIFE_2021_8e6e10f8_00010_bc8b4a2e0d46,WHO_LIVE_LIFE_2021,LIVE LIFE: an implementation guide for suicide prevention in countries,safety,safety_only,safety_route_only,"[""adolescents"", ""adults"", ""older_adults""]","[""self_harm"", ""suicidal_thoughts"", ""acute_crisis"", ""referral_guidance""]",zh-CN,pending,890,"LIVE LIFE | v Box 32. Ban on highly hazardous pesticides, Sri Lanka 59 Box 33. A story of success, Republic of Korea 62 Box 34. Media monitoring, Lithuania 64 Box 35. The Papageno-Media Prize, Austria 66 Box 36. Successes and challenges in ",,
WHO_LIVE_LIFE_2021_8e6e10f8_00011_22ca5732d72a,WHO_LIVE_LIFE_2021,LIVE LIFE: an implementation guide for suicide prevention in countries,safety,safety_only,safety_route_only,"[""adolescents"", ""adults"", ""older_adults""]","[""self_harm"", ""suicidal_thoughts"", ""acute_crisis"", ""referral_guidance""]",zh-CN,pending,854,"The national study of suicide, Iraq 83 Box 46. Situation analysis, Syrian Arab Republic 84 Box 47. An example of bottom-up multisectoral collaboration, Brazil 85 Box 48. Multisectoral collaboration, Canada 86 Box 49. Alcohol policy and legi",,
WHO_LIVE_LIFE_2021_8e6e10f8_00012_481e7457c718,WHO_LIVE_LIFE_2021,LIVE LIFE: an implementation guide for suicide prevention in countries,safety,safety_only,safety_route_only,"[""adolescents"", ""adults"", ""older_adults""]","[""self_harm"", ""suicidal_thoughts"", ""acute_crisis"", ""referral_guidance""]",zh-CN,pending,367,"Community gatekeeper training project, Canada 93 Box 58. Capacity-building, Islamic Republic of Iran 93 Box 59. IOM Mental Health and Psychosocial Support Programme: suicide prevention and response, Iraq 94 Box 60. Gatekeeper training evalu",,
WHO_LIVE_LIFE_2021_8e6e10f8_00013_bd7c77f4d3e6,WHO_LIVE_LIFE_2021,LIVE LIFE: an implementation guide for suicide prevention in countries,safety,safety_only,safety_route_only,"[""adolescents"", ""adults"", ""older_adults""]","[""self_harm"", ""suicidal_thoughts"", ""acute_crisis"", ""referral_guidance""]",zh-CN,pending,791,"vi | LIVE LIFE Box 63. Surveillance of intentional injuries, Brazil 96 Box 64. Observatory of Suicidal Behaviour, Central America and the Dominican Republic 97 Box 65. The Aga Khan University Hospital Self-Harm Monitoring System (AKUH-SHMS)",,
WHO_LIVE_LIFE_2021_8e6e10f8_00014_17746baa7a22,WHO_LIVE_LIFE_2021,LIVE LIFE: an implementation guide for suicide prevention in countries,safety,safety_only,safety_route_only,"[""adolescents"", ""adults"", ""older_adults""]","[""self_harm"", ""suicidal_thoughts"", ""acute_crisis"", ""referral_guidance""]",zh-CN,pending,691,"LIVE LIFE | vii Any death by suicide is a deeply sad occasion. It is extremely painful for close family members and friends left behind who cannot understand why it happened. Inevitably, their sadness is multiplied as they ask themselves wh",,
WHO_LIVE_LIFE_2021_8e6e10f8_00015_bb03e6fce8bf,WHO_LIVE_LIFE_2021,LIVE LIFE: an implementation guide for suicide prevention in countries,safety,safety_only,safety_route_only,"[""adolescents"", ""adults"", ""older_adults""]","[""self_harm"", ""suicidal_thoughts"", ""acute_crisis"", ""referral_guidance""]",zh-CN,pending,852,The targets of the United Nations Sustainable Development Goals and the World Health Organization’s Mental Health Action Plan for reducing the global suicide mortality rate will not be achieved unless we transform our efforts to implement e,,
WHO_LIVE_LIFE_2021_8e6e10f8_00016_bf51919594b0,WHO_LIVE_LIFE_2021,LIVE LIFE: an implementation guide for suicide prevention in countries,safety,safety_only,safety_route_only,"[""adolescents"", ""adults"", ""older_adults""]","[""self_harm"", ""suicidal_thoughts"", ""acute_crisis"", ""referral_guidance""]",zh-CN,pending,849,"LIVE LIFE recognizes the role that both governments and communities play in implementing actions for suicide prevention. Currently, 38 countries are known to have a national suicide prevention strategy. While a funded national suicide preve",,
WHO_LIVE_LIFE_2021_8e6e10f8_00017_a74c30636898,WHO_LIVE_LIFE_2021,LIVE LIFE: an implementation guide for suicide prevention in countries,safety,safety_only,safety_route_only,"[""adolescents"", ""adults"", ""older_adults""]","[""self_harm"", ""suicidal_thoughts"", ""acute_crisis"", ""referral_guidance""]",zh-CN,pending,288,"Each of us has a role to play, watching out for our friends, families and colleagues and offering them our support when we think they might need it. It can make all the difference. Dr Tedros Adhanom Ghebreyesus Director-General World Health",,
WHO_LIVE_LIFE_2021_8e6e10f8_00018_4b1118f4bb3a,WHO_LIVE_LIFE_2021,LIVE LIFE: an implementation guide for suicide prevention in countries,safety,safety_only,safety_route_only,"[""adolescents"", ""adults"", ""older_adults""]","[""self_harm"", ""suicidal_thoughts"", ""acute_crisis"", ""referral_guidance""]",zh-CN,pending,108,"viii | LIVE LIFE ACKNOWLEDGEMENTS CONCEPTUALIZATION AND GUIDANCE Dévora Kestel (WHO), Mark van Ommeren (WHO)",,
WHO_LIVE_LIFE_2021_8e6e10f8_00019_87cba85ed17e,WHO_LIVE_LIFE_2021,LIVE LIFE: an implementation guide for suicide prevention in countries,safety,safety_only,safety_route_only,"[""adolescents"", ""adults"", ""older_adults""]","[""self_harm"", ""suicidal_thoughts"", ""acute_crisis"", ""referral_guidance""]",zh-CN,pending,2646,"PROJECT COORDINATION AND EDITING Alexandra Fleischmann (WHO), Aiysha Malik (WHO), Amrita Parekh (India), Hannah Wilson (United Kingdom) TECHNICAL CONTRIBUTION AND/OR REVIEW1 International contributors and reviewers Sabah Abdulrahman (Iraq),",,
WHO_LIVE_LIFE_2021_8e6e10f8_00020_0a3800b051b3,WHO_LIVE_LIFE_2021,LIVE LIFE: an implementation guide for suicide prevention in countries,safety,safety_only,safety_route_only,"[""adolescents"", ""adults"", ""older_adults""]","[""self_harm"", ""suicidal_thoughts"", ""acute_crisis"", ""referral_guidance""]",zh-CN,pending,975,"Participants of meetings to develop and finalize the guide Helal Uddin Ahmed (Bangladesh), Ella Arensman (Ireland), Phanindra Prasad Baral (Nepal), Karline Brathwaite (Trinidad and Tobago), Vladimir Carli (Sweden), Lai Fong Chan (Malaysia),",,
WHO_LIVE_LIFE_2021_8e6e10f8_00021_6956e07e6d35,WHO_LIVE_LIFE_2021,LIVE LIFE: an implementation guide for suicide prevention in countries,safety,safety_only,safety_route_only,"[""adolescents"", ""adults"", ""older_adults""]","[""self_harm"", ""suicidal_thoughts"", ""acute_crisis"", ""referral_guidance""]",zh-CN,pending,624,"WHO Headquarters Richard Brown, Kenneth Carswell, Batool Fatima, Michelle Funk, Brandon Gray, Fahmy Hanna, Brian Ogallo, Alison Schafer, Chiara Servili, Inka Weissbecker. WHO Regional offices Florence Baingana, WHO Regional Office for Afric",,
WHO_LIVE_LIFE_2021_8e6e10f8_00022_e3d32516fe62,WHO_LIVE_LIFE_2021,LIVE LIFE: an implementation guide for suicide prevention in countries,safety,safety_only,safety_route_only,"[""adolescents"", ""adults"", ""older_adults""]","[""self_harm"", ""suicidal_thoughts"", ""acute_crisis"", ""referral_guidance""]",zh-CN,pending,328,"1 The LIVE LIFE implementation guide was developed through a consultative process in which technical and country experts, implementers and people with lived experience from all WHO regions contributed to a survey and interview process prior",,
WHO_LIVE_LIFE_2021_8e6e10f8_00023_cac3607046fd,WHO_LIVE_LIFE_2021,LIVE LIFE: an implementation guide for suicide prevention in countries,safety,safety_only,safety_route_only,"[""adolescents"", ""adults"", ""older_adults""]","[""self_harm"", ""suicidal_thoughts"", ""acute_crisis"", ""referral_guidance""]",zh-CN,pending,610,"LIVE LIFE | ix WHO Country offices Catarina Dahl, WHO Country Office Brazil; Jennifer Hall, WHO Country Office Fiji; Edwina Zoghbi, WHO Country Office Lebanon; Bolormaa Sukhbaatar, WHO Country Office Mongolia; Kedar Marahatta, WHO Country O",,
WHO_LIVE_LIFE_2021_8e6e10f8_00024_3b2ee2da71b1,WHO_LIVE_LIFE_2021,LIVE LIFE: an implementation guide for suicide prevention in countries,safety,safety_only,safety_route_only,"[""adolescents"", ""adults"", ""older_adults""]","[""self_harm"", ""suicidal_thoughts"", ""acute_crisis"", ""referral_guidance""]",zh-CN,pending,671,"Administrative support Ophel Riano (WHO), Evelyn Finger (WHO), Zahiri Malik (WHO) Production team Editing: David Bramley, Switzerland WHO would like to thank the following for their financial contributions: • Government of Japan; • Korean S",,
WHO_LIVE_LIFE_2021_8e6e10f8_00025_d3f3ad12f964,WHO_LIVE_LIFE_2021,LIVE LIFE: an implementation guide for suicide prevention in countries,safety,safety_only,safety_route_only,"[""adolescents"", ""adults"", ""older_adults""]","[""self_harm"", ""suicidal_thoughts"", ""acute_crisis"", ""referral_guidance""]",zh-CN,pending,885,x | LIVE LIFE Over 700 000 people lose their life to suicide every year. Reducing the global suicide mortality rate by one third by 2030 is both an indicator and a target (the only one for mental health) in the United Nations Sustainable De,,
WHO_LIVE_LIFE_2021_8e6e10f8_00026_157facd2e0bd,WHO_LIVE_LIFE_2021,LIVE LIFE: an implementation guide for suicide prevention in countries,safety,safety_only,safety_route_only,"[""adolescents"", ""adults"", ""older_adults""]","[""self_harm"", ""suicidal_thoughts"", ""acute_crisis"", ""referral_guidance""]",zh-CN,pending,757,"PART A. LIVE LIFE CORE PILLARS The core pillars of LIVE LIFE are as follows: • Situation analysis • Multisectoral collaboration • Awareness-raising and advocacy • Capacity-building • Financing • Surveillance, monitoring and evaluation. Part",,
WHO_LIVE_LIFE_2021_8e6e10f8_00027_07957aac4c50,WHO_LIVE_LIFE_2021,LIVE LIFE: an implementation guide for suicide prevention in countries,safety,safety_only,safety_route_only,"[""adolescents"", ""adults"", ""older_adults""]","[""self_harm"", ""suicidal_thoughts"", ""acute_crisis"", ""referral_guidance""]",zh-CN,pending,789,"The analysis can be carried out nationally, regionally or locally and should be conducted at the start of suicide prevention efforts by a dedicated working group of specialists, stakeholders and persons with lived experience of suicide. The",,
WHO_LIVE_LIFE_2021_8e6e10f8_00028_b2598c819f55,WHO_LIVE_LIFE_2021,LIVE LIFE: an implementation guide for suicide prevention in countries,safety,safety_only,safety_route_only,"[""adolescents"", ""adults"", ""older_adults""]","[""self_harm"", ""suicidal_thoughts"", ""acute_crisis"", ""referral_guidance""]",zh-CN,pending,833,"A whole-of-government or whole-of-society approach works across government sectors or departments and includes nongovernmental and community groups. Under the leadership of government, this approach facilitates knowledge-sharing, exchange o",,
WHO_LIVE_LIFE_2021_8e6e10f8_00029_da14843d9dd8,WHO_LIVE_LIFE_2021,LIVE LIFE: an implementation guide for suicide prevention in countries,safety,safety_only,safety_route_only,"[""adolescents"", ""adults"", ""older_adults""]","[""self_harm"", ""suicidal_thoughts"", ""acute_crisis"", ""referral_guidance""]",zh-CN,pending,796,Awareness-raising and advocacy depend on an organized process of communication that targets a public audience. Awareness-raising draws people’s attention to facts such as suicide is a serious public health issue. Advocacy aims to bring abou,,
WHO_LIVE_LIFE_2021_8e6e10f8_00030_4c3b213e9ff6,WHO_LIVE_LIFE_2021,LIVE LIFE: an implementation guide for suicide prevention in countries,safety,safety_only,safety_route_only,"[""adolescents"", ""adults"", ""older_adults""]","[""self_harm"", ""suicidal_thoughts"", ""acute_crisis"", ""referral_guidance""]",zh-CN,pending,468,"Initiatives should have a clear focus and a call to action, such as linking people with support services rather than addressing suicide in general. Capacity-building can be coordinated at the national level or conducted in the community. Ca",,
WHO_LIVE_LIFE_2021_8e6e10f8_00031_642ac859b479,WHO_LIVE_LIFE_2021,LIVE LIFE: an implementation guide for suicide prevention in countries,safety,safety_only,safety_route_only,"[""adolescents"", ""adults"", ""older_adults""]","[""self_harm"", ""suicidal_thoughts"", ""acute_crisis"", ""referral_guidance""]",zh-CN,pending,869,"LIVE LIFE | xi It may be directed to health workers, emergency service staff, teachers and youth workers, and others such as hairdressers or bartenders who often chat with their clients. For non-specialized health workers and community heal",,
WHO_LIVE_LIFE_2021_8e6e10f8_00032_48a82958ff51,WHO_LIVE_LIFE_2021,LIVE LIFE: an implementation guide for suicide prevention in countries,safety,safety_only,safety_route_only,"[""adolescents"", ""adults"", ""older_adults""]","[""self_harm"", ""suicidal_thoughts"", ""acute_crisis"", ""referral_guidance""]",zh-CN,pending,690,"Requests for funds should include a focus on the development and implementation of policies, strategies and plans, and not only on development of services. The guide gives advice on how to approach fundraising for suicide prevention, noting",,
WHO_LIVE_LIFE_2021_8e6e10f8_00033_74cc3cec2d3b,WHO_LIVE_LIFE_2021,LIVE LIFE: an implementation guide for suicide prevention in countries,safety,safety_only,safety_route_only,"[""adolescents"", ""adults"", ""older_adults""]","[""self_harm"", ""suicidal_thoughts"", ""acute_crisis"", ""referral_guidance""]",zh-CN,pending,751,"Data sources such as civil registration and vital statistics, health and police records, verbal autopsies and population-based surveys are highlighted, though much depends on how much suicide and self-harm surveillance has been done before.",,
WHO_LIVE_LIFE_2021_8e6e10f8_00034_624fc6b218e8,WHO_LIVE_LIFE_2021,LIVE LIFE: an implementation guide for suicide prevention in countries,safety,safety_only,safety_route_only,"[""adolescents"", ""adults"", ""older_adults""]","[""self_harm"", ""suicidal_thoughts"", ""acute_crisis"", ""referral_guidance""]",zh-CN,pending,661,Detecting changes in suicide rates is challenging but is necessary to assess whether LIVE LIFE is achieving its intended result of reducing suicide and self-harm. Monitoring and evaluation are likely to require a specialized team (including,,
WHO_LIVE_LIFE_2021_8e6e10f8_00035_c71588d776c3,WHO_LIVE_LIFE_2021,LIVE LIFE: an implementation guide for suicide prevention in countries,safety,safety_only,safety_route_only,"[""adolescents"", ""adults"", ""older_adults""]","[""self_harm"", ""suicidal_thoughts"", ""acute_crisis"", ""referral_guidance""]",zh-CN,pending,876,LIVE LIFE: KEY EFFECTIVE INTERVENTIONS FOR SUICIDE PREVENTION The interventions described in the guide are: • Limit access to the means of suicide • Interact with the media for responsible reporting of suicide • Foster socio-emotional life ,,
WHO_LIVE_LIFE_2021_8e6e10f8_00036_25cde61bc33d,WHO_LIVE_LIFE_2021,LIVE LIFE: an implementation guide for suicide prevention in countries,safety,safety_only,safety_route_only,"[""adolescents"", ""adults"", ""older_adults""]","[""self_harm"", ""suicidal_thoughts"", ""acute_crisis"", ""referral_guidance""]",zh-CN,pending,846,"Most people who engage in suicidal behaviour experience ambivalence about living or dying, and many suicides are a response to acute stressors. Making lethal means of suicide less easily available gives persons in distress time for acute cr",,
WHO_LIVE_LIFE_2021_8e6e10f8_00037_0bb32b3e7021,WHO_LIVE_LIFE_2021,LIVE LIFE: an implementation guide for suicide prevention in countries,safety,safety_only,safety_route_only,"[""adolescents"", ""adults"", ""older_adults""]","[""self_harm"", ""suicidal_thoughts"", ""acute_crisis"", ""referral_guidance""]",zh-CN,pending,202,"At the personal level, family members may be asked to remove the means of suicide (e.g. pesticides, firearms, knives, medication) from a household where a person is at risk of suicide. EXECUTIVE SUMMARY",,
WHO_LIVE_LIFE_2021_8e6e10f8_00038_0fea38ed1f0d,WHO_LIVE_LIFE_2021,LIVE LIFE: an implementation guide for suicide prevention in countries,safety,safety_only,safety_route_only,"[""adolescents"", ""adults"", ""older_adults""]","[""self_harm"", ""suicidal_thoughts"", ""acute_crisis"", ""referral_guidance""]",zh-CN,pending,771,"xii | LIVE LIFE Importantly, evidence shows that restriction of one method of suicide does not inevitably lead to a rise in the use of others. Interacting with the media for responsible reporting of suicide is significant because media repo",,
WHO_LIVE_LIFE_2021_8e6e10f8_00039_1e800b41301e,WHO_LIVE_LIFE_2021,LIVE LIFE: an implementation guide for suicide prevention in countries,safety,safety_only,safety_route_only,"[""adolescents"", ""adults"", ""older_adults""]","[""self_harm"", ""suicidal_thoughts"", ""acute_crisis"", ""referral_guidance""]",zh-CN,pending,884,It also proposes working with social media companies to increase their awareness and improve their protocols for identifying and removing harmful content. Fostering socio-emotional life skills in adolescents is the focus of WHO’s Helping ad,,
WHO_LIVE_LIFE_2021_8e6e10f8_00040_5b1d2100291b,WHO_LIVE_LIFE_2021,LIVE LIFE: an implementation guide for suicide prevention in countries,safety,safety_only,safety_route_only,"[""adolescents"", ""adults"", ""older_adults""]","[""self_harm"", ""suicidal_thoughts"", ""acute_crisis"", ""referral_guidance""]",zh-CN,pending,808,Teachers or caregivers should be reminded that talking about suicide with young people will not increase suicide risk but will mean that young people may feel more able to approach them for support when needed. The well-being of staff shoul,,
WHO_LIVE_LIFE_2021_8e6e10f8_00041_f184419c37cc,WHO_LIVE_LIFE_2021,LIVE LIFE: an implementation guide for suicide prevention in countries,safety,safety_only,safety_route_only,"[""adolescents"", ""adults"", ""older_adults""]","[""self_harm"", ""suicidal_thoughts"", ""acute_crisis"", ""referral_guidance""]",zh-CN,pending,380,"Additionally, support should be offered to people who have attempted suicide and those who have been bereaved by it. Since suicide prevention is often not a public health priority, the guide recommends advocating for suicide prevention with",,
WHO_LIVE_LIFE_2021_8e6e10f8_00042_dcce30124204,WHO_LIVE_LIFE_2021,LIVE LIFE: an implementation guide for suicide prevention in countries,safety,safety_only,safety_route_only,"[""adolescents"", ""adults"", ""older_adults""]","[""self_harm"", ""suicidal_thoughts"", ""acute_crisis"", ""referral_guidance""]",zh-CN,pending,860,A series of four annexes provides: 1) a list of sectors and stakeholders relevant to suicide prevention; 2) 30 boxes describing country activities for suicide prevention (in addition to the 43 descriptive boxes in the text of the guide); 3),,
WHO_LIVE_LIFE_2021_8e6e10f8_00043_62aad1be1282,WHO_LIVE_LIFE_2021,LIVE LIFE: an implementation guide for suicide prevention in countries,safety,safety_only,safety_route_only,"[""adolescents"", ""adults"", ""older_adults""]","[""self_harm"", ""suicidal_thoughts"", ""acute_crisis"", ""referral_guidance""]",zh-CN,pending,803,LIVE LIFE | 1 BACKGROUND Over 700 000 people lose their life to suicide every year. People from all socioeconomic backgrounds are affected. Suicide is the fourth leading cause of death in 15–29-year-olds and the third in 15–19-year-old girl,,
WHO_LIVE_LIFE_2021_8e6e10f8_00044_6019a2c3d2c6,WHO_LIVE_LIFE_2021,LIVE LIFE: an implementation guide for suicide prevention in countries,safety,safety_only,safety_route_only,"[""adolescents"", ""adults"", ""older_adults""]","[""self_harm"", ""suicidal_thoughts"", ""acute_crisis"", ""referral_guidance""]",zh-CN,pending,900,WHO’s 13th General Programme of Work (GPW13) 2019–20234 includes the same indicator with a reduction of 15% by 2023. There has been a small reduction in the global age- standardized rate of suicide since 2010 but the global trend masks regi,,
WHO_LIVE_LIFE_2021_8e6e10f8_00045_474a44772c84,WHO_LIVE_LIFE_2021,LIVE LIFE: an implementation guide for suicide prevention in countries,safety,safety_only,safety_route_only,"[""adolescents"", ""adults"", ""older_adults""]","[""self_harm"", ""suicidal_thoughts"", ""acute_crisis"", ""referral_guidance""]",zh-CN,pending,871,"WHO advocates for countries to take action in preventing suicide, ideally through a comprehensive national suicide prevention strategy. A government-led comprehensive national strategy is a powerful tool which helps to ensure that the gover",,
WHO_LIVE_LIFE_2021_8e6e10f8_00046_4c37c54616b8,WHO_LIVE_LIFE_2021,LIVE LIFE: an implementation guide for suicide prevention in countries,safety,safety_only,safety_route_only,"[""adolescents"", ""adults"", ""older_adults""]","[""self_harm"", ""suicidal_thoughts"", ""acute_crisis"", ""referral_guidance""]",zh-CN,pending,714,"In the field of noncommunicable diseases (NCDs), implementation gaps for national action plans have been attributed to inadequate funding, limited capacity, inaction across sectors, and lack of standardized monitoring and evaluation (Tuangr",,
WHO_LIVE_LIFE_2021_8e6e10f8_00047_869a3b873b90,WHO_LIVE_LIFE_2021,LIVE LIFE: an implementation guide for suicide prevention in countries,safety,safety_only,safety_route_only,"[""adolescents"", ""adults"", ""older_adults""]","[""self_harm"", ""suicidal_thoughts"", ""acute_crisis"", ""referral_guidance""]",zh-CN,pending,693,"Community stakeholders (see Annex 1 for a list of sectors and stakeholders) will benefit from implementing any of the LIVE LIFE components; their implementation can form the beginnings of suicide prevention in a country, gaining momentum wi",,
WHO_LIVE_LIFE_2021_8e6e10f8_00048_d2223744409c,WHO_LIVE_LIFE_2021,LIVE LIFE: an implementation guide for suicide prevention in countries,safety,safety_only,safety_route_only,"[""adolescents"", ""adults"", ""older_adults""]","[""self_harm"", ""suicidal_thoughts"", ""acute_crisis"", ""referral_guidance""]",zh-CN,pending,799,"ban highly hazardous pesticides); • interact with the media for responsible reporting of suicide; • foster socio-emotional life skills in adolescents; and • early identify, assess, manage and follow up anyone who is affected by suicidal beh",,
WHO_LIVE_LIFE_2021_8e6e10f8_00049_c99d976bbb2a,WHO_LIVE_LIFE_2021,LIVE LIFE: an implementation guide for suicide prevention in countries,safety,safety_only,safety_route_only,"[""adolescents"", ""adults"", ""older_adults""]","[""self_harm"", ""suicidal_thoughts"", ""acute_crisis"", ""referral_guidance""]",zh-CN,pending,149,"Geneva: World Health Organization (https://www.who.int/about/what-we-do/thirteenth-general-programme-of- work-2019---2023, accessed 28 January 2021).",,
WHO_LIVE_LIFE_2021_8e6e10f8_00050_635761b6782b,WHO_LIVE_LIFE_2021,LIVE LIFE: an implementation guide for suicide prevention in countries,safety,safety_only,safety_route_only,"[""adolescents"", ""adults"", ""older_adults""]","[""self_harm"", ""suicidal_thoughts"", ""acute_crisis"", ""referral_guidance""]",zh-CN,pending,887,"2 | LIVE LIFE The successful implementation and scale-up of these key interventions needs, as a prerequisite, six cross-cutting core foundational pillars, namely: • situation analysis; • multisectoral collaboration; • awareness-raising and ",,
WHO_LIVE_LIFE_2021_8e6e10f8_00051_fa382556e393,WHO_LIVE_LIFE_2021,LIVE LIFE: an implementation guide for suicide prevention in countries,safety,safety_only,safety_route_only,"[""adolescents"", ""adults"", ""older_adults""]","[""self_harm"", ""suicidal_thoughts"", ""acute_crisis"", ""referral_guidance""]",zh-CN,pending,683,LIVE LIFE serves as a starting point upon which countries can build further evidence-based suicide prevention interventions to develop a comprehensive national suicide prevention strategy. All pillars and interventions described in this LIV,,
WHO_LIVE_LIFE_2021_8e6e10f8_00052_c9575fe4924b,WHO_LIVE_LIFE_2021,LIVE LIFE: an implementation guide for suicide prevention in countries,safety,safety_only,safety_route_only,"[""adolescents"", ""adults"", ""older_adults""]","[""self_harm"", ""suicidal_thoughts"", ""acute_crisis"", ""referral_guidance""]",zh-CN,pending,752,"The guide is for: • all countries, with or without a national suicide prevention strategy; • national or local focal points for suicide prevention, mental health, alcohol or NCDs; and • community stakeholders with a vested interest or who m",,
WHO_LIVE_LIFE_2021_8e6e10f8_00053_de1929b70308,WHO_LIVE_LIFE_2021,LIVE LIFE: an implementation guide for suicide prevention in countries,safety,safety_only,safety_route_only,"[""adolescents"", ""adults"", ""older_adults""]","[""self_harm"", ""suicidal_thoughts"", ""acute_crisis"", ""referral_guidance""]",zh-CN,pending,459,"Situation analysis Multisectoral collaboration Awareness raising Capacity building Surveillance, monitoring and evaluation Limit access to means of suicide L Interact with the media on responsible reporting I Foster life skills of young peo",,
WHO_LIVE_LIFE_2021_8e6e10f8_00054_85ce3f11a1b3,WHO_LIVE_LIFE_2021,LIVE LIFE: an implementation guide for suicide prevention in countries,safety,safety_only,safety_route_only,"[""adolescents"", ""adults"", ""older_adults""]","[""self_harm"", ""suicidal_thoughts"", ""acute_crisis"", ""referral_guidance""]",zh-CN,pending,507,LIVE LIFE | 3 The guide also contains: • boxes with examples throughout the text and further examples from countries in Annex 2; and • tips for implementation. In addition: • Annex 1 provides a list of sectors and stakeholders who can be in,,
WHO_LIVE_LIFE_2021_8e6e10f8_00055_6b4938897e5b,WHO_LIVE_LIFE_2021,LIVE LIFE: an implementation guide for suicide prevention in countries,safety,safety_only,safety_route_only,"[""adolescents"", ""adults"", ""older_adults""]","[""self_harm"", ""suicidal_thoughts"", ""acute_crisis"", ""referral_guidance""]",zh-CN,pending,679,"This guide does not cover: • development of a comprehensive national suicide prevention strategy at government level, or examples of strategies, as this is presented in other WHO publications (WHO, 2012; WHO, 2014; WHO, 2018a); • a step-by-",,
WHO_LIVE_LIFE_2021_8e6e10f8_00056_4a71eaab3d6d,WHO_LIVE_LIFE_2021,LIVE LIFE: an implementation guide for suicide prevention in countries,safety,safety_only,safety_route_only,"[""adolescents"", ""adults"", ""older_adults""]","[""self_harm"", ""suicidal_thoughts"", ""acute_crisis"", ""referral_guidance""]",zh-CN,pending,844,"Forming a Steering Committee and working groups A Steering Committee (or oversight committee, or task force) is needed to provide leadership and coordination as well as to structure planning, resourcing, implementing, monitoring and evaluat",,
WHO_LIVE_LIFE_2021_8e6e10f8_00057_7c7f5d2c173b,WHO_LIVE_LIFE_2021,LIVE LIFE: an implementation guide for suicide prevention in countries,safety,safety_only,safety_route_only,"[""adolescents"", ""adults"", ""older_adults""]","[""self_harm"", ""suicidal_thoughts"", ""acute_crisis"", ""referral_guidance""]",zh-CN,pending,844,"health care, education, employment, social development); • individuals with expertise in suicide prevention [e.g. academic experts, health sector, nongovernmental organizations (NGOs)]; • individuals with skills and experience specific to t",,
WHO_LIVE_LIFE_2021_8e6e10f8_00058_14def9778311,WHO_LIVE_LIFE_2021,LIVE LIFE: an implementation guide for suicide prevention in countries,safety,safety_only,safety_route_only,"[""adolescents"", ""adults"", ""older_adults""]","[""self_harm"", ""suicidal_thoughts"", ""acute_crisis"", ""referral_guidance""]",zh-CN,pending,860,"Similarly, explicitly defining roles and responsibilities of group members is necessary to ensure accountability for actions taken. It is not necessary to have 10 separate working groups for LIVE LIFE pillars and interventions as one workin",,
WHO_LIVE_LIFE_2021_8e6e10f8_00059_faa8f2255793,WHO_LIVE_LIFE_2021,LIVE LIFE: an implementation guide for suicide prevention in countries,safety,safety_only,safety_route_only,"[""adolescents"", ""adults"", ""older_adults""]","[""self_harm"", ""suicidal_thoughts"", ""acute_crisis"", ""referral_guidance""]",zh-CN,pending,206,"5 Engaging communities in preventing suicide; e-learning course. Geneva: World Health Organization (https://accesswho.campusvirtualsp.org/engaging- communities-preventing-suicide, accessed 28 January 2021).",,
WHO_LIVE_LIFE_2021_8e6e10f8_00060_89f747c17d98,WHO_LIVE_LIFE_2021,LIVE LIFE: an implementation guide for suicide prevention in countries,safety,safety_only,safety_route_only,"[""adolescents"", ""adults"", ""older_adults""]","[""self_harm"", ""suicidal_thoughts"", ""acute_crisis"", ""referral_guidance""]",zh-CN,pending,878,"4 | LIVE LIFE HOW CAN THE GUIDE BE USED? • Countries should implement all the LIVE LIFE core pillars and key interventions. • Although all core pillars and key interventions are needed for suicide prevention, each country can adapt its impl",,
WHO_LIVE_LIFE_2021_8e6e10f8_00061_334299be14ef,WHO_LIVE_LIFE_2021,LIVE LIFE: an implementation guide for suicide prevention in countries,safety,safety_only,safety_route_only,"[""adolescents"", ""adults"", ""older_adults""]","[""self_harm"", ""suicidal_thoughts"", ""acute_crisis"", ""referral_guidance""]",zh-CN,pending,891,• Implementing all the LIVE LIFE pillars and interventions nationally will benefit a national suicide prevention strategy or become part of it. • In contexts with limited human and financial resources it may be necessary to implement or sca,,
WHO_LIVE_LIFE_2021_8e6e10f8_00062_d50be701e3d6,WHO_LIVE_LIFE_2021,LIVE LIFE: an implementation guide for suicide prevention in countries,safety,safety_only,safety_route_only,"[""adolescents"", ""adults"", ""older_adults""]","[""self_harm"", ""suicidal_thoughts"", ""acute_crisis"", ""referral_guidance""]",zh-CN,pending,637,"Suicide prevention in emergencies Humanitarian crises and emergencies (e.g. natural disasters, armed conflict, public health emergencies) pose a number of barriers to suicide prevention such as structural changes in leadership and systems, ",,
WHO_LIVE_LIFE_2021_8e6e10f8_00063_5531281494e5,WHO_LIVE_LIFE_2021,LIVE LIFE: an implementation guide for suicide prevention in countries,safety,safety_only,safety_route_only,"[""adolescents"", ""adults"", ""older_adults""]","[""self_harm"", ""suicidal_thoughts"", ""acute_crisis"", ""referral_guidance""]",zh-CN,pending,827,"While a comprehensive discussion of suicide prevention in crisis situations is beyond the scope of this guide, some considerations include: • Governments should consider the impact of the emergency on risk factors for suicide and should imp",,
WHO_LIVE_LIFE_2021_8e6e10f8_00064_68565f90e8c8,WHO_LIVE_LIFE_2021,LIVE LIFE: an implementation guide for suicide prevention in countries,safety,safety_only,safety_route_only,"[""adolescents"", ""adults"", ""older_adults""]","[""self_harm"", ""suicidal_thoughts"", ""acute_crisis"", ""referral_guidance""]",zh-CN,pending,740,"• Identify and provide effective interventions for at-risk populations who may be particularly affected during the emergency – such as young people or older persons who may have lost, or are separated from, family support. • Engage the medi",,
WHO_LIVE_LIFE_2021_8e6e10f8_00065_bbb2b4373e55,WHO_LIVE_LIFE_2021,LIVE LIFE: an implementation guide for suicide prevention in countries,safety,safety_only,safety_route_only,"[""adolescents"", ""adults"", ""older_adults""]","[""self_harm"", ""suicidal_thoughts"", ""acute_crisis"", ""referral_guidance""]",zh-CN,pending,345,"Services where individuals at risk would present can be prioritized, such as primary health care services and programmes focused on addressing concerns about protection (including child protection and gender-based violence). • Where in-pers",,
WHO_LIVE_LIFE_2021_8e6e10f8_00066_926863a9f30d,WHO_LIVE_LIFE_2021,LIVE LIFE: an implementation guide for suicide prevention in countries,safety,safety_only,safety_route_only,"[""adolescents"", ""adults"", ""older_adults""]","[""self_harm"", ""suicidal_thoughts"", ""acute_crisis"", ""referral_guidance""]",zh-CN,pending,892,"LIVE LIFE | 5 receive training and feel comfortable using remote methods of communication, particularly when managing risk.6 • To ensure there is adequate coverage to meet needs, prevent the redeployment to non-suicide prevention functions ",,
WHO_LIVE_LIFE_2021_8e6e10f8_00067_44dfc88b36d1,WHO_LIVE_LIFE_2021,LIVE LIFE: an implementation guide for suicide prevention in countries,safety,safety_only,safety_route_only,"[""adolescents"", ""adults"", ""older_adults""]","[""self_harm"", ""suicidal_thoughts"", ""acute_crisis"", ""referral_guidance""]",zh-CN,pending,776,• Inter-Agency Standing Committee (IASC) Guidelines on mental health and psychosocial support in emergency settings. Geneva: Inter Agency Standing Committee.7 6 Guidance on Operational considerations for Multisectoral Mental Health and Psyc,,
WHO_LIVE_LIFE_2021_8e6e10f8_00068_4cd4e3660d1d,WHO_LIVE_LIFE_2021,LIVE LIFE: an implementation guide for suicide prevention in countries,safety,safety_only,safety_route_only,"[""adolescents"", ""adults"", ""older_adults""]","[""self_harm"", ""suicidal_thoughts"", ""acute_crisis"", ""referral_guidance""]",zh-CN,pending,599,6 | LIVE LIFE: PART A The following sections describe the core pillars for suicide prevention. These form the foundation which strengthens successful implementation of the key evidence-based interventions that together contribute to suicide,,
WHO_LIVE_LIFE_2021_8e6e10f8_00069_c7180f73be97,WHO_LIVE_LIFE_2021,LIVE LIFE: an implementation guide for suicide prevention in countries,safety,safety_only,safety_route_only,"[""adolescents"", ""adults"", ""older_adults""]","[""self_harm"", ""suicidal_thoughts"", ""acute_crisis"", ""referral_guidance""]",zh-CN,pending,747,"LIVE LIFE: PART A | 7 A situation analysis provides the background to, and current profile of, suicide and suicide prevention in a country using a variety of information. A situation analysis is essential for informing the planning and impl",,
WHO_LIVE_LIFE_2021_8e6e10f8_00070_8fe8ce15b9a8,WHO_LIVE_LIFE_2021,LIVE LIFE: an implementation guide for suicide prevention in countries,safety,safety_only,safety_route_only,"[""adolescents"", ""adults"", ""older_adults""]","[""self_harm"", ""suicidal_thoughts"", ""acute_crisis"", ""referral_guidance""]",zh-CN,pending,857,"In a national situation analysis, attention should be given to collecting information from different sociodemographic groups and regions to identify specific needs for adapting the implementation of the LIVE LIFE interventions. For example,",,
WHO_LIVE_LIFE_2021_8e6e10f8_00071_76f6d03fd0c3,WHO_LIVE_LIFE_2021,LIVE LIFE: an implementation guide for suicide prevention in countries,safety,safety_only,safety_route_only,"[""adolescents"", ""adults"", ""older_adults""]","[""self_harm"", ""suicidal_thoughts"", ""acute_crisis"", ""referral_guidance""]",zh-CN,pending,785,"the Ministry of Health) or, for context-specific situation analyses, leadership from the relevant sector (e.g. the education sector for the analysis of life skills programmes in schools); • experience in conducting situation analyses (e.g. ",,
WHO_LIVE_LIFE_2021_8e6e10f8_00072_4c29c985f80e,WHO_LIVE_LIFE_2021,LIVE LIFE: an implementation guide for suicide prevention in countries,safety,safety_only,safety_route_only,"[""adolescents"", ""adults"", ""older_adults""]","[""self_harm"", ""suicidal_thoughts"", ""acute_crisis"", ""referral_guidance""]",zh-CN,pending,823,8 | LIVE LIFE: PART A 1. Convene a working group to plan and implement the analysis (see Box 1) • Establish the working group (see under Who? above). The working group is also responsible for obtaining any necessary approvals to access data,,
WHO_LIVE_LIFE_2021_8e6e10f8_00073_59b7dae3ee8d,WHO_LIVE_LIFE_2021,LIVE LIFE: an implementation guide for suicide prevention in countries,safety,safety_only,safety_route_only,"[""adolescents"", ""adults"", ""older_adults""]","[""self_harm"", ""suicidal_thoughts"", ""acute_crisis"", ""referral_guidance""]",zh-CN,pending,840,"national, regions, districts, inpatient services, refugee camp etc.); and b) population groups (e.g. whole population, by sex, age groups, ethnic groups, religious groups, migrant status, urban, rural, socioeconomic status). • Calculate rat",,
WHO_LIVE_LIFE_2021_8e6e10f8_00074_5df984ddcb45,WHO_LIVE_LIFE_2021,LIVE LIFE: an implementation guide for suicide prevention in countries,safety,safety_only,safety_route_only,"[""adolescents"", ""adults"", ""older_adults""]","[""self_harm"", ""suicidal_thoughts"", ""acute_crisis"", ""referral_guidance""]",zh-CN,pending,859,"• Is there existing legislation or policy relevant to suicide prevention (e.g. mental health, alcohol, employment, insurance, social welfare)? Ascertainment of suicide • How and by whom is suicide ascertained? • Consider how ascertainment m",,
WHO_LIVE_LIFE_2021_8e6e10f8_00075_201081ecf30b,WHO_LIVE_LIFE_2021,LIVE LIFE: an implementation guide for suicide prevention in countries,safety,safety_only,safety_route_only,"[""adolescents"", ""adults"", ""older_adults""]","[""self_harm"", ""suicidal_thoughts"", ""acute_crisis"", ""referral_guidance""]",zh-CN,pending,892,"LIVE LIFE: PART A | 9 Examples of information Considerations Current services • Existing (public and private) services in the health sector, the community and other relevant sectors – consider the availability, uptake and quality of existin",,
WHO_LIVE_LIFE_2021_8e6e10f8_00076_f50f86bba80d,WHO_LIVE_LIFE_2021,LIVE LIFE: an implementation guide for suicide prevention in countries,safety,safety_only,safety_route_only,"[""adolescents"", ""adults"", ""older_adults""]","[""self_harm"", ""suicidal_thoughts"", ""acute_crisis"", ""referral_guidance""]",zh-CN,pending,877,"• Barriers faced by the health workforce and related occupations in providing early identification, assessment, management and follow-up, and in reporting self-harm. 3. Decide how this information can be collected • Consider what informatio",,
WHO_LIVE_LIFE_2021_8e6e10f8_00077_9f8c73c29d92,WHO_LIVE_LIFE_2021,LIVE LIFE: an implementation guide for suicide prevention in countries,safety,safety_only,safety_route_only,"[""adolescents"", ""adults"", ""older_adults""]","[""self_harm"", ""suicidal_thoughts"", ""acute_crisis"", ""referral_guidance""]",zh-CN,pending,883,This will help in deciding which sectors and stakeholders (see Annex 1 for a list of sectors and stakeholders) should be involved during the situation analysis. Make sure to include people with lived experience and ensure that they are well,,
WHO_LIVE_LIFE_2021_8e6e10f8_00078_8a896beed41a,WHO_LIVE_LIFE_2021,LIVE LIFE: an implementation guide for suicide prevention in countries,safety,safety_only,safety_route_only,"[""adolescents"", ""adults"", ""older_adults""]","[""self_harm"", ""suicidal_thoughts"", ""acute_crisis"", ""referral_guidance""]",zh-CN,pending,663,"technology, locations for working) and human resources. • Agree which stakeholders will be responsible for conducting each step (e.g. some stakeholders may be able to focus on the desk review, or on data collection from different sources). ",,
WHO_LIVE_LIFE_2021_8e6e10f8_00079_48bed331b5d1,WHO_LIVE_LIFE_2021,LIVE LIFE: an implementation guide for suicide prevention in countries,safety,safety_only,safety_route_only,"[""adolescents"", ""adults"", ""older_adults""]","[""self_harm"", ""suicidal_thoughts"", ""acute_crisis"", ""referral_guidance""]",zh-CN,pending,806,"10 | LIVE LIFE: PART A 5. Produce a report and share with key stakeholders to inform planning for implementation • Produce a written report of the findings, including an analysis of the information obtained, highlighting information which i",,
