chunk_id,source_id,title,collection,use_mode,risk_scope,population_tags,topic_tags,language,review_status,char_count,content_preview,review_decision,review_comment
CCI_ANXIETY_3a16adc8_00000_5723680098f3,CCI_ANXIETY,Anxiety self-help resources,interventions,direct_user_support,normal,"[""university_students"", ""young_adults"", ""adults""]","[""anxiety"", ""stress"", ""breathing"", ""relaxation"", ""cognitive_reframing"", ""exposure""]",en,pending,361,"flee from the situation, or stand and fight. The main purpose of the fight/flight response is to protect the individual. It is therefore important to remember that the experience of anxiety is not in itself, harmful. When a person’s fight/f",,
CCI_ANXIETY_3a16adc8_00001_137f01a69f24,CCI_ANXIETY,Anxiety self-help resources,interventions,direct_user_support,normal,"[""university_students"", ""young_adults"", ""adults""]","[""anxiety"", ""stress"", ""breathing"", ""relaxation"", ""cognitive_reframing"", ""exposure""]",en,pending,752,"Physical System When we believe that we are in danger, our whole physical system undergoes some major, temporary changes designed to enhance our ability to either run away, or stand and be ready to fight. Physically, as soon as danger is pe",,
CCI_ANXIETY_3a16adc8_00002_300d825fcd51,CCI_ANXIETY,Anxiety self-help resources,interventions,direct_user_support,normal,"[""university_students"", ""young_adults"", ""adults""]","[""anxiety"", ""stress"", ""breathing"", ""relaxation"", ""cognitive_reframing"", ""exposure""]",en,pending,373,"To get things moving, the sympathetic nervous system releases two chemicals from the adrenal glands on the kidneys. These chemicals are called adrenalin and noradrenalin and are basically messengers that serve to maintain the physical chang",,
CCI_ANXIETY_3a16adc8_00003_a1b76e2efa8b,CCI_ANXIETY,Anxiety self-help resources,interventions,direct_user_support,normal,"[""university_students"", ""young_adults"", ""adults""]","[""anxiety"", ""stress"", ""breathing"", ""relaxation"", ""cognitive_reframing"", ""exposure""]",en,pending,414,"1. An increase in heart rate and strength of beat One physical change that is quite noticeable to the person experiencing the fight/flight response, is an increase in heart rate and the strength of heartbeat. An increase in heart rate enabl",,
CCI_ANXIETY_3a16adc8_00004_2e70661e7443,CCI_ANXIETY,Anxiety self-help resources,interventions,direct_user_support,normal,"[""university_students"", ""young_adults"", ""adults""]","[""anxiety"", ""stress"", ""breathing"", ""relaxation"", ""cognitive_reframing"", ""exposure""]",en,pending,562,"2. A redistribution of blood from areas that aren’t as vital to those that are There is also a change in blood flow - away from places where it is not needed (such as skin, fingers and toes) towards the places it is likely to be needed (lar",,
CCI_ANXIETY_3a16adc8_00005_5c2d38e9425e,CCI_ANXIETY,Anxiety self-help resources,interventions,direct_user_support,normal,"[""university_students"", ""young_adults"", ""adults""]","[""anxiety"", ""stress"", ""breathing"", ""relaxation"", ""cognitive_reframing"", ""exposure""]",en,pending,740,"3. An increase in the rate and depth of breathing As well as changes to heart rate, there are also changes to the speed and depth of breathing. This is very important, as it provides the tissues with the extra amount of oxygen required to p",,
CCI_ANXIETY_3a16adc8_00006_e40a4f7e81a5,CCI_ANXIETY,Anxiety self-help resources,interventions,direct_user_support,normal,"[""university_students"", ""young_adults"", ""adults""]","[""anxiety"", ""stress"", ""breathing"", ""relaxation"", ""cognitive_reframing"", ""exposure""]",en,pending,287,"Although you might feel alone in your struggle against anxious moods, the reality is that many people experience these moods either from time to time, or on a more regular basis. In fact, it is estimated that 1 in every 5 experience signifi",,
CCI_ANXIETY_3a16adc8_00007_a634b4aa518c,CCI_ANXIETY,Anxiety self-help resources,interventions,direct_user_support,normal,"[""university_students"", ""young_adults"", ""adults""]","[""anxiety"", ""stress"", ""breathing"", ""relaxation"", ""cognitive_reframing"", ""exposure""]",en,pending,328,"Anxiety can effect any kind of person at any stage of their life, whether they are an introvert or an extrovert, socially active or shy, youthful or elderly, male or female, wealthy or poor. Whatever your distinction, you can become anxious",,
CCI_ANXIETY_3a16adc8_00008_8b95303cb817,CCI_ANXIETY,Anxiety self-help resources,interventions,direct_user_support,normal,"[""university_students"", ""young_adults"", ""adults""]","[""anxiety"", ""stress"", ""breathing"", ""relaxation"", ""cognitive_reframing"", ""exposure""]",en,pending,693,"Understanding Anxiety Feeling afraid is very much a part of the experience of being human. It occurs in response to realistically anticipated danger and therefore is a survival instinct. For example, if a ferocious animal confronted us it i",,
CCI_ANXIETY_3a16adc8_00009_7c476882e745,CCI_ANXIETY,Anxiety self-help resources,interventions,direct_user_support,normal,"[""university_students"", ""young_adults"", ""adults""]","[""anxiety"", ""stress"", ""breathing"", ""relaxation"", ""cognitive_reframing"", ""exposure""]",en,pending,765,"The experience of anxiety is very similar to the experience of fear - the main difference is that anxiety occurs in the absence of real danger. That is, the individual may think that they are in danger but the reality is that they are not. ",,
CCI_ANXIETY_3a16adc8_00010_9a1dab14ec05,CCI_ANXIETY,Anxiety self-help resources,interventions,direct_user_support,normal,"[""university_students"", ""young_adults"", ""adults""]","[""anxiety"", ""stress"", ""breathing"", ""relaxation"", ""cognitive_reframing"", ""exposure""]",en,pending,669,"Fight/Flight Response It is important to fully understand the way our bodies react to threat or danger, whether real or imagined. When a person is in danger, or believes that they are in danger a number of changes occur. This response has b",,
CCI_ANXIETY_3a16adc8_00011_016bc069625f,CCI_ANXIETY,Anxiety self-help resources,interventions,direct_user_support,normal,"[""university_students"", ""young_adults"", ""adults""]","[""anxiety"", ""stress"", ""breathing"", ""relaxation"", ""cognitive_reframing"", ""exposure""]",en,pending,779,"of counteracting the sympathetic branch. As a result, the heart rate begins to slow, breathing rate slows, the body’s temperature begins to lower and the muscles begin to relax. Part of the process of restoration is that the systems do not ",,
CCI_ANXIETY_3a16adc8_00012_22eb35891bfa,CCI_ANXIETY,Anxiety self-help resources,interventions,direct_user_support,normal,"[""university_students"", ""young_adults"", ""adults""]","[""anxiety"", ""stress"", ""breathing"", ""relaxation"", ""cognitive_reframing"", ""exposure""]",en,pending,128,This helps to understand why it is that people can feel anxious for ongoing periods of time when no obvious stressor is present.,,
CCI_ANXIETY_3a16adc8_00013_f650515f666b,CCI_ANXIETY,Anxiety self-help resources,interventions,direct_user_support,normal,"[""university_students"", ""young_adults"", ""adults""]","[""anxiety"", ""stress"", ""breathing"", ""relaxation"", ""cognitive_reframing"", ""exposure""]",en,pending,320,"What Causes Anxiety? The combination of factors which result in an individual developing an anxiety disorder differ from person to person. However, there are some major factors that have been identified, which may be common to sufferers. Th",,
CCI_ANXIETY_3a16adc8_00014_8421ffb5ce08,CCI_ANXIETY,Anxiety self-help resources,interventions,direct_user_support,normal,"[""university_students"", ""young_adults"", ""adults""]","[""anxiety"", ""stress"", ""breathing"", ""relaxation"", ""cognitive_reframing"", ""exposure""]",en,pending,350,"Biological Factors A genetic factor has been linked to the development of anxiety disorders. For example, in obsessive-compulsive disorder, about 20% of first-degree relatives have also suffered from the condition. Overall, based on family ",,
CCI_ANXIETY_3a16adc8_00015_86ac2b9927e4,CCI_ANXIETY,Anxiety self-help resources,interventions,direct_user_support,normal,"[""university_students"", ""young_adults"", ""adults""]","[""anxiety"", ""stress"", ""breathing"", ""relaxation"", ""cognitive_reframing"", ""exposure""]",en,pending,544,"Psychological Factors Having this genetic vulnerability does not imply that those individuals will develop an anxiety disorder. A great deal depends on the lifestyle of that person, the types of life stressors they have encountered and thei",,
CCI_ANXIETY_3a16adc8_00016_09599dd99db5,CCI_ANXIETY,Anxiety self-help resources,interventions,direct_user_support,normal,"[""university_students"", ""young_adults"", ""adults""]","[""anxiety"", ""stress"", ""breathing"", ""relaxation"", ""cognitive_reframing"", ""exposure""]",en,pending,786,"Summary As you can see from this description of the fight/flight response, anxiety is an important emotion that serves to protect us from harm. For some people the fight/flight response becomes activated in situations where no real danger i",,
CCI_ANXIETY_3a16adc8_00017_28ece7bdb6e1,CCI_ANXIETY,Anxiety self-help resources,interventions,direct_user_support,normal,"[""university_students"", ""young_adults"", ""adults""]","[""anxiety"", ""stress"", ""breathing"", ""relaxation"", ""cognitive_reframing"", ""exposure""]",en,pending,283,"side effects of this increase in breathing is that the blood supply to the head is actually decreased. This is not dangerous but can produce a collection of unpleasant symptoms, including: dizziness, light-headedness, blurred vision, confus",,
CCI_ANXIETY_3a16adc8_00018_3a6289ec0667,CCI_ANXIETY,Anxiety self-help resources,interventions,direct_user_support,normal,"[""university_students"", ""young_adults"", ""adults""]","[""anxiety"", ""stress"", ""breathing"", ""relaxation"", ""cognitive_reframing"", ""exposure""]",en,pending,261,"4. An increase in sweating Another physical change in the fight/flight response is an increase in sweating. This causes the body to become more slippery, making it harder for a predator to grab, and also cooling the body and thus preventing",,
CCI_ANXIETY_3a16adc8_00019_b49ffa8f0994,CCI_ANXIETY,Anxiety self-help resources,interventions,direct_user_support,normal,"[""university_students"", ""young_adults"", ""adults""]","[""anxiety"", ""stress"", ""breathing"", ""relaxation"", ""cognitive_reframing"", ""exposure""]",en,pending,421,"5. Widening of the pupils of the eyes One effect of the fight/flight response that people are often unaware of, is that the pupils widen to let in more light, which may result in the experience of blurred vision, spots before the eyes, or j",,
CCI_ANXIETY_3a16adc8_00020_d9d4189bfbb9,CCI_ANXIETY,Anxiety self-help resources,interventions,direct_user_support,normal,"[""university_students"", ""young_adults"", ""adults""]","[""anxiety"", ""stress"", ""breathing"", ""relaxation"", ""cognitive_reframing"", ""exposure""]",en,pending,429,6. Decreased activity of the digestive system The decreased activity of the digestive system allows more energy to be diverted to systems more immediately related to fight or flight. The range of effects you might notice as a result of this,,
CCI_ANXIETY_3a16adc8_00021_9caec4ba274d,CCI_ANXIETY,Anxiety self-help resources,interventions,direct_user_support,normal,"[""university_students"", ""young_adults"", ""adults""]","[""anxiety"", ""stress"", ""breathing"", ""relaxation"", ""cognitive_reframing"", ""exposure""]",en,pending,319,"7. Muscle tension Finally, many of the muscle groups tense up in preparation for fight/flight and this results in subjective feelings of tension, sometimes resulting in aches and pains and trembling and shaking. The whole physical process i",,
CCI_ANXIETY_3a16adc8_00022_6fd93deddaec,CCI_ANXIETY,Anxiety self-help resources,interventions,direct_user_support,normal,"[""university_students"", ""young_adults"", ""adults""]","[""anxiety"", ""stress"", ""breathing"", ""relaxation"", ""cognitive_reframing"", ""exposure""]",en,pending,420,"Behavioural System As already mentioned, the two main behaviours associated with fear and anxiety are to either fight or flee. Therefore, the overwhelming urges associated with this response are those of aggression and a desire to escape, w",,
CCI_ANXIETY_3a16adc8_00023_b5ef6598a450,CCI_ANXIETY,Anxiety self-help resources,interventions,direct_user_support,normal,"[""university_students"", ""young_adults"", ""adults""]","[""anxiety"", ""stress"", ""breathing"", ""relaxation"", ""cognitive_reframing"", ""exposure""]",en,pending,848,"Cognitive System As the main objective of the fight/flight response is to alert the person to the possible existence of danger, one major cognitive change is that the individual begins to shift their attention to the surroundings to search ",,
CCI_ANXIETY_3a16adc8_00024_849f2c9dda37,CCI_ANXIETY,Anxiety self-help resources,interventions,direct_user_support,normal,"[""university_students"", ""young_adults"", ""adults""]","[""anxiety"", ""stress"", ""breathing"", ""relaxation"", ""cognitive_reframing"", ""exposure""]",en,pending,573,"Restoration of the Systems Once the immediate danger has abated, the body begins a process of restoration back to a more relaxed state. This is once again controlled by the autonomic nervous system. This time it instructs the parasympatheti",,
CCI_ANXIETY_f168eb53_00000_0eec6ed4888b,CCI_ANXIETY,Anxiety self-help resources,interventions,direct_user_support,normal,"[""university_students"", ""young_adults"", ""adults""]","[""anxiety"", ""stress"", ""breathing"", ""relaxation"", ""cognitive_reframing"", ""exposure""]",en,pending,469,"The essence of anxiety is worrying about some potential threat. It is trying to cope with a future event that you think will be negative. You do this by paying more attention to possible signs of potential threat, and looking internally to ",,
CCI_ANXIETY_f168eb53_00001_4c07140863c7,CCI_ANXIETY,Anxiety self-help resources,interventions,direct_user_support,normal,"[""university_students"", ""young_adults"", ""adults""]","[""anxiety"", ""stress"", ""breathing"", ""relaxation"", ""cognitive_reframing"", ""exposure""]",en,pending,468,"How Avoidance Contributes to Anxiety If you feel anxious, or anticipate feeling anxious, it makes sense that you will do things to reduce your anxiety. People sometimes try and reduce the anxiety by avoiding the feared situation altogether.",,
CCI_ANXIETY_f168eb53_00002_1f9eacf9d263,CCI_ANXIETY,Anxiety self-help resources,interventions,direct_user_support,normal,"[""university_students"", ""young_adults"", ""adults""]","[""anxiety"", ""stress"", ""breathing"", ""relaxation"", ""cognitive_reframing"", ""exposure""]",en,pending,669,"An illustration of this is when you avoid going to a supermarket to do the shopping because that’s where you experience fear. As a result you successfully avoid the distress you associate with supermarkets. In the short term, you do not fee",,
CCI_ANXIETY_f168eb53_00003_ed81c2ab225d,CCI_ANXIETY,Anxiety self-help resources,interventions,direct_user_support,normal,"[""university_students"", ""young_adults"", ""adults""]","[""anxiety"", ""stress"", ""breathing"", ""relaxation"", ""cognitive_reframing"", ""exposure""]",en,pending,337,"How Safety Behaviours Contribute to Anxiety In addition to avoidance many people use “safety behaviours” or subtle avoidance to help cope with anxiety. These may include relying on medication, the security of your mobile phone, always havin",,
CCI_ANXIETY_f168eb53_00004_047a476bb40a,CCI_ANXIETY,Anxiety self-help resources,interventions,direct_user_support,normal,"[""university_students"", ""young_adults"", ""adults""]","[""anxiety"", ""stress"", ""breathing"", ""relaxation"", ""cognitive_reframing"", ""exposure""]",en,pending,722,Centre for C linical I nterventions •Psychotherapy•Research•Training These safety behaviours also play a part in the vicious cycle of anxiety. When you become dependent on them you do not learn that emotion per se is not dangerous. You do n,,
CCI_ANXIETY_f168eb53_00005_4f719e5e76b3,CCI_ANXIETY,Anxiety self-help resources,interventions,direct_user_support,normal,"[""university_students"", ""young_adults"", ""adults""]","[""anxiety"", ""stress"", ""breathing"", ""relaxation"", ""cognitive_reframing"", ""exposure""]",en,pending,431,"Reversing the Vicious Cycle of Anxiety Vicious cycles play an important role in maintaining anxiety. However, you can turn this cycle around to create a positive cycle that will help you overcome anxiety. One important step in this cycle is",,
CCI_ANXIETY_f168eb53_00006_3fb680a55c6b,CCI_ANXIETY,Anxiety self-help resources,interventions,direct_user_support,normal,"[""university_students"", ""young_adults"", ""adults""]","[""anxiety"", ""stress"", ""breathing"", ""relaxation"", ""cognitive_reframing"", ""exposure""]",en,pending,630,"Some people might encourage you to tackle your biggest fear first – to “jump in the deep end” and get it over and done with. However, many people prefer to take it “step- by-step”. We call this “graded exposure”. You start with situations t",,
CCI_ANXIETY_f168eb53_00007_735328b9824c,CCI_ANXIETY,Anxiety self-help resources,interventions,direct_user_support,normal,"[""university_students"", ""young_adults"", ""adults""]","[""anxiety"", ""stress"", ""breathing"", ""relaxation"", ""cognitive_reframing"", ""exposure""]",en,pending,57,"When the anxiety cycle is broken, it will look like this:",,
CCI_ANXIETY_f168eb53_00008_7c2cc43fe1d3,CCI_ANXIETY,Anxiety self-help resources,interventions,direct_user_support,normal,"[""university_students"", ""young_adults"", ""adults""]","[""anxiety"", ""stress"", ""breathing"", ""relaxation"", ""cognitive_reframing"", ""exposure""]",en,pending,871,"anxiety Anxiety Increased scanning for danger, physical symptoms intensify, attention narrows & shifts to self Escape or avoidance LONG TERM: Increase in the physical symptoms of anxiety, more worry, loss of confidence about coping, increas",,
CCI_ANXIETY_0dfa084f_00000_4290ab2e1d1e,CCI_ANXIETY,Anxiety self-help resources,interventions,direct_user_support,normal,"[""university_students"", ""young_adults"", ""adults""]","[""anxiety"", ""stress"", ""breathing"", ""relaxation"", ""cognitive_reframing"", ""exposure""]",en,pending,881,"Centre for C linical I nterventions •Psychotherapy•Research•Training We’ve talked about the way our thoughts affect how we feel. If we are feeling happy and excited, chances are, we have been thinking positive thoughts and about positive th",,
CCI_ANXIETY_0dfa084f_00001_58ae08be80d8,CCI_ANXIETY,Anxiety self-help resources,interventions,direct_user_support,normal,"[""university_students"", ""young_adults"", ""adults""]","[""anxiety"", ""stress"", ""breathing"", ""relaxation"", ""cognitive_reframing"", ""exposure""]",en,pending,846,"So, how can you do that? To start influencing the way you feel, you need to learn to be aware of, and “capture,” those unhelpful thoughts and beliefs, with the ultimate aim of changing them. To do that, let’s start with doing an ABC analysi",,
CCI_ANXIETY_0dfa084f_00002_a1e2bc621b9a,CCI_ANXIETY,Anxiety self-help resources,interventions,direct_user_support,normal,"[""university_students"", ""young_adults"", ""adults""]","[""anxiety"", ""stress"", ""breathing"", ""relaxation"", ""cognitive_reframing"", ""exposure""]",en,pending,821,"Write down the words that best describe your feelings. When you have written down these words, rate the intensity of the emotion from 0 to 100. The higher the number, the more intense the emotion. Have a look at all those feelings and then ",,
CCI_ANXIETY_0dfa084f_00003_7df772bd9125,CCI_ANXIETY,Anxiety self-help resources,interventions,direct_user_support,normal,"[""university_students"", ""young_adults"", ""adults""]","[""anxiety"", ""stress"", ""breathing"", ""relaxation"", ""cognitive_reframing"", ""exposure""]",en,pending,765,"When you have completed this task, read through each statement and then underline the thought that is most associated with the primary emotion you felt during the ‘A‘. We’ll now call it your hot thought. Now rate how much you believe this t",,
CCI_ANXIETY_0dfa084f_00004_55599a4423a8,CCI_ANXIETY,Anxiety self-help resources,interventions,direct_user_support,normal,"[""university_students"", ""young_adults"", ""adults""]","[""anxiety"", ""stress"", ""breathing"", ""relaxation"", ""cognitive_reframing"", ""exposure""]",en,pending,855,"Therefore, the thought, ""I don’t want to be here"" is only an initial thought, and you would need to discover what other unhelpful thoughts were present to invoke such a strong emotional response. How to Uncover Y our Unhelpful Thoughts By a",,
CCI_ANXIETY_0dfa084f_00005_2ab990c9124f,CCI_ANXIETY,Anxiety self-help resources,interventions,direct_user_support,normal,"[""university_students"", ""young_adults"", ""adults""]","[""anxiety"", ""stress"", ""breathing"", ""relaxation"", ""cognitive_reframing"", ""exposure""]",en,pending,611,"As such, to get to those other thoughts, you might need to ask some of the following questions, called Thought Discovery Questions: “What is bad about that? ” “What is it that I see happening in this situation? ” “What am I concluding about",,
CCI_ANXIETY_0dfa084f_00006_4b52e16695ef,CCI_ANXIETY,Anxiety self-help resources,interventions,direct_user_support,normal,"[""university_students"", ""young_adults"", ""adults""]","[""anxiety"", ""stress"", ""breathing"", ""relaxation"", ""cognitive_reframing"", ""exposure""]",en,pending,841,"After you have done this, the next step is to do some ‘Detective Work‘ and ‘Disputation.’ At this point, it is important that you understand how to identify your feelings and thoughts surrounding a particular situation, especially one in wh",,
CCI_ANXIETY_0dfa084f_00007_f21cee25088d,CCI_ANXIETY,Anxiety self-help resources,interventions,direct_user_support,normal,"[""university_students"", ""young_adults"", ""adults""]","[""anxiety"", ""stress"", ""breathing"", ""relaxation"", ""cognitive_reframing"", ""exposure""]",en,pending,713,"Doing the ABC analysis is taking the first step toward learning to better manage your mood and helping yourself feel better. your thinking ""I don't want to be here"". ""…people will look at me and know that I am depressed"" ""Well, they will th",,
CCI_ANXIETY_45c7dc2b_00000_796014245b71,CCI_ANXIETY,Anxiety self-help resources,interventions,direct_user_support,normal,"[""university_students"", ""young_adults"", ""adults""]","[""anxiety"", ""stress"", ""breathing"", ""relaxation"", ""cognitive_reframing"", ""exposure""]",en,pending,860,"Shoulding and Musting : Sometimes by saying “I should…” or “I must…” you can put unreasonable demands or pressure on yourself and others. Although these statements are not always unhelpful (eg “I should not get drunk and drive home”), they ",,
CCI_ANXIETY_45c7dc2b_00001_f8fabd99918f,CCI_ANXIETY,Anxiety self-help resources,interventions,direct_user_support,normal,"[""university_students"", ""young_adults"", ""adults""]","[""anxiety"", ""stress"", ""breathing"", ""relaxation"", ""cognitive_reframing"", ""exposure""]",en,pending,704,"For example, the only evidence that something bad is going to happen is that you feel like something bad is going to happen. Magnification and Minimisation: In this thinking style, you magnify the positive attributes of other people and min",,
CCI_ANXIETY_45c7dc2b_00002_e5114112bd79,CCI_ANXIETY,Anxiety self-help resources,interventions,direct_user_support,normal,"[""university_students"", ""young_adults"", ""adults""]","[""anxiety"", ""stress"", ""breathing"", ""relaxation"", ""cognitive_reframing"", ""exposure""]",en,pending,873,Jumping to Conclusions: We jump to conclusions when we assume that we know what someone else is thinking (mind reading) and when we make predictions about what is going to happen in the future (predictive thinking). Personalisation: This in,,
CCI_ANXIETY_45c7dc2b_00003_6839680d6695,CCI_ANXIETY,Anxiety self-help resources,interventions,direct_user_support,normal,"[""university_students"", ""young_adults"", ""adults""]","[""anxiety"", ""stress"", ""breathing"", ""relaxation"", ""cognitive_reframing"", ""exposure""]",en,pending,886,"Centre for C linical I nterventions •Psychotherapy•Research•Training unhelpful thinking styles When a person experiences an unhelpful emotion (eg, depression or anxiety), it is usually preceded by a number of unhelpful self-statements and t",,
CCI_ANXIETY_45c7dc2b_00004_c1d0c4eb91ae,CCI_ANXIETY,Anxiety self-help resources,interventions,direct_user_support,normal,"[""university_students"", ""young_adults"", ""adults""]","[""anxiety"", ""stress"", ""breathing"", ""relaxation"", ""cognitive_reframing"", ""exposure""]",en,pending,418,They are not meant to be distinct categories but to help you see if there is a kind of pattern to your thoughts. This document is for information purposes only. Please refer to the full disclaimer and copyright statement available at http:/,,
CCI_ANXIETY_a7d60324_00000_0361f0155346,CCI_ANXIETY,Anxiety self-help resources,interventions,direct_user_support,normal,"[""university_students"", ""young_adults"", ""adults""]","[""anxiety"", ""stress"", ""breathing"", ""relaxation"", ""cognitive_reframing"", ""exposure""]",en,pending,784,This document is for information purposes only. Please refer to the full disclaimer and copyright statement available at http://www.cci.health.wa.gov.au regarding the information from this website before making use of such information. See ,,
CCI_ANXIETY_a7d60324_00001_181cad6293ad,CCI_ANXIETY,Anxiety self-help resources,interventions,direct_user_support,normal,"[""university_students"", ""young_adults"", ""adults""]","[""anxiety"", ""stress"", ""breathing"", ""relaxation"", ""cognitive_reframing"", ""exposure""]",en,pending,313,"When you jump to such negative conclusions about the future, you will tend to engage in unhelpful behaviours. You may tend to: Avoid the situation totally Try the situation out but escape when things seem too difficult Be overly cautious an",,
CCI_ANXIETY_a7d60324_00002_9eafebe01a58,CCI_ANXIETY,Anxiety self-help resources,interventions,direct_user_support,normal,"[""university_students"", ""young_adults"", ""adults""]","[""anxiety"", ""stress"", ""breathing"", ""relaxation"", ""cognitive_reframing"", ""exposure""]",en,pending,411,"The problem with these strategies is that they prevent you from actually testing out your predictions. This makes it very hard for you to ever have a different experience from what you expected, so you continue to expect the worst.  For exa",,
CCI_ANXIETY_a7d60324_00003_4f01920eb57a,CCI_ANXIETY,Anxiety self-help resources,interventions,direct_user_support,normal,"[""university_students"", ""young_adults"", ""adults""]","[""anxiety"", ""stress"", ""breathing"", ""relaxation"", ""cognitive_reframing"", ""exposure""]",en,pending,483,"Your usual response may be to either avoid the BBQ altogether, or to attend but to leave as soon as you feel uncomfortable, or to stand in the corner and speak only to one person you already know. This may help you reduce your discomfort in",,
CCI_ANXIETY_a7d60324_00004_c43d662c2394,CCI_ANXIETY,Anxiety self-help resources,interventions,direct_user_support,normal,"[""university_students"", ""young_adults"", ""adults""]","[""anxiety"", ""stress"", ""breathing"", ""relaxation"", ""cognitive_reframing"", ""exposure""]",en,pending,534,"A different approach could be to go to the BBQ, try your best to have a nice time and speak to others, and use the resulting experience as evidence to test your original negative prediction. Think of yourself as a scientist, putting your th",,
CCI_ANXIETY_a7d60324_00005_226b4e1a9270,CCI_ANXIETY,Anxiety self-help resources,interventions,direct_user_support,normal,"[""university_students"", ""young_adults"", ""adults""]","[""anxiety"", ""stress"", ""breathing"", ""relaxation"", ""cognitive_reframing"", ""exposure""]",en,pending,492,Centre for C linical I nterventions •Psychotherapy•Research•Training Planning your Behavioural Experiment 1.Be clear about the purpose of the experiment - the point is to test out your negative predictions and help you to develop more reali,,
CCI_ANXIETY_a7d60324_00006_1325816ec162,CCI_ANXIETY,Anxiety self-help resources,interventions,direct_user_support,normal,"[""university_students"", ""young_adults"", ""adults""]","[""anxiety"", ""stress"", ""breathing"", ""relaxation"", ""cognitive_reframing"", ""exposure""]",en,pending,176,3. What is an alternative prediction or belief? Rate how strongly you believe this alternative (0-100) I will find at least one person to talk to and will have an ok time. (10),,
CCI_ANXIETY_a7d60324_00007_e9009ee25a2a,CCI_ANXIETY,Anxiety self-help resources,interventions,direct_user_support,normal,"[""university_students"", ""young_adults"", ""adults""]","[""anxiety"", ""stress"", ""breathing"", ""relaxation"", ""cognitive_reframing"", ""exposure""]",en,pending,454,"4. Design the actual experiment - what will you do to test your prediction, when will you do it, how long will it take, and with whom? Try to be as specific as possible. There are no boundaries to how creative you can be, and it is ok to as",,
CCI_ANXIETY_a7d60324_00008_f8c187e3f3a7,CCI_ANXIETY,Anxiety self-help resources,interventions,direct_user_support,normal,"[""university_students"", ""young_adults"", ""adults""]","[""anxiety"", ""stress"", ""breathing"", ""relaxation"", ""cognitive_reframing"", ""exposure""]",en,pending,460,5.Make sure you set your experiment at an appropriate level. It is best to start simply and increase the challenge step-by-step. Identify likely problems and how to deal with them. There might not be anyone I know at the BBQ. But I will at ,,
CCI_ANXIETY_a7d60324_00009_5315e5394cf2,CCI_ANXIETY,Anxiety self-help resources,interventions,direct_user_support,normal,"[""university_students"", ""young_adults"", ""adults""]","[""anxiety"", ""stress"", ""breathing"", ""relaxation"", ""cognitive_reframing"", ""exposure""]",en,pending,538,"2. Write down what happened, what did you observe? Consider the evidence for and against your original prediction. What did this say about your negative prediction I felt quite nervous at first and wanted to leave. I used breathing to calm ",,
CCI_ANXIETY_a7d60324_00010_789a16234e6c,CCI_ANXIETY,Anxiety self-help resources,interventions,direct_user_support,normal,"[""university_students"", ""young_adults"", ""adults""]","[""anxiety"", ""stress"", ""breathing"", ""relaxation"", ""cognitive_reframing"", ""exposure""]",en,pending,402,3. What have you learned? I am capable of making conversation and enjoying myself in a casual social situation.  4. Rate how strongly you now believe in your original prediction and the alternative (0-100) I will have a terrible time at the,,
CCI_ANXIETY_f09c6cb2_00000_0a94d34411ad,CCI_ANXIETY,Anxiety self-help resources,interventions,direct_user_support,normal,"[""university_students"", ""young_adults"", ""adults""]","[""anxiety"", ""stress"", ""breathing"", ""relaxation"", ""cognitive_reframing"", ""exposure""]",en,pending,626,"Building Steps Towards Your Goal Now that you have a personal, realistic, achievable, measurable, and specific goal that you’d like to achieve, you can plan your “graded exposure” program. This involves breaking the goal down so that you ca",,
CCI_ANXIETY_f09c6cb2_00001_517957fd3e1d,CCI_ANXIETY,Anxiety self-help resources,interventions,direct_user_support,normal,"[""university_students"", ""young_adults"", ""adults""]","[""anxiety"", ""stress"", ""breathing"", ""relaxation"", ""cognitive_reframing"", ""exposure""]",en,pending,610,"• Psychotherapy • Research • Training CCI entre for linical nterventions Situational exposure One of the ways that people avoid feeling anxiety in certain situations is to avoid those situations wherever possible. However, by not exposing y",,
CCI_ANXIETY_f09c6cb2_00002_15e2743bd77e,CCI_ANXIETY,Anxiety self-help resources,interventions,direct_user_support,normal,"[""university_students"", ""young_adults"", ""adults""]","[""anxiety"", ""stress"", ""breathing"", ""relaxation"", ""cognitive_reframing"", ""exposure""]",en,pending,253,"DISTRESS 0-100  GOAL: To go out to a pub on a weekend night with friends and stay there for at least 2 hours STEP DISTRESS 0-100  Go to the local pub on a weekday afternoon (with a friend who knows about the problem), buy a soft drink and s",,
CCI_ANXIETY_f09c6cb2_00003_75725d61d988,CCI_ANXIETY,Anxiety self-help resources,interventions,direct_user_support,normal,"[""university_students"", ""young_adults"", ""adults""]","[""anxiety"", ""stress"", ""breathing"", ""relaxation"", ""cognitive_reframing"", ""exposure""]",en,pending,123,"Go to the local pub on a weekday afternoon (with a friend who knows about the problem), buy a soft drink and stay for 30min",,
CCI_ANXIETY_f09c6cb2_00004_30e06a8805ff,CCI_ANXIETY,Anxiety self-help resources,interventions,direct_user_support,normal,"[""university_students"", ""young_adults"", ""adults""]","[""anxiety"", ""stress"", ""breathing"", ""relaxation"", ""cognitive_reframing"", ""exposure""]",en,pending,103,"Go to the local pub on a weeknight (with a friend who knows about the problem), staying from 7pm to 8pm",,
CCI_ANXIETY_f09c6cb2_00005_134e533c9cfc,CCI_ANXIETY,Anxiety self-help resources,interventions,direct_user_support,normal,"[""university_students"", ""young_adults"", ""adults""]","[""anxiety"", ""stress"", ""breathing"", ""relaxation"", ""cognitive_reframing"", ""exposure""]",en,pending,107,"Go to the local pub on a weekend night (with a friend who knows about the problem), and stay for 30 minutes",,
CCI_ANXIETY_f09c6cb2_00006_8ec462d17c4b,CCI_ANXIETY,Anxiety self-help resources,interventions,direct_user_support,normal,"[""university_students"", ""young_adults"", ""adults""]","[""anxiety"", ""stress"", ""breathing"", ""relaxation"", ""cognitive_reframing"", ""exposure""]",en,pending,108,"Go to the local pub on a weekday night (with a friend who knows about the problem), staying from 8pm to 10pm",,
CCI_ANXIETY_f09c6cb2_00007_dd4cac72d0c6,CCI_ANXIETY,Anxiety self-help resources,interventions,direct_user_support,normal,"[""university_students"", ""young_adults"", ""adults""]","[""anxiety"", ""stress"", ""breathing"", ""relaxation"", ""cognitive_reframing"", ""exposure""]",en,pending,115,"Go to the local pub on a weekend night (some of the friends don’t know about the problem), staying from 8pm to 10pm",,
CCI_ANXIETY_f09c6cb2_00008_deed530d7ba9,CCI_ANXIETY,Anxiety self-help resources,interventions,direct_user_support,normal,"[""university_students"", ""young_adults"", ""adults""]","[""anxiety"", ""stress"", ""breathing"", ""relaxation"", ""cognitive_reframing"", ""exposure""]",en,pending,680,"Graded Exposure Some people might encourage you to tackle your biggest fear first – to “jump in the deep end” and get it over and done with. However, many people prefer to take it “step- by-step”, what some people call “graded exposure”. By",,
CCI_ANXIETY_f09c6cb2_00009_8fb1aaf226f4,CCI_ANXIETY,Anxiety self-help resources,interventions,direct_user_support,normal,"[""university_students"", ""young_adults"", ""adults""]","[""anxiety"", ""stress"", ""breathing"", ""relaxation"", ""cognitive_reframing"", ""exposure""]",en,pending,832,"Situations That You Avoid The first thing to do is to think about the situations that you fear and try to avoid. For example, some people might fear and avoid going to social places, or being assertive with others. Make a list of these situ",,
CCI_ANXIETY_f09c6cb2_00010_43257b50dcf2,CCI_ANXIETY,Anxiety self-help resources,interventions,direct_user_support,normal,"[""university_students"", ""young_adults"", ""adults""]","[""anxiety"", ""stress"", ""breathing"", ""relaxation"", ""cognitive_reframing"", ""exposure""]",en,pending,682,"For example, a situation that you avoid might be “Going to pubs“, which has a distress rating of 75. A goal for this might be “To go out to a pub on a weekend night with friends and stay there for at least 2 hours ”. When you are developing",,
CCI_ANXIETY_f09c6cb2_00011_5cd262dc6610,CCI_ANXIETY,Anxiety self-help resources,interventions,direct_user_support,normal,"[""university_students"", ""young_adults"", ""adults""]","[""anxiety"", ""stress"", ""breathing"", ""relaxation"", ""cognitive_reframing"", ""exposure""]",en,pending,797,"climbing the steps 1) One step at a time. Climbing a stepladder is not about taking one giant leap, it’s about taking one small step at a time. You begin with the least difficult step and gradually work your way up the step ladder getting u",,
CCI_ANXIETY_f09c6cb2_00012_8763ef8dab22,CCI_ANXIETY,Anxiety self-help resources,interventions,direct_user_support,normal,"[""university_students"", ""young_adults"", ""adults""]","[""anxiety"", ""stress"", ""breathing"", ""relaxation"", ""cognitive_reframing"", ""exposure""]",en,pending,774,"When you are comfortable with a particular step, admit to your successes and acknowledge the steps that you’ve made so far. 5) Stepbacks. We all have our up and down days, and sometimes you might think you’ve taken a ‘step-back’ because the",,
CCI_ANXIETY_f09c6cb2_00013_a877f0680173,CCI_ANXIETY,Anxiety self-help resources,interventions,direct_user_support,normal,"[""university_students"", ""young_adults"", ""adults""]","[""anxiety"", ""stress"", ""breathing"", ""relaxation"", ""cognitive_reframing"", ""exposure""]",en,pending,400,You could use the following columns • Situation: Describe the step and the situation • Expected Distress: Indicate the distress level you expected (0-100) • Actual Distress: Indicate the level of distress you actually experienced • Outcome:,,
CCI_ANXIETY_f09c6cb2_00014_c45019cccd9b,CCI_ANXIETY,Anxiety self-help resources,interventions,direct_user_support,normal,"[""university_students"", ""young_adults"", ""adults""]","[""anxiety"", ""stress"", ""breathing"", ""relaxation"", ""cognitive_reframing"", ""exposure""]",en,pending,493,"If you’re having difficulties with situational exposure tasks, talk to a professional so that they can guide you through the process. • Psychotherapy • Research • Training CCI entre for linical nterventions Situational exposure Climbing Ste",,
CCI_ANXIETY_f09c6cb2_00015_e558a9f37ea9,CCI_ANXIETY,Anxiety self-help resources,interventions,direct_user_support,normal,"[""university_students"", ""young_adults"", ""adults""]","[""anxiety"", ""stress"", ""breathing"", ""relaxation"", ""cognitive_reframing"", ""exposure""]",en,pending,772,"before the first step 1) Coping with anxiety. Before you start on a situational exposure exercise, it is useful to have developed ways of coping with the distress you might feel in the situation. Using well practised breathing techniques ca",,
CCI_ANXIETY_f09c6cb2_00016_a5b192b20f8d,CCI_ANXIETY,Anxiety self-help resources,interventions,direct_user_support,normal,"[""university_students"", ""young_adults"", ""adults""]","[""anxiety"", ""stress"", ""breathing"", ""relaxation"", ""cognitive_reframing"", ""exposure""]",en,pending,840,"completing a step 1) Expect some anxiety. When you enter the situation – at any step - remember that you’ll probably experience some anxiety or discomfort. That’s why it’s important to start small, and work your way up. 2) Use your skills. ",,
CCI_ANXIETY_f09c6cb2_00017_e79613d90b18,CCI_ANXIETY,Anxiety self-help resources,interventions,direct_user_support,normal,"[""university_students"", ""young_adults"", ""adults""]","[""anxiety"", ""stress"", ""breathing"", ""relaxation"", ""cognitive_reframing"", ""exposure""]",en,pending,356,Stay involved in the situation by noticing what is happening and really experiencing the situation. Really taking part in these situations is the only way to make sure you get used to the anxiety. 5) Stay sober. Staying involved means being,,
CCI_ANXIETY_047a37ef_00000_512602b86adf,CCI_ANXIETY,Anxiety self-help resources,interventions,direct_user_support,normal,"[""university_students"", ""young_adults"", ""adults""]","[""anxiety"", ""stress"", ""breathing"", ""relaxation"", ""cognitive_reframing"", ""exposure""]",en,pending,742,"What are safety behaviours? Safety behaviours are used in an attempt to prevent fears from coming true and to feel more comfortable in situations we are anxious about. If we believe that a situation will not go well, we are likely to feel a",,
CCI_ANXIETY_047a37ef_00001_aedfd488100e,CCI_ANXIETY,Anxiety self-help resources,interventions,direct_user_support,normal,"[""university_students"", ""young_adults"", ""adults""]","[""anxiety"", ""stress"", ""breathing"", ""relaxation"", ""cognitive_reframing"", ""exposure""]",en,pending,481,"For example, someone might wear headphones on public transport to listen to music for enjoyment, rather than because they are anxious about speaking to people. This highlights that it is not the behaviour itself, but the function of the beh",,
CCI_ANXIETY_047a37ef_00002_e2dea329c529,CCI_ANXIETY,Anxiety self-help resources,interventions,direct_user_support,normal,"[""university_students"", ""young_adults"", ""adults""]","[""anxiety"", ""stress"", ""breathing"", ""relaxation"", ""cognitive_reframing"", ""exposure""]",en,pending,429,"Why are safety behaviours a problem? Safety behaviours may seem helpful, because they reduce anxiety in the short-term. Unfortunately they keep anxiety going in the longer term because...   Safety behaviours stop us from directly testing o",,
CCI_ANXIETY_047a37ef_00003_2becf2e47dc2,CCI_ANXIETY,Anxiety self-help resources,interventions,direct_user_support,normal,"[""university_students"", ""young_adults"", ""adults""]","[""anxiety"", ""stress"", ""breathing"", ""relaxation"", ""cognitive_reframing"", ""exposure""]",en,pending,426," Safety behaviours can become ‘self-fulfilling prophecies’. Safety behaviours can actually cause the outcomes we are trying to prevent by using them. For instance, imagine if I stay quiet at work meetings because I am worried about saying ",,
CCI_ANXIETY_047a37ef_00004_9a92de0ae68e,CCI_ANXIETY,Anxiety self-help resources,interventions,direct_user_support,normal,"[""university_students"", ""young_adults"", ""adults""]","[""anxiety"", ""stress"", ""breathing"", ""relaxation"", ""cognitive_reframing"", ""exposure""]",en,pending,490," If our fears don’t come true we mistakenly ‘thank’ the safety behaviour. If we use our safety behaviours and our fears don’t come true, we might believe that the safety behaviours ‘prevented’ our fears. As a result we can become very depe",,
CCI_ANXIETY_047a37ef_00005_11c41df678dc,CCI_ANXIETY,Anxiety self-help resources,interventions,direct_user_support,normal,"[""university_students"", ""young_adults"", ""adults""]","[""anxiety"", ""stress"", ""breathing"", ""relaxation"", ""cognitive_reframing"", ""exposure""]",en,pending,257," Safety behaviours increase our self-focused attention. Safety behaviours often take our focus off the ‘task at hand’, and instead our awareness becomes overly focused on ourselves (e.g. our thoughts, how we are feeling), which can lead to",,
CCI_ANXIETY_047a37ef_00006_921a8da5f5bc,CCI_ANXIETY,Anxiety self-help resources,interventions,direct_user_support,normal,"[""university_students"", ""young_adults"", ""adults""]","[""anxiety"", ""stress"", ""breathing"", ""relaxation"", ""cognitive_reframing"", ""exposure""]",en,pending,610,"If anxiety stays high after repeatedly confronting a situation, you are likely using safety behaviours that are preventing you from directly testing your fears. It’s important to recognise safety behaviours so you can plan to stop using the",,
CCI_ANXIETY_047a37ef_00007_36f468a3e1f3,CCI_ANXIETY,Anxiety self-help resources,interventions,direct_user_support,normal,"[""university_students"", ""young_adults"", ""adults""]","[""anxiety"", ""stress"", ""breathing"", ""relaxation"", ""cognitive_reframing"", ""exposure""]",en,pending,459,Behaviour Fear the behaviour is intended to prevent Staying quiet in social situations If I talk I might say something stupid and I would feel humiliated Not touching things in public If I touch something in public I could get sick and die ,,
CCI_ANXIETY_e35a71cf_00000_1c3fadb1fabd,CCI_ANXIETY,Anxiety self-help resources,interventions,direct_user_support,normal,"[""university_students"", ""young_adults"", ""adults""]","[""anxiety"", ""stress"", ""breathing"", ""relaxation"", ""cognitive_reframing"", ""exposure""]",en,pending,829,"Retraining Breathing Everyone knows that breathing is an essential part of life, but did you know that breathing plays an essential role in anxiety? This information sheet will briefly discuss the role of breathing in anxiety and guide you ",,
CCI_ANXIETY_e35a71cf_00001_18e29d25683f,CCI_ANXIETY,Anxiety self-help resources,interventions,direct_user_support,normal,"[""university_students"", ""young_adults"", ""adults""]","[""anxiety"", ""stress"", ""breathing"", ""relaxation"", ""cognitive_reframing"", ""exposure""]",en,pending,453,"Anxious breathing You probably already know that we breathe in to obtain oxygen and we breathe out to expel carbon dioxide. The body naturally maintains optimal levels of oxygen and carbon dioxide, and this balance is in part maintained thr",,
CCI_ANXIETY_e35a71cf_00002_5877c0cdf233,CCI_ANXIETY,Anxiety self-help resources,interventions,direct_user_support,normal,"[""university_students"", ""young_adults"", ""adults""]","[""anxiety"", ""stress"", ""breathing"", ""relaxation"", ""cognitive_reframing"", ""exposure""]",en,pending,454,"Anxiety causes an increase in our breathing rate, as part of the physical fight or flight response to a perceived threat. However, when our breathing rate increases without any physical exertion, we breathe out too much carbon dioxide. If t",,
CCI_ANXIETY_e35a71cf_00003_f98285e97ddd,CCI_ANXIETY,Anxiety self-help resources,interventions,direct_user_support,normal,"[""university_students"", ""young_adults"", ""adults""]","[""anxiety"", ""stress"", ""breathing"", ""relaxation"", ""cognitive_reframing"", ""exposure""]",en,pending,86,The normal rate of breathing is 10-14 breaths per minute – what’s your breathing rate?,,
CCI_ANXIETY_e35a71cf_00004_40a28a732eae,CCI_ANXIETY,Anxiety self-help resources,interventions,direct_user_support,normal,"[""university_students"", ""young_adults"", ""adults""]","[""anxiety"", ""stress"", ""breathing"", ""relaxation"", ""cognitive_reframing"", ""exposure""]",en,pending,486,"While temporary overbreathing and hyperventilation are not specifically dangerous (it’s even used in medical testing!), continued overbreathing can leave you feeling exhausted or “on edge” so that you’re more likely to respond to stressful ",,
CCI_ANXIETY_e35a71cf_00005_2b57acfbc725,CCI_ANXIETY,Anxiety self-help resources,interventions,direct_user_support,normal,"[""university_students"", ""young_adults"", ""adults""]","[""anxiety"", ""stress"", ""breathing"", ""relaxation"", ""cognitive_reframing"", ""exposure""]",en,pending,316,"1 Ensure that you are sitting on a comfortable chair or laying on a bed 2 Take a breath in for 4 seconds (through the nose if possible 3 Hold the breath for 2 seconds 4 Release the breath taking 6 seconds (through the nose if possible)., th",,
CCI_ANXIETY_e35a71cf_00006_159f022885fa,CCI_ANXIETY,Anxiety self-help resources,interventions,direct_user_support,normal,"[""university_students"", ""young_adults"", ""adults""]","[""anxiety"", ""stress"", ""breathing"", ""relaxation"", ""cognitive_reframing"", ""exposure""]",en,pending,473," When you first begin changing your breathing, it may be difficult to slow your breathing down to this rate. You may wish to try using a 3-in, 1- hold, 4-out breathing rate to start off with.   When you are doing your breathing exercises,",,
CCI_ANXIETY_e35a71cf_00007_5e8a7de7fda7,CCI_ANXIETY,Anxiety self-help resources,interventions,direct_user_support,normal,"[""university_students"", ""young_adults"", ""adults""]","[""anxiety"", ""stress"", ""breathing"", ""relaxation"", ""cognitive_reframing"", ""exposure""]",en,pending,248," Try to practise at least once or twice a day at a time when you can relax, relatively free from distraction. This will help to develop a more relaxed breathing habit. The key to progress really is practise, so try to set aside some time e",,
CCI_ANXIETY_e35a71cf_00008_bd516921dece,CCI_ANXIETY,Anxiety self-help resources,interventions,direct_user_support,normal,"[""university_students"", ""young_adults"", ""adults""]","[""anxiety"", ""stress"", ""breathing"", ""relaxation"", ""cognitive_reframing"", ""exposure""]",en,pending,275,"By using breathing retraining you can slow your breathing down and reduce your general level anxiety. With enough practice, it can even help to better cope with anxiety when you are in an anxious situation. Centre for C linical I nterventio",,
CCI_ANXIETY_6da11762_00000_1f1c13f199f2,CCI_ANXIETY,Anxiety self-help resources,interventions,direct_user_support,normal,"[""university_students"", ""young_adults"", ""adults""]","[""anxiety"", ""stress"", ""breathing"", ""relaxation"", ""cognitive_reframing"", ""exposure""]",en,pending,851,"Muscle tension Muscle tension is commonly associated with stress, anxiety and fear as part of a process that helps our bodies prepare for potentially dangerous situations. Even though some of those situations may not actually be dangerous, ",,
CCI_ANXIETY_6da11762_00001_aa0e58e1323c,CCI_ANXIETY,Anxiety self-help resources,interventions,direct_user_support,normal,"[""university_students"", ""young_adults"", ""adults""]","[""anxiety"", ""stress"", ""breathing"", ""relaxation"", ""cognitive_reframing"", ""exposure""]",en,pending,692,"When you are beginning to practice progressive muscle relaxation exercises keep in mind the folloing points. • Physical injuries. If you have any injuries, or a history of physical problems that may cause muscle pain, always consult your do",,
CCI_ANXIETY_6da11762_00002_263a9b5bfb1a,CCI_ANXIETY,Anxiety self-help resources,interventions,direct_user_support,normal,"[""university_students"", ""young_adults"", ""adults""]","[""anxiety"", ""stress"", ""breathing"", ""relaxation"", ""cognitive_reframing"", ""exposure""]",en,pending,609,"1 Once you’ve set aside the time and place for relaxation, slow down your breathing and give yourself permission to relax. 2 When you are ready to begi n, tense the muscle group described. Make sure you can feel the tension, but not so much",,
CCI_ANXIETY_6da11762_00003_a3076abce50f,CCI_ANXIETY,Anxiety self-help resources,interventions,direct_user_support,normal,"[""university_students"", ""young_adults"", ""adults""]","[""anxiety"", ""stress"", ""breathing"", ""relaxation"", ""cognitive_reframing"", ""exposure""]",en,pending,900,1. Right hand and forearm. Make a fist with your right hand. 2. Right upper arm. Bring your right forearm up to your shoulder to “make a muscle”. 3. Left hand and forearm. 4. Left upper arm. 5. Forehead. Raise your eyebrows as high as they ,,
CCI_ANXIETY_6da11762_00004_77a96016c2e4,CCI_ANXIETY,Anxiety self-help resources,interventions,direct_user_support,normal,"[""university_students"", ""young_adults"", ""adults""]","[""anxiety"", ""stress"", ""breathing"", ""relaxation"", ""cognitive_reframing"", ""exposure""]",en,pending,407,Hips and buttocks. Squeeze your buttock muscles 13. Right upper leg. Tighten your right thigh. 14. Right lower leg. ! ! ! Do this slowly and carefully to avoid cramps. Pull your toes towards you to stretch the calf muscle. 15. Right foot. C,,
CCI_ANXIETY_6da11762_00005_45c36c3ef57f,CCI_ANXIETY,Anxiety self-help resources,interventions,direct_user_support,normal,"[""university_students"", ""young_adults"", ""adults""]","[""anxiety"", ""stress"", ""breathing"", ""relaxation"", ""cognitive_reframing"", ""exposure""]",en,pending,863,"Practice means progress. Only through practice can you become more aware of your muscles, how they respond with tension, and how you can relax them. Training your body to respond differently to stress is like any training – practising consi",,
CCI_ANXIETY_b7cb1148_00000_48477107cb29,CCI_ANXIETY,Anxiety self-help resources,interventions,direct_user_support,normal,"[""university_students"", ""young_adults"", ""adults""]","[""anxiety"", ""stress"", ""breathing"", ""relaxation"", ""cognitive_reframing"", ""exposure""]",en,pending,862,"stress Stress Management Tips 1) Identify your stressors, and see if there are some things within your control to manage better. Some things will be beyond your control, for example if you work a job that is based on working towards deadlin",,
CCI_ANXIETY_b7cb1148_00001_3385f5bbd89c,CCI_ANXIETY,Anxiety self-help resources,interventions,direct_user_support,normal,"[""university_students"", ""young_adults"", ""adults""]","[""anxiety"", ""stress"", ""breathing"", ""relaxation"", ""cognitive_reframing"", ""exposure""]",en,pending,788,"If you find it hard to make time for this, perhaps you need to take deliberate steps to have time out, such as set aside one evening a week where you meet up with friends or enjoy a hobby, or set aside one day of the weekend for relaxing at",,
CCI_ANXIETY_b7cb1148_00002_3b1ea879c9c3,CCI_ANXIETY,Anxiety self-help resources,interventions,direct_user_support,normal,"[""university_students"", ""young_adults"", ""adults""]","[""anxiety"", ""stress"", ""breathing"", ""relaxation"", ""cognitive_reframing"", ""exposure""]",en,pending,581,"7) You may wish to speak to a professional about assertiveness training and communication skills which can help you to deal with challenging situations more effectively, thereby reducing stress. See the handout Assertive Communication. 8) L",,
CCI_ANXIETY_b7cb1148_00003_3e883008cac6,CCI_ANXIETY,Anxiety self-help resources,interventions,direct_user_support,normal,"[""university_students"", ""young_adults"", ""adults""]","[""anxiety"", ""stress"", ""breathing"", ""relaxation"", ""cognitive_reframing"", ""exposure""]",en,pending,391,"Centre for C linical I nterventions •Psychotherapy•Research•Training Stress and Stressors Stress is something that is part of normal life, in that it is experienced by everyone from time-to-time. However, some people suffer from stress whic",,
CCI_ANXIETY_b7cb1148_00004_3d9929e0dabd,CCI_ANXIETY,Anxiety self-help resources,interventions,direct_user_support,normal,"[""university_students"", ""young_adults"", ""adults""]","[""anxiety"", ""stress"", ""breathing"", ""relaxation"", ""cognitive_reframing"", ""exposure""]",en,pending,281,"◊ Relationships with others ◊ Work-related issues ◊ Study demands ◊ Coping with illness ◊ Life changes, such as marriage, retirement, divorce ◊ Day-to-day activities and tasks ◊ Positive events, such as organising holidays or parties ◊ Jugg",,
CCI_ANXIETY_b7cb1148_00005_2e806a19b73c,CCI_ANXIETY,Anxiety self-help resources,interventions,direct_user_support,normal,"[""university_students"", ""young_adults"", ""adults""]","[""anxiety"", ""stress"", ""breathing"", ""relaxation"", ""cognitive_reframing"", ""exposure""]",en,pending,341,"Some people are aware of what tends to trigger their stress, and this increases their ability to either prevent stress or to handle it more effectively. Many others are less able to deal with stress, and identifying stressors is a key step ",,
CCI_ANXIETY_b7cb1148_00006_e6fc882bfbc8,CCI_ANXIETY,Anxiety self-help resources,interventions,direct_user_support,normal,"[""university_students"", ""young_adults"", ""adults""]","[""anxiety"", ""stress"", ""breathing"", ""relaxation"", ""cognitive_reframing"", ""exposure""]",en,pending,455,"Symptoms of Stress Some people do not even notice that they are stressed until symptoms begin to occur, including: ◊ Irritability or moodiness ◊ Interrupted sleep ◊ Worrying or feeling of anxiety ◊ Back and neck pain ◊ Frequent headaches, m",,
CCI_ANXIETY_b7cb1148_00007_1a5b31905f9e,CCI_ANXIETY,Anxiety self-help resources,interventions,direct_user_support,normal,"[""university_students"", ""young_adults"", ""adults""]","[""anxiety"", ""stress"", ""breathing"", ""relaxation"", ""cognitive_reframing"", ""exposure""]",en,pending,600,"These symptoms reduce quality of life, and people suffering from stress may notice that work performance or relationships suffer more as a result. You may be able to use some the strategies listed here, or you may find it useful to consult ",,
CCI_ANXIETY_fe153a0e_00000_8ab79f3be3d4,CCI_ANXIETY,Anxiety self-help resources,interventions,direct_user_support,normal,"[""university_students"", ""young_adults"", ""adults""]","[""anxiety"", ""stress"", ""breathing"", ""relaxation"", ""cognitive_reframing"", ""exposure""]",en,pending,499,Why do they feel the same?  Stress and anxiety can both trigger the ‘fight or flight’ response in our body so physically the two experiences can feel similar. The ‘fight or flight’ response is the automatic physiological reactions that occu,,
CCI_ANXIETY_fe153a0e_00001_35290120878d,CCI_ANXIETY,Anxiety self-help resources,interventions,direct_user_support,normal,"[""university_students"", ""young_adults"", ""adults""]","[""anxiety"", ""stress"", ""breathing"", ""relaxation"", ""cognitive_reframing"", ""exposure""]",en,pending,621,"How to manage stress To manage stress, it can helpful to identify the stressors. Once we clearly identify the thing or things making us feel stressed, we can focus our energies on how to problem solve and manage the situation (see our ‘Prob",,
CCI_ANXIETY_fe153a0e_00002_b12c2036c1b9,CCI_ANXIETY,Anxiety self-help resources,interventions,direct_user_support,normal,"[""university_students"", ""young_adults"", ""adults""]","[""anxiety"", ""stress"", ""breathing"", ""relaxation"", ""cognitive_reframing"", ""exposure""]",en,pending,278,"How to manage anxiety Normal anxiety comes and goes and generally we cope by ‘surfing the wave’ of emotion. By that we mean that we notice our anxiety rising, peaking and ultimately subsiding. We usually do nothing more than sit with the un",,
CCI_ANXIETY_fe153a0e_00003_bfe5e8e7c0a6,CCI_ANXIETY,Anxiety self-help resources,interventions,direct_user_support,normal,"[""university_students"", ""young_adults"", ""adults""]","[""anxiety"", ""stress"", ""breathing"", ""relaxation"", ""cognitive_reframing"", ""exposure""]",en,pending,513,"The key to effectively managing persistent and problematic anxiety is to understand and target the components that keep the anxiety going. Managing anxiety involves re-evaluating the threat, approaching and testing feared and avoided situat",,
CCI_ANXIETY_fe153a0e_00004_54cb5939b95b,CCI_ANXIETY,Anxiety self-help resources,interventions,direct_user_support,normal,"[""university_students"", ""young_adults"", ""adults""]","[""anxiety"", ""stress"", ""breathing"", ""relaxation"", ""cognitive_reframing"", ""exposure""]",en,pending,767,C entre for C linical I nterventions •Psychotherapy•Research•Training What is stress? Although everybody can describe feeling stressed at some time or another there is no universal definition. A simple way of explaining stress is that it in,,
CCI_ANXIETY_fe153a0e_00005_c7b113391aa2,CCI_ANXIETY,Anxiety self-help resources,interventions,direct_user_support,normal,"[""university_students"", ""young_adults"", ""adults""]","[""anxiety"", ""stress"", ""breathing"", ""relaxation"", ""cognitive_reframing"", ""exposure""]",en,pending,274,"What is anxiety?  Some anxiety is completely normal. Common situations in which people experience anxiety include going for a job interview, giving a speech, or trying something new. Although anxiety feels uncomfortable, most people will ma",,
CCI_ANXIETY_fe153a0e_00006_c2823fd6011e,CCI_ANXIETY,Anxiety self-help resources,interventions,direct_user_support,normal,"[""university_students"", ""young_adults"", ""adults""]","[""anxiety"", ""stress"", ""breathing"", ""relaxation"", ""cognitive_reframing"", ""exposure""]",en,pending,400,"Problematic anxiety is characterised by fear that is out of proportion to the situation we are facing. When people feel anxious they will often avoid certain things or situations, even when there is no actual danger. Anxiety may be triggere",,
CCI_ANXIETY_fe153a0e_00007_afac5bc32a46,CCI_ANXIETY,Anxiety self-help resources,interventions,direct_user_support,normal,"[""university_students"", ""young_adults"", ""adults""]","[""anxiety"", ""stress"", ""breathing"", ""relaxation"", ""cognitive_reframing"", ""exposure""]",en,pending,366,"Sometimes people can experience anxiety to such a level that it begins to interfere with their day-to-day lives. When this happens, the anxiety response is considered excessive and is sometimes diagnosed as a type of anxiety disorder. Anxie",,
CCI_ANXIETY_fe153a0e_00008_c4b8a3439c6e,CCI_ANXIETY,Anxiety self-help resources,interventions,direct_user_support,normal,"[""university_students"", ""young_adults"", ""adults""]","[""anxiety"", ""stress"", ""breathing"", ""relaxation"", ""cognitive_reframing"", ""exposure""]",en,pending,886,anxiety Stress and Stress and anxiety are two things we hear a lot about and are both very common reactions in everyday life. This is understandable as both stress and anxiety can be triggered when we are dealing with difficult situations a,,
CCI_ANXIETY_cd347c73_00000_de2c4cedad48,CCI_ANXIETY,Anxiety self-help resources,interventions,direct_user_support,normal,"[""university_students"", ""young_adults"", ""adults""]","[""anxiety"", ""stress"", ""breathing"", ""relaxation"", ""cognitive_reframing"", ""exposure""]",en,pending,52,enjoy the benefits of increasing fitness and energy.,,
CCI_ANXIETY_cd347c73_00001_b6ed0c514f36,CCI_ANXIETY,Anxiety self-help resources,interventions,direct_user_support,normal,"[""university_students"", ""young_adults"", ""adults""]","[""anxiety"", ""stress"", ""breathing"", ""relaxation"", ""cognitive_reframing"", ""exposure""]",en,pending,596,"You might notice opportunities to get active in small ways throughout your day, such as taking the stairs rather than the lift, parking as far away from your office as possible, hosting walking meetings, and dancing around the house like no",,
CCI_ANXIETY_cd347c73_00002_11b9a2d276fc,CCI_ANXIETY,Anxiety self-help resources,interventions,direct_user_support,normal,"[""university_students"", ""young_adults"", ""adults""]","[""anxiety"", ""stress"", ""breathing"", ""relaxation"", ""cognitive_reframing"", ""exposure""]",en,pending,816,"How much exercise do I need to do? To improve physical and mental health, the World Health Organization recommends adults should exercise between 75—150 minutes a week, depending on the intensity of the exercise. There is some evidence that",,
CCI_ANXIETY_cd347c73_00003_aa22862613f4,CCI_ANXIETY,Anxiety self-help resources,interventions,direct_user_support,normal,"[""university_students"", ""young_adults"", ""adults""]","[""anxiety"", ""stress"", ""breathing"", ""relaxation"", ""cognitive_reframing"", ""exposure""]",en,pending,566,"Decide what activity interests you most, then take the steps required to get started. Call your friend or the sports club to make the arrangements. Put on your runners. Walk out the door. And get moving! Action often needs to come before mo",,
CCI_ANXIETY_cd347c73_00004_ae5a621b1cb7,CCI_ANXIETY,Anxiety self-help resources,interventions,direct_user_support,normal,"[""university_students"", ""young_adults"", ""adults""]","[""anxiety"", ""stress"", ""breathing"", ""relaxation"", ""cognitive_reframing"", ""exposure""]",en,pending,103,C entre for C linical I nterventions •Psychotherapy•Research•Training How can exercise help my anxiety?,,
CCI_ANXIETY_cd347c73_00005_e3c5fa5e856a,CCI_ANXIETY,Anxiety self-help resources,interventions,direct_user_support,normal,"[""university_students"", ""young_adults"", ""adults""]","[""anxiety"", ""stress"", ""breathing"", ""relaxation"", ""cognitive_reframing"", ""exposure""]",en,pending,596,"There is good research showing that physical exercise improves physical and mental health, including anxiety and depression. People who exercise are less likely to have an anxiety disorder, and exercise naturally increases some of the brain",,
CCI_ANXIETY_cd347c73_00006_59b07f6f294d,CCI_ANXIETY,Anxiety self-help resources,interventions,direct_user_support,normal,"[""university_students"", ""young_adults"", ""adults""]","[""anxiety"", ""stress"", ""breathing"", ""relaxation"", ""cognitive_reframing"", ""exposure""]",en,pending,79,"But I’m working with a therapist or taking medication, so why exercise as well?",,
CCI_ANXIETY_cd347c73_00007_87cdf5cfb8b8,CCI_ANXIETY,Anxiety self-help resources,interventions,direct_user_support,normal,"[""university_students"", ""young_adults"", ""adults""]","[""anxiety"", ""stress"", ""breathing"", ""relaxation"", ""cognitive_reframing"", ""exposure""]",en,pending,537,Exercise has been shown to provide added benefit to medication or psychological treatments. One study of people with anxiety disorders showed that combining cognitive behaviour therapy with at least 150 minutes of walking per week resulted ,,
CCI_ANXIETY_cd347c73_00008_6cdf534b9545,CCI_ANXIETY,Anxiety self-help resources,interventions,direct_user_support,normal,"[""university_students"", ""young_adults"", ""adults""]","[""anxiety"", ""stress"", ""breathing"", ""relaxation"", ""cognitive_reframing"", ""exposure""]",en,pending,407,"But I don’t like gyms! If you like attending a gym, then great! But gyms don’t suit everybody, and if they aren’t your thing then there are heaps of ways to exercise! Studies that have investigated the impact of exercise on anxiety have loo",,
CCI_ANXIETY_cd347c73_00009_7be69c305d00,CCI_ANXIETY,Anxiety self-help resources,interventions,direct_user_support,normal,"[""university_students"", ""young_adults"", ""adults""]","[""anxiety"", ""stress"", ""breathing"", ""relaxation"", ""cognitive_reframing"", ""exposure""]",en,pending,870,"Dancing classes, hiking, ball games, skipping, rock climbing, yoga, hula hooping, team sports, boxercise, trampolining, cycling, martial arts, group fitness classes, taking a pet for a walk, bowling, swimming, Zumba, workout videos, kayakin",,
CCI_ANXIETY_cd347c73_00010_5341cda793ed,CCI_ANXIETY,Anxiety self-help resources,interventions,direct_user_support,normal,"[""university_students"", ""young_adults"", ""adults""]","[""anxiety"", ""stress"", ""breathing"", ""relaxation"", ""cognitive_reframing"", ""exposure""]",en,pending,259,Please refer to the full disclaimer and copyright statement available at http :// www.cci.health.wa.gov.au regarding the information from this website before making use of such information. See website www.cci.health.wa.gov.au for more hand,,
CCI_ANXIETY_e4c36f6d_00000_d9ffc6076b64,CCI_ANXIETY,Anxiety self-help resources,interventions,direct_user_support,normal,"[""university_students"", ""young_adults"", ""adults""]","[""anxiety"", ""stress"", ""breathing"", ""relaxation"", ""cognitive_reframing"", ""exposure""]",en,pending,312,"What is needle phobia? Phobias are an intense and distressing fear of an object, animal, situation or experience. They can be quite debilitating and may cause us to avoid certain tasks or activities, to the point that we neglect important m",,
CCI_ANXIETY_e4c36f6d_00001_3c6b4e602630,CCI_ANXIETY,Anxiety self-help resources,interventions,direct_user_support,normal,"[""university_students"", ""young_adults"", ""adults""]","[""anxiety"", ""stress"", ""breathing"", ""relaxation"", ""cognitive_reframing"", ""exposure""]",en,pending,351,Needle phobia is a common medical phobia. Up to 10% of people experience a moderate to severe phobia of needles (although many more have a mild fear). This fear often begins in childhood but can also develop later in adolescence or adulthoo,,
CCI_ANXIETY_e4c36f6d_00002_af5c9512e2d1,CCI_ANXIETY,Anxiety self-help resources,interventions,direct_user_support,normal,"[""university_students"", ""young_adults"", ""adults""]","[""anxiety"", ""stress"", ""breathing"", ""relaxation"", ""cognitive_reframing"", ""exposure""]",en,pending,722,"Symptoms of needle phobia You may experience a range of physical sensations associated with the fear response. These may occur as you prepare to get a needle; for example, while sitting in the waiting room or waiting for an injection to be ",,
CCI_ANXIETY_e4c36f6d_00003_e79042d8d861,CCI_ANXIETY,Anxiety self-help resources,interventions,direct_user_support,normal,"[""university_students"", ""young_adults"", ""adults""]","[""anxiety"", ""stress"", ""breathing"", ""relaxation"", ""cognitive_reframing"", ""exposure""]",en,pending,820,"Needles and fainting Fainting is a common experience, with around half of people with a needle phobia having fainted at least once. This reaction is unique to needle phobia and does not occur in other phobias. Fainting related to needle pho",,
CCI_ANXIETY_e4c36f6d_00004_15966a549ed9,CCI_ANXIETY,Anxiety self-help resources,interventions,direct_user_support,normal,"[""university_students"", ""young_adults"", ""adults""]","[""anxiety"", ""stress"", ""breathing"", ""relaxation"", ""cognitive_reframing"", ""exposure""]",en,pending,370,"Causes of needle phobia For some people, their phobia can be triggered by a past bad experience with a needle. We may also learn to fear needles through observing other people’s reactions and attitudes to needles, or receiving information t",,
CCI_ANXIETY_e4c36f6d_00005_2fb2b5a29336,CCI_ANXIETY,Anxiety self-help resources,interventions,direct_user_support,normal,"[""university_students"", ""young_adults"", ""adults""]","[""anxiety"", ""stress"", ""breathing"", ""relaxation"", ""cognitive_reframing"", ""exposure""]",en,pending,742,"The way we think about needles has a direct impact on the activation of our fear response. In some cases we might have clear predictions that something bad will happen, like the needle will be really painful, or that something will go wrong",,
CCI_ANXIETY_e4c36f6d_00006_b33a8acb03ab,CCI_ANXIETY,Anxiety self-help resources,interventions,direct_user_support,normal,"[""university_students"", ""young_adults"", ""adults""]","[""anxiety"", ""stress"", ""breathing"", ""relaxation"", ""cognitive_reframing"", ""exposure""]",en,pending,678,"Once we have a needle phobia, we tend to avoid situations with needles altogether; or we endure them with a high level of distress. Sometimes we might do things to help prevent our fear from coming true – for example, using a local anaesthe",,
CCI_ANXIETY_e4c36f6d_00007_d32f293908fa,CCI_ANXIETY,Anxiety self-help resources,interventions,direct_user_support,normal,"[""university_students"", ""young_adults"", ""adults""]","[""anxiety"", ""stress"", ""breathing"", ""relaxation"", ""cognitive_reframing"", ""exposure""]",en,pending,580,"What can be done about needle phobia? The good news is that there are things you can do to overcome needle phobia, by safely and gradually learning to test your fears. Take a look at our information sheet ‘Overcoming Needle Phobia’ to find ",,
CCI_ANXIETY_2163d89d_00000_66275e721f65,CCI_ANXIETY,Anxiety self-help resources,interventions,direct_user_support,normal,"[""university_students"", ""young_adults"", ""adults""]","[""anxiety"", ""stress"", ""breathing"", ""relaxation"", ""cognitive_reframing"", ""exposure""]",en,pending,406,Overcoming any phobia involves facing the situation we are afraid of in order to address the things which maintain our fear such as our thoughts (the ideas and predictions we have) and actions (avoiding or using unhelpful safety behaviours),,
CCI_ANXIETY_2163d89d_00001_f9b1852c9ed8,CCI_ANXIETY,Anxiety self-help resources,interventions,direct_user_support,normal,"[""university_students"", ""young_adults"", ""adults""]","[""anxiety"", ""stress"", ""breathing"", ""relaxation"", ""cognitive_reframing"", ""exposure""]",en,pending,455,"However, we can also use strategies to help us manage a needle phobia. These can be particularly helpful in situations where we might need to have a needle or injection quite soon. They can also be integrated as we start changing our thinki",,
CCI_ANXIETY_2163d89d_00002_29b5e51afc71,CCI_ANXIETY,Anxiety self-help resources,interventions,direct_user_support,normal,"[""university_students"", ""young_adults"", ""adults""]","[""anxiety"", ""stress"", ""breathing"", ""relaxation"", ""cognitive_reframing"", ""exposure""]",en,pending,353,"Applied muscle tension If you have fainted previously or are afraid of fainting, applied muscle tension is an easy strategy to help prevent the drop in blood pressure associated with fainting. Applied muscle tension involves tensing and hol",,
CCI_ANXIETY_2163d89d_00003_87d3c8b6a856,CCI_ANXIETY,Anxiety self-help resources,interventions,direct_user_support,normal,"[""university_students"", ""young_adults"", ""adults""]","[""anxiety"", ""stress"", ""breathing"", ""relaxation"", ""cognitive_reframing"", ""exposure""]",en,pending,641,"The first step is to practice this at home. Sit and hold muscle tension for around 15 seconds or until you feel warm or experience a rush in your head. Once done, relax and let your muscles go for at least 30 seconds. Repeat this five times",,
CCI_ANXIETY_2163d89d_00004_ae81f95a513b,CCI_ANXIETY,Anxiety self-help resources,interventions,direct_user_support,normal,"[""university_students"", ""young_adults"", ""adults""]","[""anxiety"", ""stress"", ""breathing"", ""relaxation"", ""cognitive_reframing"", ""exposure""]",en,pending,821,"Mindfulness of physical sensations Mindfulness is the ability to observe and be present in our experiences without judging or evaluating them. It can be a useful tool to help us sit with our anxiety, especially when we are experiencing inte",,
CCI_ANXIETY_2163d89d_00005_1070a91766b6,CCI_ANXIETY,Anxiety self-help resources,interventions,direct_user_support,normal,"[""university_students"", ""young_adults"", ""adults""]","[""anxiety"", ""stress"", ""breathing"", ""relaxation"", ""cognitive_reframing"", ""exposure""]",en,pending,698,"Addressing unhelpful thinking Sometimes the beliefs and predictions we have are inaccurate or unhelpful. They may be based on outdated information, or may be biased due to past negative experiences. If you identify any negative predictions ",,
CCI_ANXIETY_2163d89d_00006_930f0f5dd5e4,CCI_ANXIETY,Anxiety self-help resources,interventions,direct_user_support,normal,"[""university_students"", ""young_adults"", ""adults""]","[""anxiety"", ""stress"", ""breathing"", ""relaxation"", ""cognitive_reframing"", ""exposure""]",en,pending,371,"For example, some people are fearful that a needle will slip and go into the bone. In this case, they could talk to their doctor or medical professional about the rates and likelihood of this happening, and the likely outcomes if this were ",,
CCI_ANXIETY_2163d89d_00007_2ee15c12aebc,CCI_ANXIETY,Anxiety self-help resources,interventions,direct_user_support,normal,"[""university_students"", ""young_adults"", ""adults""]","[""anxiety"", ""stress"", ""breathing"", ""relaxation"", ""cognitive_reframing"", ""exposure""]",en,pending,761,"Others may identify more broad or generalised concerns such as “It will be really bad”. If you can, it is still helpful to collect information about the procedure so you have as accurate idea as possible. You can also discuss this with a me",,
CCI_ANXIETY_2163d89d_00008_5341cda793ed,CCI_ANXIETY,Anxiety self-help resources,interventions,direct_user_support,normal,"[""university_students"", ""young_adults"", ""adults""]","[""anxiety"", ""stress"", ""breathing"", ""relaxation"", ""cognitive_reframing"", ""exposure""]",en,pending,259,Please refer to the full disclaimer and copyright statement available at http :// www.cci.health.wa.gov.au regarding the information from this website before making use of such information. See website www.cci.health.wa.gov.au for more hand,,
CCI_ANXIETY_2163d89d_00009_b4d981914c5d,CCI_ANXIETY,Anxiety self-help resources,interventions,direct_user_support,normal,"[""university_students"", ""young_adults"", ""adults""]","[""anxiety"", ""stress"", ""breathing"", ""relaxation"", ""cognitive_reframing"", ""exposure""]",en,pending,460,"You might include a helper such as a friend to encourage you and give practical support. It can also be helpful to discuss your plan with your doctor or healthcare professional, so they can arrange items or procedures as necessary. All supp",,
CCI_ANXIETY_2163d89d_00010_25027a5b1b4c,CCI_ANXIETY,Anxiety self-help resources,interventions,direct_user_support,normal,"[""university_students"", ""young_adults"", ""adults""]","[""anxiety"", ""stress"", ""breathing"", ""relaxation"", ""cognitive_reframing"", ""exposure""]",en,pending,841,"1. Expect some anxiety. You’ll probably experience some anxiety or discomfort taking any of the steps on your plan. Start small, and work your way up. 2. Use your skills. Use your applied muscle tension and mindfulness and challenge negativ",,
CCI_ANXIETY_2163d89d_00011_7c7f12ad69a2,CCI_ANXIETY,Anxiety self-help resources,interventions,direct_user_support,normal,"[""university_students"", ""young_adults"", ""adults""]","[""anxiety"", ""stress"", ""breathing"", ""relaxation"", ""cognitive_reframing"", ""exposure""]",en,pending,814,"Do a step frequently and repeatedly, and try to do them in close succession to make sure you are comfortable with the situation before you move onto the next step. This might take 3 or 4 times. 6. Acknowledge the steps you’ve made. When you",,
CCI_ANXIETY_2163d89d_00012_3dff07f1327a,CCI_ANXIETY,Anxiety self-help resources,interventions,direct_user_support,normal,"[""university_students"", ""young_adults"", ""adults""]","[""anxiety"", ""stress"", ""breathing"", ""relaxation"", ""cognitive_reframing"", ""exposure""]",en,pending,685,Please refer to the full disclaimer and copyright statement available at http :// www.cci.health.wa.gov.au regarding the information from this website before making use of such information. See website www.cci.health.wa.gov.au for more hand,,
CCI_ANXIETY_2163d89d_00013_42d98466fe9a,CCI_ANXIETY,Anxiety self-help resources,interventions,direct_user_support,normal,"[""university_students"", ""young_adults"", ""adults""]","[""anxiety"", ""stress"", ""breathing"", ""relaxation"", ""cognitive_reframing"", ""exposure""]",en,pending,348,"This allows you to build your confidence slowly, to use other skills you have learned, to get used the situations, to get used to feeling anxiety and noticing it subside, and to challenge your fears about each exposure exercise. By doing th",,
CCI_ANXIETY_2163d89d_00014_f3acef7abb16,CCI_ANXIETY,Anxiety self-help resources,interventions,direct_user_support,normal,"[""university_students"", ""young_adults"", ""adults""]","[""anxiety"", ""stress"", ""breathing"", ""relaxation"", ""cognitive_reframing"", ""exposure""]",en,pending,157,To develop a graded exposure plan – often called a hierarchy –list a range of activities or tasks and rank them based on how distressing they are from 0-100.,,
CCI_ANXIETY_2163d89d_00015_c0304f3d3031,CCI_ANXIETY,Anxiety self-help resources,interventions,direct_user_support,normal,"[""university_students"", ""young_adults"", ""adults""]","[""anxiety"", ""stress"", ""breathing"", ""relaxation"", ""cognitive_reframing"", ""exposure""]",en,pending,482,"You can incorporate a wide range of activities – anything that elicits some anxiety. It is helpful to be as specific and detailed as possible about who will be there, what you will be doing, when you will do it, where you will do it and why",,
CCI_ANXIETY_2163d89d_00016_d7f1b0f28432,CCI_ANXIETY,Anxiety self-help resources,interventions,direct_user_support,normal,"[""university_students"", ""young_adults"", ""adults""]","[""anxiety"", ""stress"", ""breathing"", ""relaxation"", ""cognitive_reframing"", ""exposure""]",en,pending,348,Look at a real needle 55 Look at a photo of needle going into skin 60 Holding a real needle with cap on 65 Use a needle to inject an orange 70 Watch a video of someone having blood taken  Watch someone else get an injection 80 Getting blood,,
CCI_ANXIETY_b7871a17_00000_38518eaea618,CCI_ANXIETY,Anxiety self-help resources,interventions,direct_user_support,normal,"[""university_students"", ""young_adults"", ""adults""]","[""anxiety"", ""stress"", ""breathing"", ""relaxation"", ""cognitive_reframing"", ""exposure""]",en,pending,863,"We all feel afraid and worried from time to time – after all, fear is an emotion that aims to protect us from anticipated danger. When we experience fear but we are not facing any real danger, we call this anxiety. For some of us, the anxie",,
CCI_ANXIETY_b7871a17_00001_a87bb68e7ded,CCI_ANXIETY,Anxiety self-help resources,interventions,direct_user_support,normal,"[""university_students"", ""young_adults"", ""adults""]","[""anxiety"", ""stress"", ""breathing"", ""relaxation"", ""cognitive_reframing"", ""exposure""]",en,pending,784,"CBT helps individuals develop a variety of strategies to manage their thinking and behaviour in order reduce and better manage their anxiety symptoms. Anxiety is also often treated with medication, and is often paired with psychological the",,
CCI_ANXIETY_b7871a17_00002_830fe6c0ca0d,CCI_ANXIETY,Anxiety self-help resources,interventions,direct_user_support,normal,"[""university_students"", ""young_adults"", ""adults""]","[""anxiety"", ""stress"", ""breathing"", ""relaxation"", ""cognitive_reframing"", ""exposure""]",en,pending,726,"Much of the time, these negative predictions are not accurate – the feared outcomes either do not happen, or if they do, they are not as catastrophic as initially predicted. The aim of cognitive therapy is to help individuals realise that t",,
CCI_ANXIETY_b7871a17_00003_e6c661a35111,CCI_ANXIETY,Anxiety self-help resources,interventions,direct_user_support,normal,"[""university_students"", ""young_adults"", ""adults""]","[""anxiety"", ""stress"", ""breathing"", ""relaxation"", ""cognitive_reframing"", ""exposure""]",en,pending,800,"C entre for C linical I nterventions •Psychotherapy•Research•Training People with problematic anxiety might behave in certain ways, like avoiding potential triggers, with the intention of reducing their anxiety. However, these behaviours ca",,
CCI_ANXIETY_b7871a17_00004_8026f7855509,CCI_ANXIETY,Anxiety self-help resources,interventions,direct_user_support,normal,"[""university_students"", ""young_adults"", ""adults""]","[""anxiety"", ""stress"", ""breathing"", ""relaxation"", ""cognitive_reframing"", ""exposure""]",en,pending,848,"Because the consequences of avoidance can often become new triggers of anxiety, people often describe being trapped in a “vicious cycle of anxiety” (please see “The Vicious Cycle of Anxiety” handout for more info). Behaviour therapy aims to",,
CCI_ANXIETY_b7871a17_00005_eb5805245c9c,CCI_ANXIETY,Anxiety self-help resources,interventions,direct_user_support,normal,"[""university_students"", ""young_adults"", ""adults""]","[""anxiety"", ""stress"", ""breathing"", ""relaxation"", ""cognitive_reframing"", ""exposure""]",en,pending,658,"Behavioural experiments are an example of a common and effective technique used in CBT. These experiments involve going into feared situations to test our predictions about those situations. Through this process, behavioural experiments pro",,
CCI_ANXIETY_b7871a17_00006_f3cb9c5aa662,CCI_ANXIETY,Anxiety self-help resources,interventions,direct_user_support,normal,"[""university_students"", ""young_adults"", ""adults""]","[""anxiety"", ""stress"", ""breathing"", ""relaxation"", ""cognitive_reframing"", ""exposure""]",en,pending,257,"While confronting feared situations can be challenging and feel uncomfortable in the short -term, through CBT, we can develop coping skills to manage and tolerate our anxiety more effectively, and build our confidence in handling these situ",,
CCI_ANXIETY_b7871a17_00007_ff5e24fcf2e7,CCI_ANXIETY,Anxiety self-help resources,interventions,direct_user_support,normal,"[""university_students"", ""young_adults"", ""adults""]","[""anxiety"", ""stress"", ""breathing"", ""relaxation"", ""cognitive_reframing"", ""exposure""]",en,pending,313,Anxiety This document is for information purposes only. Please refer to the full disclaimer and copyright statement available at http://www.cci.health.wa.gov.au regarding the information from this website before making use of such informati,,
CCI_ANXIETY_ed57d85d_00000_a83d19daa10d,CCI_ANXIETY,Anxiety self-help resources,interventions,direct_user_support,normal,"[""university_students"", ""young_adults"", ""adults""]","[""anxiety"", ""stress"", ""breathing"", ""relaxation"", ""cognitive_reframing"", ""exposure""]",en,pending,187,"may use other strategies to prepare, like rehearsing what they will say or bringing someone with them, because the person may feel like they cannot cope otherwise. Yourself/Social-Anxiety",,
CCI_ANXIETY_ed57d85d_00001_44024b8f7e8b,CCI_ANXIETY,Anxiety self-help resources,interventions,direct_user_support,normal,"[""university_students"", ""young_adults"", ""adults""]","[""anxiety"", ""stress"", ""breathing"", ""relaxation"", ""cognitive_reframing"", ""exposure""]",en,pending,900,"Generalised Anxiety/Worry Generalised anxiety is a form of anxiety that may also be called worry. Worry is generally regarded as thinking repeatedly about future events. Worry can be about a range of situations, like work, school, friendshi",,
CCI_ANXIETY_ed57d85d_00002_9709b91046f9,CCI_ANXIETY,Anxiety self-help resources,interventions,direct_user_support,normal,"[""university_students"", ""young_adults"", ""adults""]","[""anxiety"", ""stress"", ""breathing"", ""relaxation"", ""cognitive_reframing"", ""exposure""]",en,pending,893,"However, this is not the case, as worry generates more anxiety and more worry, which actually gets in the way of positive thinking and action. Yourself/Worry-and-Rumination Panic disorder and agoraphobia Panic disorder is used to describe t",,
CCI_ANXIETY_ed57d85d_00003_885b5b50e79e,CCI_ANXIETY,Anxiety self-help resources,interventions,direct_user_support,normal,"[""university_students"", ""young_adults"", ""adults""]","[""anxiety"", ""stress"", ""breathing"", ""relaxation"", ""cognitive_reframing"", ""exposure""]",en,pending,868,"There are different types of anxiety disorders, the most common of which are described below. Specific phobia Specific phobia is an intense and distressing fear of an object, animal, situation, or experience. This fear or anxiety can be qui",,
CCI_ANXIETY_ed57d85d_00004_2b4e884e3ffa,CCI_ANXIETY,Anxiety self-help resources,interventions,direct_user_support,normal,"[""university_students"", ""young_adults"", ""adults""]","[""anxiety"", ""stress"", ""breathing"", ""relaxation"", ""cognitive_reframing"", ""exposure""]",en,pending,875,Social Anxiety Social anxiety is used to describe feelings of anxiety and fear that occur in response to social situations. Someone with social anxiety may be very concerned about what other people may think of them. Even the most confident,,
CCI_ANXIETY_ed57d85d_00005_32bb1721a7dc,CCI_ANXIETY,Anxiety self-help resources,interventions,direct_user_support,normal,"[""university_students"", ""young_adults"", ""adults""]","[""anxiety"", ""stress"", ""breathing"", ""relaxation"", ""cognitive_reframing"", ""exposure""]",en,pending,295,"If they can’t avoid the situation, they types of Pg 1 of This document is for information purposes only. Please refer to the full disclaimer and copyright statement available at http:// www.cci.health.wa.gov.au regarding the infor- mation f",,
CCI_ANXIETY_ed57d85d_00006_b3a64db2e7e2,CCI_ANXIETY,Anxiety self-help resources,interventions,direct_user_support,normal,"[""university_students"", ""young_adults"", ""adults""]","[""anxiety"", ""stress"", ""breathing"", ""relaxation"", ""cognitive_reframing"", ""exposure""]",en,pending,858,"Obsessive-compulsive disorder Obsessive-compulsive disorder (OCD) is considered to be separate to anxiety disorders, but is associated with significant anxiety. OCD occurs when a person has repetitive or recurring thoughts (obsessions) and/",,
CCI_ANXIETY_ed57d85d_00007_e6ddb368e350,CCI_ANXIETY,Anxiety self-help resources,interventions,direct_user_support,normal,"[""university_students"", ""young_adults"", ""adults""]","[""anxiety"", ""stress"", ""breathing"", ""relaxation"", ""cognitive_reframing"", ""exposure""]",en,pending,136,"For someone with OCD, these obsessions and/or compulsions cause a lot of distress and significantly interfere with their every day life.",,
CCI_ANXIETY_ed57d85d_00008_fce9b238624f,CCI_ANXIETY,Anxiety self-help resources,interventions,direct_user_support,normal,"[""university_students"", ""young_adults"", ""adults""]","[""anxiety"", ""stress"", ""breathing"", ""relaxation"", ""cognitive_reframing"", ""exposure""]",en,pending,385,"Other problems While the above are defined anxiety disorders, anxiety may also be a feature of many other problems such as stress, post traumatic stress disorder, insomnia, eating disorders, and depression to name just a few. If you are exp",,
CCI_ANXIETY_ed57d85d_00009_1cf560ae2954,CCI_ANXIETY,Anxiety self-help resources,interventions,direct_user_support,normal,"[""university_students"", ""young_adults"", ""adults""]","[""anxiety"", ""stress"", ""breathing"", ""relaxation"", ""cognitive_reframing"", ""exposure""]",en,pending,332,"What can be done about anxiety? Effective treatments are available for anxiety disorders. This is important because anxiety disorders don’t tend to go away by themselves, and their impact on our lives usually increases over time. If you thi",,
CCI_ANXIETY_ed57d85d_00010_378e51fbf038,CCI_ANXIETY,Anxiety self-help resources,interventions,direct_user_support,normal,"[""university_students"", ""young_adults"", ""adults""]","[""anxiety"", ""stress"", ""breathing"", ""relaxation"", ""cognitive_reframing"", ""exposure""]",en,pending,631,"includes a range of physical symptoms and anxious thoughts, and peaks within about 10 minutes. A panic attack can be very frightening, and the person may feel a strong desire to escape the situation or to seek emergency assistance. Someone ",,
CCI_ANXIETY_ed57d85d_00011_069fe25a3add,CCI_ANXIETY,Anxiety self-help resources,interventions,direct_user_support,normal,"[""university_students"", ""young_adults"", ""adults""]","[""anxiety"", ""stress"", ""breathing"", ""relaxation"", ""cognitive_reframing"", ""exposure""]",en,pending,704,"Health Anxiety Health anxiety refers to the experience of thinking that there may be a threat to one’s health, which triggers an anxious response. While we may think and worry about any number of health-related problems, some of the more co",,
CCI_ANXIETY_ed57d85d_00012_2e56c0328cc7,CCI_ANXIETY,Anxiety self-help resources,interventions,direct_user_support,normal,"[""university_students"", ""young_adults"", ""adults""]","[""anxiety"", ""stress"", ""breathing"", ""relaxation"", ""cognitive_reframing"", ""exposure""]",en,pending,722,"This anxiety can also become a problem if it leads to unhelpful behaviours, such as excessive checking, reassurance seeking (e.g., from doctors, family, or friends), or avoidance (e.g., of check-ups, doctors, or health-related information).",,
CCI_ANXIETY_772e6d01_00000_3a8fd716e1f9,CCI_ANXIETY,Anxiety self-help resources,interventions,direct_user_support,normal,"[""university_students"", ""young_adults"", ""adults""]","[""anxiety"", ""stress"", ""breathing"", ""relaxation"", ""cognitive_reframing"", ""exposure""]",en,pending,624,"Even when using helpful search strategies, not all of the information we find is factual. Unfortunately, anyone with access to the internet can put information online and claim it as fact. Information can come from a multitude of sources ra",,
CCI_ANXIETY_772e6d01_00001_b6f4e9db5a3c,CCI_ANXIETY,Anxiety self-help resources,interventions,direct_user_support,normal,"[""university_students"", ""young_adults"", ""adults""]","[""anxiety"", ""stress"", ""breathing"", ""relaxation"", ""cognitive_reframing"", ""exposure""]",en,pending,486,"We must consider the qualifications and expertise of the source when evaluating the credibility of information, to ensure that we are not reading someone’s opinion, or their particular bias.  Some Questions to Ask…  The following questions ",,
CCI_ANXIETY_772e6d01_00002_cc1b4d4f2d7f,CCI_ANXIETY,Anxiety self-help resources,interventions,direct_user_support,normal,"[""university_students"", ""young_adults"", ""adults""]","[""anxiety"", ""stress"", ""breathing"", ""relaxation"", ""cognitive_reframing"", ""exposure""]",en,pending,499,"3) Is the author free of commercial interests (i.e. they are not trying to sell you a product, service, or sell a story)?  4) Does the article include multiple pieces of evidence to back up its claims (i.e. claims are based on research rath",,
CCI_ANXIETY_772e6d01_00003_bea3d78e3fe3,CCI_ANXIETY,Anxiety self-help resources,interventions,direct_user_support,normal,"[""university_students"", ""young_adults"", ""adults""]","[""anxiety"", ""stress"", ""breathing"", ""relaxation"", ""cognitive_reframing"", ""exposure""]",en,pending,54,8) Is there a date to show this information is recent?,,
CCI_ANXIETY_772e6d01_00004_9056f64db106,CCI_ANXIETY,Anxiety self-help resources,interventions,direct_user_support,normal,"[""university_students"", ""young_adults"", ""adults""]","[""anxiety"", ""stress"", ""breathing"", ""relaxation"", ""cognitive_reframing"", ""exposure""]",en,pending,284,"The more ticks you have above, the better the information is likely to be. However, it is important to remember that information from the internet and media is one resource only. When in doubt, you can always seek advice from experts in the",,
CCI_ANXIETY_772e6d01_00005_f7874f7eb0a3,CCI_ANXIETY,Anxiety self-help resources,interventions,direct_user_support,normal,"[""university_students"", ""young_adults"", ""adults""]","[""anxiety"", ""stress"", ""breathing"", ""relaxation"", ""cognitive_reframing"", ""exposure""]",en,pending,467,"By prioritising quality over quantity, and being careful about what we believe online, we can maintain a balanced perspective amidst today’s vast information landscape. In today’s digital age, we are flooded with information from various so",,
CCI_ANXIETY_772e6d01_00006_85fce74e54cb,CCI_ANXIETY,Anxiety self-help resources,interventions,direct_user_support,normal,"[""university_students"", ""young_adults"", ""adults""]","[""anxiety"", ""stress"", ""breathing"", ""relaxation"", ""cognitive_reframing"", ""exposure""]",en,pending,609,"If we were to believe everything we saw online without critical evaluation, we would be left with a very distorted perception of the world. Continually reading sensationalised news stories, alarming social media posts, and biased narratives",,
CCI_ANXIETY_772e6d01_00007_655bead0ae21,CCI_ANXIETY,Anxiety self-help resources,interventions,direct_user_support,normal,"[""university_students"", ""young_adults"", ""adults""]","[""anxiety"", ""stress"", ""breathing"", ""relaxation"", ""cognitive_reframing"", ""exposure""]",en,pending,234,"The words we type into an internet search engine affects the sort of information we find. For example, if we want to find out about the impact of social media on mental health, we might search online for “social media and depression”.",,
CCI_ANXIETY_772e6d01_00008_b1ebd08b69cb,CCI_ANXIETY,Anxiety self-help resources,interventions,direct_user_support,normal,"[""university_students"", ""young_adults"", ""adults""]","[""anxiety"", ""stress"", ""breathing"", ""relaxation"", ""cognitive_reframing"", ""exposure""]",en,pending,693,"This can lead to biased results because of the “filter in” and “filter out” phenomenon. That is, you will most likely: a) filter in web pages that do talk about there being links between social media use and depression, and b) filter out an",,
CCI_ANXIETY_772e6d01_00009_454ba0baa0d1,CCI_ANXIETY,Anxiety self-help resources,interventions,direct_user_support,normal,"[""university_students"", ""young_adults"", ""adults""]","[""anxiety"", ""stress"", ""breathing"", ""relaxation"", ""cognitive_reframing"", ""exposure""]",en,pending,728,These strategies can lead to you coming up with some very different information! Sorting Fact from Fiction: Finding Trustworthy Information This document is for information purposes only. Please refer to the full disclaimer and copyright st,,
CCI_ANXIETY_5047b8c7_00000_4ae1eb95e9c0,CCI_ANXIETY,Anxiety self-help resources,interventions,direct_user_support,normal,"[""university_students"", ""young_adults"", ""adults""]","[""anxiety"", ""stress"", ""breathing"", ""relaxation"", ""cognitive_reframing"", ""exposure""]",en,pending,363,"Anxiety can feel overwhelming, but it’s important to remember that it does not last forever. The experience of anxiety can be thought of like a wave - it rises, reaches a peak, and then reduces over time. This can take anywhere from a few m",,
CCI_ANXIETY_5047b8c7_00001_b9be1815fe30,CCI_ANXIETY,Anxiety self-help resources,interventions,direct_user_support,normal,"[""university_students"", ""young_adults"", ""adults""]","[""anxiety"", ""stress"", ""breathing"", ""relaxation"", ""cognitive_reframing"", ""exposure""]",en,pending,191,Using the strategy of anxiety surfing means allowing our anxiety to ride its wave and trusting that it will pass. In other words; ride it don’t fight it.  What happens when we fight the wave?,,
CCI_ANXIETY_5047b8c7_00002_3636d63d5359,CCI_ANXIETY,Anxiety self-help resources,interventions,direct_user_support,normal,"[""university_students"", ""young_adults"", ""adults""]","[""anxiety"", ""stress"", ""breathing"", ""relaxation"", ""cognitive_reframing"", ""exposure""]",en,pending,413,"Because anxiety is uncomfortable, it’s natural to want to reduce it. We often try to “fight the wave” of anxiety by: • Escaping: Leaving situations that makes us anxious. • Avoiding: Skipping activities that provoke anxiety. • Safety Behavi",,
CCI_ANXIETY_5047b8c7_00003_2e4a613987e0,CCI_ANXIETY,Anxiety self-help resources,interventions,direct_user_support,normal,"[""university_students"", ""young_adults"", ""adults""]","[""anxiety"", ""stress"", ""breathing"", ""relaxation"", ""cognitive_reframing"", ""exposure""]",en,pending,354,"As shown in the graph above, these strategies may provide quick relief, but they also prevent us from learning that anxiety naturally decreases on its own. If we escape before the anxiety wave passes, our brain concludes that anxiety would ",,
CCI_ANXIETY_5047b8c7_00004_f49b4d126488,CCI_ANXIETY,Anxiety self-help resources,interventions,direct_user_support,normal,"[""university_students"", ""young_adults"", ""adults""]","[""anxiety"", ""stress"", ""breathing"", ""relaxation"", ""cognitive_reframing"", ""exposure""]",en,pending,280,"As a result, when we fight the anxiety wave by escaping, avoiding, or using safety behaviours, we actually keep our anxiety going in the long-term. Over time, anxiety peaks higher, takes longer to pass, and reduces our confidence, making us",,
CCI_ANXIETY_5047b8c7_00005_8df31e4cffb4,CCI_ANXIETY,Anxiety self-help resources,interventions,direct_user_support,normal,"[""university_students"", ""young_adults"", ""adults""]","[""anxiety"", ""stress"", ""breathing"", ""relaxation"", ""cognitive_reframing"", ""exposure""]",en,pending,95,C entre for C linical I nterventions •Psychotherapy•Research•Training Steps for anxiety surfing,,
CCI_ANXIETY_5047b8c7_00006_a3f6ee25725f,CCI_ANXIETY,Anxiety self-help resources,interventions,direct_user_support,normal,"[""university_students"", ""young_adults"", ""adults""]","[""anxiety"", ""stress"", ""breathing"", ""relaxation"", ""cognitive_reframing"", ""exposure""]",en,pending,842,"When you notice physical feelings becoming stronger try the following steps: 1. Acknowledge: Take a step back and describe what you’re experiencing, such as physical sensations in your body (e.g. “I notice I am feeling anxious right now, I ",,
CCI_ANXIETY_5047b8c7_00007_62d4147f7be5,CCI_ANXIETY,Anxiety self-help resources,interventions,direct_user_support,normal,"[""university_students"", ""young_adults"", ""adults""]","[""anxiety"", ""stress"", ""breathing"", ""relaxation"", ""cognitive_reframing"", ""exposure""]",en,pending,241,Try to stay in the situation to give your anxiety an opportunity to pass on its own and test whether it is truly unbearable. 5. Be Patient: Waves take time to come and go. Being in a rush to get through the emotions can suggest fear of them,,
CCI_ANXIETY_5047b8c7_00008_16a30332dafb,CCI_ANXIETY,Anxiety self-help resources,interventions,direct_user_support,normal,"[""university_students"", ""young_adults"", ""adults""]","[""anxiety"", ""stress"", ""breathing"", ""relaxation"", ""cognitive_reframing"", ""exposure""]",en,pending,719,"Coping imagery Some people find it helpful to develop a coping image to support their practice of anxiety surfing. To do this, find an image in your mind that represents your anxiety. Then, consider how the image would need to change to rep",,
CCI_ANXIETY_5047b8c7_00009_4f702a01f3a0,CCI_ANXIETY,Anxiety self-help resources,interventions,direct_user_support,normal,"[""university_students"", ""young_adults"", ""adults""]","[""anxiety"", ""stress"", ""breathing"", ""relaxation"", ""cognitive_reframing"", ""exposure""]",en,pending,585,Please refer to the full disclaimer and copyright statement available at http :// www.cci.health.wa.gov.au regarding the information from this website before making use of such information. See website www.cci.health.wa.gov.au for more hand,,
CCI_ANXIETY_6e6d55a1_00000_014ae87863dd,CCI_ANXIETY,Anxiety self-help resources,interventions,direct_user_support,normal,"[""university_students"", ""young_adults"", ""adults""]","[""anxiety"", ""stress"", ""breathing"", ""relaxation"", ""cognitive_reframing"", ""exposure""]",en,pending,452,"What is reassurance-seeking? Reassurance seeking involves asking others for their thoughts on a topic, often to gain understanding or feel more sure about something. Everybody seeks reassurance at times, when we feel anxious or are dealing ",,
CCI_ANXIETY_6e6d55a1_00001_30569eaf2a8c,CCI_ANXIETY,Anxiety self-help resources,interventions,direct_user_support,normal,"[""university_students"", ""young_adults"", ""adults""]","[""anxiety"", ""stress"", ""breathing"", ""relaxation"", ""cognitive_reframing"", ""exposure""]",en,pending,471,"Why do people seek reassurance? There are many reasons people look for reassurance, including: Anxiety: Fear about possible negative outcomes, making a mistake, or being wrong (e.g. “Did I say the wrong thing?”). Fear of judgement: Concerns",,
CCI_ANXIETY_6e6d55a1_00002_252b05145155,CCI_ANXIETY,Anxiety self-help resources,interventions,direct_user_support,normal,"[""university_students"", ""young_adults"", ""adults""]","[""anxiety"", ""stress"", ""breathing"", ""relaxation"", ""cognitive_reframing"", ""exposure""]",en,pending,136,"For some people, this behaviour can become a problem when they seek reassurance too often or it starts to negatively impact their lives.",,
CCI_ANXIETY_6e6d55a1_00003_d2270f63e6e0,CCI_ANXIETY,Anxiety self-help resources,interventions,direct_user_support,normal,"[""university_students"", ""young_adults"", ""adults""]","[""anxiety"", ""stress"", ""breathing"", ""relaxation"", ""cognitive_reframing"", ""exposure""]",en,pending,900,Signs that it may be a problem include: Anxiety and distress: The person may feel anxious or distressed if they can’t seek reassurance. They rely on others to calm them down and may lose the ability to soothe themselves. Overdoing it: The r,,
CCI_ANXIETY_6e6d55a1_00004_c9c05711600e,CCI_ANXIETY,Anxiety self-help resources,interventions,direct_user_support,normal,"[""university_students"", ""young_adults"", ""adults""]","[""anxiety"", ""stress"", ""breathing"", ""relaxation"", ""cognitive_reframing"", ""exposure""]",en,pending,125,"Frustration/sadness: As a loved one, you may feel helpless or frustrated as you can’t seem to help the person you care about.",,
CCI_ANXIETY_6e6d55a1_00005_cc34e3f79f89,CCI_ANXIETY,Anxiety self-help resources,interventions,direct_user_support,normal,"[""university_students"", ""young_adults"", ""adults""]","[""anxiety"", ""stress"", ""breathing"", ""relaxation"", ""cognitive_reframing"", ""exposure""]",en,pending,173,Responding to Reassurance-Seeking  C entre for C linical I nterventions •Psychotherapy•Research•Training The vicious cycle of reassurance-seeking (from a carers perspective),,
CCI_ANXIETY_6e6d55a1_00006_a334637ca279,CCI_ANXIETY,Anxiety self-help resources,interventions,direct_user_support,normal,"[""university_students"", ""young_adults"", ""adults""]","[""anxiety"", ""stress"", ""breathing"", ""relaxation"", ""cognitive_reframing"", ""exposure""]",en,pending,624,"As you can see, both the person asking for reassurance and the person giving reassurance can feel better for a little while once reassurance is given. We can see why we do it! We don’t want to see our loved one upset. However, in the long t",,
CCI_ANXIETY_6e6d55a1_00007_53c13a07b63d,CCI_ANXIETY,Anxiety self-help resources,interventions,direct_user_support,normal,"[""university_students"", ""young_adults"", ""adults""]","[""anxiety"", ""stress"", ""breathing"", ""relaxation"", ""cognitive_reframing"", ""exposure""]",en,pending,73,Open Communication; Responding differently and Looking after yourself ...,,
CCI_ANXIETY_6e6d55a1_00008_dbb6111dbb25,CCI_ANXIETY,Anxiety self-help resources,interventions,direct_user_support,normal,"[""university_students"", ""young_adults"", ""adults""]","[""anxiety"", ""stress"", ""breathing"", ""relaxation"", ""cognitive_reframing"", ""exposure""]",en,pending,739,"1) Open communication Do they want help? If your loved one would like some support to reduce their reassurance- seeking, it can be helpful to discuss this with them. Changing any longstanding behaviour without telling the other party can be",,
CCI_ANXIETY_6e6d55a1_00009_e04eac5128c9,CCI_ANXIETY,Anxiety self-help resources,interventions,direct_user_support,normal,"[""university_students"", ""young_adults"", ""adults""]","[""anxiety"", ""stress"", ""breathing"", ""relaxation"", ""cognitive_reframing"", ""exposure""]",en,pending,237,"Staying on the same page can be a reminder to you both that you are working towards the same long term goal of being free from the need for reassurance, which will increase confidence, self esteem and hopefully improve your relationship.",,
CCI_ANXIETY_6e6d55a1_00010_ee2f184ba6a1,CCI_ANXIETY,Anxiety self-help resources,interventions,direct_user_support,normal,"[""university_students"", ""young_adults"", ""adults""]","[""anxiety"", ""stress"", ""breathing"", ""relaxation"", ""cognitive_reframing"", ""exposure""]",en,pending,686,How to help someone you care about reduce their reassurance-seeking behavior This document is for information purposes only. Please refer to the full disclaimer and copyright statement available at http://www.cci.health.wa.gov.au regarding ,,
CCI_ANXIETY_6e6d55a1_00011_2cfd6a8b49d9,CCI_ANXIETY,Anxiety self-help resources,interventions,direct_user_support,normal,"[""university_students"", ""young_adults"", ""adults""]","[""anxiety"", ""stress"", ""breathing"", ""relaxation"", ""cognitive_reframing"", ""exposure""]",en,pending,452,"2) Responding differently To break the unhelpful cycle of reassurance seeking we can learn to change how we respond to the person we care about. This involves:  Stepping in their shoes: Remember, the person you care feels anxious and thinks",,
CCI_ANXIETY_6e6d55a1_00012_2e1cb48b53a9,CCI_ANXIETY,Anxiety self-help resources,interventions,direct_user_support,normal,"[""university_students"", ""young_adults"", ""adults""]","[""anxiety"", ""stress"", ""breathing"", ""relaxation"", ""cognitive_reframing"", ""exposure""]",en,pending,498,Remembering the goal: The goal is to help them learn to handle their own discomfort (sit with it) without needing reassurance. This will help them become more confident in their own abilities.  Not providing reassurance: We can help break t,,
CCI_ANXIETY_6e6d55a1_00013_bead17977d56,CCI_ANXIETY,Anxiety self-help resources,interventions,direct_user_support,normal,"[""university_students"", ""young_adults"", ""adults""]","[""anxiety"", ""stress"", ""breathing"", ""relaxation"", ""cognitive_reframing"", ""exposure""]",en,pending,361,"Breaking the cycle of reassurance –seeking.  Helpful tips for responding differently Instead of giving reassurance (e.g., “You’ll be fine”), judging the person (“Why do you keep asking? You’re doing this on purpose”), or dismissing/ avoidin",,
CCI_ANXIETY_6e6d55a1_00014_55fba1eafda8,CCI_ANXIETY,Anxiety self-help resources,interventions,direct_user_support,normal,"[""university_students"", ""young_adults"", ""adults""]","[""anxiety"", ""stress"", ""breathing"", ""relaxation"", ""cognitive_reframing"", ""exposure""]",en,pending,695,"• Listen to the concern before reacting: You may feel pressure to react immediately; see if you can pause and take some time to think before you respond. • Validate how the person is feeling: e.g., “I can see you’re worried about this.” or ",,
CCI_ANXIETY_6e6d55a1_00015_13a272c242ac,CCI_ANXIETY,Anxiety self-help resources,interventions,direct_user_support,normal,"[""university_students"", ""young_adults"", ""adults""]","[""anxiety"", ""stress"", ""breathing"", ""relaxation"", ""cognitive_reframing"", ""exposure""]",en,pending,790,C entre for C linical I nterventions •Psychotherapy•Research•Training *‘Stop; Drop; Delay’ strategies (outlined in the handout “Reducing Reassurance Seeking”) and remind them that these are options. • Remember it will pass: Anxiety is an ur,,
CCI_ANXIETY_6e6d55a1_00016_5a4d1051e903,CCI_ANXIETY,Anxiety self-help resources,interventions,direct_user_support,normal,"[""university_students"", ""young_adults"", ""adults""]","[""anxiety"", ""stress"", ""breathing"", ""relaxation"", ""cognitive_reframing"", ""exposure""]",en,pending,481,"3) Looking after yourself  It is important to handle your own anxiety or discomfort to be able to help others. It is natural to want to make your loved one feel better by providing reassurance, so it can be very uncomfortable to act against",,
CCI_ANXIETY_6e6d55a1_00017_604570605678,CCI_ANXIETY,Anxiety self-help resources,interventions,direct_user_support,normal,"[""university_students"", ""young_adults"", ""adults""]","[""anxiety"", ""stress"", ""breathing"", ""relaxation"", ""cognitive_reframing"", ""exposure""]",en,pending,198,"If you think you need extra support with tolerating distress, some of our other resources might help: • “Facing Your Feelings” workbook. • “Postpone your worry” handout. • “Anxiety surfing” handout.",,
CCI_ANXIETY_6e6d55a1_00018_d01fbfe56797,CCI_ANXIETY,Anxiety self-help resources,interventions,direct_user_support,normal,"[""university_students"", ""young_adults"", ""adults""]","[""anxiety"", ""stress"", ""breathing"", ""relaxation"", ""cognitive_reframing"", ""exposure""]",en,pending,578,"Other helpful strategies may include: • Learning to be more present (e.g. practicing mindfulness exercises). • Moving each day (e.g. going for gentle walks or engaging in vigorous movement, whatever suits you). • Learning what gives you enj",,
CCI_ANXIETY_6e6d55a1_00019_e9dacda318e4,CCI_ANXIETY,Anxiety self-help resources,interventions,direct_user_support,normal,"[""university_students"", ""young_adults"", ""adults""]","[""anxiety"", ""stress"", ""breathing"", ""relaxation"", ""cognitive_reframing"", ""exposure""]",en,pending,718,How to help someone you care about reduce their reassurance-seeking behavior This document is for information purposes only. Please refer to the full disclaimer and copyright statement available at http://www.cci.health.wa.gov.au regarding ,,
CCI_ANXIETY_75df6d99_00000_50b9398f8d74,CCI_ANXIETY,Anxiety self-help resources,interventions,direct_user_support,normal,"[""university_students"", ""young_adults"", ""adults""]","[""anxiety"", ""stress"", ""breathing"", ""relaxation"", ""cognitive_reframing"", ""exposure""]",en,pending,139,"Reducing Breaking the Cycle of Reassurance-Seeking To break the cycle, we can learn to respond differently to the urge to seek reassurance.",,
CCI_ANXIETY_75df6d99_00001_74bcec7da7cb,CCI_ANXIETY,Anxiety self-help resources,interventions,direct_user_support,normal,"[""university_students"", ""young_adults"", ""adults""]","[""anxiety"", ""stress"", ""breathing"", ""relaxation"", ""cognitive_reframing"", ""exposure""]",en,pending,760,"Urge Surfing - Stop; Drop or Delay (SDD) If you notice a reassurance -seeking behaviour that you would like to change, there are a few ways you can do this: 1) STOP: If you feel willing and able, stop the behaviour completely. This method w",,
CCI_ANXIETY_75df6d99_00002_314379054bc4,CCI_ANXIETY,Anxiety self-help resources,interventions,direct_user_support,normal,"[""university_students"", ""young_adults"", ""adults""]","[""anxiety"", ""stress"", ""breathing"", ""relaxation"", ""cognitive_reframing"", ""exposure""]",en,pending,631,"3) DELAY: Another helpful strategy is to try postponing or delaying the urge to seek reassurance to a later time (e.g., first wait for a few hours, then increasing to days or weeks). Helpful tip: When dropping reassurance-seeking, it can be",,
CCI_ANXIETY_75df6d99_00003_9b84abb18587,CCI_ANXIETY,Anxiety self-help resources,interventions,direct_user_support,normal,"[""university_students"", ""young_adults"", ""adults""]","[""anxiety"", ""stress"", ""breathing"", ""relaxation"", ""cognitive_reframing"", ""exposure""]",en,pending,862,"Helpful tips for responding differently. Be kind to yourself: Your brain and body have learned that reassurance-seeking helps in the short -term and gives relief, so of course you want to do it. You are not doing this on purpose, you have b",,
CCI_ANXIETY_75df6d99_00004_475ef7e81f53,CCI_ANXIETY,Anxiety self-help resources,interventions,direct_user_support,normal,"[""university_students"", ""young_adults"", ""adults""]","[""anxiety"", ""stress"", ""breathing"", ""relaxation"", ""cognitive_reframing"", ""exposure""]",en,pending,882,(The handout “Responding to Reassurance - Seeking” can be shared with loved ones for more information). Reassurance-Seeking This document is for information purposes only. Please refer to the full disclaimer and copyright statement availabl,,
CCI_ANXIETY_75df6d99_00005_a05f01a1f5cf,CCI_ANXIETY,Anxiety self-help resources,interventions,direct_user_support,normal,"[""university_students"", ""young_adults"", ""adults""]","[""anxiety"", ""stress"", ""breathing"", ""relaxation"", ""cognitive_reframing"", ""exposure""]",en,pending,474,"Why do people seek reassurance? There are many reasons people look for reassurance, including: Anxiety: Fear about possible negative outcomes, making a mistake, or being wrong (e.g. “Did I say the wrong thing? ”). Fear of judgement: Concern",,
CCI_ANXIETY_75df6d99_00006_a6889e2b6c62,CCI_ANXIETY,Anxiety self-help resources,interventions,direct_user_support,normal,"[""university_students"", ""young_adults"", ""adults""]","[""anxiety"", ""stress"", ""breathing"", ""relaxation"", ""cognitive_reframing"", ""exposure""]",en,pending,108,Seeking reassurance can become a problem when it happens too often or starts to negatively impact your life.,,
CCI_ANXIETY_75df6d99_00007_65ca50e57495,CCI_ANXIETY,Anxiety self-help resources,interventions,direct_user_support,normal,"[""university_students"", ""young_adults"", ""adults""]","[""anxiety"", ""stress"", ""breathing"", ""relaxation"", ""cognitive_reframing"", ""exposure""]",en,pending,865,Signs that it may be a problem include: Anxiety and distress: You may feel anxious or distressed if you can’t seek reassurance. You rely on others to calm you down and may lose the ability to soothe yourself. Overdoing it: Your reassurance-,,
CCI_ANXIETY_75df6d99_00008_303305be1761,CCI_ANXIETY,Anxiety self-help resources,interventions,direct_user_support,normal,"[""university_students"", ""young_adults"", ""adults""]","[""anxiety"", ""stress"", ""breathing"", ""relaxation"", ""cognitive_reframing"", ""exposure""]",en,pending,84,Ask others for reassurance Short-term: Relief for a short while then anxiety returns,,
CCI_ANXIETY_75df6d99_00009_8df37d8e48c8,CCI_ANXIETY,Anxiety self-help resources,interventions,direct_user_support,normal,"[""university_students"", ""young_adults"", ""adults""]","[""anxiety"", ""stress"", ""breathing"", ""relaxation"", ""cognitive_reframing"", ""exposure""]",en,pending,459,Long-term: ↑ Reassurance-seeking ↑ Urge to seek reassurance ↑ Relationship stress ↓ Confidence + decision-making ability Worry/concern Distress Urge to seek reassurance Distress Urge to seek reassurance Short-term: Some distress/anxiety whi,,
CCI_ANXIETY_75df6d99_00010_7a75eb252a11,CCI_ANXIETY,Anxiety self-help resources,interventions,direct_user_support,normal,"[""university_students"", ""young_adults"", ""adults""]","[""anxiety"", ""stress"", ""breathing"", ""relaxation"", ""cognitive_reframing"", ""exposure""]",en,pending,69,C entre for C linical I nterventions •Psychotherapy•Research•Training,,
CCI_ANXIETY_4f77f7f2_00000_1108b5c07e0a,CCI_ANXIETY,Anxiety self-help resources,interventions,direct_user_support,normal,"[""university_students"", ""young_adults"", ""adults""]","[""anxiety"", ""stress"", ""breathing"", ""relaxation"", ""cognitive_reframing"", ""exposure""]",en,pending,45,PHYSIOLOGICAL COGNITIVE AFFECTIVE BEHAVIOURAL,,
CCI_ANXIETY_4f77f7f2_00001_0cbf7f94ed43,CCI_ANXIETY,Anxiety self-help resources,interventions,direct_user_support,normal,"[""university_students"", ""young_adults"", ""adults""]","[""anxiety"", ""stress"", ""breathing"", ""relaxation"", ""cognitive_reframing"", ""exposure""]",en,pending,611,"Anxiety Symptoms Worksheet Anxiety symptoms can often be grouped into 4 categories. Some symptoms are of the physical or body type, for example, shortness of breath, tightness in the chest, lightheadedness, etc. Some symptoms are of the cog",,
CCI_ANXIETY_0106e520_00000_051440a61c8a,CCI_ANXIETY,Anxiety self-help resources,interventions,direct_user_support,normal,"[""university_students"", ""young_adults"", ""adults""]","[""anxiety"", ""stress"", ""breathing"", ""relaxation"", ""cognitive_reframing"", ""exposure""]",en,pending,841,"Instructions • Monitor your breathing rate at the times shown below. • If you have just done some form of activity (e.g. walking upstairs, etc.) that increases your breathing rate, take your breathing rate about 20 minutes after you have fi",,
CCI_ANXIETY_0106e520_00001_236db6017770,CCI_ANXIETY,Anxiety self-help resources,interventions,direct_user_support,normal,"[""university_students"", ""young_adults"", ""adults""]","[""anxiety"", ""stress"", ""breathing"", ""relaxation"", ""cognitive_reframing"", ""exposure""]",en,pending,435,7:00 p.m.  Daily Record of Your Breathing Rate CALMING TECHNIQUE 1. Ensure that you are sitting on a comfortable chair or laying on a bed 2. Take a breath in for 4 seconds (through your nose if possible) 3. Pause for 2 seconds 4. Release th,,
CCI_ANXIETY_07d559a9_00000_427a19101ac3,CCI_ANXIETY,Anxiety self-help resources,interventions,direct_user_support,normal,"[""university_students"", ""young_adults"", ""adults""]","[""anxiety"", ""stress"", ""breathing"", ""relaxation"", ""cognitive_reframing"", ""exposure""]",en,pending,446,"It is important to practice relaxation to achieve the best results, as this is a new skill that you are learning. You can monitor you own progress by keeping a relaxation diary that records the when, where and how of your practice. This wil",,
CCI_ANXIETY_07d559a9_00001_7be471d6d1b5,CCI_ANXIETY,Anxiety self-help resources,interventions,direct_user_support,normal,"[""university_students"", ""young_adults"", ""adults""]","[""anxiety"", ""stress"", ""breathing"", ""relaxation"", ""cognitive_reframing"", ""exposure""]",en,pending,434,Comments / Reactions Relaxation level before Relaxation level after  Monitoring Your Relaxation Level Comments / Reactions: • What parts of your body relaxed easily? • What sensations were you aware of in your body? • Was your mind relaxed?,,
CCI_ANXIETY_1daab2bb_00000_e9727bcf2e08,CCI_ANXIETY,Anxiety self-help resources,interventions,direct_user_support,normal,"[""university_students"", ""young_adults"", ""adults""]","[""anxiety"", ""stress"", ""breathing"", ""relaxation"", ""cognitive_reframing"", ""exposure""]",en,pending,73,INSTRUCTIONS: Use this sheet to record your progress on your stepladders.,,
CCI_ANXIETY_1daab2bb_00001_c407a92974e5,CCI_ANXIETY,Anxiety self-help resources,interventions,direct_user_support,normal,"[""university_students"", ""young_adults"", ""adults""]","[""anxiety"", ""stress"", ""breathing"", ""relaxation"", ""cognitive_reframing"", ""exposure""]",en,pending,839,"You can describe: • The step you were working on. What you did, when you did it (including how long it took), • Your expected SUDS ratings – how nervous you expected to be. • Your actual SUDS ratings – how nervous you actually were. • Wheth",,
CCI_ANXIETY_1daab2bb_00002_335bb15dcedf,CCI_ANXIETY,Anxiety self-help resources,interventions,direct_user_support,normal,"[""university_students"", ""young_adults"", ""adults""]","[""anxiety"", ""stress"", ""breathing"", ""relaxation"", ""cognitive_reframing"", ""exposure""]",en,pending,305,This document is for information purposes only. Please refer to the full disclaimer and copyright statement available at http://www.cci.health.wa.gov.au regarding the information from this website before making use of such information. See ,,
CCI_ANXIETY_1abcaac5_00000_c26e37a6637a,CCI_ANXIETY,Anxiety self-help resources,interventions,direct_user_support,normal,"[""university_students"", ""young_adults"", ""adults""]","[""anxiety"", ""stress"", ""breathing"", ""relaxation"", ""cognitive_reframing"", ""exposure""]",en,pending,864,Centre for C linical I nterventions •Psychotherapy•Research•Training Making the Connection Part One Instructions: Read the following scenarios and identify the feelings that may result from the self- statements. SCENARIO 1: You’ve had a rat,,
CCI_ANXIETY_1abcaac5_00001_1a6915dc5a89,CCI_ANXIETY,Anxiety self-help resources,interventions,direct_user_support,normal,"[""university_students"", ""young_adults"", ""adults""]","[""anxiety"", ""stress"", ""breathing"", ""relaxation"", ""cognitive_reframing"", ""exposure""]",en,pending,891,"You step in and find that the house is in total darkness. Suddenly, you hear a chorus of voices shouting, “Surprise! ” The lights come on and you see a group of your friends and relatives singing “Happy Birthday” to you. B) You say to yours",,
CCI_ANXIETY_1abcaac5_00002_403d9172b496,CCI_ANXIETY,Anxiety self-help resources,interventions,direct_user_support,normal,"[""university_students"", ""young_adults"", ""adults""]","[""anxiety"", ""stress"", ""breathing"", ""relaxation"", ""cognitive_reframing"", ""exposure""]",en,pending,509,"What have I done to deserve this! We just had the carpet cleaned last week! That naughty boy! All he cares about is himself! That inconsiderate, selfish brat! I’m gonna ground him for 2 years! ! ! ” This document is for information purposes",,
CCI_ANXIETY_1abcaac5_00003_bfa7552a6880,CCI_ANXIETY,Anxiety self-help resources,interventions,direct_user_support,normal,"[""university_students"", ""young_adults"", ""adults""]","[""anxiety"", ""stress"", ""breathing"", ""relaxation"", ""cognitive_reframing"", ""exposure""]",en,pending,806,Centre for C linical I nterventions •Psychotherapy•Research•Training Part Two Instructions: Read the following scenarios and now fill in the self-statements that lead to the feelings experienced. SCENARIO 1: You arrive home to find a note f,,
CCI_ANXIETY_1abcaac5_00004_e4c959b2a09b,CCI_ANXIETY,Anxiety self-help resources,interventions,direct_user_support,normal,"[""university_students"", ""young_adults"", ""adults""]","[""anxiety"", ""stress"", ""breathing"", ""relaxation"", ""cognitive_reframing"", ""exposure""]",en,pending,262,Please refer to the full disclaimer and copyright statement available at http://www.cci.health.wa.gov.au regarding the information from this website before making use of such information. nf See website www.cci.health.wa.gov.au for more han,,
CCI_ANXIETY_a68c186a_00000_eeefce4150d9,CCI_ANXIETY,Anxiety self-help resources,interventions,direct_user_support,normal,"[""university_students"", ""young_adults"", ""adults""]","[""anxiety"", ""stress"", ""breathing"", ""relaxation"", ""cognitive_reframing"", ""exposure""]",en,pending,836,"Thought Diary 1 A Activating Event This may include an actual event or situation, a thought, mental picture or physical trigger. B Beliefs 1. List all self-statements that link A to C. Ask yourself: “What was I thinking? ” “What was I sayin",,
CCI_ANXIETY_a68c186a_00001_e4c959b2a09b,CCI_ANXIETY,Anxiety self-help resources,interventions,direct_user_support,normal,"[""university_students"", ""young_adults"", ""adults""]","[""anxiety"", ""stress"", ""breathing"", ""relaxation"", ""cognitive_reframing"", ""exposure""]",en,pending,262,Please refer to the full disclaimer and copyright statement available at http://www.cci.health.wa.gov.au regarding the information from this website before making use of such information. nf See website www.cci.health.wa.gov.au for more han,,
CCI_ANXIETY_942c4f40_00000_f8022c6a00ba,CCI_ANXIETY,Anxiety self-help resources,interventions,direct_user_support,normal,"[""university_students"", ""young_adults"", ""adults""]","[""anxiety"", ""stress"", ""breathing"", ""relaxation"", ""cognitive_reframing"", ""exposure""]",en,pending,34,Thought Diary 2 A Activating Event,,
CCI_ANXIETY_942c4f40_00001_1bbd5f65f054,CCI_ANXIETY,Anxiety self-help resources,interventions,direct_user_support,normal,"[""university_students"", ""young_adults"", ""adults""]","[""anxiety"", ""stress"", ""breathing"", ""relaxation"", ""cognitive_reframing"", ""exposure""]",en,pending,861,"This may include an actual event or situation, a thought, mental picture or physical trigger. B Beliefs 1. List all self-statements that link A to C. Ask yourself: “What was I thinking? ” “What was I saying to myself? ” “What was going thro",,
CCI_ANXIETY_942c4f40_00002_5b40059964a8,CCI_ANXIETY,Anxiety self-help resources,interventions,direct_user_support,normal,"[""university_students"", ""young_adults"", ""adults""]","[""anxiety"", ""stress"", ""breathing"", ""relaxation"", ""cognitive_reframing"", ""exposure""]",en,pending,508,Rate the intensity of this feeling between 0 to 100. 4. Jot down any physical sensations you experienced or actions carried out. Centre for C linical I nterventions •Psychotherapy•Research•Training This document is for information purposes ,,
CCI_ANXIETY_942c4f40_00003_12c4962d9c2e,CCI_ANXIETY,Anxiety self-help resources,interventions,direct_user_support,normal,"[""university_students"", ""young_adults"", ""adults""]","[""anxiety"", ""stress"", ""breathing"", ""relaxation"", ""cognitive_reframing"", ""exposure""]",en,pending,729,"D Detective Work & Disputation Detective Work: Now refer to the hot thought, and ask yourself, “What is the factual evidence for and against my hot thought? ” Disputation: Ask yourself the following questions ... My HOT Thought: Factual Evi",,
CCI_ANXIETY_942c4f40_00004_e4c959b2a09b,CCI_ANXIETY,Anxiety self-help resources,interventions,direct_user_support,normal,"[""university_students"", ""young_adults"", ""adults""]","[""anxiety"", ""stress"", ""breathing"", ""relaxation"", ""cognitive_reframing"", ""exposure""]",en,pending,262,Please refer to the full disclaimer and copyright statement available at http://www.cci.health.wa.gov.au regarding the information from this website before making use of such information. nf See website www.cci.health.wa.gov.au for more han,,
CCI_ANXIETY_c858fb44_00000_6e529f11dba0,CCI_ANXIETY,Anxiety self-help resources,interventions,direct_user_support,normal,"[""university_students"", ""young_adults"", ""adults""]","[""anxiety"", ""stress"", ""breathing"", ""relaxation"", ""cognitive_reframing"", ""exposure""]",en,pending,34,Thought Diary 3 A Activating Event,,
CCI_ANXIETY_c858fb44_00001_13cdc4a78679,CCI_ANXIETY,Anxiety self-help resources,interventions,direct_user_support,normal,"[""university_students"", ""young_adults"", ""adults""]","[""anxiety"", ""stress"", ""breathing"", ""relaxation"", ""cognitive_reframing"", ""exposure""]",en,pending,861,"This may include an actual event or situation, a thought, mental picture or physical trigger. B Beliefs 1. List all self-statements that link A to C. Ask yourself: “What was I thinking? ” “What was I saying to myself? ” “What was going thro",,
CCI_ANXIETY_c858fb44_00002_7a6d1e846438,CCI_ANXIETY,Anxiety self-help resources,interventions,direct_user_support,normal,"[""university_students"", ""young_adults"", ""adults""]","[""anxiety"", ""stress"", ""breathing"", ""relaxation"", ""cognitive_reframing"", ""exposure""]",en,pending,512,Rate the intensity of this feeling between 0 to 100. 4. Jot down any physical sensations you experienced or actions carried out. Centre for C linical I nterventions •Psychotherapy•Research•Training This document is for information purposes ,,
CCI_ANXIETY_c858fb44_00003_eea61e4b6103,CCI_ANXIETY,Anxiety self-help resources,interventions,direct_user_support,normal,"[""university_students"", ""young_adults"", ""adults""]","[""anxiety"", ""stress"", ""breathing"", ""relaxation"", ""cognitive_reframing"", ""exposure""]",en,pending,866,"D Detective Work & Disputation Detective Work: Now refer to the hot thought, and ask yourself, “What is the factual evidence for and against my hot thought? ” Disputation Questions: Disputation: Ask yourself the following questions ... E En",,
CCI_ANXIETY_c858fb44_00004_e992c208be57,CCI_ANXIETY,Anxiety self-help resources,interventions,direct_user_support,normal,"[""university_students"", ""young_adults"", ""adults""]","[""anxiety"", ""stress"", ""breathing"", ""relaxation"", ""cognitive_reframing"", ""exposure""]",en,pending,567,"y Realistically, what is the likelihood of that happening? y How might someone else view the situation? y Does it really help me to think this way? y Think of some helpful self-statements Centre for C linical I nterventions •Psychotherapy•R",,
CCI_ANXIETY_b87a128c_00000_0aa98e3c8444,CCI_ANXIETY,Anxiety self-help resources,interventions,direct_user_support,normal,"[""university_students"", ""young_adults"", ""adults""]","[""anxiety"", ""stress"", ""breathing"", ""relaxation"", ""cognitive_reframing"", ""exposure""]",en,pending,837,OBJECTIVE: This Thought Diary aims to help you understand the difference between thoughts and feelings. INSTRUCTIONS: Begin with section A: Write about an event or situation in which you felt distressed or upset. Record the situation in the,,
CCI_ANXIETY_b87a128c_00001_f933946f3c1f,CCI_ANXIETY,Anxiety self-help resources,interventions,direct_user_support,normal,"[""university_students"", ""young_adults"", ""adults""]","[""anxiety"", ""stress"", ""breathing"", ""relaxation"", ""cognitive_reframing"", ""exposure""]",en,pending,263,"Find the “Hot thought”, the thought that best relates to the emotion you underlined in “C”. Rate how much you believe this statement on a scale from 0 to 100. Thought Diary Name: Day & Date: • Psychotherapy • Research • Training CCI entre f",,
CCI_ANXIETY_b87a128c_00002_34b919a5e72f,CCI_ANXIETY,Anxiety self-help resources,interventions,direct_user_support,normal,"[""university_students"", ""young_adults"", ""adults""]","[""anxiety"", ""stress"", ""breathing"", ""relaxation"", ""cognitive_reframing"", ""exposure""]",en,pending,654,"A Activating Event This may be either: An actual event or situation, a thought, mental picture or recollection. B Beliefs 1. List all statements that link A to C. Ask yourself: “What was I thinking?” “What was I saying to myself?” “What was",,
CCI_ANXIETY_b87a128c_00003_cd19bd2dfa26,CCI_ANXIETY,Anxiety self-help resources,interventions,direct_user_support,normal,"[""university_students"", ""young_adults"", ""adults""]","[""anxiety"", ""stress"", ""breathing"", ""relaxation"", ""cognitive_reframing"", ""exposure""]",en,pending,836,OBJECTIVE: This Thought Diary aims to help you analyze your thinking and challenge unhelpful thoughts. INSTRUCTIONS: Begin with section A: Write about an event or situation in which you felt distressed or upset. Record the situation in the ,,
CCI_ANXIETY_b87a128c_00004_a4197d3b4944,CCI_ANXIETY,Anxiety self-help resources,interventions,direct_user_support,normal,"[""university_students"", ""young_adults"", ""adults""]","[""anxiety"", ""stress"", ""breathing"", ""relaxation"", ""cognitive_reframing"", ""exposure""]",en,pending,864,"Find the “Hot thought”, the thought that best relates to the emotion you underlined in “C”. Rate how much you believe this statement on a scale from 0 to 100. Turn to section D, the section in which you concentrate on change and coping. Go ",,
CCI_ANXIETY_b87a128c_00005_41bc7976074d,CCI_ANXIETY,Anxiety self-help resources,interventions,direct_user_support,normal,"[""university_students"", ""young_adults"", ""adults""]","[""anxiety"", ""stress"", ""breathing"", ""relaxation"", ""cognitive_reframing"", ""exposure""]",en,pending,854,"Disputation 1. List the factual evidence for and against the Hot Thought that you underlined in B. 2. Ask yourself the disputation questions A Activating Event This may be either: An actual event or situation, a thought, mental picture or r",,
CCI_ANXIETY_b87a128c_00006_2f5e918c5904,CCI_ANXIETY,Anxiety self-help resources,interventions,direct_user_support,normal,"[""university_students"", ""young_adults"", ""adults""]","[""anxiety"", ""stress"", ""breathing"", ""relaxation"", ""cognitive_reframing"", ""exposure""]",en,pending,440,Underline the one that is most associated with the activating event. 3. Rate the intensity of that feeling (0 to 100). 4. Jot down any physical sensations you experienced or actions carried out. Unhelpful Thinking Styles:  Mental Filter  ,,
CCI_ANXIETY_52be0e89_00000_9454c65dc65b,CCI_ANXIETY,Anxiety self-help resources,interventions,direct_user_support,normal,"[""university_students"", ""young_adults"", ""adults""]","[""anxiety"", ""stress"", ""breathing"", ""relaxation"", ""cognitive_reframing"", ""exposure""]",en,pending,448,Behavioural Experiment Monitoring  Prediction Specifically what are you afraid will happen?  Experiment How will you test your prediction?  Evidence to Look For What will I/others observe if prediction is true?  Actual Outcome (stick to fac,,
CCI_ANXIETY_52be0e89_00001_e0da44fa3f64,CCI_ANXIETY,Anxiety self-help resources,interventions,direct_user_support,normal,"[""university_students"", ""young_adults"", ""adults""]","[""anxiety"", ""stress"", ""breathing"", ""relaxation"", ""cognitive_reframing"", ""exposure""]",en,pending,217,"• Make sure you don’t engage in anxiety re- ducing behaviours (e.g. distraction), unless specifically part of your hierar- chy  • Record whether your prediction came true  • Rate predicted and actual distress (0- 100)",,
CCI_ANXIETY_5ba62df3_00000_9454c65dc65b,CCI_ANXIETY,Anxiety self-help resources,interventions,direct_user_support,normal,"[""university_students"", ""young_adults"", ""adults""]","[""anxiety"", ""stress"", ""breathing"", ""relaxation"", ""cognitive_reframing"", ""exposure""]",en,pending,448,Behavioural Experiment Monitoring  Prediction Specifically what are you afraid will happen?  Experiment How will you test your prediction?  Evidence to Look For What will I/others observe if prediction is true?  Actual Outcome (stick to fac,,
CCI_ANXIETY_5ba62df3_00001_e0da44fa3f64,CCI_ANXIETY,Anxiety self-help resources,interventions,direct_user_support,normal,"[""university_students"", ""young_adults"", ""adults""]","[""anxiety"", ""stress"", ""breathing"", ""relaxation"", ""cognitive_reframing"", ""exposure""]",en,pending,217,"• Make sure you don’t engage in anxiety re- ducing behaviours (e.g. distraction), unless specifically part of your hierar- chy  • Record whether your prediction came true  • Rate predicted and actual distress (0- 100)",,
CCI_ANXIETY_2bfaf82a_00000_9be4230a0150,CCI_ANXIETY,Anxiety self-help resources,interventions,direct_user_support,normal,"[""university_students"", ""young_adults"", ""adults""]","[""anxiety"", ""stress"", ""breathing"", ""relaxation"", ""cognitive_reframing"", ""exposure""]",en,pending,869,Centre for C linical I nterventions •Psychotherapy•Research•Training Making the Connection Part One SCENARIO 1: You’ve had a rather long and tiring day at work where you were helping a colleague move boxes of stationery and office equipment,,
CCI_ANXIETY_2bfaf82a_00001_685e4d15d828,CCI_ANXIETY,Anxiety self-help resources,interventions,direct_user_support,normal,"[""university_students"", ""young_adults"", ""adults""]","[""anxiety"", ""stress"", ""breathing"", ""relaxation"", ""cognitive_reframing"", ""exposure""]",en,pending,897,” The lights come on and you see a group of your friends and relatives singing “Happy Birthday” to you. B) You say to yourself: “I’ve told him a thousand times not to bring the dog into the house and he never listens to me. My kids don’t ob,,
CCI_ANXIETY_2bfaf82a_00002_9a5eb569e2af,CCI_ANXIETY,Anxiety self-help resources,interventions,direct_user_support,normal,"[""university_students"", ""young_adults"", ""adults""]","[""anxiety"", ""stress"", ""breathing"", ""relaxation"", ""cognitive_reframing"", ""exposure""]",en,pending,491,"That inconsiderate, selfish brat! I’m gonna ground him for 2 years! ! ! ” Instructions: Read the following scenarios and identify the feelings that may result from the self- statements. This document is for information purposes only. Please",,
CCI_ANXIETY_2bfaf82a_00003_bfa7552a6880,CCI_ANXIETY,Anxiety self-help resources,interventions,direct_user_support,normal,"[""university_students"", ""young_adults"", ""adults""]","[""anxiety"", ""stress"", ""breathing"", ""relaxation"", ""cognitive_reframing"", ""exposure""]",en,pending,806,Centre for C linical I nterventions •Psychotherapy•Research•Training Part Two Instructions: Read the following scenarios and now fill in the self-statements that lead to the feelings experienced. SCENARIO 1: You arrive home to find a note f,,
CCI_ANXIETY_2bfaf82a_00004_e7a3b3d60163,CCI_ANXIETY,Anxiety self-help resources,interventions,direct_user_support,normal,"[""university_students"", ""young_adults"", ""adults""]","[""anxiety"", ""stress"", ""breathing"", ""relaxation"", ""cognitive_reframing"", ""exposure""]",en,pending,257,Please refer to the full disclaimer and copyright statement available at http://www.cci.health.wa.gov.au regarding the information from this website before making use of such information. See website www.cci.health.wa.gov.au for more handou,,
CCI_ANXIETY_1cdbdba5_00000_9650bd66a9b5,CCI_ANXIETY,Anxiety self-help resources,interventions,direct_user_support,normal,"[""university_students"", ""young_adults"", ""adults""]","[""anxiety"", ""stress"", ""breathing"", ""relaxation"", ""cognitive_reframing"", ""exposure""]",en,pending,72,"Anxiety Self-Help Resources - Information Sheets, Worksheets & Workbooks",,
CCI_ANXIETY_1cdbdba5_00001_77174599ae17,CCI_ANXIETY,Anxiety self-help resources,interventions,direct_user_support,normal,"[""university_students"", ""young_adults"", ""adults""]","[""anxiety"", ""stress"", ""breathing"", ""relaxation"", ""cognitive_reframing"", ""exposure""]",en,pending,449,About Us {13C84218-8872-401E-9A13-665E425F6639} Overview {7EF6D75B-FB24-4CFB-83F9-FFED6BBFB1C7} History {416A02EE-C352-4E67-B8D9-3FDDF364BFEC} Staff Profiles {772CBF40-D3B1-403A-A380-98719879EF34} Contact Us {20E42572-FBD7-4A54-AFB8-26F7943,,
CCI_ANXIETY_1cdbdba5_00002_74f062a0d6df,CCI_ANXIETY,Anxiety self-help resources,interventions,direct_user_support,normal,"[""university_students"", ""young_adults"", ""adults""]","[""anxiety"", ""stress"", ""breathing"", ""relaxation"", ""cognitive_reframing"", ""exposure""]",en,pending,631,Treatment {2C7A58A1-CAB6-4894-A249-385DBE7F0BDD} Overview {3B8CEAEA-75FD-4911-B697-32D8032A64BA} Mood Management Course {E5043A33-376E-48C6-A012-F54669333AF9} Bipolar Course {69206959-9FFB-4746-92B8-5448BA0F4292} Social Anxiety Course {E4BE,,
CCI_ANXIETY_1cdbdba5_00003_6c25032b4608,CCI_ANXIETY,Anxiety self-help resources,interventions,direct_user_support,normal,"[""university_students"", ""young_adults"", ""adults""]","[""anxiety"", ""stress"", ""breathing"", ""relaxation"", ""cognitive_reframing"", ""exposure""]",en,pending,483,Overview {3B8CEAEA-75FD-4911-B697-32D8032A64BA}  Mood Management Course {E5043A33-376E-48C6-A012-F54669333AF9}  Bipolar Course {69206959-9FFB-4746-92B8-5448BA0F4292}  Social Anxiety Course {E4BEFFA4-2B4E-40DC-8F66-72575A3B384F}  Worry and R,,
CCI_ANXIETY_1cdbdba5_00004_acac48e38397,CCI_ANXIETY,Anxiety self-help resources,interventions,direct_user_support,normal,"[""university_students"", ""young_adults"", ""adults""]","[""anxiety"", ""stress"", ""breathing"", ""relaxation"", ""cognitive_reframing"", ""exposure""]",en,pending,357,Referrals {CEEADE79-E4ED-4F5C-845F-D39ED38BD37F}  Program Brochures {5BD5F4C2-63BD-4B71-93CD-40A09CCD298F}  Research {BD082FA6-3B64-486D-A4EE-1EC408935430} Overview {1B492127-3D4E-499D-8511-DA43342E7D4F} Publications {7CEA13EF-69CE-4038-97C,,
CCI_ANXIETY_1cdbdba5_00005_f57b68200b32,CCI_ANXIETY,Anxiety self-help resources,interventions,direct_user_support,normal,"[""university_students"", ""young_adults"", ""adults""]","[""anxiety"", ""stress"", ""breathing"", ""relaxation"", ""cognitive_reframing"", ""exposure""]",en,pending,468,Training {1079BB30-579E-4029-AE76-2FAC2BB19240} Training Calendar {ADCC280B-41DE-4B04-B655-32C6B2B6847C} Workshop Descriptions {E00B9888-8C77-4736-BD7E-2BE496EEC873} Register for Training {CD0EFBAC-8E33-4858-92C5-618AC70612A4} Demonstration,,
CCI_ANXIETY_1cdbdba5_00006_a95f36e81d17,CCI_ANXIETY,Anxiety self-help resources,interventions,direct_user_support,normal,"[""university_students"", ""young_adults"", ""adults""]","[""anxiety"", ""stress"", ""breathing"", ""relaxation"", ""cognitive_reframing"", ""exposure""]",en,pending,445,Demonstration Videos {506B5ABA-EDD5-4EB8-A974-F7AC784EF9B8}  Resources {9B249EB4-588A-4F8C-9D4D-21C41E23834B} Overview {74035F8D-632C-4A56-9863-012015F4679D} Looking After Yourself {0403180E-42C9-4A3F-A5A9-2C70C1AD00E8} Looking After Others,,
CCI_ANXIETY_1cdbdba5_00007_364bc8b1cd4a,CCI_ANXIETY,Anxiety self-help resources,interventions,direct_user_support,normal,"[""university_students"", ""young_adults"", ""adults""]","[""anxiety"", ""stress"", ""breathing"", ""relaxation"", ""cognitive_reframing"", ""exposure""]",en,pending,159,Looking After Others {CF57F18B-F088-4BB8-B7F3-80E52B7AC29C}  For Clinicians {4359E14E-A412-4B30-97A6-E7D2B3ACDF96}  News {68C85B6A-D6C6-4F59-9CCF-ED8F4C157F56},,
CCI_ANXIETY_1cdbdba5_00008_2456e78c1496,CCI_ANXIETY,Anxiety self-help resources,interventions,direct_user_support,normal,"[""university_students"", ""young_adults"", ""adults""]","[""anxiety"", ""stress"", ""breathing"", ""relaxation"", ""cognitive_reframing"", ""exposure""]",en,pending,378,"Feeling tense, stressed, and worried at certain times when under pressure is a normal human response. Everybody feels anxious from time to time. Anxiety becomes a problem when it is intense and prolonged, and when it starts to get in the wa",,
CCI_ANXIETY_1cdbdba5_00009_26a323af8f0f,CCI_ANXIETY,Anxiety self-help resources,interventions,direct_user_support,normal,"[""university_students"", ""young_adults"", ""adults""]","[""anxiety"", ""stress"", ""breathing"", ""relaxation"", ""cognitive_reframing"", ""exposure""]",en,pending,27,What are Safety Behaviours?,,
CCI_ANXIETY_1cdbdba5_00010_a854cb5ba20a,CCI_ANXIETY,Anxiety self-help resources,interventions,direct_user_support,normal,"[""university_students"", ""young_adults"", ""adults""]","[""anxiety"", ""stress"", ""breathing"", ""relaxation"", ""cognitive_reframing"", ""exposure""]",en,pending,29,Progressive Muscle Relaxation,,
CCI_ANXIETY_1cdbdba5_00011_0e497b9a6a35,CCI_ANXIETY,Anxiety self-help resources,interventions,direct_user_support,normal,"[""university_students"", ""young_adults"", ""adults""]","[""anxiety"", ""stress"", ""breathing"", ""relaxation"", ""cognitive_reframing"", ""exposure""]",en,pending,22,What is Needle Phobia?,,
CCI_ANXIETY_1cdbdba5_00012_556505861cef,CCI_ANXIETY,Anxiety self-help resources,interventions,direct_user_support,normal,"[""university_students"", ""young_adults"", ""adults""]","[""anxiety"", ""stress"", ""breathing"", ""relaxation"", ""cognitive_reframing"", ""exposure""]",en,pending,31,Finding Trustworthy Information,,
CCI_ANXIETY_1cdbdba5_00013_f8954a101fce,CCI_ANXIETY,Anxiety self-help resources,interventions,direct_user_support,normal,"[""university_students"", ""young_adults"", ""adults""]","[""anxiety"", ""stress"", ""breathing"", ""relaxation"", ""cognitive_reframing"", ""exposure""]",en,pending,150,Responding to Reassurance Seeking (Information for Carers)  Artificial Intelligence and Your Mental Health  Download all information sheets (zip file),,
CCI_ANXIETY_1cdbdba5_00014_6ea7f7a674bf,CCI_ANXIETY,Anxiety self-help resources,interventions,direct_user_support,normal,"[""university_students"", ""young_adults"", ""adults""]","[""anxiety"", ""stress"", ""breathing"", ""relaxation"", ""cognitive_reframing"", ""exposure""]",en,pending,244,"Making the Connection (between thoughts and feelings)  Thought Diary 1 (ABC worksheet, excludes unhelpful thinking styles)  Thought Diary 2 (ABCD worksheet, includes unhelpful thinking styles)  Thought Diary 3 (Complete ABCDE: balanced thou",,
CCI_ANXIETY_1cdbdba5_00015_818e6873eaa5,CCI_ANXIETY,Anxiety self-help resources,interventions,direct_user_support,normal,"[""university_students"", ""young_adults"", ""adults""]","[""anxiety"", ""stress"", ""breathing"", ""relaxation"", ""cognitive_reframing"", ""exposure""]",en,pending,474,"Thought Diary (Tri-fold) This information sheet provides a brief overview of unhelpful thinking styles. For information sheets providing details on individual unhelpful thinking styles, refer to the Unhelpful Thinking Styles section in reso",,
CCI_ANXIETY_1cdbdba5_00016_71fededdc4c8,CCI_ANXIETY,Anxiety self-help resources,interventions,direct_user_support,normal,"[""university_students"", ""young_adults"", ""adults""]","[""anxiety"", ""stress"", ""breathing"", ""relaxation"", ""cognitive_reframing"", ""exposure""]",en,pending,350,If you find it hard to switch off from worries and negative thinking you might find our worry resources helpful.  If your anxiety is mainly about your health you might find our health anxiety resources helpful.  If your anxiety is mostly re,,
CCI_ANXIETY_1cdbdba5_00017_e35cfc1c2bc1,CCI_ANXIETY,Anxiety self-help resources,interventions,direct_user_support,normal,"[""university_students"", ""young_adults"", ""adults""]","[""anxiety"", ""stress"", ""breathing"", ""relaxation"", ""cognitive_reframing"", ""exposure""]",en,pending,74,Phone: (08) 9227 4399 Fax: (08) 9328 5911 Email: Visit the Contact us page,,
CCI_ANXIETY_1cdbdba5_00018_0d364666ec3c,CCI_ANXIETY,Anxiety self-help resources,interventions,direct_user_support,normal,"[""university_students"", ""young_adults"", ""adults""]","[""anxiety"", ""stress"", ""breathing"", ""relaxation"", ""cognitive_reframing"", ""exposure""]",en,pending,105,"Centre for Clinical Interventions 223 James Street Northbridge, WA 6003 Australia  Copyright & Disclaimer",,
CCI_ANXIETY_1cdbdba5_00019_99fb39e4ecc9,CCI_ANXIETY,Anxiety self-help resources,interventions,direct_user_support,normal,"[""university_students"", ""young_adults"", ""adults""]","[""anxiety"", ""stress"", ""breathing"", ""relaxation"", ""cognitive_reframing"", ""exposure""]",en,pending,170,"Centre for Clinical Interventions is brought to you by the Department of Health, Western Australia  Copyright 2025; All contents copyright Government of Western Australia",,
CCI_ANXIETY_87694864_00000_9650bd66a9b5,CCI_ANXIETY,Anxiety self-help resources,interventions,direct_user_support,normal,"[""university_students"", ""young_adults"", ""adults""]","[""anxiety"", ""stress"", ""breathing"", ""relaxation"", ""cognitive_reframing"", ""exposure""]",en,pending,72,"Anxiety Self-Help Resources - Information Sheets, Worksheets & Workbooks",,
CCI_ANXIETY_87694864_00001_77174599ae17,CCI_ANXIETY,Anxiety self-help resources,interventions,direct_user_support,normal,"[""university_students"", ""young_adults"", ""adults""]","[""anxiety"", ""stress"", ""breathing"", ""relaxation"", ""cognitive_reframing"", ""exposure""]",en,pending,449,About Us {13C84218-8872-401E-9A13-665E425F6639} Overview {7EF6D75B-FB24-4CFB-83F9-FFED6BBFB1C7} History {416A02EE-C352-4E67-B8D9-3FDDF364BFEC} Staff Profiles {772CBF40-D3B1-403A-A380-98719879EF34} Contact Us {20E42572-FBD7-4A54-AFB8-26F7943,,
CCI_ANXIETY_87694864_00002_74f062a0d6df,CCI_ANXIETY,Anxiety self-help resources,interventions,direct_user_support,normal,"[""university_students"", ""young_adults"", ""adults""]","[""anxiety"", ""stress"", ""breathing"", ""relaxation"", ""cognitive_reframing"", ""exposure""]",en,pending,631,Treatment {2C7A58A1-CAB6-4894-A249-385DBE7F0BDD} Overview {3B8CEAEA-75FD-4911-B697-32D8032A64BA} Mood Management Course {E5043A33-376E-48C6-A012-F54669333AF9} Bipolar Course {69206959-9FFB-4746-92B8-5448BA0F4292} Social Anxiety Course {E4BE,,
CCI_ANXIETY_87694864_00003_6c25032b4608,CCI_ANXIETY,Anxiety self-help resources,interventions,direct_user_support,normal,"[""university_students"", ""young_adults"", ""adults""]","[""anxiety"", ""stress"", ""breathing"", ""relaxation"", ""cognitive_reframing"", ""exposure""]",en,pending,483,Overview {3B8CEAEA-75FD-4911-B697-32D8032A64BA}  Mood Management Course {E5043A33-376E-48C6-A012-F54669333AF9}  Bipolar Course {69206959-9FFB-4746-92B8-5448BA0F4292}  Social Anxiety Course {E4BEFFA4-2B4E-40DC-8F66-72575A3B384F}  Worry and R,,
CCI_ANXIETY_87694864_00004_acac48e38397,CCI_ANXIETY,Anxiety self-help resources,interventions,direct_user_support,normal,"[""university_students"", ""young_adults"", ""adults""]","[""anxiety"", ""stress"", ""breathing"", ""relaxation"", ""cognitive_reframing"", ""exposure""]",en,pending,357,Referrals {CEEADE79-E4ED-4F5C-845F-D39ED38BD37F}  Program Brochures {5BD5F4C2-63BD-4B71-93CD-40A09CCD298F}  Research {BD082FA6-3B64-486D-A4EE-1EC408935430} Overview {1B492127-3D4E-499D-8511-DA43342E7D4F} Publications {7CEA13EF-69CE-4038-97C,,
CCI_ANXIETY_87694864_00005_f57b68200b32,CCI_ANXIETY,Anxiety self-help resources,interventions,direct_user_support,normal,"[""university_students"", ""young_adults"", ""adults""]","[""anxiety"", ""stress"", ""breathing"", ""relaxation"", ""cognitive_reframing"", ""exposure""]",en,pending,468,Training {1079BB30-579E-4029-AE76-2FAC2BB19240} Training Calendar {ADCC280B-41DE-4B04-B655-32C6B2B6847C} Workshop Descriptions {E00B9888-8C77-4736-BD7E-2BE496EEC873} Register for Training {CD0EFBAC-8E33-4858-92C5-618AC70612A4} Demonstration,,
CCI_ANXIETY_87694864_00006_a95f36e81d17,CCI_ANXIETY,Anxiety self-help resources,interventions,direct_user_support,normal,"[""university_students"", ""young_adults"", ""adults""]","[""anxiety"", ""stress"", ""breathing"", ""relaxation"", ""cognitive_reframing"", ""exposure""]",en,pending,445,Demonstration Videos {506B5ABA-EDD5-4EB8-A974-F7AC784EF9B8}  Resources {9B249EB4-588A-4F8C-9D4D-21C41E23834B} Overview {74035F8D-632C-4A56-9863-012015F4679D} Looking After Yourself {0403180E-42C9-4A3F-A5A9-2C70C1AD00E8} Looking After Others,,
CCI_ANXIETY_87694864_00007_364bc8b1cd4a,CCI_ANXIETY,Anxiety self-help resources,interventions,direct_user_support,normal,"[""university_students"", ""young_adults"", ""adults""]","[""anxiety"", ""stress"", ""breathing"", ""relaxation"", ""cognitive_reframing"", ""exposure""]",en,pending,159,Looking After Others {CF57F18B-F088-4BB8-B7F3-80E52B7AC29C}  For Clinicians {4359E14E-A412-4B30-97A6-E7D2B3ACDF96}  News {68C85B6A-D6C6-4F59-9CCF-ED8F4C157F56},,
CCI_ANXIETY_87694864_00008_2456e78c1496,CCI_ANXIETY,Anxiety self-help resources,interventions,direct_user_support,normal,"[""university_students"", ""young_adults"", ""adults""]","[""anxiety"", ""stress"", ""breathing"", ""relaxation"", ""cognitive_reframing"", ""exposure""]",en,pending,378,"Feeling tense, stressed, and worried at certain times when under pressure is a normal human response. Everybody feels anxious from time to time. Anxiety becomes a problem when it is intense and prolonged, and when it starts to get in the wa",,
CCI_ANXIETY_87694864_00009_26a323af8f0f,CCI_ANXIETY,Anxiety self-help resources,interventions,direct_user_support,normal,"[""university_students"", ""young_adults"", ""adults""]","[""anxiety"", ""stress"", ""breathing"", ""relaxation"", ""cognitive_reframing"", ""exposure""]",en,pending,27,What are Safety Behaviours?,,
CCI_ANXIETY_87694864_00010_a854cb5ba20a,CCI_ANXIETY,Anxiety self-help resources,interventions,direct_user_support,normal,"[""university_students"", ""young_adults"", ""adults""]","[""anxiety"", ""stress"", ""breathing"", ""relaxation"", ""cognitive_reframing"", ""exposure""]",en,pending,29,Progressive Muscle Relaxation,,
CCI_ANXIETY_87694864_00011_0e497b9a6a35,CCI_ANXIETY,Anxiety self-help resources,interventions,direct_user_support,normal,"[""university_students"", ""young_adults"", ""adults""]","[""anxiety"", ""stress"", ""breathing"", ""relaxation"", ""cognitive_reframing"", ""exposure""]",en,pending,22,What is Needle Phobia?,,
CCI_ANXIETY_87694864_00012_556505861cef,CCI_ANXIETY,Anxiety self-help resources,interventions,direct_user_support,normal,"[""university_students"", ""young_adults"", ""adults""]","[""anxiety"", ""stress"", ""breathing"", ""relaxation"", ""cognitive_reframing"", ""exposure""]",en,pending,31,Finding Trustworthy Information,,
CCI_ANXIETY_87694864_00013_f8954a101fce,CCI_ANXIETY,Anxiety self-help resources,interventions,direct_user_support,normal,"[""university_students"", ""young_adults"", ""adults""]","[""anxiety"", ""stress"", ""breathing"", ""relaxation"", ""cognitive_reframing"", ""exposure""]",en,pending,150,Responding to Reassurance Seeking (Information for Carers)  Artificial Intelligence and Your Mental Health  Download all information sheets (zip file),,
CCI_ANXIETY_87694864_00014_6ea7f7a674bf,CCI_ANXIETY,Anxiety self-help resources,interventions,direct_user_support,normal,"[""university_students"", ""young_adults"", ""adults""]","[""anxiety"", ""stress"", ""breathing"", ""relaxation"", ""cognitive_reframing"", ""exposure""]",en,pending,244,"Making the Connection (between thoughts and feelings)  Thought Diary 1 (ABC worksheet, excludes unhelpful thinking styles)  Thought Diary 2 (ABCD worksheet, includes unhelpful thinking styles)  Thought Diary 3 (Complete ABCDE: balanced thou",,
CCI_ANXIETY_87694864_00015_818e6873eaa5,CCI_ANXIETY,Anxiety self-help resources,interventions,direct_user_support,normal,"[""university_students"", ""young_adults"", ""adults""]","[""anxiety"", ""stress"", ""breathing"", ""relaxation"", ""cognitive_reframing"", ""exposure""]",en,pending,474,"Thought Diary (Tri-fold) This information sheet provides a brief overview of unhelpful thinking styles. For information sheets providing details on individual unhelpful thinking styles, refer to the Unhelpful Thinking Styles section in reso",,
CCI_ANXIETY_87694864_00016_71fededdc4c8,CCI_ANXIETY,Anxiety self-help resources,interventions,direct_user_support,normal,"[""university_students"", ""young_adults"", ""adults""]","[""anxiety"", ""stress"", ""breathing"", ""relaxation"", ""cognitive_reframing"", ""exposure""]",en,pending,350,If you find it hard to switch off from worries and negative thinking you might find our worry resources helpful.  If your anxiety is mainly about your health you might find our health anxiety resources helpful.  If your anxiety is mostly re,,
CCI_ANXIETY_87694864_00017_e35cfc1c2bc1,CCI_ANXIETY,Anxiety self-help resources,interventions,direct_user_support,normal,"[""university_students"", ""young_adults"", ""adults""]","[""anxiety"", ""stress"", ""breathing"", ""relaxation"", ""cognitive_reframing"", ""exposure""]",en,pending,74,Phone: (08) 9227 4399 Fax: (08) 9328 5911 Email: Visit the Contact us page,,
CCI_ANXIETY_87694864_00018_0d364666ec3c,CCI_ANXIETY,Anxiety self-help resources,interventions,direct_user_support,normal,"[""university_students"", ""young_adults"", ""adults""]","[""anxiety"", ""stress"", ""breathing"", ""relaxation"", ""cognitive_reframing"", ""exposure""]",en,pending,105,"Centre for Clinical Interventions 223 James Street Northbridge, WA 6003 Australia  Copyright & Disclaimer",,
CCI_ANXIETY_87694864_00019_99fb39e4ecc9,CCI_ANXIETY,Anxiety self-help resources,interventions,direct_user_support,normal,"[""university_students"", ""young_adults"", ""adults""]","[""anxiety"", ""stress"", ""breathing"", ""relaxation"", ""cognitive_reframing"", ""exposure""]",en,pending,170,"Centre for Clinical Interventions is brought to you by the Department of Health, Western Australia  Copyright 2025; All contents copyright Government of Western Australia",,
CCI_ANXIETY_6f18c581_00000_9650bd66a9b5,CCI_ANXIETY,Anxiety self-help resources,interventions,direct_user_support,normal,"[""university_students"", ""young_adults"", ""adults""]","[""anxiety"", ""stress"", ""breathing"", ""relaxation"", ""cognitive_reframing"", ""exposure""]",en,pending,72,"Anxiety Self-Help Resources - Information Sheets, Worksheets & Workbooks",,
CCI_ANXIETY_6f18c581_00001_77174599ae17,CCI_ANXIETY,Anxiety self-help resources,interventions,direct_user_support,normal,"[""university_students"", ""young_adults"", ""adults""]","[""anxiety"", ""stress"", ""breathing"", ""relaxation"", ""cognitive_reframing"", ""exposure""]",en,pending,449,About Us {13C84218-8872-401E-9A13-665E425F6639} Overview {7EF6D75B-FB24-4CFB-83F9-FFED6BBFB1C7} History {416A02EE-C352-4E67-B8D9-3FDDF364BFEC} Staff Profiles {772CBF40-D3B1-403A-A380-98719879EF34} Contact Us {20E42572-FBD7-4A54-AFB8-26F7943,,
CCI_ANXIETY_6f18c581_00002_74f062a0d6df,CCI_ANXIETY,Anxiety self-help resources,interventions,direct_user_support,normal,"[""university_students"", ""young_adults"", ""adults""]","[""anxiety"", ""stress"", ""breathing"", ""relaxation"", ""cognitive_reframing"", ""exposure""]",en,pending,631,Treatment {2C7A58A1-CAB6-4894-A249-385DBE7F0BDD} Overview {3B8CEAEA-75FD-4911-B697-32D8032A64BA} Mood Management Course {E5043A33-376E-48C6-A012-F54669333AF9} Bipolar Course {69206959-9FFB-4746-92B8-5448BA0F4292} Social Anxiety Course {E4BE,,
CCI_ANXIETY_6f18c581_00003_6c25032b4608,CCI_ANXIETY,Anxiety self-help resources,interventions,direct_user_support,normal,"[""university_students"", ""young_adults"", ""adults""]","[""anxiety"", ""stress"", ""breathing"", ""relaxation"", ""cognitive_reframing"", ""exposure""]",en,pending,483,Overview {3B8CEAEA-75FD-4911-B697-32D8032A64BA}  Mood Management Course {E5043A33-376E-48C6-A012-F54669333AF9}  Bipolar Course {69206959-9FFB-4746-92B8-5448BA0F4292}  Social Anxiety Course {E4BEFFA4-2B4E-40DC-8F66-72575A3B384F}  Worry and R,,
CCI_ANXIETY_6f18c581_00004_acac48e38397,CCI_ANXIETY,Anxiety self-help resources,interventions,direct_user_support,normal,"[""university_students"", ""young_adults"", ""adults""]","[""anxiety"", ""stress"", ""breathing"", ""relaxation"", ""cognitive_reframing"", ""exposure""]",en,pending,357,Referrals {CEEADE79-E4ED-4F5C-845F-D39ED38BD37F}  Program Brochures {5BD5F4C2-63BD-4B71-93CD-40A09CCD298F}  Research {BD082FA6-3B64-486D-A4EE-1EC408935430} Overview {1B492127-3D4E-499D-8511-DA43342E7D4F} Publications {7CEA13EF-69CE-4038-97C,,
CCI_ANXIETY_6f18c581_00005_f57b68200b32,CCI_ANXIETY,Anxiety self-help resources,interventions,direct_user_support,normal,"[""university_students"", ""young_adults"", ""adults""]","[""anxiety"", ""stress"", ""breathing"", ""relaxation"", ""cognitive_reframing"", ""exposure""]",en,pending,468,Training {1079BB30-579E-4029-AE76-2FAC2BB19240} Training Calendar {ADCC280B-41DE-4B04-B655-32C6B2B6847C} Workshop Descriptions {E00B9888-8C77-4736-BD7E-2BE496EEC873} Register for Training {CD0EFBAC-8E33-4858-92C5-618AC70612A4} Demonstration,,
CCI_ANXIETY_6f18c581_00006_a95f36e81d17,CCI_ANXIETY,Anxiety self-help resources,interventions,direct_user_support,normal,"[""university_students"", ""young_adults"", ""adults""]","[""anxiety"", ""stress"", ""breathing"", ""relaxation"", ""cognitive_reframing"", ""exposure""]",en,pending,445,Demonstration Videos {506B5ABA-EDD5-4EB8-A974-F7AC784EF9B8}  Resources {9B249EB4-588A-4F8C-9D4D-21C41E23834B} Overview {74035F8D-632C-4A56-9863-012015F4679D} Looking After Yourself {0403180E-42C9-4A3F-A5A9-2C70C1AD00E8} Looking After Others,,
CCI_ANXIETY_6f18c581_00007_364bc8b1cd4a,CCI_ANXIETY,Anxiety self-help resources,interventions,direct_user_support,normal,"[""university_students"", ""young_adults"", ""adults""]","[""anxiety"", ""stress"", ""breathing"", ""relaxation"", ""cognitive_reframing"", ""exposure""]",en,pending,159,Looking After Others {CF57F18B-F088-4BB8-B7F3-80E52B7AC29C}  For Clinicians {4359E14E-A412-4B30-97A6-E7D2B3ACDF96}  News {68C85B6A-D6C6-4F59-9CCF-ED8F4C157F56},,
CCI_ANXIETY_6f18c581_00008_2456e78c1496,CCI_ANXIETY,Anxiety self-help resources,interventions,direct_user_support,normal,"[""university_students"", ""young_adults"", ""adults""]","[""anxiety"", ""stress"", ""breathing"", ""relaxation"", ""cognitive_reframing"", ""exposure""]",en,pending,378,"Feeling tense, stressed, and worried at certain times when under pressure is a normal human response. Everybody feels anxious from time to time. Anxiety becomes a problem when it is intense and prolonged, and when it starts to get in the wa",,
CCI_ANXIETY_6f18c581_00009_26a323af8f0f,CCI_ANXIETY,Anxiety self-help resources,interventions,direct_user_support,normal,"[""university_students"", ""young_adults"", ""adults""]","[""anxiety"", ""stress"", ""breathing"", ""relaxation"", ""cognitive_reframing"", ""exposure""]",en,pending,27,What are Safety Behaviours?,,
CCI_ANXIETY_6f18c581_00010_a854cb5ba20a,CCI_ANXIETY,Anxiety self-help resources,interventions,direct_user_support,normal,"[""university_students"", ""young_adults"", ""adults""]","[""anxiety"", ""stress"", ""breathing"", ""relaxation"", ""cognitive_reframing"", ""exposure""]",en,pending,29,Progressive Muscle Relaxation,,
CCI_ANXIETY_6f18c581_00011_0e497b9a6a35,CCI_ANXIETY,Anxiety self-help resources,interventions,direct_user_support,normal,"[""university_students"", ""young_adults"", ""adults""]","[""anxiety"", ""stress"", ""breathing"", ""relaxation"", ""cognitive_reframing"", ""exposure""]",en,pending,22,What is Needle Phobia?,,
CCI_ANXIETY_6f18c581_00012_556505861cef,CCI_ANXIETY,Anxiety self-help resources,interventions,direct_user_support,normal,"[""university_students"", ""young_adults"", ""adults""]","[""anxiety"", ""stress"", ""breathing"", ""relaxation"", ""cognitive_reframing"", ""exposure""]",en,pending,31,Finding Trustworthy Information,,
CCI_ANXIETY_6f18c581_00013_f8954a101fce,CCI_ANXIETY,Anxiety self-help resources,interventions,direct_user_support,normal,"[""university_students"", ""young_adults"", ""adults""]","[""anxiety"", ""stress"", ""breathing"", ""relaxation"", ""cognitive_reframing"", ""exposure""]",en,pending,150,Responding to Reassurance Seeking (Information for Carers)  Artificial Intelligence and Your Mental Health  Download all information sheets (zip file),,
CCI_ANXIETY_6f18c581_00014_6ea7f7a674bf,CCI_ANXIETY,Anxiety self-help resources,interventions,direct_user_support,normal,"[""university_students"", ""young_adults"", ""adults""]","[""anxiety"", ""stress"", ""breathing"", ""relaxation"", ""cognitive_reframing"", ""exposure""]",en,pending,244,"Making the Connection (between thoughts and feelings)  Thought Diary 1 (ABC worksheet, excludes unhelpful thinking styles)  Thought Diary 2 (ABCD worksheet, includes unhelpful thinking styles)  Thought Diary 3 (Complete ABCDE: balanced thou",,
CCI_ANXIETY_6f18c581_00015_818e6873eaa5,CCI_ANXIETY,Anxiety self-help resources,interventions,direct_user_support,normal,"[""university_students"", ""young_adults"", ""adults""]","[""anxiety"", ""stress"", ""breathing"", ""relaxation"", ""cognitive_reframing"", ""exposure""]",en,pending,474,"Thought Diary (Tri-fold) This information sheet provides a brief overview of unhelpful thinking styles. For information sheets providing details on individual unhelpful thinking styles, refer to the Unhelpful Thinking Styles section in reso",,
CCI_ANXIETY_6f18c581_00016_71fededdc4c8,CCI_ANXIETY,Anxiety self-help resources,interventions,direct_user_support,normal,"[""university_students"", ""young_adults"", ""adults""]","[""anxiety"", ""stress"", ""breathing"", ""relaxation"", ""cognitive_reframing"", ""exposure""]",en,pending,350,If you find it hard to switch off from worries and negative thinking you might find our worry resources helpful.  If your anxiety is mainly about your health you might find our health anxiety resources helpful.  If your anxiety is mostly re,,
CCI_ANXIETY_6f18c581_00017_e35cfc1c2bc1,CCI_ANXIETY,Anxiety self-help resources,interventions,direct_user_support,normal,"[""university_students"", ""young_adults"", ""adults""]","[""anxiety"", ""stress"", ""breathing"", ""relaxation"", ""cognitive_reframing"", ""exposure""]",en,pending,74,Phone: (08) 9227 4399 Fax: (08) 9328 5911 Email: Visit the Contact us page,,
CCI_ANXIETY_6f18c581_00018_0d364666ec3c,CCI_ANXIETY,Anxiety self-help resources,interventions,direct_user_support,normal,"[""university_students"", ""young_adults"", ""adults""]","[""anxiety"", ""stress"", ""breathing"", ""relaxation"", ""cognitive_reframing"", ""exposure""]",en,pending,105,"Centre for Clinical Interventions 223 James Street Northbridge, WA 6003 Australia  Copyright & Disclaimer",,
CCI_ANXIETY_6f18c581_00019_99fb39e4ecc9,CCI_ANXIETY,Anxiety self-help resources,interventions,direct_user_support,normal,"[""university_students"", ""young_adults"", ""adults""]","[""anxiety"", ""stress"", ""breathing"", ""relaxation"", ""cognitive_reframing"", ""exposure""]",en,pending,170,"Centre for Clinical Interventions is brought to you by the Department of Health, Western Australia  Copyright 2025; All contents copyright Government of Western Australia",,
CCI_ANXIETY_73506bab_00000_9650bd66a9b5,CCI_ANXIETY,Anxiety self-help resources,interventions,direct_user_support,normal,"[""university_students"", ""young_adults"", ""adults""]","[""anxiety"", ""stress"", ""breathing"", ""relaxation"", ""cognitive_reframing"", ""exposure""]",en,pending,72,"Anxiety Self-Help Resources - Information Sheets, Worksheets & Workbooks",,
CCI_ANXIETY_73506bab_00001_77174599ae17,CCI_ANXIETY,Anxiety self-help resources,interventions,direct_user_support,normal,"[""university_students"", ""young_adults"", ""adults""]","[""anxiety"", ""stress"", ""breathing"", ""relaxation"", ""cognitive_reframing"", ""exposure""]",en,pending,449,About Us {13C84218-8872-401E-9A13-665E425F6639} Overview {7EF6D75B-FB24-4CFB-83F9-FFED6BBFB1C7} History {416A02EE-C352-4E67-B8D9-3FDDF364BFEC} Staff Profiles {772CBF40-D3B1-403A-A380-98719879EF34} Contact Us {20E42572-FBD7-4A54-AFB8-26F7943,,
CCI_ANXIETY_73506bab_00002_74f062a0d6df,CCI_ANXIETY,Anxiety self-help resources,interventions,direct_user_support,normal,"[""university_students"", ""young_adults"", ""adults""]","[""anxiety"", ""stress"", ""breathing"", ""relaxation"", ""cognitive_reframing"", ""exposure""]",en,pending,631,Treatment {2C7A58A1-CAB6-4894-A249-385DBE7F0BDD} Overview {3B8CEAEA-75FD-4911-B697-32D8032A64BA} Mood Management Course {E5043A33-376E-48C6-A012-F54669333AF9} Bipolar Course {69206959-9FFB-4746-92B8-5448BA0F4292} Social Anxiety Course {E4BE,,
CCI_ANXIETY_73506bab_00003_6c25032b4608,CCI_ANXIETY,Anxiety self-help resources,interventions,direct_user_support,normal,"[""university_students"", ""young_adults"", ""adults""]","[""anxiety"", ""stress"", ""breathing"", ""relaxation"", ""cognitive_reframing"", ""exposure""]",en,pending,483,Overview {3B8CEAEA-75FD-4911-B697-32D8032A64BA}  Mood Management Course {E5043A33-376E-48C6-A012-F54669333AF9}  Bipolar Course {69206959-9FFB-4746-92B8-5448BA0F4292}  Social Anxiety Course {E4BEFFA4-2B4E-40DC-8F66-72575A3B384F}  Worry and R,,
CCI_ANXIETY_73506bab_00004_acac48e38397,CCI_ANXIETY,Anxiety self-help resources,interventions,direct_user_support,normal,"[""university_students"", ""young_adults"", ""adults""]","[""anxiety"", ""stress"", ""breathing"", ""relaxation"", ""cognitive_reframing"", ""exposure""]",en,pending,357,Referrals {CEEADE79-E4ED-4F5C-845F-D39ED38BD37F}  Program Brochures {5BD5F4C2-63BD-4B71-93CD-40A09CCD298F}  Research {BD082FA6-3B64-486D-A4EE-1EC408935430} Overview {1B492127-3D4E-499D-8511-DA43342E7D4F} Publications {7CEA13EF-69CE-4038-97C,,
CCI_ANXIETY_73506bab_00005_f57b68200b32,CCI_ANXIETY,Anxiety self-help resources,interventions,direct_user_support,normal,"[""university_students"", ""young_adults"", ""adults""]","[""anxiety"", ""stress"", ""breathing"", ""relaxation"", ""cognitive_reframing"", ""exposure""]",en,pending,468,Training {1079BB30-579E-4029-AE76-2FAC2BB19240} Training Calendar {ADCC280B-41DE-4B04-B655-32C6B2B6847C} Workshop Descriptions {E00B9888-8C77-4736-BD7E-2BE496EEC873} Register for Training {CD0EFBAC-8E33-4858-92C5-618AC70612A4} Demonstration,,
CCI_ANXIETY_73506bab_00006_a95f36e81d17,CCI_ANXIETY,Anxiety self-help resources,interventions,direct_user_support,normal,"[""university_students"", ""young_adults"", ""adults""]","[""anxiety"", ""stress"", ""breathing"", ""relaxation"", ""cognitive_reframing"", ""exposure""]",en,pending,445,Demonstration Videos {506B5ABA-EDD5-4EB8-A974-F7AC784EF9B8}  Resources {9B249EB4-588A-4F8C-9D4D-21C41E23834B} Overview {74035F8D-632C-4A56-9863-012015F4679D} Looking After Yourself {0403180E-42C9-4A3F-A5A9-2C70C1AD00E8} Looking After Others,,
CCI_ANXIETY_73506bab_00007_364bc8b1cd4a,CCI_ANXIETY,Anxiety self-help resources,interventions,direct_user_support,normal,"[""university_students"", ""young_adults"", ""adults""]","[""anxiety"", ""stress"", ""breathing"", ""relaxation"", ""cognitive_reframing"", ""exposure""]",en,pending,159,Looking After Others {CF57F18B-F088-4BB8-B7F3-80E52B7AC29C}  For Clinicians {4359E14E-A412-4B30-97A6-E7D2B3ACDF96}  News {68C85B6A-D6C6-4F59-9CCF-ED8F4C157F56},,
CCI_ANXIETY_73506bab_00008_2456e78c1496,CCI_ANXIETY,Anxiety self-help resources,interventions,direct_user_support,normal,"[""university_students"", ""young_adults"", ""adults""]","[""anxiety"", ""stress"", ""breathing"", ""relaxation"", ""cognitive_reframing"", ""exposure""]",en,pending,378,"Feeling tense, stressed, and worried at certain times when under pressure is a normal human response. Everybody feels anxious from time to time. Anxiety becomes a problem when it is intense and prolonged, and when it starts to get in the wa",,
CCI_ANXIETY_73506bab_00009_26a323af8f0f,CCI_ANXIETY,Anxiety self-help resources,interventions,direct_user_support,normal,"[""university_students"", ""young_adults"", ""adults""]","[""anxiety"", ""stress"", ""breathing"", ""relaxation"", ""cognitive_reframing"", ""exposure""]",en,pending,27,What are Safety Behaviours?,,
CCI_ANXIETY_73506bab_00010_a854cb5ba20a,CCI_ANXIETY,Anxiety self-help resources,interventions,direct_user_support,normal,"[""university_students"", ""young_adults"", ""adults""]","[""anxiety"", ""stress"", ""breathing"", ""relaxation"", ""cognitive_reframing"", ""exposure""]",en,pending,29,Progressive Muscle Relaxation,,
CCI_ANXIETY_73506bab_00011_0e497b9a6a35,CCI_ANXIETY,Anxiety self-help resources,interventions,direct_user_support,normal,"[""university_students"", ""young_adults"", ""adults""]","[""anxiety"", ""stress"", ""breathing"", ""relaxation"", ""cognitive_reframing"", ""exposure""]",en,pending,22,What is Needle Phobia?,,
CCI_ANXIETY_73506bab_00012_556505861cef,CCI_ANXIETY,Anxiety self-help resources,interventions,direct_user_support,normal,"[""university_students"", ""young_adults"", ""adults""]","[""anxiety"", ""stress"", ""breathing"", ""relaxation"", ""cognitive_reframing"", ""exposure""]",en,pending,31,Finding Trustworthy Information,,
CCI_ANXIETY_73506bab_00013_f8954a101fce,CCI_ANXIETY,Anxiety self-help resources,interventions,direct_user_support,normal,"[""university_students"", ""young_adults"", ""adults""]","[""anxiety"", ""stress"", ""breathing"", ""relaxation"", ""cognitive_reframing"", ""exposure""]",en,pending,150,Responding to Reassurance Seeking (Information for Carers)  Artificial Intelligence and Your Mental Health  Download all information sheets (zip file),,
CCI_ANXIETY_73506bab_00014_6ea7f7a674bf,CCI_ANXIETY,Anxiety self-help resources,interventions,direct_user_support,normal,"[""university_students"", ""young_adults"", ""adults""]","[""anxiety"", ""stress"", ""breathing"", ""relaxation"", ""cognitive_reframing"", ""exposure""]",en,pending,244,"Making the Connection (between thoughts and feelings)  Thought Diary 1 (ABC worksheet, excludes unhelpful thinking styles)  Thought Diary 2 (ABCD worksheet, includes unhelpful thinking styles)  Thought Diary 3 (Complete ABCDE: balanced thou",,
CCI_ANXIETY_73506bab_00015_818e6873eaa5,CCI_ANXIETY,Anxiety self-help resources,interventions,direct_user_support,normal,"[""university_students"", ""young_adults"", ""adults""]","[""anxiety"", ""stress"", ""breathing"", ""relaxation"", ""cognitive_reframing"", ""exposure""]",en,pending,474,"Thought Diary (Tri-fold) This information sheet provides a brief overview of unhelpful thinking styles. For information sheets providing details on individual unhelpful thinking styles, refer to the Unhelpful Thinking Styles section in reso",,
CCI_ANXIETY_73506bab_00016_71fededdc4c8,CCI_ANXIETY,Anxiety self-help resources,interventions,direct_user_support,normal,"[""university_students"", ""young_adults"", ""adults""]","[""anxiety"", ""stress"", ""breathing"", ""relaxation"", ""cognitive_reframing"", ""exposure""]",en,pending,350,If you find it hard to switch off from worries and negative thinking you might find our worry resources helpful.  If your anxiety is mainly about your health you might find our health anxiety resources helpful.  If your anxiety is mostly re,,
CCI_ANXIETY_73506bab_00017_e35cfc1c2bc1,CCI_ANXIETY,Anxiety self-help resources,interventions,direct_user_support,normal,"[""university_students"", ""young_adults"", ""adults""]","[""anxiety"", ""stress"", ""breathing"", ""relaxation"", ""cognitive_reframing"", ""exposure""]",en,pending,74,Phone: (08) 9227 4399 Fax: (08) 9328 5911 Email: Visit the Contact us page,,
CCI_ANXIETY_73506bab_00018_0d364666ec3c,CCI_ANXIETY,Anxiety self-help resources,interventions,direct_user_support,normal,"[""university_students"", ""young_adults"", ""adults""]","[""anxiety"", ""stress"", ""breathing"", ""relaxation"", ""cognitive_reframing"", ""exposure""]",en,pending,105,"Centre for Clinical Interventions 223 James Street Northbridge, WA 6003 Australia  Copyright & Disclaimer",,
CCI_ANXIETY_73506bab_00019_99fb39e4ecc9,CCI_ANXIETY,Anxiety self-help resources,interventions,direct_user_support,normal,"[""university_students"", ""young_adults"", ""adults""]","[""anxiety"", ""stress"", ""breathing"", ""relaxation"", ""cognitive_reframing"", ""exposure""]",en,pending,170,"Centre for Clinical Interventions is brought to you by the Department of Health, Western Australia  Copyright 2025; All contents copyright Government of Western Australia",,
CCI_ANXIETY_68fe897a_00000_2233120ec06c,CCI_ANXIETY,Anxiety self-help resources,interventions,direct_user_support,normal,"[""university_students"", ""young_adults"", ""adults""]","[""anxiety"", ""stress"", ""breathing"", ""relaxation"", ""cognitive_reframing"", ""exposure""]",en,pending,836,"Thought Diary 1 A Activating Event This may include an actual event or situation, a thought, mental picture or physical trigger. B Beliefs 1. List all self-statements that link A to C. Ask yourself: “What was I thinking? ” “What was I sayin",,
CCI_ANXIETY_68fe897a_00001_e7a3b3d60163,CCI_ANXIETY,Anxiety self-help resources,interventions,direct_user_support,normal,"[""university_students"", ""young_adults"", ""adults""]","[""anxiety"", ""stress"", ""breathing"", ""relaxation"", ""cognitive_reframing"", ""exposure""]",en,pending,257,Please refer to the full disclaimer and copyright statement available at http://www.cci.health.wa.gov.au regarding the information from this website before making use of such information. See website www.cci.health.wa.gov.au for more handou,,
CCI_ANXIETY_0d7a7b4e_00000_f52b2707697e,CCI_ANXIETY,Anxiety self-help resources,interventions,direct_user_support,normal,"[""university_students"", ""young_adults"", ""adults""]","[""anxiety"", ""stress"", ""breathing"", ""relaxation"", ""cognitive_reframing"", ""exposure""]",en,pending,897,"Thought Diary 2 A Activating Event This may include an actual event or situation, a thought, mental picture or physical trigger. B Beliefs 1. List all self-statements that link A to C. Ask yourself: “What was I thinking? ” “What was I sayin",,
CCI_ANXIETY_0d7a7b4e_00001_53d1231727ae,CCI_ANXIETY,Anxiety self-help resources,interventions,direct_user_support,normal,"[""university_students"", ""young_adults"", ""adults""]","[""anxiety"", ""stress"", ""breathing"", ""relaxation"", ""cognitive_reframing"", ""exposure""]",en,pending,503,Rate the intensity of this feeling between 0 to 100. 4. Jot down any physical sensations you experienced or actions carried out. Centre for C linical I nterventions •Psychotherapy•Research•Training This document is for information purposes ,,
CCI_ANXIETY_0d7a7b4e_00002_12c4962d9c2e,CCI_ANXIETY,Anxiety self-help resources,interventions,direct_user_support,normal,"[""university_students"", ""young_adults"", ""adults""]","[""anxiety"", ""stress"", ""breathing"", ""relaxation"", ""cognitive_reframing"", ""exposure""]",en,pending,729,"D Detective Work & Disputation Detective Work: Now refer to the hot thought, and ask yourself, “What is the factual evidence for and against my hot thought? ” Disputation: Ask yourself the following questions ... My HOT Thought: Factual Evi",,
CCI_ANXIETY_0d7a7b4e_00003_e7a3b3d60163,CCI_ANXIETY,Anxiety self-help resources,interventions,direct_user_support,normal,"[""university_students"", ""young_adults"", ""adults""]","[""anxiety"", ""stress"", ""breathing"", ""relaxation"", ""cognitive_reframing"", ""exposure""]",en,pending,257,Please refer to the full disclaimer and copyright statement available at http://www.cci.health.wa.gov.au regarding the information from this website before making use of such information. See website www.cci.health.wa.gov.au for more handou,,
CCI_ANXIETY_e3b0abaa_00000_5c0066377b18,CCI_ANXIETY,Anxiety self-help resources,interventions,direct_user_support,normal,"[""university_students"", ""young_adults"", ""adults""]","[""anxiety"", ""stress"", ""breathing"", ""relaxation"", ""cognitive_reframing"", ""exposure""]",en,pending,896,"Thought Diary 3 A Activating Event This may include an actual event or situation, a thought, mental picture or physical trigger. B Beliefs 1. List all self-statements that link A to C. Ask yourself: “What was I thinking? ” “What was I sayin",,
CCI_ANXIETY_e3b0abaa_00001_53d1231727ae,CCI_ANXIETY,Anxiety self-help resources,interventions,direct_user_support,normal,"[""university_students"", ""young_adults"", ""adults""]","[""anxiety"", ""stress"", ""breathing"", ""relaxation"", ""cognitive_reframing"", ""exposure""]",en,pending,503,Rate the intensity of this feeling between 0 to 100. 4. Jot down any physical sensations you experienced or actions carried out. Centre for C linical I nterventions •Psychotherapy•Research•Training This document is for information purposes ,,
CCI_ANXIETY_e3b0abaa_00002_9a5f77939b76,CCI_ANXIETY,Anxiety self-help resources,interventions,direct_user_support,normal,"[""university_students"", ""young_adults"", ""adults""]","[""anxiety"", ""stress"", ""breathing"", ""relaxation"", ""cognitive_reframing"", ""exposure""]",en,pending,882,"D Detective Work & Disputation Detective Work: Now refer to the hot thought, and ask yourself, “What is the factual evidence for and against my hot thought? ” Disputation Questions: Disputation: Ask yourself the following questions ... E En",,
CCI_ANXIETY_e3b0abaa_00003_15bdad893254,CCI_ANXIETY,Anxiety self-help resources,interventions,direct_user_support,normal,"[""university_students"", ""young_adults"", ""adults""]","[""anxiety"", ""stress"", ""breathing"", ""relaxation"", ""cognitive_reframing"", ""exposure""]",en,pending,562,"y Realistically, what is the likelihood of that happening? y How might someone else view the situation? y Does it really help me to think this way? y Think of some helpful self-statements Centre for C linical I nterventions •Psychotherapy•R",,
CCI_ANXIETY_93e3aabe_00000_51d30f1e3150,CCI_ANXIETY,Anxiety self-help resources,interventions,direct_user_support,normal,"[""university_students"", ""young_adults"", ""adults""]","[""anxiety"", ""stress"", ""breathing"", ""relaxation"", ""cognitive_reframing"", ""exposure""]",en,pending,305,OBJECTIVE: This Thought Diary aims to help you analyze your thinking and challenge unhelpful thoughts.  INSTRUCTIONS: Begin with section A: Write about an event or situation in which you felt distressed or upset. Record the situation in the,,
CCI_ANXIETY_93e3aabe_00001_25593c803ec2,CCI_ANXIETY,Anxiety self-help resources,interventions,direct_user_support,normal,"[""university_students"", ""young_adults"", ""adults""]","[""anxiety"", ""stress"", ""breathing"", ""relaxation"", ""cognitive_reframing"", ""exposure""]",en,pending,288,"Then go to section C: Write down the words that best describe your feelings. Choose one that best describes how you feel in this situation. Underline this word & rate the intensity of the emotion from 0 to 100. When you have finished, also ",,
CCI_ANXIETY_93e3aabe_00002_1d9e81330a26,CCI_ANXIETY,Anxiety self-help resources,interventions,direct_user_support,normal,"[""university_students"", ""young_adults"", ""adults""]","[""anxiety"", ""stress"", ""breathing"", ""relaxation"", ""cognitive_reframing"", ""exposure""]",en,pending,487,"Now complete section B: List all the thoughts, beliefs, values, attitudes, and expectations you had about “A” that caused the feelings and actions in “C.” Use the automatic thought discovery questions available. Find the “Hot thought”, the ",,
CCI_ANXIETY_93e3aabe_00003_6f7693b06b27,CCI_ANXIETY,Anxiety self-help resources,interventions,direct_user_support,normal,"[""university_students"", ""young_adults"", ""adults""]","[""anxiety"", ""stress"", ""breathing"", ""relaxation"", ""cognitive_reframing"", ""exposure""]",en,pending,93,"Finally, complete section E: Balanced Thinking and re-rate your previous thought and feeling.",,
CCI_ANXIETY_93e3aabe_00004_670cd9e475e2,CCI_ANXIETY,Anxiety self-help resources,interventions,direct_user_support,normal,"[""university_students"", ""young_adults"", ""adults""]","[""anxiety"", ""stress"", ""breathing"", ""relaxation"", ""cognitive_reframing"", ""exposure""]",en,pending,474,"Name:  Day & Date:  MOOD MANAGEMENT COURSE COMPLETE THIS SECTION LAST  E Evaluation: Balanced Thought After looking at all the evidence for and against your hot thought, and having considered the disputation questions, replace the hot thoug",,
CCI_ANXIETY_93e3aabe_00005_5d4124c82d12,CCI_ANXIETY,Anxiety self-help resources,interventions,direct_user_support,normal,"[""university_students"", ""young_adults"", ""adults""]","[""anxiety"", ""stress"", ""breathing"", ""relaxation"", ""cognitive_reframing"", ""exposure""]",en,pending,433,"C C I entre for linical nterventions  A Activating Event This may be either: An actual event or situation, a thought, mental picture or recollection.  Beliefs 1. List all statements that link A to C. Ask yourself: “What was I thinking?” “Wh",,
CCI_ANXIETY_93e3aabe_00006_af32f3181759,CCI_ANXIETY,Anxiety self-help resources,interventions,direct_user_support,normal,"[""university_students"", ""young_adults"", ""adults""]","[""anxiety"", ""stress"", ""breathing"", ""relaxation"", ""cognitive_reframing"", ""exposure""]",en,pending,372,Disputation 1. Check the evidence Factual evidence FOR my hot thought:  C Consequences 1. Write down words describing how you feel. 2. Underline the one that is most associated with the activating event. 3. Rate the intensity of that feelin,,
CCI_ANXIETY_93e3aabe_00007_18b850bb55b0,CCI_ANXIETY,Anxiety self-help resources,interventions,direct_user_support,normal,"[""university_students"", ""young_adults"", ""adults""]","[""anxiety"", ""stress"", ""breathing"", ""relaxation"", ""cognitive_reframing"", ""exposure""]",en,pending,377,2. Challenge unhelpful thinking styles Answer the disputation questions that apply to the unhelpful thinking styles you’ve ticked.  Unhelpful Thinking Styles:  Mental Filter  Jumping to Conclusions (Mind reading/emotional reasoning)  Per,,
CCI_ANXIETY_93e3aabe_00008_d28b8234bc5c,CCI_ANXIETY,Anxiety self-help resources,interventions,direct_user_support,normal,"[""university_students"", ""young_adults"", ""adults""]","[""anxiety"", ""stress"", ""breathing"", ""relaxation"", ""cognitive_reframing"", ""exposure""]",en,pending,180,"3. Change my perspective What are other ways of viewing the situation? What would you say to someone you care about? To change how you act, how would you need to think differently?",,
CCI_ASSERTIVENESS_9b6da915_00000_b8990e2a6050,CCI_ASSERTIVENESS,Assertiveness self-help resources,interventions,direct_user_support,normal,"[""university_students"", ""young_adults"", ""adults""]","[""assertiveness"", ""communication"", ""conflict_management"", ""relationships""]",en,pending,150,--------------------------------------------------------------------------------------------------------------ASSERT YOURSELF!  C C I ASSERT YOURSELF!,,
CCI_ASSERTIVENESS_9b6da915_00001_2fa02d1dc116,CCI_ASSERTIVENESS,Assertiveness self-help resources,interventions,direct_user_support,normal,"[""university_students"", ""young_adults"", ""adults""]","[""assertiveness"", ""communication"", ""conflict_management"", ""relationships""]",en,pending,544,Module One What is Assertiveness? What is Assertiveness 2 Myths about Assertiveness 2 The effects of being unassertive 3 How do we become unassertive 3 What stops us from being assertive? 5 How assertive are you? 6 Module summary 8 About th,,
CCI_ASSERTIVENESS_9b6da915_00002_f36b657cae40,CCI_ASSERTIVENESS,Assertiveness self-help resources,interventions,direct_user_support,normal,"[""university_students"", ""young_adults"", ""adults""]","[""assertiveness"", ""communication"", ""conflict_management"", ""relationships""]",en,pending,763,"C C I What is Assertiveness? We have all heard people say “You need to be more assertive!” But what exactly is assertiveness? Assertiveness is a communication style. It is being able to express your feelings, thoughts, beliefs, and opinions",,
CCI_ASSERTIVENESS_9b6da915_00003_5a20da0ec201,CCI_ASSERTIVENESS,Assertiveness self-help resources,interventions,direct_user_support,normal,"[""university_students"", ""young_adults"", ""adults""]","[""assertiveness"", ""communication"", ""conflict_management"", ""relationships""]",en,pending,474,"Myths about Assertiveness There are a number of myths about assertiveness. Some people use these as support for why they shouldn’t try and be more assertive. It is worth having a look at these in more detail. In Module 3, “Thinking in a mor",,
CCI_ASSERTIVENESS_9b6da915_00004_e8325c2d421a,CCI_ASSERTIVENESS,Assertiveness self-help resources,interventions,direct_user_support,normal,"[""university_students"", ""young_adults"", ""adults""]","[""assertiveness"", ""communication"", ""conflict_management"", ""relationships""]",en,pending,781,Debunking the myth: Some people who are aggressive think they are being assertive because they are stating what their needs are. It is true that both assertive and aggressive communication involves stating your needs; however there are very,,
CCI_ASSERTIVENESS_9b6da915_00005_f58e5b053d9a,CCI_ASSERTIVENESS,Assertiveness self-help resources,interventions,direct_user_support,normal,"[""university_students"", ""young_adults"", ""adults""]","[""assertiveness"", ""communication"", ""conflict_management"", ""relationships""]",en,pending,473,C C I Myth 2: “If I am assertive I will get what I want”. Debunking the myth: Being assertive does not mean that you always get what you want. In fact being assertive is not a guarantee of any outcome at all. Being assertive is about expres,,
CCI_ASSERTIVENESS_9b6da915_00006_1f66462643fe,CCI_ASSERTIVENESS,Assertiveness self-help resources,interventions,direct_user_support,normal,"[""university_students"", ""young_adults"", ""adults""]","[""assertiveness"", ""communication"", ""conflict_management"", ""relationships""]",en,pending,680,Myth 3: “If I am assertive I have to be assertive in every situation” Debunking the myth: Understanding how to be assertive provides you with the choice of when to be assertive. It does not mean you have to be assertive in every situation. ,,
CCI_ASSERTIVENESS_9b6da915_00007_170cb1e4f7d5,CCI_ASSERTIVENESS,Assertiveness self-help resources,interventions,direct_user_support,normal,"[""university_students"", ""young_adults"", ""adults""]","[""assertiveness"", ""communication"", ""conflict_management"", ""relationships""]",en,pending,396,The Effects of Being Unassertive The main effect of not being assertive is that it can lead to low self esteem. If we communicate in a passive manner we are not saying what we really feel or think. This means we can end up agreeing with and,,
CCI_ASSERTIVENESS_9b6da915_00008_8157ef844bc1,CCI_ASSERTIVENESS,Assertiveness self-help resources,interventions,direct_user_support,normal,"[""university_students"", ""young_adults"", ""adults""]","[""assertiveness"", ""communication"", ""conflict_management"", ""relationships""]",en,pending,263,"If we never express ourselves openly and conceal our thoughts and feelings this can make us feel tense, stressed, anxious or resentful. It can also lead to unhealthy and uncomfortable relationships. We will feel like the people closest to u",,
CCI_ASSERTIVENESS_9b6da915_00009_e86fd3d6881d,CCI_ASSERTIVENESS,Assertiveness self-help resources,interventions,direct_user_support,normal,"[""university_students"", ""young_adults"", ""adults""]","[""assertiveness"", ""communication"", ""conflict_management"", ""relationships""]",en,pending,363,Lack of assertiveness is very common in social phobia. People with social phobia tend to think that other people are being judgmental and critical about them and will avoid social situations because of this. If you think you have social pho,,
CCI_ASSERTIVENESS_9b6da915_00010_c09893832fdb,CCI_ASSERTIVENESS,Assertiveness self-help resources,interventions,direct_user_support,normal,"[""university_students"", ""young_adults"", ""adults""]","[""assertiveness"", ""communication"", ""conflict_management"", ""relationships""]",en,pending,462,C C I If we constantly communicate in an aggressive manner we will eventually lose friends and people will lose respect for us. Again this can lead to low self esteem. There is a large amount of research examining the negative impact of lac,,
CCI_ASSERTIVENESS_9b6da915_00011_b5fbfd38ede1,CCI_ASSERTIVENESS,Assertiveness self-help resources,interventions,direct_user_support,normal,"[""university_students"", ""young_adults"", ""adults""]","[""assertiveness"", ""communication"", ""conflict_management"", ""relationships""]",en,pending,859,"How do we Become Unassertive? Assertiveness is a learned behaviour and thinking style. We are all born assertive. Think of a baby. Babies cry when they want something, they express emotion freely. Then gradually they adapt their behaviour t",,
CCI_ASSERTIVENESS_9b6da915_00012_f7d9ff147e09,CCI_ASSERTIVENESS,Assertiveness self-help resources,interventions,direct_user_support,normal,"[""university_students"", ""young_adults"", ""adults""]","[""assertiveness"", ""communication"", ""conflict_management"", ""relationships""]",en,pending,129,Some questions that can be useful to ask yourself when you are thinking about how you may have learned to become unassertive are:,,
CCI_ASSERTIVENESS_9b6da915_00013_fb7dd4e08f4a,CCI_ASSERTIVENESS,Assertiveness self-help resources,interventions,direct_user_support,normal,"[""university_students"", ""young_adults"", ""adults""]","[""assertiveness"", ""communication"", ""conflict_management"", ""relationships""]",en,pending,389,o How did your family handle conflict? o What did they do when they disagreed with somebody or were upset with people? o How did your parents teach you to deal with conflict? o What were their messages? o In what ways did you learn to get w,,
CCI_ASSERTIVENESS_9b6da915_00014_c85d8749906f,CCI_ASSERTIVENESS,Assertiveness self-help resources,interventions,direct_user_support,normal,"[""university_students"", ""young_adults"", ""adults""]","[""assertiveness"", ""communication"", ""conflict_management"", ""relationships""]",en,pending,213,"As you can see from the examples above, there are often good and valid reasons why we become unassertive. As children and teenagers we learn to behave in a way that works for Module 1: What is Assertiveness Page 4",,
CCI_ASSERTIVENESS_9b6da915_00015_4e4a9f5bde01,CCI_ASSERTIVENESS,Assertiveness self-help resources,interventions,direct_user_support,normal,"[""university_students"", ""young_adults"", ""adults""]","[""assertiveness"", ""communication"", ""conflict_management"", ""relationships""]",en,pending,326,"C C I us at the time. If we were assertive to aggressive parents or friends it may have got us into trouble, so we learned to stay under the radar. Or we may have learned to be aggressive to survive. And it is likely that the family members",,
CCI_ASSERTIVENESS_9b6da915_00016_759b762fc656,CCI_ASSERTIVENESS,Assertiveness self-help resources,interventions,direct_user_support,normal,"[""university_students"", ""young_adults"", ""adults""]","[""assertiveness"", ""communication"", ""conflict_management"", ""relationships""]",en,pending,480,It is important that you don’t blame yourself or your family for your lack of assertiveness. It can be more helpful to think of it as a vicious cycle that you and your family have been caught in. Now you have decided to break the cycle and ,,
CCI_ASSERTIVENESS_9b6da915_00017_83a7fa8d6d07,CCI_ASSERTIVENESS,Assertiveness self-help resources,interventions,direct_user_support,normal,"[""university_students"", ""young_adults"", ""adults""]","[""assertiveness"", ""communication"", ""conflict_management"", ""relationships""]",en,pending,468,"Self-defeating beliefs. We might have unrealistic beliefs and negative self statements about being assertive, our ability to be assertive, or the things that might happen if we are assertive. This is often a major cause of acting non-assert",,
CCI_ASSERTIVENESS_9b6da915_00018_4ee3d507169f,CCI_ASSERTIVENESS,Assertiveness self-help resources,interventions,direct_user_support,normal,"[""university_students"", ""young_adults"", ""adults""]","[""assertiveness"", ""communication"", ""conflict_management"", ""relationships""]",en,pending,470,"Module 3 “Thinking in a more assertive way” has more examples of these unhelpful beliefs, and teaches us how to think in a more assertive manner.  Skills deficit: It may be that we just don’t have the verbal and nonverbal skills to be asser",,
CCI_ASSERTIVENESS_9b6da915_00019_a169377e4056,CCI_ASSERTIVENESS,Assertiveness self-help resources,interventions,direct_user_support,normal,"[""university_students"", ""young_adults"", ""adults""]","[""assertiveness"", ""communication"", ""conflict_management"", ""relationships""]",en,pending,496,Anxiety and stress: It may be that we know how to be assertive but we get so anxious that we find we can’t carry out the behaviour. We may be so stressed that it becomes difficult to think and act clearly. We need to learn how to manage our,,
CCI_ASSERTIVENESS_9b6da915_00020_3a709f37a880,CCI_ASSERTIVENESS,Assertiveness self-help resources,interventions,direct_user_support,normal,"[""university_students"", ""young_adults"", ""adults""]","[""assertiveness"", ""communication"", ""conflict_management"", ""relationships""]",en,pending,247,If you tend to worry a lot you can tackle this with the modules on worry and anxiety (“What? Me worry!?”) on the website. If you have anxiety that is extreme enough to result in panic attacks please look at our modules on panic (“Panic Stat,,
CCI_ASSERTIVENESS_9b6da915_00021_4f9185cc6477,CCI_ASSERTIVENESS,Assertiveness self-help resources,interventions,direct_user_support,normal,"[""university_students"", ""young_adults"", ""adults""]","[""assertiveness"", ""communication"", ""conflict_management"", ""relationships""]",en,pending,433,Situation Evaluation: It may be that we can’t really tell which behaviours to use in which situations. There are three main mistakes people can make with evaluating situations. We might mistake firm assertion for aggression; we might mistak,,
CCI_ASSERTIVENESS_9b6da915_00022_16d39886c072,CCI_ASSERTIVENESS,Assertiveness self-help resources,interventions,direct_user_support,normal,"[""university_students"", ""young_adults"", ""adults""]","[""assertiveness"", ""communication"", ""conflict_management"", ""relationships""]",en,pending,717,"Cultural and Generational Influences: There can also be strong cultural and generational influences on our behaviour. For example, in some cultures assertiveness is not as valued as in Western society. If you are from one of these cultures ",,
CCI_ASSERTIVENESS_9b6da915_00023_2fedfcfbba00,CCI_ASSERTIVENESS,Assertiveness self-help resources,interventions,direct_user_support,normal,"[""university_students"", ""young_adults"", ""adults""]","[""assertiveness"", ""communication"", ""conflict_management"", ""relationships""]",en,pending,702,"How assertive are you? It can be difficult to know how assertive we are. In some situations we may feel very capable of being assertive but in other situations we may find ourselves not really expressing how we felt or thought, and feeling ",,
CCI_ASSERTIVENESS_9b6da915_00024_666f11e5ba58,CCI_ASSERTIVENESS,Assertiveness self-help resources,interventions,direct_user_support,normal,"[""university_students"", ""young_adults"", ""adults""]","[""assertiveness"", ""communication"", ""conflict_management"", ""relationships""]",en,pending,217,"C C I may find giving compliments to strangers relatively easy and rate themselves at 0 in this cell, but have a lot of difficulty giving compliments to authority figures such as their boss and so rate this cell at 4.",,
CCI_ASSERTIVENESS_9b6da915_00025_e7daae623eeb,CCI_ASSERTIVENESS,Assertiveness self-help resources,interventions,direct_user_support,normal,"[""university_students"", ""young_adults"", ""adults""]","[""assertiveness"", ""communication"", ""conflict_management"", ""relationships""]",en,pending,399,Exercise. Rating your assertiveness in different situations Fill in each cell using a scale from 0 to 5. A rating of “0” means you can assert yourself with no problem. A rating of 5 means that you cannot assert yourself at all in this situa,,
CCI_ASSERTIVENESS_9b6da915_00026_4db985f44123,CCI_ASSERTIVENESS,Assertiveness self-help resources,interventions,direct_user_support,normal,"[""university_students"", ""young_adults"", ""adults""]","[""assertiveness"", ""communication"", ""conflict_management"", ""relationships""]",en,pending,463,Starting and keeping a conversation going  Keep a copy of your responses to this exercise as you will use it in Module 10 when you create your own assertiveness plan. You will also be able to complete it again once you have finished all the,,
CCI_ASSERTIVENESS_9b6da915_00027_933b01855fd6,CCI_ASSERTIVENESS,Assertiveness self-help resources,interventions,direct_user_support,normal,"[""university_students"", ""young_adults"", ""adults""]","[""assertiveness"", ""communication"", ""conflict_management"", ""relationships""]",en,pending,483,"• Psychotherapy • Research • Training C C I entre for linical nterventions Module Summary  • Assertiveness is a way of communicating that expresses your needs, opinions and emotions while respecting the rights of others. It is different to ",,
CCI_ASSERTIVENESS_9b6da915_00028_ad196b68ccfd,CCI_ASSERTIVENESS,Assertiveness self-help resources,interventions,direct_user_support,normal,"[""university_students"", ""young_adults"", ""adults""]","[""assertiveness"", ""communication"", ""conflict_management"", ""relationships""]",en,pending,500,• Unassertive behaviour can lead to low self esteem.  • We are all born assertive but as we grow we learn different patterns of communication.  • Our environment can make it difficult for us to be assertive.  • Sometimes we hold unhelpful b,,
CCI_ASSERTIVENESS_9b6da915_00029_a2a8541fa241,CCI_ASSERTIVENESS,Assertiveness self-help resources,interventions,direct_user_support,normal,"[""university_students"", ""young_adults"", ""adults""]","[""assertiveness"", ""communication"", ""conflict_management"", ""relationships""]",en,pending,356,Module 1: What is Assertiveness Page 8  • Psychotherapy • Research • Training C C I entre for linical nterventions ABOUT THIS MODULE CONTRIBUTORS Fiona Michel (MPsych1 PhD2). Dr Anthea Fursland (PhD2) Centre for Clinical Interventions Centr,,
CCI_ASSERTIVENESS_9b6da915_00030_0df91c04270c,CCI_ASSERTIVENESS,Assertiveness self-help resources,interventions,direct_user_support,normal,"[""university_students"", ""young_adults"", ""adults""]","[""assertiveness"", ""communication"", ""conflict_management"", ""relationships""]",en,pending,446,"We would also like to thank Paula Nathan for her contribution to these modules BACKGROUND The concepts and strategies in the modules have been developed from evidence based psychological practice, primarily Cognitive-Behaviour Therapy (CBT)",,
CCI_ASSERTIVENESS_9b6da915_00031_0ad0daf437e5,CCI_ASSERTIVENESS,Assertiveness self-help resources,interventions,direct_user_support,normal,"[""university_students"", ""young_adults"", ""adults""]","[""assertiveness"", ""communication"", ""conflict_management"", ""relationships""]",en,pending,847,"Beck, A.T., Rush, A. J., Shaw, B.F., & Emery, G. (1979). Cognitive Therapy of Depression. New York:Guildford. Clark, D. M. (1986). A cognitive approach to panic. Behaviour Research and Therapy, 24, 461-470. Clark, D. M. & Wells, A. (1995). ",,
CCI_ASSERTIVENESS_9b6da915_00032_d882541b6740,CCI_ASSERTIVENESS,Assertiveness self-help resources,interventions,direct_user_support,normal,"[""university_students"", ""young_adults"", ""adults""]","[""assertiveness"", ""communication"", ""conflict_management"", ""relationships""]",en,pending,729,"Structured cognitive-behavioural treatment of assertion problems. In Kendall & Hollon, Cognitive Behavioural Interventions (pp205-240). Academic Press. McKay, M & Fanning, P. (1995). Self esteem, third edition. St Martin’s Paperbacks, Calif",,
CCI_ASSERTIVENESS_95d6a8d5_00000_92c38cb49e83,CCI_ASSERTIVENESS,Assertiveness self-help resources,interventions,direct_user_support,normal,"[""university_students"", ""young_adults"", ""adults""]","[""assertiveness"", ""communication"", ""conflict_management"", ""relationships""]",en,pending,457,"--------------------------------------------------------------------------------------------------------------ASSERT YOURSELF!  ASSERT YOURSELF!  Module Two How to Recognise Assertive Behaviour Recognising the difference between passive, Ag",,
CCI_ASSERTIVENESS_95d6a8d5_00001_5e3f3839df80,CCI_ASSERTIVENESS,Assertiveness self-help resources,interventions,direct_user_support,normal,"[""university_students"", ""young_adults"", ""adults""]","[""assertiveness"", ""communication"", ""conflict_management"", ""relationships""]",en,pending,302,This information provided in this document is for information purposes only. Please refer to the full disclaimer and copyright statements available at www.cci.health.gov.au regarding the information on this website before making use of such,,
CCI_ASSERTIVENESS_95d6a8d5_00002_20f4cddb33fd,CCI_ASSERTIVENESS,Assertiveness self-help resources,interventions,direct_user_support,normal,"[""university_students"", ""young_adults"", ""adults""]","[""assertiveness"", ""communication"", ""conflict_management"", ""relationships""]",en,pending,891,"Recognising the Difference between Passive, Assertive and Aggressive Communication Styles. It is important that you learn how to recognise the verbal and non-verbal characteristics of the different communication styles. Once we know these w",,
CCI_ASSERTIVENESS_95d6a8d5_00003_60483e4f06ba,CCI_ASSERTIVENESS,Assertiveness self-help resources,interventions,direct_user_support,normal,"[""university_students"", ""young_adults"", ""adults""]","[""assertiveness"", ""communication"", ""conflict_management"", ""relationships""]",en,pending,639,"You will notice that each communication style has some payoffs or positive aspects and costs or negative aspects. It is important to acknowledge these as you may not have realised that there can be a cost to being assertive. For example, a ",,
CCI_ASSERTIVENESS_95d6a8d5_00004_9b5bf1a9baa0,CCI_ASSERTIVENESS,Assertiveness self-help resources,interventions,direct_user_support,normal,"[""university_students"", ""young_adults"", ""adults""]","[""assertiveness"", ""communication"", ""conflict_management"", ""relationships""]",en,pending,444,"Characteristics of Passive Communication Definition: • Not expressing honest feelings, thoughts and beliefs. Therefore, allowing others to violate your rights. Can also mean expressing thoughts and feelings in an apologetic, self-effacing w",,
CCI_ASSERTIVENESS_95d6a8d5_00005_8ed07098c58b,CCI_ASSERTIVENESS,Assertiveness self-help resources,interventions,direct_user_support,normal,"[""university_students"", ""young_adults"", ""adults""]","[""assertiveness"", ""communication"", ""conflict_management"", ""relationships""]",en,pending,81,"take disappointments, shoulder some responsibility, or handle their own problems.",,
CCI_ASSERTIVENESS_95d6a8d5_00006_922b35cf55e7,CCI_ASSERTIVENESS,Assertiveness self-help resources,interventions,direct_user_support,normal,"[""university_students"", ""young_adults"", ""adults""]","[""assertiveness"", ""communication"", ""conflict_management"", ""relationships""]",en,pending,753,"Verbal characteristics: • long rambling sentences • beat-around-the-bush • hesitant, filled with pauses • frequent throat clearing • apologise inappropriately in a soft unsteady voice • using phrases such as “if it wouldn’t be too much trou",,
CCI_ASSERTIVENESS_95d6a8d5_00007_e3f8bbfa2ce1,CCI_ASSERTIVENESS,Assertiveness self-help resources,interventions,direct_user_support,normal,"[""university_students"", ""young_adults"", ""adults""]","[""assertiveness"", ""communication"", ""conflict_management"", ""relationships""]",en,pending,374,Non-verbal characteristics: • averting gaze • looking down • posture can be slouched • wringing hands • winking or laughing when expressing anger • covering mouth with hand • crossing arms for protection • ghost smiles when expressing anger,,
CCI_ASSERTIVENESS_95d6a8d5_00008_bb1e1e12180a,CCI_ASSERTIVENESS,Assertiveness self-help resources,interventions,direct_user_support,normal,"[""university_students"", ""young_adults"", ""adults""]","[""assertiveness"", ""communication"", ""conflict_management"", ""relationships""]",en,pending,489,"Thinking style: • “I don’t count” • “My feelings, needs and thoughts are less important than yours” • “People will think badly of me or not like me” • “If I say no then I may upset someone, I will be responsible for upsetting them”  Payoff:",,
CCI_ASSERTIVENESS_95d6a8d5_00009_c2f42815ba35,CCI_ASSERTIVENESS,Assertiveness self-help resources,interventions,direct_user_support,normal,"[""university_students"", ""young_adults"", ""adults""]","[""assertiveness"", ""communication"", ""conflict_management"", ""relationships""]",en,pending,421,Cost: • Sometimes prone to build up of stress and anger that can explode in a really aggressive manner • Others often make unreasonable demands of you • Can get stuck in relationships that aren’t healthy and find it very difficult to change,,
CCI_ASSERTIVENESS_95d6a8d5_00010_30f19452fe70,CCI_ASSERTIVENESS,Assertiveness self-help resources,interventions,direct_user_support,normal,"[""university_students"", ""young_adults"", ""adults""]","[""assertiveness"", ""communication"", ""conflict_management"", ""relationships""]",en,pending,417,"Aggressive Behaviour Definition: • You stand up for your personal rights and express your thoughts, feelings and beliefs in a way which is usually inappropriate and always violates the rights of the other person. • People often feel devasta",,
CCI_ASSERTIVENESS_95d6a8d5_00011_64dc1306b6c5,CCI_ASSERTIVENESS,Assertiveness self-help resources,interventions,direct_user_support,normal,"[""university_students"", ""young_adults"", ""adults""]","[""assertiveness"", ""communication"", ""conflict_management"", ""relationships""]",en,pending,773,"Verbal characteristics: • Strident, sarcastic or condescending voice • Fluent, few hesitations • Often abrupt, clipped • Often fast • Emphasising blaming words • Firm voice • Tone sarcastic, cold, harsh • Voice can be strident, often shouti",,
CCI_ASSERTIVENESS_95d6a8d5_00012_5702506790e5,CCI_ASSERTIVENESS,Assertiveness self-help resources,interventions,direct_user_support,normal,"[""university_students"", ""young_adults"", ""adults""]","[""assertiveness"", ""communication"", ""conflict_management"", ""relationships""]",en,pending,350,"Non-verbal characteristics: • Intruding into the other person’s space • Staring the other person out • Gestures such as pointing, fist clenching • Striding around impatiently • Leaning forward or over • Crossing arms (unapproachable) • Smil",,
CCI_ASSERTIVENESS_95d6a8d5_00013_edd8ee81bdfb,CCI_ASSERTIVENESS,Assertiveness self-help resources,interventions,direct_user_support,normal,"[""university_students"", ""young_adults"", ""adults""]","[""assertiveness"", ""communication"", ""conflict_management"", ""relationships""]",en,pending,336,Thinking style: • “I’ll get you before you have a chance of getting me” • “I’m out for number one” • “The world is a battle ground and I am out to win”  Payoffs: • You get others to do your bidding • Things tend to go your way • You are les,,
CCI_ASSERTIVENESS_95d6a8d5_00014_3df630b78415,CCI_ASSERTIVENESS,Assertiveness self-help resources,interventions,direct_user_support,normal,"[""university_students"", ""young_adults"", ""adults""]","[""assertiveness"", ""communication"", ""conflict_management"", ""relationships""]",en,pending,485,Price: • Your behaviour will create enemies and resentment in those around you • This can result in a sense of paranoia and fear • If you are always trying to control others it can be difficult for you to relax • Your relationships will ten,,
CCI_ASSERTIVENESS_95d6a8d5_00015_26e8aeec88f8,CCI_ASSERTIVENESS,Assertiveness self-help resources,interventions,direct_user_support,normal,"[""university_students"", ""young_adults"", ""adults""]","[""assertiveness"", ""communication"", ""conflict_management"", ""relationships""]",en,pending,331,"Assertive Behaviour Definition: • A way of communicating our feelings, thoughts, and beliefs in an open, honest manner without violating the rights of others. • It is an alternative to being aggressive where we abuse other people’s rights, ",,
CCI_ASSERTIVENESS_95d6a8d5_00016_813da4acd025,CCI_ASSERTIVENESS,Assertiveness self-help resources,interventions,direct_user_support,normal,"[""university_students"", ""young_adults"", ""adults""]","[""assertiveness"", ""communication"", ""conflict_management"", ""relationships""]",en,pending,833,"Verbal characteristics: • Firm, relaxed voice • Fluent, few hesitations • Steady even pace • Tone is middle range, rich and warm • Sincere and clear • Not over-loud or quiet • Voice appropriately loud for the situation • “I” statements (“I ",,
CCI_ASSERTIVENESS_95d6a8d5_00017_f3db46ba7f24,CCI_ASSERTIVENESS,Assertiveness self-help resources,interventions,direct_user_support,normal,"[""university_students"", ""young_adults"", ""adults""]","[""assertiveness"", ""communication"", ""conflict_management"", ""relationships""]",en,pending,378,"Non-verbal characteristics: • Receptive listening • Direct eye contact without staring • Erect, balanced, open body stance • Open hand movements • Smiling when pleased • Frowning when angry • Features steady • Jaw relaxed  Thinking style: •",,
CCI_ASSERTIVENESS_95d6a8d5_00018_9da136650603,CCI_ASSERTIVENESS,Assertiveness self-help resources,interventions,direct_user_support,normal,"[""university_students"", ""young_adults"", ""adults""]","[""assertiveness"", ""communication"", ""conflict_management"", ""relationships""]",en,pending,409,"Payoffs: • The more you stand up for yourself and act in a manner you respect, the higher your self esteem • Your chances of getting what you want out of life improve greatly • Expressing yourself directly at the time means that resentment ",,
CCI_ASSERTIVENESS_95d6a8d5_00019_7cf987901168,CCI_ASSERTIVENESS,Assertiveness self-help resources,interventions,direct_user_support,normal,"[""university_students"", ""young_adults"", ""adults""]","[""assertiveness"", ""communication"", ""conflict_management"", ""relationships""]",en,pending,339,Price: • Friends / family may have benefited from you being passive and may sabotage your new assertiveness • You are reshaping beliefs and values you have held since childhood and this can be frightening • There is no guarantee of outcome ,,
CCI_ASSERTIVENESS_95d6a8d5_00020_979cc37b2331,CCI_ASSERTIVENESS,Assertiveness self-help resources,interventions,direct_user_support,normal,"[""university_students"", ""young_adults"", ""adults""]","[""assertiveness"", ""communication"", ""conflict_management"", ""relationships""]",en,pending,443,"• There are differences in the verbal and nonverbal characteristics of aggressive, assertive and passive communication. Each style has its own benefits and costs.  CCoommiinngg uupp:: The next module introduces some of the unhelpful thinkin",,
CCI_ASSERTIVENESS_95d6a8d5_00021_195b59a41776,CCI_ASSERTIVENESS,Assertiveness self-help resources,interventions,direct_user_support,normal,"[""university_students"", ""young_adults"", ""adults""]","[""assertiveness"", ""communication"", ""conflict_management"", ""relationships""]",en,pending,369,--------------------------------------------------------------------------------------------------------------ASSERT YOURSELF!  ABOUT THIS MODULE CONTRIBUTORS Fiona Michel (MPsych1 PhD2). Dr Anthea Fursland (PhD2) Centre for Clinical Interv,,
CCI_ASSERTIVENESS_95d6a8d5_00022_0df91c04270c,CCI_ASSERTIVENESS,Assertiveness self-help resources,interventions,direct_user_support,normal,"[""university_students"", ""young_adults"", ""adults""]","[""assertiveness"", ""communication"", ""conflict_management"", ""relationships""]",en,pending,446,"We would also like to thank Paula Nathan for her contribution to these modules BACKGROUND The concepts and strategies in the modules have been developed from evidence based psychological practice, primarily Cognitive-Behaviour Therapy (CBT)",,
CCI_ASSERTIVENESS_95d6a8d5_00023_0ad0daf437e5,CCI_ASSERTIVENESS,Assertiveness self-help resources,interventions,direct_user_support,normal,"[""university_students"", ""young_adults"", ""adults""]","[""assertiveness"", ""communication"", ""conflict_management"", ""relationships""]",en,pending,847,"Beck, A.T., Rush, A. J., Shaw, B.F., & Emery, G. (1979). Cognitive Therapy of Depression. New York:Guildford. Clark, D. M. (1986). A cognitive approach to panic. Behaviour Research and Therapy, 24, 461-470. Clark, D. M. & Wells, A. (1995). ",,
CCI_ASSERTIVENESS_95d6a8d5_00024_be79f5316d77,CCI_ASSERTIVENESS,Assertiveness self-help resources,interventions,direct_user_support,normal,"[""university_students"", ""young_adults"", ""adults""]","[""assertiveness"", ""communication"", ""conflict_management"", ""relationships""]",en,pending,818,"Structured cognitive-behavioural treatment of assertion problems. In Kendall & Hollon, Cognitive Behavioural Interventions (pp205-240). Academic Press. McKay, M & Fanning, P. (1995). Self esteem, third edition. St Martin’s Paperbacks, Calif",,
CCI_ASSERTIVENESS_9d6cabae_00000_966bf8a143ef,CCI_ASSERTIVENESS,Assertiveness self-help resources,interventions,direct_user_support,normal,"[""university_students"", ""young_adults"", ""adults""]","[""assertiveness"", ""communication"", ""conflict_management"", ""relationships""]",en,pending,347,--------------------------------------------------------------------------------------------------------------ASSERT YOURSELF!  ASSERT YOURSELF!  Module Three How to Think More Assertively Unassertive Thinking 2 Our Assertive Rights 3 How t,,
CCI_ASSERTIVENESS_9d6cabae_00001_9952ca40af68,CCI_ASSERTIVENESS,Assertiveness self-help resources,interventions,direct_user_support,normal,"[""university_students"", ""young_adults"", ""adults""]","[""assertiveness"", ""communication"", ""conflict_management"", ""relationships""]",en,pending,300,This information provided in this document is for information purposes only. Please refer to the full disclaimer and copyright statements available at www.cci.health.gov.au regarding the information on this website before making use of such,,
CCI_ASSERTIVENESS_9d6cabae_00002_fed08a65ee72,CCI_ASSERTIVENESS,Assertiveness self-help resources,interventions,direct_user_support,normal,"[""university_students"", ""young_adults"", ""adults""]","[""assertiveness"", ""communication"", ""conflict_management"", ""relationships""]",en,pending,836,"Unassertive thinking As mentioned in Module 1, one of the factors that can make it difficult for us to be assertive is our thinking. We all hold beliefs about ourselves, other people and how the world works. Usually these beliefs came from ",,
CCI_ASSERTIVENESS_9d6cabae_00003_f5437b584fce,CCI_ASSERTIVENESS,Assertiveness self-help resources,interventions,direct_user_support,normal,"[""university_students"", ""young_adults"", ""adults""]","[""assertiveness"", ""communication"", ""conflict_management"", ""relationships""]",en,pending,432,"As a result we may never express our sadness which may result in us being stressed, depressed and not connected with ourselves and the world. Or alternatively our sadness may be expressed as anger towards ourselves or other people. Below ar",,
CCI_ASSERTIVENESS_9d6cabae_00004_88cb1674842c,CCI_ASSERTIVENESS,Assertiveness self-help resources,interventions,direct_user_support,normal,"[""university_students"", ""young_adults"", ""adults""]","[""assertiveness"", ""communication"", ""conflict_management"", ""relationships""]",en,pending,713,• If I assert myself I will upset the other person and ruin our relationship • It will be terribly embarrassing if I say what I think • If someone says “no” to my request it is because they don’t like or love me • I shouldn’t have to say wh,,
CCI_ASSERTIVENESS_9d6cabae_00005_cba18fd3019d,CCI_ASSERTIVENESS,Assertiveness self-help resources,interventions,direct_user_support,normal,"[""university_students"", ""young_adults"", ""adults""]","[""assertiveness"", ""communication"", ""conflict_management"", ""relationships""]",en,pending,46,Module 3: How to Think More Assertively Page 2,,
CCI_ASSERTIVENESS_9d6cabae_00006_f09404b75c3e,CCI_ASSERTIVENESS,Assertiveness self-help resources,interventions,direct_user_support,normal,"[""university_students"", ""young_adults"", ""adults""]","[""assertiveness"", ""communication"", ""conflict_management"", ""relationships""]",en,pending,835,"Take a minute and see if you can identify any more unassertive beliefs that you have. Modules 6, 7, 8, and 9 deal with and identify unassertive thoughts associated with saying “no”, coping with criticism, dealing with disappointment and giv",,
CCI_ASSERTIVENESS_9d6cabae_00007_db57f5120d6d,CCI_ASSERTIVENESS,Assertiveness self-help resources,interventions,direct_user_support,normal,"[""university_students"", ""young_adults"", ""adults""]","[""assertiveness"", ""communication"", ""conflict_management"", ""relationships""]",en,pending,552,• You have the right to offer no reasons or excuses for justifying your behaviour. • You have the right to judge if you are responsible for finding solutions to other people's problems. • You have the right to change your mind. • You have t,,
CCI_ASSERTIVENESS_9d6cabae_00008_1fd7d034e8e5,CCI_ASSERTIVENESS,Assertiveness self-help resources,interventions,direct_user_support,normal,"[""university_students"", ""young_adults"", ""adults""]","[""assertiveness"", ""communication"", ""conflict_management"", ""relationships""]",en,pending,46,Module 3: How to Think More Assertively Page 3,,
CCI_ASSERTIVENESS_9d6cabae_00009_41fb59424930,CCI_ASSERTIVENESS,Assertiveness self-help resources,interventions,direct_user_support,normal,"[""university_students"", ""young_adults"", ""adults""]","[""assertiveness"", ""communication"", ""conflict_management"", ""relationships""]",en,pending,486,"An important part of these rights is that they come linked with responsibilities. You will notice the first point says that you have the right to your own thoughts, behaviour and emotions, but that you must then take responsibility for the ",,
CCI_ASSERTIVENESS_9d6cabae_00010_688e3231808d,CCI_ASSERTIVENESS,Assertiveness self-help resources,interventions,direct_user_support,normal,"[""university_students"", ""young_adults"", ""adults""]","[""assertiveness"", ""communication"", ""conflict_management"", ""relationships""]",en,pending,134,"See if you can think of any other rights, particularly ones that balance out any unhelpful beliefs you identified in the last section.",,
CCI_ASSERTIVENESS_9d6cabae_00011_8ca7ec8f7e6d,CCI_ASSERTIVENESS,Assertiveness self-help resources,interventions,direct_user_support,normal,"[""university_students"", ""young_adults"", ""adults""]","[""assertiveness"", ""communication"", ""conflict_management"", ""relationships""]",en,pending,814,"How to change your beliefs Identifying your unhelpful beliefs is the first step towards changing them. In fact, for some people just realising that they have been thinking this way can be enough to help them change, especially when they rea",,
CCI_ASSERTIVENESS_9d6cabae_00012_0495318d4031,CCI_ASSERTIVENESS,Assertiveness self-help resources,interventions,direct_user_support,normal,"[""university_students"", ""young_adults"", ""adults""]","[""assertiveness"", ""communication"", ""conflict_management"", ""relationships""]",en,pending,273,To challenge or dispute your thoughts means that you examine the evidence for and against the thoughts. You evaluate them as if you were a detective or a lawyer. You are trying to get to the bottom of the truth of the thought. Module 3: How,,
CCI_ASSERTIVENESS_9d6cabae_00013_61a16d4c75f8,CCI_ASSERTIVENESS,Assertiveness self-help resources,interventions,direct_user_support,normal,"[""university_students"", ""young_adults"", ""adults""]","[""assertiveness"", ""communication"", ""conflict_management"", ""relationships""]",en,pending,715,There are two major strategies that can be used to help you challenge your thoughts. One is to use a Thought Diary. The other is to set up a Behavioural Experiment. We will take a look at each of these in turn. Thought Diaries It can be dif,,
CCI_ASSERTIVENESS_9d6cabae_00014_bcffd9c742ec,CCI_ASSERTIVENESS,Assertiveness self-help resources,interventions,direct_user_support,normal,"[""university_students"", ""young_adults"", ""adults""]","[""assertiveness"", ""communication"", ""conflict_management"", ""relationships""]",en,pending,648,The thought diary will ask you to identify the unassertive thought that you are having. In order to do this you first need to identify the situation you are in. In the following example the situation could be described as: “I asked my frien,,
CCI_ASSERTIVENESS_9d6cabae_00015_194e297301f3,CCI_ASSERTIVENESS,Assertiveness self-help resources,interventions,direct_user_support,normal,"[""university_students"", ""young_adults"", ""adults""]","[""assertiveness"", ""communication"", ""conflict_management"", ""relationships""]",en,pending,186,"Next you need to identify your emotions in the situation, that is, how you are feeling. Ask yourself: What emotion(s) am I feeling? How intense are they? (rate the intensity from 0-100).",,
CCI_ASSERTIVENESS_9d6cabae_00016_e0b8a516b0b1,CCI_ASSERTIVENESS,Assertiveness self-help resources,interventions,direct_user_support,normal,"[""university_students"", ""young_adults"", ""adults""]","[""assertiveness"", ""communication"", ""conflict_management"", ""relationships""]",en,pending,463,In the following example the person feels hurt and annoyed. The ratings are done individually for each emotion; they don’t need to add up to 100. You then identify your behaviour and any physical symptoms that you felt. Ask yourself: What d,,
CCI_ASSERTIVENESS_9d6cabae_00017_bb0111053ace,CCI_ASSERTIVENESS,Assertiveness self-help resources,interventions,direct_user_support,normal,"[""university_students"", ""young_adults"", ""adults""]","[""assertiveness"", ""communication"", ""conflict_management"", ""relationships""]",en,pending,301,"Next you need to identify your thoughts in the situation. These thoughts can take the forms of assumptions, interpretations, beliefs, values and so on. Sometimes they could even take the form of images or pictures rather than words. Ask you",,
CCI_ASSERTIVENESS_9d6cabae_00018_9ea5c622c5fb,CCI_ASSERTIVENESS,Assertiveness self-help resources,interventions,direct_user_support,normal,"[""university_students"", ""young_adults"", ""adults""]","[""assertiveness"", ""communication"", ""conflict_management"", ""relationships""]",en,pending,217,"In the example the person’s thoughts were: I said ‘yes’ to go shopping with her when I didn’t want to. So she should have said ‘yes’ to me Saying ‘No’ is rude, uncaring and selfish. Maybe she doesn’t like me any more.",,
CCI_ASSERTIVENESS_9d6cabae_00019_e247001ad598,CCI_ASSERTIVENESS,Assertiveness self-help resources,interventions,direct_user_support,normal,"[""university_students"", ""young_adults"", ""adults""]","[""assertiveness"", ""communication"", ""conflict_management"", ""relationships""]",en,pending,669,You then need to rate the strength of your beliefs in these thoughts at the time. A rating of 0 means you didn’t believe them at all and a rating of 100 means you believed them 100%. Once you have completed this first part of the Thought Di,,
CCI_ASSERTIVENESS_9d6cabae_00020_2ebc7464f756,CCI_ASSERTIVENESS,Assertiveness self-help resources,interventions,direct_user_support,normal,"[""university_students"", ""young_adults"", ""adults""]","[""assertiveness"", ""communication"", ""conflict_management"", ""relationships""]",en,pending,429,The idea behind asking yourself these questions is to come up with a more balanced and assertive way of thinking and behaving. You ask yourself: What would be a more assertive way of thinking and responding?  The final step is to re-rate th,,
CCI_ASSERTIVENESS_9d6cabae_00021_0179bf0acd7f,CCI_ASSERTIVENESS,Assertiveness self-help resources,interventions,direct_user_support,normal,"[""university_students"", ""young_adults"", ""adults""]","[""assertiveness"", ""communication"", ""conflict_management"", ""relationships""]",en,pending,325,experience a decrease in the intensity of the emotion and a decrease in the degree to which you believe your initial unhelpful thought. If you continue to practice this way of thinking you can find that you begin thinking and behaving in a ,,
CCI_ASSERTIVENESS_9d6cabae_00022_7a69a2c3d232,CCI_ASSERTIVENESS,Assertiveness self-help resources,interventions,direct_user_support,normal,"[""university_students"", ""young_adults"", ""adults""]","[""assertiveness"", ""communication"", ""conflict_management"", ""relationships""]",en,pending,273,"I asked a friend to go shopping with me and she said “no”. What emotions was I feeling? How strong were these? Rate (0-100) Hurt 70 Angry 80 What physical response did I notice in my body? Tense, tight chest, clenched jaw. Felt sick when I ",,
CCI_ASSERTIVENESS_9d6cabae_00023_c682d3a09065,CCI_ASSERTIVENESS,Assertiveness self-help resources,interventions,direct_user_support,normal,"[""university_students"", ""young_adults"", ""adults""]","[""assertiveness"", ""communication"", ""conflict_management"", ""relationships""]",en,pending,438,"Cried, then ignored the next phone call I had from her. Was this a passive, assertive or aggressive way of behaving? Passive-aggressive What thoughts were running through my head? I said ‘yes’ to go shopping with her when I didn’t want to. ",,
CCI_ASSERTIVENESS_9d6cabae_00024_2311b80e5b70,CCI_ASSERTIVENESS,Assertiveness self-help resources,interventions,direct_user_support,normal,"[""university_students"", ""young_adults"", ""adults""]","[""assertiveness"", ""communication"", ""conflict_management"", ""relationships""]",en,pending,179,"Are these passive, assertive or aggressive thoughts? Passive because I thought I should do something I didn’t want to do. Aggressive that I think she should do what I want her to.",,
CCI_ASSERTIVENESS_9d6cabae_00025_25f5e1bdc0ca,CCI_ASSERTIVENESS,Assertiveness self-help resources,interventions,direct_user_support,normal,"[""university_students"", ""young_adults"", ""adults""]","[""assertiveness"", ""communication"", ""conflict_management"", ""relationships""]",en,pending,538,Part 2: Disputing or challenging your unassertive thoughts thought is true? None thought is not true? She has done lots of things with me and for me over the course of our friendship. Am I ignoring my rights or the rights of the other perso,,
CCI_ASSERTIVENESS_9d6cabae_00026_6c8b3d8154f8,CCI_ASSERTIVENESS,Assertiveness self-help resources,interventions,direct_user_support,normal,"[""university_students"", ""young_adults"", ""adults""]","[""assertiveness"", ""communication"", ""conflict_management"", ""relationships""]",en,pending,249,She may be tired She may not want to go shopping She may have something else on I’m mind-reading what she is thinking. I’ve said no to her sometimes and that didn’t mean that I didn’t like her. What would be a more assertive way to think ab,,
CCI_ASSERTIVENESS_9d6cabae_00027_78233478cb99,CCI_ASSERTIVENESS,Assertiveness self-help resources,interventions,direct_user_support,normal,"[""university_students"", ""young_adults"", ""adults""]","[""assertiveness"", ""communication"", ""conflict_management"", ""relationships""]",en,pending,402,She has a right to say no and that doesn’t mean she is selfish. Nor does it say anything about what she may or may not think about me. What would be a more assertive way to behave? I will suggest catching up another time doing something tha,,
CCI_ASSERTIVENESS_9d6cabae_00028_a74bb8df1bc7,CCI_ASSERTIVENESS,Assertiveness self-help resources,interventions,direct_user_support,normal,"[""university_students"", ""young_adults"", ""adults""]","[""assertiveness"", ""communication"", ""conflict_management"", ""relationships""]",en,pending,532,"Try using a Thought Diary for Unassertive Behaviour next time you notice that you are feeling hurt, angry or upset after an interaction with someone. It may be that you have thought and /or reacted in an unassertive manner. Continue to use ",,
CCI_ASSERTIVENESS_9d6cabae_00029_1c4ce4738415,CCI_ASSERTIVENESS,Assertiveness self-help resources,interventions,direct_user_support,normal,"[""university_students"", ""young_adults"", ""adults""]","[""assertiveness"", ""communication"", ""conflict_management"", ""relationships""]",en,pending,122,Now try a Thought Diary of your own. There is a blank one on the next page: Module 3: How to Think More Assertively Page 8,,
CCI_ASSERTIVENESS_9d6cabae_00030_e05d8e9fb98d,CCI_ASSERTIVENESS,Assertiveness self-help resources,interventions,direct_user_support,normal,"[""university_students"", ""young_adults"", ""adults""]","[""assertiveness"", ""communication"", ""conflict_management"", ""relationships""]",en,pending,884,--------------------------------------------------------------------------------------------------------------ASSERT YOURSELF! Thought Diary: Part 1 Understanding your reaction. Situation: What emotions was I feeling? How strong were these?,,
CCI_ASSERTIVENESS_9d6cabae_00031_42a6183d7de8,CCI_ASSERTIVENESS,Assertiveness self-help resources,interventions,direct_user_support,normal,"[""university_students"", ""young_adults"", ""adults""]","[""assertiveness"", ""communication"", ""conflict_management"", ""relationships""]",en,pending,829,Behavioural Experiments Doing a Thought Diary can help us change our beliefs about a situation. This is especially true when we write then down and practise our new thoughts over and over again. Sometimes however it is hard for us to shift ,,
CCI_ASSERTIVENESS_9d6cabae_00032_0f32eb367661,CCI_ASSERTIVENESS,Assertiveness self-help resources,interventions,direct_user_support,normal,"[""university_students"", ""young_adults"", ""adults""]","[""assertiveness"", ""communication"", ""conflict_management"", ""relationships""]",en,pending,888,"What may be more useful in this situation is to do a Behavioural Experiment. We are still trying to change our beliefs but whereas a Thought Diary helps us change beliefs by thinking differently about the belief, a Behavioural Experiment he",,
CCI_ASSERTIVENESS_9d6cabae_00033_a8347499d2b7,CCI_ASSERTIVENESS,Assertiveness self-help resources,interventions,direct_user_support,normal,"[""university_students"", ""young_adults"", ""adults""]","[""assertiveness"", ""communication"", ""conflict_management"", ""relationships""]",en,pending,454,They decide that one way they can find out is to do an experiment where they actually test their prediction that the other person will be upset and the relationship will be ruined. This will be a challenge and can be quite anxiety provoking,,
CCI_ASSERTIVENESS_9d6cabae_00034_dc6abcf952ff,CCI_ASSERTIVENESS,Assertiveness self-help resources,interventions,direct_user_support,normal,"[""university_students"", ""young_adults"", ""adults""]","[""assertiveness"", ""communication"", ""conflict_management"", ""relationships""]",en,pending,466,The following example is an experiment to test the belief: “If I assert myself then I will upset the other person and ruin our relationship”.  Module 3: How to Think More Assertively Page 10  The first step is to identify the prediction tha,,
CCI_ASSERTIVENESS_9d6cabae_00035_1a72e2667bf8,CCI_ASSERTIVENESS,Assertiveness self-help resources,interventions,direct_user_support,normal,"[""university_students"", ""young_adults"", ""adults""]","[""assertiveness"", ""communication"", ""conflict_management"", ""relationships""]",en,pending,373,You also need to identify any unassertive or unhelpful behaviours that you would normally do so that you can make sure that you don’t do these during the experiment.  Then you need to make some more helpful predictions about what may happen,,
CCI_ASSERTIVENESS_9d6cabae_00036_7b4f322e94ff,CCI_ASSERTIVENESS,Assertiveness self-help resources,interventions,direct_user_support,normal,"[""university_students"", ""young_adults"", ""adults""]","[""assertiveness"", ""communication"", ""conflict_management"", ""relationships""]",en,pending,464,"You then set up the experiment. This involves being very clear about the steps you will take. Make it clear when, where and how you will do the experiment. This includes identifying some more helpful behaviours that you will do during the e",,
CCI_ASSERTIVENESS_9d6cabae_00037_3f6893151ff1,CCI_ASSERTIVENESS,Assertiveness self-help resources,interventions,direct_user_support,normal,"[""university_students"", ""young_adults"", ""adults""]","[""assertiveness"", ""communication"", ""conflict_management"", ""relationships""]",en,pending,858,Example Behavioural experiment Step 1. Identify the prediction. The situation Telling my friend I don’t want to go shopping with her. My prediction She will be upset and angry and not want to be my friend anymore How much do I believe it wi,,
CCI_ASSERTIVENESS_9d6cabae_00038_ff887a7411fa,CCI_ASSERTIVENESS,Assertiveness self-help resources,interventions,direct_user_support,normal,"[""university_students"", ""young_adults"", ""adults""]","[""assertiveness"", ""communication"", ""conflict_management"", ""relationships""]",en,pending,317,Step 4:Identify my helpful behaviours and set up my experiment What will I do differently to test out the two predictions? Instead of avoiding her I will ring her today first thing and explain that I have a meeting I need to prepare for so ,,
CCI_ASSERTIVENESS_9d6cabae_00039_c196511d5f0d,CCI_ASSERTIVENESS,Assertiveness self-help resources,interventions,direct_user_support,normal,"[""university_students"", ""young_adults"", ""adults""]","[""assertiveness"", ""communication"", ""conflict_management"", ""relationships""]",en,pending,641,Step 5: carry out the experiment. Step 6: Evaluate the results What actually happened? She said it was fine and in fact suited her too. We made a time for a coffee next week. How much did my original prediction come true? (0- 100%) 0% Which,,
CCI_ASSERTIVENESS_9d6cabae_00040_0505a4ebeaad,CCI_ASSERTIVENESS,Assertiveness self-help resources,interventions,direct_user_support,normal,"[""university_students"", ""young_adults"", ""adults""]","[""assertiveness"", ""communication"", ""conflict_management"", ""relationships""]",en,pending,151,Overleaf is a blank experiment sheet for you to work through with one of your unassertive predictions.  Module 3: How to Think More Assertively Page 12,,
CCI_ASSERTIVENESS_9d6cabae_00041_358bd6af4bf0,CCI_ASSERTIVENESS,Assertiveness self-help resources,interventions,direct_user_support,normal,"[""university_students"", ""young_adults"", ""adults""]","[""assertiveness"", ""communication"", ""conflict_management"", ""relationships""]",en,pending,636,Step 1. Identify the prediction. The situation My prediction How much do I believe it will happen? (0-100%)  How will I know it has happened?  Step 2: Identify my unhelpful behaviours What unhelpful behaviours would I normally engage in to ,,
CCI_ASSERTIVENESS_9d6cabae_00042_3c938c48bdf7,CCI_ASSERTIVENESS,Assertiveness self-help resources,interventions,direct_user_support,normal,"[""university_students"", ""young_adults"", ""adults""]","[""assertiveness"", ""communication"", ""conflict_management"", ""relationships""]",en,pending,425,How much did my original prediction come true? (0-100%)  Which prediction was supported?  What was it like to behave differently?  What did you learn from the experiment?  Module 3: How to Think More Assertively Page 13 • Psyc hot he rapy •,,
CCI_ASSERTIVENESS_9d6cabae_00043_3afc7866dfb0,CCI_ASSERTIVENESS,Assertiveness self-help resources,interventions,direct_user_support,normal,"[""university_students"", ""young_adults"", ""adults""]","[""assertiveness"", ""communication"", ""conflict_management"", ""relationships""]",en,pending,235,• Our thinking can sometimes stop us from behaving assertively.  • Being assertive involves a number of rights but also a number of responsibilities. We have a responsibility to ourselves and also to the people we are interacting with.,,
CCI_ASSERTIVENESS_9d6cabae_00044_8bcdf34208c2,CCI_ASSERTIVENESS,Assertiveness self-help resources,interventions,direct_user_support,normal,"[""university_students"", ""young_adults"", ""adults""]","[""assertiveness"", ""communication"", ""conflict_management"", ""relationships""]",en,pending,488,• We can change our non-assertive thinking by using Cognitive Behaviour Therapy. Techniques include using a Thought Diary or doing a Behavioural Experiment. CCoommiinngg uupp:: The next module introduces some assertiveness techniques. Modul,,
CCI_ASSERTIVENESS_9d6cabae_00045_83495c9f6063,CCI_ASSERTIVENESS,Assertiveness self-help resources,interventions,direct_user_support,normal,"[""university_students"", ""young_adults"", ""adults""]","[""assertiveness"", ""communication"", ""conflict_management"", ""relationships""]",en,pending,241,ABOUT THIS MODULE CONTRIBUTORS Fiona Michel (MPsych1 PhD2). Dr Anthea Fursland (PhD2) Centre for Clinical Interventions Centre for Clinical Interventions 1Master of Psychology (Clinical Psychology) 2Doctor of Philosophy (Clinical Psychology,,
CCI_ASSERTIVENESS_9d6cabae_00046_0df91c04270c,CCI_ASSERTIVENESS,Assertiveness self-help resources,interventions,direct_user_support,normal,"[""university_students"", ""young_adults"", ""adults""]","[""assertiveness"", ""communication"", ""conflict_management"", ""relationships""]",en,pending,446,"We would also like to thank Paula Nathan for her contribution to these modules BACKGROUND The concepts and strategies in the modules have been developed from evidence based psychological practice, primarily Cognitive-Behaviour Therapy (CBT)",,
CCI_ASSERTIVENESS_9d6cabae_00047_0ad0daf437e5,CCI_ASSERTIVENESS,Assertiveness self-help resources,interventions,direct_user_support,normal,"[""university_students"", ""young_adults"", ""adults""]","[""assertiveness"", ""communication"", ""conflict_management"", ""relationships""]",en,pending,847,"Beck, A.T., Rush, A. J., Shaw, B.F., & Emery, G. (1979). Cognitive Therapy of Depression. New York:Guildford. Clark, D. M. (1986). A cognitive approach to panic. Behaviour Research and Therapy, 24, 461-470. Clark, D. M. & Wells, A. (1995). ",,
CCI_ASSERTIVENESS_9d6cabae_00048_0107b67ce09f,CCI_ASSERTIVENESS,Assertiveness self-help resources,interventions,direct_user_support,normal,"[""university_students"", ""young_adults"", ""adults""]","[""assertiveness"", ""communication"", ""conflict_management"", ""relationships""]",en,pending,816,"Structured cognitive-behavioural treatment of assertion problems. In Kendall & Hollon, Cognitive Behavioural Interventions (pp205-240). Academic Press. McKay, M & Fanning, P. (1995). Self esteem, third edition. St Martin’s Paperbacks, Calif",,
CCI_ASSERTIVENESS_28be50ef_00000_84722e04d213,CCI_ASSERTIVENESS,Assertiveness self-help resources,interventions,direct_user_support,normal,"[""university_students"", ""young_adults"", ""adults""]","[""assertiveness"", ""communication"", ""conflict_management"", ""relationships""]",en,pending,713,--------------------------------------------------------------------------------------------------------------ASSERT YOURSELF! ASSERT YOURSELF! Module Four How to Behave More Assertively Assertiveness Techniques 2 Basic Assertion 2 Empathic,,
CCI_ASSERTIVENESS_28be50ef_00001_4989bdc4941c,CCI_ASSERTIVENESS,Assertiveness self-help resources,interventions,direct_user_support,normal,"[""university_students"", ""young_adults"", ""adults""]","[""assertiveness"", ""communication"", ""conflict_management"", ""relationships""]",en,pending,881,--------------------------------------------------------------------------------------------------------------ASSERT YOURSELF! Assertiveness Techniques In this module we introduce some general assertiveness techniques. These techniques can ,,
CCI_ASSERTIVENESS_28be50ef_00002_5a6688d3d4a3,CCI_ASSERTIVENESS,Assertiveness self-help resources,interventions,direct_user_support,normal,"[""university_students"", ""young_adults"", ""adults""]","[""assertiveness"", ""communication"", ""conflict_management"", ""relationships""]",en,pending,846,And then have another go! Over time you will find that they get easier. War ning! Remember the Nonverbal With each of the techniques it is important to remember the nonverbal communication as well as the verbal. You may think you are being ,,
CCI_ASSERTIVENESS_28be50ef_00003_57ddd815a21c,CCI_ASSERTIVENESS,Assertiveness self-help resources,interventions,direct_user_support,normal,"[""university_students"", ""young_adults"", ""adults""]","[""assertiveness"", ""communication"", ""conflict_management"", ""relationships""]",en,pending,452,"This type of assertion can be u sed every day to make our needs known. Typically basic assertion uses “I” statements. Exa mples of an “I” statement are: • “I need to be away by 5 o'clock"" • ""I feel pleased with the way the issue has been re",,
CCI_ASSERTIVENESS_28be50ef_00004_4188c8b7f0f0,CCI_ASSERTIVENESS,Assertiveness self-help resources,interventions,direct_user_support,normal,"[""university_students"", ""young_adults"", ""adults""]","[""assertiveness"", ""communication"", ""conflict_management"", ""relationships""]",en,pending,831,"--------------------------------------------------------------------------------------------------------------ASSERT YOURSELF! • ""I haven't thought about that before, I'd like time to think about your idea."" • “I thought your presentation w",,
CCI_ASSERTIVENESS_28be50ef_00005_c420bcc52014,CCI_ASSERTIVENESS,Assertiveness self-help resources,interventions,direct_user_support,normal,"[""university_students"", ""young_adults"", ""adults""]","[""assertiveness"", ""communication"", ""conflict_management"", ""relationships""]",en,pending,737,"• “ I feel angry” The immediate effect of the self disclosure is to reduce your anxiety, enabling you to relax and take charge of yourself and your feelings. U sing “I” statements to express your feelings in this way also shows you are taki",,
CCI_ASSERTIVENESS_28be50ef_00006_0cc26e93014c,CCI_ASSERTIVENESS,Assertiveness self-help resources,interventions,direct_user_support,normal,"[""university_students"", ""young_adults"", ""adults""]","[""assertiveness"", ""communication"", ""conflict_management"", ""relationships""]",en,pending,202,"Examples of Empathetic assertion: • ""I appreciate that you don't like the new procedure, however, until it’s changed, I'd like you to keep working on it."" Module 4: How to Behave More Assertively Page 3",,
CCI_ASSERTIVENESS_28be50ef_00007_d649ffda5c6c,CCI_ASSERTIVENESS,Assertiveness self-help resources,interventions,direct_user_support,normal,"[""university_students"", ""young_adults"", ""adults""]","[""assertiveness"", ""communication"", ""conflict_management"", ""relationships""]",en,pending,857,"--------------------------------------------------------------------------------------------------------------ASSERT YOURSELF! • ""I know you're busy at the moment, John, but I'd like to make a request of you."" • ""I recognise that it's diffi",,
CCI_ASSERTIVENESS_28be50ef_00008_c53ceef0fc12,CCI_ASSERTIVENESS,Assertiveness self-help resources,interventions,direct_user_support,normal,"[""university_students"", ""young_adults"", ""adults""]","[""assertiveness"", ""communication"", ""conflict_management"", ""relationships""]",en,pending,800,Consequence assertion This is the strongest form of assertion and is seen as a last resort behaviour. It is usually used in a situation where someone has not been considering the rights of others and you want to get their behaviour to chang,,
CCI_ASSERTIVENESS_28be50ef_00009_9e93e0b99d4a,CCI_ASSERTIVENESS,Assertiveness self-help resources,interventions,direct_user_support,normal,"[""university_students"", ""young_adults"", ""adults""]","[""assertiveness"", ""communication"", ""conflict_management"", ""relationships""]",en,pending,502,"Keep your voice calm and at an even pitch and volume, keep good eye contact, and try and keep your body and face relaxed. Examples of Consequence assertion: • ""If you continue to withhold the information, I am left with no option, but to br",,
CCI_ASSERTIVENESS_28be50ef_00010_4f73570fc942,CCI_ASSERTIVENESS,Assertiveness self-help resources,interventions,direct_user_support,normal,"[""university_students"", ""young_adults"", ""adults""]","[""assertiveness"", ""communication"", ""conflict_management"", ""relationships""]",en,pending,700,"--------------------------------------------------------------------------------------------------------------ASSERT YOURSELF! • ""If this occurs again, I'm left with no alternative, but to apply the formal disciplinary procedure. I'd prefer",,
CCI_ASSERTIVENESS_28be50ef_00011_31749041c993,CCI_ASSERTIVENESS,Assertiveness self-help resources,interventions,direct_user_support,normal,"[""university_students"", ""young_adults"", ""adults""]","[""assertiveness"", ""communication"", ""conflict_management"", ""relationships""]",en,pending,885,"I'd like to clarify which is now the priority."" • ""Paul, on the one hand you are saying that you want to improve cooperation between our departments, but on the other hand you make statements about us that make it difficult for us to cooper",,
CCI_ASSERTIVENESS_28be50ef_00012_02e690d72e13,CCI_ASSERTIVENESS,Assertiveness self-help resources,interventions,direct_user_support,normal,"[""university_students"", ""young_adults"", ""adults""]","[""assertiveness"", ""communication"", ""conflict_management"", ""relationships""]",en,pending,289,Be careful to do this without interpreting or judging. When you leave it this late to produce your report... 2. Describe the impact of the person’s behaviour on you. Be specific and clear. Don’t ...it involves my working over the weekend...,,
CCI_ASSERTIVENESS_28be50ef_00013_c6c349a79eb3,CCI_ASSERTIVENESS,Assertiveness self-help resources,interventions,direct_user_support,normal,"[""university_students"", ""young_adults"", ""adults""]","[""assertiveness"", ""communication"", ""conflict_management"", ""relationships""]",en,pending,814,"--------------------------------------------------------------------------------------------------------------ASSERT YOURSELF! overgeneralise. 3. Describe your feelings ...I feel annoyed about this,... 4. State how you would prefer the beha",,
CCI_ASSERTIVENESS_28be50ef_00014_7ce5f89dc0fe,CCI_ASSERTIVENESS,Assertiveness self-help resources,interventions,direct_user_support,normal,"[""university_students"", ""young_adults"", ""adults""]","[""assertiveness"", ""communication"", ""conflict_management"", ""relationships""]",en,pending,873,"This skill involves preparing what you are going to say and repeating it exactly as often as necessary, in a calm relaxed manner. This skill can apply in most situations. It is a good skill to use when you are dealing with clever articulate",,
CCI_ASSERTIVENESS_28be50ef_00015_c63baf954460,CCI_ASSERTIVENESS,Assertiveness self-help resources,interventions,direct_user_support,normal,"[""university_students"", ""young_adults"", ""adults""]","[""assertiveness"", ""communication"", ""conflict_management"", ""relationships""]",en,pending,758,--------------------------------------------------------------------------------------------------------------ASSERT YOURSELF! Dave: I am your friend but I can’t lend you any money. I’ve run out. This broken record technique can be combined,,
CCI_ASSERTIVENESS_28be50ef_00016_3d68aa568c3a,CCI_ASSERTIVENESS,Assertiveness self-help resources,interventions,direct_user_support,normal,"[""university_students"", ""young_adults"", ""adults""]","[""assertiveness"", ""communication"", ""conflict_management"", ""relationships""]",en,pending,829,"The button for moving the hands isn't working properly so I'd like to exchange it please"" At this point the assistant will either agree or: • ""The clock should have been checked before it left the shop"" Empathetic • ""I realise that would ha",,
CCI_ASSERTIVENESS_28be50ef_00017_d6f9903e5d4f,CCI_ASSERTIVENESS,Assertiveness self-help resources,interventions,direct_user_support,normal,"[""university_students"", ""young_adults"", ""adults""]","[""assertiveness"", ""communication"", ""conflict_management"", ""relationships""]",en,pending,292,"When they continue to resist, your requests lose power every time you have to repeat them. If the requests are repeated too often it can backfire on the authority of your words. In these cases it is necessary to have some consequences on ha",,
CCI_ASSERTIVENESS_28be50ef_00018_fc7e681c1566,CCI_ASSERTIVENESS,Assertiveness self-help resources,interventions,direct_user_support,normal,"[""university_students"", ""young_adults"", ""adults""]","[""assertiveness"", ""communication"", ""conflict_management"", ""relationships""]",en,pending,874,--------------------------------------------------------------------------------------------------------------ASSERT YOURSELF! Practising the Techniques All of these techniques require practice. Start with basic assertion and practice this ,,
CCI_ASSERTIVENESS_28be50ef_00019_9fe6adf62b82,CCI_ASSERTIVENESS,Assertiveness self-help resources,interventions,direct_user_support,normal,"[""university_students"", ""young_adults"", ""adults""]","[""assertiveness"", ""communication"", ""conflict_management"", ""relationships""]",en,pending,368,My voice was probably too soft and I didn’t look at her much. Next time speak more loudly and make good eye contact. Example: Wednesday 2pm Discrepancy assertion At work. My boss told me to do one thing then told me another 5 minutes later ,,
CCI_ASSERTIVENESS_28be50ef_00020_2338866a3458,CCI_ASSERTIVENESS,Assertiveness self-help resources,interventions,direct_user_support,normal,"[""university_students"", ""young_adults"", ""adults""]","[""assertiveness"", ""communication"", ""conflict_management"", ""relationships""]",en,pending,582,"--------------------------------------------------------------------------------------------------------------ASSERT YOURSELF! Module summary • T here are a number of assertiveness techniques. These include basic assertion, empathic asserti",,
CCI_ASSERTIVENESS_28be50ef_00021_7042b4beb934,CCI_ASSERTIVENESS,Assertiveness self-help resources,interventions,direct_user_support,normal,"[""university_students"", ""young_adults"", ""adults""]","[""assertiveness"", ""communication"", ""conflict_management"", ""relationships""]",en,pending,874,--------------------------------------------------------------------------------------------------------------ASSERT YOURSELF! ABOUT THIS MODULE CONTRIBUTORS Fiona Michel (MPsych1 PhD2). Dr Anthea Fursland (PhD2) Centre for Clinical Interve,,
CCI_ASSERTIVENESS_28be50ef_00022_ea739a161f7e,CCI_ASSERTIVENESS,Assertiveness self-help resources,interventions,direct_user_support,normal,"[""university_students"", ""young_adults"", ""adults""]","[""assertiveness"", ""communication"", ""conflict_management"", ""relationships""]",en,pending,856,"Cognitive Therapy of Depression. New York:Guildford. Clark, D. M. (1986). A cognitive approach to panic. Behaviour Research and Therapy, 24, 461-470. Clark, D. M. & Wells, A. (1995). A cognitive model of social phobia. In R. Heimberg, M. Li",,
CCI_ASSERTIVENESS_28be50ef_00023_f7a19ccd6d7d,CCI_ASSERTIVENESS,Assertiveness self-help resources,interventions,direct_user_support,normal,"[""university_students"", ""young_adults"", ""adults""]","[""assertiveness"", ""communication"", ""conflict_management"", ""relationships""]",en,pending,674,"In Kendall & Hollon, Cognitive Behavioural Interventions (pp205-240). Academic Press. McKay, M & Fanning, P. (1995). Self esteem, third edition. St Martin’s Paperbacks, California. Powell, T. (2000). The Mental Health Handbook (revised edit",,
CCI_ASSERTIVENESS_d1e23f46_00000_4e679b5f024c,CCI_ASSERTIVENESS,Assertiveness self-help resources,interventions,direct_user_support,normal,"[""university_students"", ""young_adults"", ""adults""]","[""assertiveness"", ""communication"", ""conflict_management"", ""relationships""]",en,pending,64,Improving Assertiveness Self-Help Resources - Information Sheets,,
CCI_ASSERTIVENESS_d1e23f46_00001_77174599ae17,CCI_ASSERTIVENESS,Assertiveness self-help resources,interventions,direct_user_support,normal,"[""university_students"", ""young_adults"", ""adults""]","[""assertiveness"", ""communication"", ""conflict_management"", ""relationships""]",en,pending,449,About Us {13C84218-8872-401E-9A13-665E425F6639} Overview {7EF6D75B-FB24-4CFB-83F9-FFED6BBFB1C7} History {416A02EE-C352-4E67-B8D9-3FDDF364BFEC} Staff Profiles {772CBF40-D3B1-403A-A380-98719879EF34} Contact Us {20E42572-FBD7-4A54-AFB8-26F7943,,
CCI_ASSERTIVENESS_d1e23f46_00002_74f062a0d6df,CCI_ASSERTIVENESS,Assertiveness self-help resources,interventions,direct_user_support,normal,"[""university_students"", ""young_adults"", ""adults""]","[""assertiveness"", ""communication"", ""conflict_management"", ""relationships""]",en,pending,631,Treatment {2C7A58A1-CAB6-4894-A249-385DBE7F0BDD} Overview {3B8CEAEA-75FD-4911-B697-32D8032A64BA} Mood Management Course {E5043A33-376E-48C6-A012-F54669333AF9} Bipolar Course {69206959-9FFB-4746-92B8-5448BA0F4292} Social Anxiety Course {E4BE,,
CCI_ASSERTIVENESS_d1e23f46_00003_6c25032b4608,CCI_ASSERTIVENESS,Assertiveness self-help resources,interventions,direct_user_support,normal,"[""university_students"", ""young_adults"", ""adults""]","[""assertiveness"", ""communication"", ""conflict_management"", ""relationships""]",en,pending,483,Overview {3B8CEAEA-75FD-4911-B697-32D8032A64BA}  Mood Management Course {E5043A33-376E-48C6-A012-F54669333AF9}  Bipolar Course {69206959-9FFB-4746-92B8-5448BA0F4292}  Social Anxiety Course {E4BEFFA4-2B4E-40DC-8F66-72575A3B384F}  Worry and R,,
